app_name,package_id,text,score,thumbs_up,date,review_id,app_rating,app_installs
Co-Star,com.costarastrology,"I love it, totally on point!",5,0,2026-04-21 16:23:44,cf3447a1-aa33-4b00-9e0a-b51be2080a06,4.578198,"5,000,000+"
Co-Star,com.costarastrology,Lately it's had some glitches and doesn't update the widget everyday. And there is no Dark mode for Android users?,3,0,2026-04-21 04:32:21,ecfce148-e19b-4c3a-a1b4-424a51def61f,4.578198,"5,000,000+"
Co-Star,com.costarastrology,"I used to have this app for a time and just recently decided to come back to it after a long break. It would not allow me to log in through FB. It recognised I had an acc, requested permission through FB, and then redirected me back to the same login page. Over and over. I didn't have FB app so I even got that to troubleshoot - still no login. Faulty for being unable to access existing account. Not a good enough app for me to care to try more",2,0,2026-04-21 03:19:36,e406e080-eb63-4b79-9efa-12d93bf5315d,4.578198,"5,000,000+"
Co-Star,com.costarastrology,I love this app it's always spot on,5,0,2026-04-21 00:42:40,6ecaca33-d114-4fa2-8fb1-63c643984f61,4.578198,"5,000,000+"
Co-Star,com.costarastrology,"loved this app for a while, since 2022. hate the new format. bring back the new one.",3,0,2026-04-20 14:01:26,449e887c-90f2-47bc-bac7-b7a450fb0bb0,4.578198,"5,000,000+"
Co-Star,com.costarastrology,can't login,1,0,2026-04-19 19:08:43,4e37cc89-69d1-4519-9c4c-4f0c4754d513,4.578198,"5,000,000+"
Co-Star,com.costarastrology,It was great until a paywall was place. 😥,4,0,2026-04-19 01:06:15,07ac464e-5465-4bb5-a4c3-2e70b667396f,4.578198,"5,000,000+"
Co-Star,com.costarastrology,Recent update is bad,1,0,2026-04-18 22:05:27,09b04ad4-75db-4819-be18-6e5030d3aad0,4.578198,"5,000,000+"
Co-Star,com.costarastrology,its most useful and it's very relatable with mine ☺️,5,0,2026-04-18 12:00:43,fd1eccd0-9171-498d-8c6b-2496591d8e51,4.578198,"5,000,000+"
Co-Star,com.costarastrology,pretty deadly 🫣,5,0,2026-04-17 01:52:51,c564aa54-2084-4842-850f-32719008a08b,4.578198,"5,000,000+"
Co-Star,com.costarastrology,very interesting,5,0,2026-04-16 19:21:21,fa29e91c-3524-4fe0-83e9-539f1043266d,4.578198,"5,000,000+"
Co-Star,com.costarastrology,"My review before the last update would have been 5 stars. I loved this app before more of the best parts were put behind a paywall. Interface changed in last update so, if you don't have connections yet, almost all you'll get is a sentence a day. Feels like it's no longer worth the space it takes up on my phone. But, hey, the app is still very aesthetic and pretty. Just, as with everything these days, paywalls make the free versions frustratingly basic.",2,2,2026-04-16 19:06:02,bf27a0e1-e3a5-478c-997b-e747f9799385,4.578198,"5,000,000+"
Co-Star,com.costarastrology,"i want the old version back, there's like barely any info now:/",3,2,2026-04-16 17:38:44,1e2309f3-0252-46cf-83c8-ec71a9ef056d,4.578198,"5,000,000+"
Co-Star,com.costarastrology,"recent update put everything that has always been free behind a paywall. the app is mostly useless now. such a shame, ive been using the app for 5 years and im probably gonna delete it now.",2,1,2026-04-16 16:18:23,c54c49dc-92d7-43a7-95b7-c2f0f77871a8,4.578198,"5,000,000+"
Co-Star,com.costarastrology,"for the love of god, please make a dark mode for the android",4,1,2026-04-16 12:59:10,d52a558d-6368-4683-b8ef-41f0ab78660d,4.578198,"5,000,000+"
Co-Star,com.costarastrology,it can sometimes be scarily accurate.,5,0,2026-04-15 07:34:03,fb65d992-1de3-45a6-b726-553b1d51324b,4.578198,"5,000,000+"
Co-Star,com.costarastrology,"Use to love this. Something was restructured and no its just not enjoyable. On top of that, that zodic dailys now seems random and even aggressive or just about love. No thank you.",2,1,2026-04-14 23:38:01,d07262dd-f8ab-4892-bcbd-77267c5658d1,4.578198,"5,000,000+"
Co-Star,com.costarastrology,"I did enjoy using this app as a supplemental look into my and my partner's day, as it broke down major themes we were each going through. However, there's been a recent change where I can only read a brief and rather unhelpful overview for my own day, while still able to get a more in-depth look at friends' days. Reversed, this wouldn't have been a big deal. I have an app that gives solid daily, weekly and monthly reads at no cost, and a website that goes in depth per my birth time, so... 🤷‍♀️",3,1,2026-04-14 17:00:56,8b97c1f1-4a3e-409e-9c2d-d3415d15fbc4,4.578198,"5,000,000+"
Co-Star,com.costarastrology,accuracy is almost scarry,5,1,2026-04-13 13:11:05,115ab250-32fb-429a-a13d-a812b0146443,4.578198,"5,000,000+"
Co-Star,com.costarastrology,"I used to love this app. I checked in daily, but their recent update ruined it completely. It's much less comprehensive, and I think the design is terrible. Everything now reads more like a fortune cookie than genuine insights or food for thought. I hate it. I won't delete the app because it's part of my morning routine, but I'm disappointed by the change.",3,3,2026-04-12 23:41:36,05618a09-b676-4a24-b1e0-ba2670de6b65,4.578198,"5,000,000+"
Co-Star,com.costarastrology,"for free it provides a lot of inspiration, it's onto us to achieve things in reality",5,0,2026-04-12 20:10:32,d7974c06-329c-4fcd-afa6-732fb9dc695a,4.578198,"5,000,000+"
Co-Star,com.costarastrology,newest update is not great... I believe that it should go back to how it was. I also don't like that if you accidentally hit not accurate there isn't a way to correct that....,3,2,2026-04-11 21:20:03,d5d8f91d-99fb-4956-84a7-eef25c524db1,4.578198,"5,000,000+"
Co-Star,com.costarastrology,"I want to love this app but I constantly forget to use it/interact with it because the widget is broken. It just shows the app icon, and not my daily horoscope. It's such a lovely app with so many great insights and I've been using it since it released on Android and getting horoscopes sent to my email before that. Please fix the widget!!!",2,2,2026-04-11 11:12:07,858953d4-325d-4f0e-853e-eb05151e3bd9,4.578198,"5,000,000+"
Co-Star,com.costarastrology,"04/10/2026 Update: They fixed it and brought it back. Thank you so much. <3 — PLEASE stop updating the app this is not good you guys. This last update was devastating; it doesn't even feel like the same app anymore. They took away nearly all the content that they knew we came for in the first place, and now charge for it. I never expected this from Co-Star.",5,3,2026-04-11 06:40:33,53d85ed5-5206-4a32-b012-85f65ef02974,4.578198,"5,000,000+"
Co-Star,com.costarastrology,"I love this app. I check it rather obsessively because even if their readings aren't 100000% correct, I've found that they give really good insights into your self and the people around you. its a great tool and really helps change your perspective, too. thanks costar!",5,0,2026-04-11 00:05:22,1d70db85-e234-42c7-8984-5199cbd71b53,4.578198,"5,000,000+"
Co-Star,com.costarastrology,been noticing that my horoscopes are ai generated. not to mention the more in-depth analyses of the planet locations are now paywalled. used to love this app. uninstalling.,1,2,2026-04-10 22:40:16,13be3517-e4a8-4728-93a6-a669163e95ff,4.578198,"5,000,000+"
Co-Star,com.costarastrology,gave me bad advice that wrecked my friend group,1,0,2026-04-10 19:39:17,4d43d815-4b60-441c-a372-e9d755eabbe0,4.578198,"5,000,000+"
Co-Star,com.costarastrology,"I use to love this app and how personalized it felt. With the most recent update the daily sections are so short - less poetic and personalized and more generic and kind of boring. This has always been my favorite app, I'm hope the next update will fix this :(",3,1,2026-04-10 19:37:13,b6c7c52a-eaf0-45f9-b66e-41f52eca5c36,4.578198,"5,000,000+"
Co-Star,com.costarastrology,Updated review now that features have been added back to the free version. The app was worthless after the previous update. Putting EVERY feature other than a very short daily reading behind a pay wall was a ridiculously greedy and stupid decision and I'm glad that the developers finally saw sense on this after getting negative feedback. I've been using co star for years and prefer it to other apps BECAUSE of these features. Don't remove them or people will just uninstall!!,4,3,2026-04-10 16:27:58,758deed7-101a-4f4e-9d49-a1ce84121eab,4.578198,"5,000,000+"
Co-Star,com.costarastrology,"I give the low rating for one main reason... you can't see the excerpt with the do and don'ts from the whole week all week, except for on the day of and some people work all day, get only a bit of sleep and wake up to work again... other than that, this is the only app I have ever really recommended people to get... although too bad it is costly for any extras.",3,0,2026-04-10 12:20:07,e0c6adc2-15ff-4d04-b139-19ceca981cb8,4.578198,"5,000,000+"
Co-Star,com.costarastrology,"Fully deleted my account. I genuinely can't believe they would just take features that have been free since they first launched the app, and then throw them behind a $50 paywall. Disgusting behavior. I could excuse their AI ""The Void"" nonsense because I didn't have to engage with it, but they've now made it impossible to avoid. The o ly way you could get any more details besides a single sentence or those stupid little ""Dos and Don'ts"" phrases was by giving them money. Goodbye forever ✌️👽✨️",1,2,2026-04-10 09:58:58,49d9e1b9-940a-4acf-a380-48a581c0fe81,4.578198,"5,000,000+"
Co-Star,com.costarastrology,"I used to love this app... but, like all other apps, they want every dollar they can squeeze out of you. Co-Star used to provide a day by day overview of your horoscope, but now, you have to pay for it. So, it's not your horoscope anymore. It's some vague quote and a list of Do's and DoNot's that mean nothing. Not to mention, the app is going to tell you (day after day) that you are struggling and stressed in almost every aspect of your life, which seems like a lot of negative feedback.",1,5,2026-04-10 01:02:34,3049fe2c-bbef-48ab-9355-c3ed9cb04ad7,4.578198,"5,000,000+"
Co-Star,com.costarastrology,"Somebody else mentioned this, but they removed a lot of the more in depth analysis that was under the You page, which ig is premium now. It looks like the devs responded that it was now located w/ the home page, but next day, the update removed it all together. Keeping it for now for the daily 2-3 sentences & to send notes to my loved notes randomly to cheer them up. Will end up deleting it once I find a better one, which sucks bc I liked it until it became a cash grab.",2,2,2026-04-09 19:45:38,b659e662-50f3-45c9-a12c-333f3813f853,4.578198,"5,000,000+"
Co-Star,com.costarastrology,i gave them a 1 star because they trashed the app and omg guys... THEY FIXED IT. thank you costar!!!!,5,3,2026-04-09 16:24:53,e1903c5f-3e58-4595-952e-4a2586b04bfb,4.578198,"5,000,000+"
Co-Star,com.costarastrology,nothing to answer your questions 💔,1,1,2026-04-09 14:56:55,734c8963-670b-4e29-ab18-e3f4e423384e,4.578198,"5,000,000+"
Co-Star,com.costarastrology,"Edit: Thank you for bringing back the original features on the you page! I changed your rating! It was good till the most recent update. I've been using it for years. Maybe grandfather in those who have had it for years, if you insist on this update.",5,3,2026-04-09 13:03:18,54a60332-9609-4b76-a9d5-1ab035b6c5bc,4.578198,"5,000,000+"
Co-Star,com.costarastrology,"I've been using this app for years, the sudden changes are ruining it completely. So many features we had before are now paywalled. It's good to have extra options but not everyone has 30 euros to spare...",1,3,2026-04-09 11:46:29,04ad256c-b559-48e3-9883-10b3d5c18984,4.578198,"5,000,000+"
Co-Star,com.costarastrology,"I Love It!!! Hands down the best Astrological app when it come to overall variety! It's totally worth the price of the subscription, I'm a very satisfied and happy customer!!!!",5,0,2026-04-09 00:22:57,71b8fdae-d48f-4c37-ad26-794c16a402e2,4.578198,"5,000,000+"
Co-Star,com.costarastrology,"4.8.26: Pro-star and daily projections disappeared from my account. I paid for extras I’m not receiving. Give me a refund or I’m deleting the app. I am contacting the BBB and my bank since support won't respond. 1.11.26: Horoscopes seem like repetitive, standardized messages. Very frustrating; I want a refund. 11.30.25: Premium isn't worth it. Content is conflicting and confusing, yet in-depth info is still locked. Glad I paid half-price, as there's no clear way to get a refund.",1,10,2026-04-08 21:29:09,130c9624-64e3-45a7-a876-969eebcd3871,4.578198,"5,000,000+"
Co-Star,com.costarastrology,At this point I absolutely dislike both of the updates on this app. I have had this for years and have brought many people to this app. and now they want to change a restrict more and more info. Less and less daily updates. Now I just want to get rid of this app and find something new. Reading ALL of my updates was part of my daily routine. Now to just read a quote of the day with do and don't list. complete waste of time and space used on my phone. Will not be referring people to this app.,1,3,2026-04-08 19:19:49,2925967a-1279-42fc-96ad-0effdee2b3ca,4.578198,"5,000,000+"
Co-Star,com.costarastrology,"I've been using this app for a very long time, but the last two updates are really disappointing. Instead of several paragraphs of wisdom, now it's just one sentence, and you have to get a subscription for the rest.",2,2,2026-04-08 17:37:05,5f3d21f9-b54f-4048-a898-688da783bb9f,4.578198,"5,000,000+"
Co-Star,com.costarastrology,I loved this app up until the last 2 updates in the past week. These have taken all the key features away and left us with little to no information to do with transits. They also took away the look ahead and insights. Very disappointed as a paying customer and would like to see the app reverted back to the original content offerings.,2,1,2026-04-08 15:59:05,2f6934f6-271f-40fd-a5a0-11158bdd046c,4.578198,"5,000,000+"
Co-Star,com.costarastrology,"It used to be a five star app, but they did away with the best part, the daily horoscope deep dive. You used to get a short little horoscope and then click through the app to see a few more paragraphs, plus your strengths and weaknesses for the day. And the most useful part was that it showed you exactly how it came up with these answers (what planet is in where and what is in which house). Now, it feels like a generic horoscope.",2,2,2026-04-08 13:34:17,faa83960-1648-4f35-b7fd-72937a7236c6,4.578198,"5,000,000+"
Co-Star,com.costarastrology,"app seems to ruin itself more and more each day, and the best part is I suddenly can't save messages anymore because I get a ""this app doesn't allow screenshots"" response even tho Ive done exactly that for years on end now what an awesome ""new feature"". seriously. contributed amazingly to the success of this dumb app. removing the ability to save anything it says. just perfect. also got rid of the daily updates n features, only showing ur chart now n nothing else. seriously?",1,4,2026-04-08 07:55:13,198dd644-1a38-47d5-afa3-62b45749ce36,4.578198,"5,000,000+"
Co-Star,com.costarastrology,"Thak you for bringing back the you section, going back to the old clean interface.",5,1,2026-04-08 01:56:40,642ef3f6-f71c-470e-b9cf-701643332f85,4.578198,"5,000,000+"
Co-Star,com.costarastrology,"I absolutely love this app, its been so spot on! update, I'm not liking the changes at all. First you changed the way it looked then took stuff away and are pushing us to subscribe. Lame!",2,2,2026-04-07 22:56:03,a096e9d5-4036-40c3-bbd4-5865fe75086c,4.578198,"5,000,000+"
Co-Star,com.costarastrology,"Forces you to turn on device access, notifications, email, and requires access to your phone number right off the bat. Very sus considering you need to provide horoscope apps details about your birth time and such to get started. So they already have a lot of personal info.",1,1,2026-04-07 13:06:45,665bc732-03b0-4d32-a2fa-bd5f44b11e27,4.578198,"5,000,000+"
Co-Star,com.costarastrology,"Giving this app 3 stars, because I've had it for about 5 years now. I dislike the latest update a lot. It kinda takes away the main feature of the app; The daily horoscope. There was a separate tab where we used to get a short paragraph or two of information, as well was where our strengths and weaknesses of the day would be. I miss the amount of information the old version gave us, now it feels like we have to pay to even USE the app.",3,4,2026-04-07 12:10:10,7c2d8c48-926b-4be1-96d1-350a27daaca0,4.578198,"5,000,000+"
Co-Star,com.costarastrology,"hate the new layout! you used to get a nice, long day at a glance and now its gone",2,3,2026-04-07 02:44:41,9ef27b15-cba5-473e-a952-055d862c44a3,4.578198,"5,000,000+"
Co-Star,com.costarastrology,"used this app for years. suddenly the parts I really loved just aren't there, and apparently they're behind a paywall now? are you serious? I can only see 5 days of horoscopes at a time. for me, 4/5 of these horoscopes are on the same exact subject, some saying opposite things- the 5 days before were very similar. I'm starting to get old horoscopes I first saw years ago. trust me, the wording is too specific to not recognize. really disappointed by all this. edit after reply: I know. it sucks!",1,4,2026-04-06 23:01:36,57651f5f-5f51-4ce3-861b-56647def8906,4.578198,"5,000,000+"
Co-Star,com.costarastrology,vague and money minded,1,4,2026-04-05 13:18:49,8ab45e9e-fc8b-4e24-879a-8e86b466d3bb,4.578198,"5,000,000+"
Co-Star,com.costarastrology,I may not believe in astrology but this app gives you a great reminder/affirmation everyday. Like i could be having a bad day and a notification from this app will remind me that I deserve love!,5,0,2026-04-05 01:17:50,347493ea-8058-4b68-8e6d-bf12b44a410f,4.578198,"5,000,000+"
Co-Star,com.costarastrology,"Very unimpressed by the lack of functionality of this app, plus with the latest ""update"" they just removed the main app feature? A joke, really",1,3,2026-04-05 01:17:22,9060c1e5-09ec-4341-a69c-5506b63367da,4.578198,"5,000,000+"
Co-Star,com.costarastrology,"Uninstalling this very bad update. I've used this app for 3 years and the daily update was very useful, sometimes it was somehow very relevant and helped me prepare for what was coming in the next few days. You ruined everything, goodbye.",1,1,2026-04-05 00:14:38,f00a7b44-5152-420a-a819-05060ec935cb,4.578198,"5,000,000+"
Co-Star,com.costarastrology,"The horoscopes are nonsensical at best, actively random at worst, and definitely sow discord in the friends sector. ""x doesn't want to admit that they're mad at you""? tell me that isn't a crazy assertion to make off the bat; that could really weigh negatively on a person if they were already feeling low. Also, the option to change the chart from porphyry to placidus doesn't fix the way they messed up my chart and it's still showing an inaccurate calculation.",1,2,2026-04-04 23:48:58,cc49d4be-5394-4226-90f5-76a0a92d1f2f,4.578198,"5,000,000+"
Co-Star,com.costarastrology,"Please bring back the precious verison !!!! This app used to be petfect ...way better before the update I really don't understand why it was changed. The info now isn't as clear as before, definitely not as accurate and the snippets keep on getting shorter and more cryptic.",2,3,2026-04-04 04:41:13,94874005-a984-49a8-b0e3-78d216dbb995,4.578198,"5,000,000+"
Co-Star,com.costarastrology,"This app is a big fat scam. The void feature is just nonsensical yap with no meaning. This app loves to spread lies and misinformation. It told me that my wife is not ""the one"" even after I have been married to her for the past 74 years and 3 months. This is completely outrageous and has brought distraught to me once a simple life.",1,2,2026-04-04 03:09:03,7e3708d2-2611-4d33-bbc7-e2dbfc3a2af8,4.578198,"5,000,000+"
Co-Star,com.costarastrology,"Been using this app for years and I loved it but this new layout is not it. I don't know who asked for this. The You page now only gives you a birth chart and it used to be more insightful, big bummer. Deleted my acct and uninstalled.",1,2,2026-04-04 02:49:57,b9d1fe7b-374e-439d-a595-95591d43f48e,4.578198,"5,000,000+"
Co-Star,com.costarastrology,fake app spreading lies I don't like lies okay,1,1,2026-04-04 02:49:32,2283c1e2-9b07-45a7-8647-3f68061f9b71,4.578198,"5,000,000+"
Co-Star,com.costarastrology,"I'm here to add an echo to the noise. The new update made the app unusable for me. As it did for many others. All it offers are links to payments and reminders for adding friends. I have no friends. I can't add them. With the daily updates gone (the only feature I used), there's no use for this app anymore. Co-Star went through a boom phase that got a lot into attention to it, but probably retained a few percentage of users. Some of us have been faithful for years. This update kicks us out.",1,4,2026-04-04 02:24:08,addb139b-50e9-4104-a8ea-cba399f612d3,4.578198,"5,000,000+"
Co-Star,com.costarastrology,"Cant believe you took AWAY content from the app after I use it daily & recommended my friends and now want me to pay a subscription to use the same app for the regular daily content I would have rather had ads? or you could have made a program for sponsorships? Maybe make ways to earn rewards? side games? points? Adding more to the app, instead of denying access to the things we've had for years. Very disappointed, I may end up removing the app instead of continuing to use it, very sad",2,3,2026-04-04 01:33:24,a10435d3-d1bb-4583-8ef9-30c5fec01f61,4.578198,"5,000,000+"
Co-Star,com.costarastrology,every time I open it less is free and the price gets higher every year. this app is a pale imitation of what it once was.,1,2,2026-04-04 01:24:24,c52e8297-720a-4981-bead-bb2f313b7af1,4.578198,"5,000,000+"
Co-Star,com.costarastrology,"I used to absolutely LOVE this app. Used to is the thing. Idk why the new update occurred, but I do NOT like it one bit. PLEASE BRING THE ORIGINAL APP BACK",1,2,2026-04-03 23:48:36,a73c5ae9-4222-4538-bc57-0eb8d0adb459,4.578198,"5,000,000+"
Co-Star,com.costarastrology,Ive used this app atleast 5 times a week since 2022. Getting rid of all the specific daily break downs with the update was a big mistake. It's a shame to ruin something for so many.,1,2,2026-04-03 21:07:01,a08c5786-56ef-4b68-bba6-c34fda85b032,4.578198,"5,000,000+"
Co-Star,com.costarastrology,Suddenly doesn't have an in depth daily horoscope. Time to find a new app.,1,1,2026-04-03 18:53:13,5b16efcb-b262-4f5c-a9bc-89c99660d8b4,4.578198,"5,000,000+"
Co-Star,com.costarastrology,Disappointed by the newest update. Uninstalling.,1,1,2026-04-03 11:34:56,7dc6953e-835b-4c5f-a642-7feff9d01d56,4.578198,"5,000,000+"
Co-Star,com.costarastrology,Latest updates have ruined the app.,1,1,2026-04-03 07:07:59,5c22aadf-86ad-4394-a45b-5acadaa57314,4.578198,"5,000,000+"
Co-Star,com.costarastrology,Bug: I cannot enter a password and progress with account creation. next button doesn't work. waste of time,1,1,2026-04-03 02:18:28,d9b6e4f0-d145-4a4c-8d77-b399df08d603,4.578198,"5,000,000+"
Co-Star,com.costarastrology,"I have been with this app since 2021, when you could make your own offer to unlock extra content and when the app was actually good. the last 2 years I have seen it rapidly decline. Some extra content I purchased years ago seemed so personal that I convinced my mum to purchase the same but far more expensive report years later and neither of us could decipher hers. Not only that the pro star which I purchased last year was another expensive waste of time. Ai & $ has ruined a good thing.",1,5,2026-04-03 00:12:06,fb501128-c3e8-489a-8928-3b6701927ae7,4.578198,"5,000,000+"
Co-Star,com.costarastrology,"bad update, can't see tom or the day after tomorrow. Edit: Im a user since 2020, and this is worst update.. im uninstalling gudbye",1,3,2026-04-02 23:14:05,71fa026e-ebbc-4140-b84e-ad9e7595fb50,4.578198,"5,000,000+"
Co-Star,com.costarastrology,"after a ridiculous amount of time having this app, parting ways because it now has no use unless you pay. not worth my time. Will update if they get their head out of the corporate greed zone.. The quid pro quo where I use the app daily and occasionally purchase something is now not a thing and this app no longer serves me.",1,2,2026-04-02 22:56:24,776d637f-6902-4187-ac81-dfd6904a1eab,4.578198,"5,000,000+"
Co-Star,com.costarastrology,"this used to be my favorite horoscope app. like everyone else stated the new update is horrible! no useful information or horoscope updates unless you pay now and there's not even an option for the month, only the year! sooo stupid!",1,2,2026-04-02 22:14:26,a76af303-1aec-4a52-8be1-4fac6e9f6cb8,4.578198,"5,000,000+"
Co-Star,com.costarastrology,"over the years I've had this app, free features have been slowly taken away and then monetized. this app used to be a key part of my day and is slowly losing usefulness to me. I'm not paying money for something that used to be free and it's only a matter of time until I delete my account",1,2,2026-04-02 21:25:37,de1657d2-afa5-465b-90a9-e6f9b2272158,4.578198,"5,000,000+"
Co-Star,com.costarastrology,love it so far,5,0,2026-04-02 18:53:57,15c2bf9e-7f52-4f55-a2cd-7c87e994bee7,4.578198,"5,000,000+"
Co-Star,com.costarastrology,"this used to be one of my favorite apps. it was so in-depth and scary accurate. with the recent updates the for you has been taken down to one or two sentences, seems very generic. sad to see what was done to this app",1,2,2026-04-02 17:58:08,ff491fec-83af-4736-a1d4-73286d45784a,4.578198,"5,000,000+"
Co-Star,com.costarastrology,"i have used this app for freaking YEARS, I have used it as a guide for my relationships between friends and lovers alike, convincing almost everyone I care about to download and use this app. then the latest update happened. and now, my personal daily insights are gone, along with many other features that used come for free. i will no longer use this app, which is heartbreaking to me. I loved this app, it used to be so helpful and insightful. now this app only cares about its profit. forshame!",1,2,2026-04-02 15:47:05,98b78cdb-5aea-4979-8046-2dc6bc6e4582,4.578198,"5,000,000+"
Co-Star,com.costarastrology,"every single time I open the app, it says we're having trouble connecting right now. it's been like this for a while now.",1,2,2026-04-02 15:29:56,359bf790-5b22-4953-bde6-6423b631ab94,4.578198,"5,000,000+"
Co-Star,com.costarastrology,The new update ruined the app and I have uninstalled the app as a result. Paywalling this app is just going to loose you potential customers.,1,1,2026-04-02 13:50:01,0ff0fe37-eeb5-4156-8fb2-2aeb2e16f235,4.578198,"5,000,000+"
Co-Star,com.costarastrology,"Uninstalled. The daily guidance is now just two sentences of nonsense. You used to be able to view and read brief info on your current transits but this seems to have been paywalled, so the free version is essentially useless. There are much better and more informative apps and resources out there.",1,2,2026-04-02 13:30:32,7e20e53a-83b6-4f26-a71e-9882c151dbc8,4.578198,"5,000,000+"
Co-Star,com.costarastrology,the widget that shows the daily message doesnt work anymore. fix it,1,1,2026-04-02 13:17:55,8fb0f002-2154-4dc7-b6a6-a93fa00da0e8,4.578198,"5,000,000+"
Co-Star,com.costarastrology,not happy with the removal of daily updates and the breakdown of specific life areas. the new UI/content is garbage.,1,2,2026-04-02 10:16:27,32e4b90e-2244-4294-afa0-857e5dbdda96,4.578198,"5,000,000+"
Co-Star,com.costarastrology,"New updates have removed the ability to see daily updates for yourself, just your friends. How is that useful to most users? Heavily reliant in AI for the actual astrology content, I wonder if they've replaced their developers with AI now. Do not financially support them until they do better (so maybe never).",1,2,2026-04-02 05:47:25,ed59e503-1245-4fc3-8b74-b23e085cb8cb,4.578198,"5,000,000+"
Co-Star,com.costarastrology,I'm not sure how we went from a minimalistic app to 5 pages of bloatware and shopping prompts to losing all but 1 usable page in a span of three days. I've been using Co-Star less and less lately and the recent changes tip me towards uninstalling all together rather than getting excited about buying a subscription.,1,3,2026-04-02 02:32:44,58fc85a3-c22d-4d62-9a4d-e1e7ae2e028b,4.578198,"5,000,000+"
Co-Star,com.costarastrology,the update took away all of the free daily details.,1,1,2026-04-02 01:39:24,382c0446-2382-4226-bb81-664fd25d1508,4.578198,"5,000,000+"
Co-Star,com.costarastrology,not a fan of new update....might cancel pro and go with Pattern pro instead..,1,1,2026-04-01 23:38:50,d7be19c6-1437-42ba-a343-76417490f963,4.578198,"5,000,000+"
Co-Star,com.costarastrology,I've used this app for years but I'm incredibly disappointed with the latest update. The new minimalist delivery removes all of the valuable language and information. It's a completely different app now and not for the better.,1,2,2026-04-01 21:57:21,69b723e3-cc80-4694-b10a-cb5885d2c08d,4.578198,"5,000,000+"
Co-Star,com.costarastrology,"ive really loved using this, but suddenly now im not able to see my day/week/month description in the ""You"" tab, it only shows Chart and Settings. Seems the front page is now the usual do/don'ts, as well as some new kind of love/work/life section. I dont know whats going on here, but seems like some kind of terrible update. Im going to be really upset if this is a real update and not just some weird tech issue. Like why take away an entire page?!? Im so disappointed.",1,3,2026-04-01 21:38:52,b06b95ae-7a1a-416f-878d-8f50f531de6f,4.578198,"5,000,000+"
Co-Star,com.costarastrology,"used to be a really fun app, now it's all behind a paywall",1,3,2026-04-01 17:50:10,8eea9705-db59-413c-874c-b71f3531324e,4.578198,"5,000,000+"
Co-Star,com.costarastrology,"Previously it was a good app but in the latest update of 1st April, nothing is free.",1,3,2026-04-01 13:34:49,f5aa2cce-d56b-4662-a075-ba160c15354c,4.578198,"5,000,000+"
Co-Star,com.costarastrology,"I’ve used Co–Star for years and loved it, I have convinced many friends to download it. But the recent updates ruined it. The daily “deep dive” used to guide me through challenges and wins. Then they moved it to the home screen and made it shorter, less in depth, and now it’s completely gone unless you pay. I’ve updated, refreshed, and reinstalled. Nothing works. This was an app I lived by, and now the app feels broken. Really disappointed.",1,2,2026-04-01 11:53:24,c3288fee-b847-495e-9bd2-ee11888d0beb,4.578198,"5,000,000+"
Co-Star,com.costarastrology,"Since yesterday morning, one of the basic app features has evidently been paywalled. If you want to know anything more than a generic platitude and a 3-item ""do/don't"" list, try a different app. I found the overview of what my powers, pressures, and troubles for the day were to be quite useful, as well as the ability to check upcoming and past days. Now that I do not have access to that, this app does not suit my needs nor interests. Sad to let it go after many years of enjoyment.",1,6,2026-04-01 08:09:43,b9f55967-797b-451d-84bf-e12c7c48a399,4.578198,"5,000,000+"
Co-Star,com.costarastrology,"Last changes feel like the app puts out a lot less info than before, which is unfortunate... I do appreciate the feedback options of being accurate or not. I miss the info on daily strength, difficulty and pressure with more detail tho. Spirituality and Creativity are just gone now?? I checked those mostly... Real down putting.",3,0,2026-04-01 04:19:28,06414cad-979e-4e2c-8f92-613c86c9ee1b,4.578198,"5,000,000+"
Co-Star,com.costarastrology,"Recent updates have stripped more and more away. At first I made do, but today even more was gone. There's not enough information left to even warrant having this on my phone anymore, much less paying for anything.",1,2,2026-04-01 03:36:58,779d9b96-e732-4c84-9959-ca00422cdca8,4.578198,"5,000,000+"
Co-Star,com.costarastrology,p2u basically,1,1,2026-04-01 03:35:15,465de377-b69d-43a2-9582-5dcec8bd4dfe,4.578198,"5,000,000+"
Co-Star,com.costarastrology,awesome app and very accurate. love the new update but there seems to be a problem with the widget.. all i have now is the moon icon with no text.(android) i ve tried everything from clearing cache to restarting my phone. is there smth i can do or is it a bug ? thanks !,5,0,2026-04-01 02:04:02,6130b968-0264-4177-a6e3-eb6d4ad9a39a,4.578198,"5,000,000+"
Co-Star,com.costarastrology,"Usually I don't post reviews, but this new update is horrible. I miss the detailed ""you"" section as it would be mostly accurate and would help me through whatever that day. If it's not changed back or made better, might delete the app..",1,2,2026-03-31 21:46:58,15f8d99e-80c7-4d95-a540-a892b6849907,4.578198,"5,000,000+"
Co-Star,com.costarastrology,"For the first time ever, an app with a UI update that isn't tragic. Kudos to whomever.",4,0,2026-03-31 20:19:36,40e572a1-a7b6-41cd-8b10-7ee47ae3717c,4.578198,"5,000,000+"
Co-Star,com.costarastrology,Why did you change the interface ? I don't like it anymore. Let me know when you bring it back.,3,2,2026-03-31 19:20:02,eaf85558-5d13-4ca5-895f-1ca19d42a88c,4.578198,"5,000,000+"
Co-Star,com.costarastrology,"🚨⚠️🚨⚠️🚨⚠️🚨⚠️🚨⚠️🚨 GOODBYE CO-STAR They completely changed the core functionality of the app. rendering the experience totally different, far worse. actually UNUSABLE. WILL BE UNINSTALLING UNLESS YOU CAN EXPLAIN YOURSELF. ANOTHER PAID CUSTOMER GONE.",1,2,2026-03-31 18:54:29,56f3adcf-de97-48b7-bbfd-cdd6e1a8a507,4.578198,"5,000,000+"
Co-Star,com.costarastrology,"I love this app.. I check it daily, I love how it breaks down all sorts of details... The one thing I absolutely despise is the fact that iOS gets dark mode and Android doesn't have dark mode.. it's killing me! 🤣 I'm begging you for dark mode! I was highlighting and copying and pasting my horoscope into my digital journal everyday because it doesn't have dark mode.. but I can't do that anymore and I can't just screen snip it because then it doesn't match because of the white background🤣please",4,0,2026-03-31 16:36:53,67c13714-ca07-4705-a5f8-231c63f518be,4.578198,"5,000,000+"
Co-Star,com.costarastrology,"was fun while it lasted, but parts of what made it fun continued to be locked under paywalls. now it's just a one-line sentence.",1,2,2026-03-31 13:15:51,94efff9a-4632-40e0-aa3f-2ab1f479fa8f,4.578198,"5,000,000+"
Co-Star,com.costarastrology,tf is this new update... I miss the old version. this one is too informal and inaccurate,1,2,2026-03-31 10:46:56,93b9accd-f753-4578-bbf0-22f643935851,4.578198,"5,000,000+"
Co-Star,com.costarastrology,very accurate,5,0,2026-03-31 01:49:22,cb9c92bf-6d00-488f-9afb-d9a8b320630a,4.578198,"5,000,000+"
Co-Star,com.costarastrology,I don't like it since the new update. Please return to the old app!,2,2,2026-03-31 00:28:57,aea5f968-dca5-4e93-b66d-feb086917f7d,4.578198,"5,000,000+"
Co-Star,com.costarastrology,"The new update took away my daily readings. When I go to my ""You"" page, it just shows me my chart now. Basically takes away the point of an astrology app, doesn’t it? I'm not clicking on every category individually when it used to come packaged succinctly, so before you suggest it, that's not an option. Your new ""testing experience"" is blatantly anti-user. Uninstalling now since your reply shows you obviously don't care to fix it. Such a shame since I've had this app for years.",1,5,2026-03-30 21:05:07,29da973f-1ef1-4488-91fc-34a71e5a808f,4.578198,"5,000,000+"
Co-Star,com.costarastrology,"Generally it's a good app, but a few days ago the widget stopped working and only shows a black screen. I've tried removing and readding the widget, uninstalled and reinstalled the app but it still won't work. One of the main reasons i use this app is because it's one of the only astrology apps with a widget, but if the widget won't work i may have to try something else. Very frustrating.",2,1,2026-03-30 20:58:39,90bb929a-7732-4944-a12c-b0080fef48ab,4.578198,"5,000,000+"
Co-Star,com.costarastrology,"What happened to the you page? It's just the chart now. There used to be a detailed description which I really appreciated. I'm sorry but the app now sucks. Everything needs to be paid for which I wouldn't waste my money on. Regret telling my friends about it too, how embarrassing.",1,3,2026-03-30 18:56:42,3e4d8687-e4f8-4ada-a5fd-7ae9dc9dea03,4.578198,"5,000,000+"
Co-Star,com.costarastrology,"This was a fantastic app until the recent updates rolling out to hide half of it behind the pay wall. You can no longer use the ""You"" tab to see greater detail about your day. -Even in the paid version now. Big shame! Fun while it lasted.",1,2,2026-03-30 16:30:40,d8fbd735-a6f8-4dfd-a909-e066ff800b64,4.578198,"5,000,000+"
Co-Star,com.costarastrology,HATE the new update. This app was amazing when I got it a few years ago.. slowly becoming one of those many apps that you have to pay just to have a half decent app.. also ADD DARK MODE FOR ANDROID. Out here wanting cash for the same product you offered for free 3 months ago and no extra features. SMH.,2,2,2026-03-30 16:18:59,fe5b724a-ee30-4821-9590-4ee181ed03e4,4.578198,"5,000,000+"
Co-Star,com.costarastrology,You now have to PAY for a PREVIOUSLY FREE function of the app: your in depth horoscope.,1,0,2026-03-30 11:25:43,e3ea32cc-569f-4d18-9a73-09db8607b9d4,4.578198,"5,000,000+"
Co-Star,com.costarastrology,geniuses removed two thirds of the horoscope from the horoscope app,1,2,2026-03-30 04:57:34,2b82d2e7-8d26-4506-b069-a6377ea5b360,4.578198,"5,000,000+"
Co-Star,com.costarastrology,for the most part its pretty on point... but every once in a while it can say some really off the wall stuff that doesn't pertain or resonate with me. but still 5 stars,5,0,2026-03-30 02:34:27,ad9608a2-b1ac-4682-8262-70a843a7af8c,4.578198,"5,000,000+"
Co-Star,com.costarastrology,the most recent costar update is confusing & ugly. i'm legit deleting the app over this. it is not user friendly,1,4,2026-03-30 02:26:59,f852ccd3-1f9e-430c-990f-a1857fde9f5e,4.578198,"5,000,000+"
Co-Star,com.costarastrology,An update to the last review: Not worth it anymore. Boring and just as basic as reading your horoscope from on old newspaper,1,4,2026-03-29 23:26:40,e21bf325-22d8-49c6-b1aa-c89aca11bbe9,4.578198,"5,000,000+"
Co-Star,com.costarastrology,The new update is awful. I'm probably going to delete it. The You page is practically completely gone and that was honestly the best part of the app. They tried to add the You section information to the home page (sort of) but now I'm noticing that the information there is so superficial (and kind of weird honestly) and not very accurate at all. The new blurbs feel like weird stuff an AI would come up with and I absolutely despise that.,1,6,2026-03-29 22:38:29,d2582465-502a-421d-9331-36bb22cb13e6,4.578198,"5,000,000+"
Co-Star,com.costarastrology,I used to love this app and recommended it to everyone I met. I do not like the new update at all. It's taken away the majority of the content and now it seems they are too interested in money now.. i think it's time to uninstall and stick with the astrology apps that don't take away content in an attempt to gain profit. ✌️,4,10,2026-03-29 22:22:56,a93a0456-0f0c-4430-8a56-6e52c50b875f,4.578198,"5,000,000+"
Co-Star,com.costarastrology,"This app used to be great, but they've been removing features with each update. I used to spend 20 minutes each day on this app because there's so much to go through, especially with my friends' accounts. Now I only spend 10 seconds reading the only features remaining in the Home page. The ""Luck"" page doesn't even match my friend's transits anymore. This isn't astrology, this is just AI trying to predict what you'll do next. It cites Discord conversations which it misinterprets as ""bothering me""",1,3,2026-03-29 21:56:24,187f3155-180a-4a56-99bb-035b2ef10853,4.578198,"5,000,000+"
Co-Star,com.costarastrology,"new update has made this app worthless to me.... no more detailed daily readings (your day, week, month summarized) - I'm an artist who always found the ""power in/trouble with - thinking and creativity"" to be beyond accurate... now that's gone, along with all the personalization of knowing about that + your routine, focus on self, T&C,.... it's just work, sex love, friends, family YAWN. won't be using or telling anyone else to DL this app anymore sadly (had ≈10 diff ppl download it til now)",1,3,2026-03-29 21:45:31,15e29756-b127-43b4-9595-e13045461c48,4.578198,"5,000,000+"
Co-Star,com.costarastrology,"Almost everything is behind a paywall,i used to like reading the daily message,but since the update it's probably behind a paywall now too?",1,2,2026-03-29 20:10:43,5310bb66-3df1-4480-bdcb-4750af96ab13,4.578198,"5,000,000+"
Co-Star,com.costarastrology,"They paywalled the previously free and most used/only good part of the app - the detailed day at a glance. The analyses are also completely inaccurate after the update. It absolutely ruined the app and took away any want for me to put money into it. I'm only leaving it installed in the hopes that they reverse this terrible decision, as the app is now 95% worthless to me now.",1,5,2026-03-29 14:53:29,7e6b6d1c-b3b2-45b6-9028-4228effb1bd9,4.578198,"5,000,000+"
Co-Star,com.costarastrology,"this new update is just awful! removing the ""you"" section makes the app feel so soulless.",1,3,2026-03-29 11:50:16,0cbda9ac-525b-45dd-badd-2085a26da052,4.578198,"5,000,000+"
Co-Star,com.costarastrology,STOP CHANGING THE USER INTERFACEEEEE THIS SUCKS!,1,3,2026-03-29 10:57:44,9efed4d9-c7e7-4ade-9899-181a3ac26e9d,4.578198,"5,000,000+"
Co-Star,com.costarastrology,"Put the in-depth ""You"" section back. It is terrible to navigate now. It was PERFECT before.",1,3,2026-03-29 08:10:18,200e8026-a7ca-4395-a362-292829e12cf0,4.578198,"5,000,000+"
Co-Star,com.costarastrology,I've always absolutely loved this app everything is on point. But I'm not really thrilled with the update at all. And what's up with the fact that if you unadd a friend you can add them back?,5,1,2026-03-29 02:45:07,ac5e7277-2f6a-4c77-a37d-b6aa9aee8646,4.578198,"5,000,000+"
Co-Star,com.costarastrology,"The latest update completely killed Co-Star for me. It was already nickel-and-diming users for every tiny feature, but now the ""You, today"" section is all flashy aesthetics and barely shows an actual daily horoscope. Why am I using an astrology app if it hides the horoscope behind bad design and paywalls? The core thing I wanted, my daily reading, is buried or missing. Totally pointless now. Deleting it.",1,5,2026-03-28 23:58:05,e0b87b6d-e71f-464d-abea-fb711adb74f9,4.578198,"5,000,000+"
Co-Star,com.costarastrology,it sucks since the newest update,1,3,2026-03-28 23:07:42,79ba3863-8a35-4dfd-a7de-7c85b3b31f1d,4.578198,"5,000,000+"
Co-Star,com.costarastrology,"they completely changed the app today and its so horrible if they dont chnage it back ill never use this app again. this app used to be my absolute favorite I would read it every single day and loved it. they just stripped this app of everything and left nothing, its absolutely horrible and im heartbroken they would ruin ny favorite app like that. they're trying to charge you now for everything that used to be free.",1,3,2026-03-28 21:00:57,1ddb0e7b-0fe4-4051-858d-d95e6e5c6de5,4.578198,"5,000,000+"
Co-Star,com.costarastrology,"The most recent update has paywalled features that used to be free. This was my favourite feature for this app, (the personal updates tab with areas in power, stress, & trouble), so it is upsetting to see this happen. It's almost useless now, so I'm deleting this. Hope that they will see they are alienating the people they could have previously convinced to pay for their subscription, but I'm not gonna be here for it.",1,4,2026-03-28 14:48:33,28f6a22e-57f3-4d87-a044-824596f47788,4.578198,"5,000,000+"
Co-Star,com.costarastrology,"I've had it since they first came out, it's very unique and subtle. I have a few of the extras and friends features. I like it a lot. The future self notes are really cool and they pop up when you least expect it.",5,0,2026-03-28 08:02:18,0a9172aa-e71c-4033-9cfb-3f5be6fee641,4.578198,"5,000,000+"
Co-Star,com.costarastrology,"I would give a good review except this app HAS my d.o.b. as well as my time of birth, location. And it persistently offers me love advice. I have been 100% celebate 3+ yrs. I need no love advice. I have no ""crush"". There aren't some make out sessions-no interest in any of that. Yet CoStar keeps assuring me of this n that. I have self respect so I'll keep it long enough maybe some will see my review. Very disheartening.",1,1,2026-03-28 06:45:38,1193125e-5ac3-486c-a6d3-7bcd3aa55e82,4.578198,"5,000,000+"
Co-Star,com.costarastrology,I used this app for years the latest update is wak hope they go back to what it was,1,3,2026-03-28 05:45:20,1e663163-3eda-49da-9b9d-88522f10e1e2,4.578198,"5,000,000+"
Co-Star,com.costarastrology,"removed the ""you"" updates page that was actually interesting and helpful. please bring it back. the app just became more useless.",1,4,2026-03-28 03:52:44,27ed9a76-257d-49ca-99e7-9cf6386b0f1a,4.578198,"5,000,000+"
Co-Star,com.costarastrology,The app is great and usually hits home for me. My biggest issue is that their widget never works. I don't want to open the full app every time I want to check my Day at a Glance.,4,1,2026-03-28 01:15:08,dac5b6bc-691e-4ba7-a226-ab42d612228b,4.578198,"5,000,000+"
Co-Star,com.costarastrology,sometimes I feel personally attacked by my horoscope but I love this app,5,0,2026-03-27 06:36:44,9f65c569-bf25-4ce0-a15d-a0c6523d6408,4.578198,"5,000,000+"
Co-Star,com.costarastrology,"used to love this app but the most recent update (either 3/[25 or 26]/26) took away my daily reading. I don't understand why after this not being the case for years they're suddenly locking it behind a paywall and changing the main page's UI. +information about your planets is now also behind the paywall? I don't think costar should have forced this update on us ): the prices for the app are outrageous as well. the app was loading slowly all week, I guess this is why ): would no longer recommend",1,6,2026-03-27 00:57:59,a3a6783c-38de-4648-a5e3-0f1e4c353dab,4.578198,"5,000,000+"
Co-Star,com.costarastrology,"newest update completely changed the app and removed the features I used the most, very frustrating and is just enshitification atp, changing it just to change it, it worked better before they convoluted the menus and hide features so you pay for the new bogus premium option. why does everything have to be a subscription. it was better when it was free with completely optional readings that once you bought you owned, I love this app but the changes are frustrating.",2,4,2026-03-25 23:47:21,0c57c000-0789-495f-b5d1-a30abb51bd12,4.578198,"5,000,000+"
Co-Star,com.costarastrology,"Uses gen ai, they send bad information on purpose, and the owner is racist.",1,2,2026-03-25 08:07:58,9becda66-ff02-43b2-8cfc-96c0168bcef2,4.578198,"5,000,000+"
Co-Star,com.costarastrology,accurate af !!!,5,0,2026-03-25 00:53:01,cfe6c8ae-556c-4cf8-91e6-3f894e0273c5,4.578198,"5,000,000+"
Co-Star,com.costarastrology,"peak as hell, just sad some of the features are premium",4,0,2026-03-24 12:12:36,a33b3248-306c-4621-81a8-f09f30260fb0,4.578198,"5,000,000+"
Co-Star,com.costarastrology,shame this app is purely A.I now,1,3,2026-03-23 07:55:58,e9a3daf6-6ed9-4609-acb6-2aab39fd0151,4.578198,"5,000,000+"
Co-Star,com.costarastrology,"This app has been helping me in my spiritual journey in staying sober, and connecting with those around me.",5,0,2026-03-22 20:26:56,3a15deec-ddb0-4a10-af81-c174afa454c6,4.578198,"5,000,000+"
Co-Star,com.costarastrology,bro the app sounds cool but you know it would probably be cooler if it actually let me make my account,3,0,2026-03-20 02:09:03,b7e8cd6f-2cb1-4b9a-a4bc-6d6ab61f72d3,4.578198,"5,000,000+"
Co-Star,com.costarastrology,enlightening,4,0,2026-03-19 18:55:40,edba2cfe-d8b2-4eae-89ab-ed1a4e0a8d93,4.578198,"5,000,000+"
Co-Star,com.costarastrology,literally the best and most accurate astrology app I've ever used it is spot on everyday,5,0,2026-03-19 04:59:05,821c33c9-a89d-4e58-8032-6420b9c14cc5,4.578198,"5,000,000+"
Co-Star,com.costarastrology,"widget on my android (s25 ultra) doesn't work since a long time, kindly fix that.",4,1,2026-03-19 04:08:04,788061c1-04de-43dd-82c1-d50a1c60e6b5,4.578198,"5,000,000+"
Co-Star,com.costarastrology,I m not even able to login or create my account.This is a complete mess.,1,0,2026-03-18 10:10:16,4365b16b-f126-467e-bc10-bd903f8d7789,4.578198,"5,000,000+"
Co-Star,com.costarastrology,"lI recommend fully exploring everything, get to know the app for a couple of weeks, get a friend to join your Co-Star app and read it together and make it a morning fun event while drinking a coffee. just be careful when purchasing a plan and be sure what plan you'd like to have before making purchase. and. careful about double purchases it'll let you. Great application though.",4,1,2026-03-16 20:52:05,e7e7b1c5-0fbb-49ba-a396-c1a9e3e82d9a,4.578198,"5,000,000+"
Co-Star,com.costarastrology,"its free, amazing and detailed info that gives you great insight into your life",5,0,2026-03-16 11:02:40,eb9d13c0-54ef-4d35-979d-d15a867cde02,4.578198,"5,000,000+"
Co-Star,com.costarastrology,its right 90% of the time. make sure your time of birth is set for better results,5,0,2026-03-14 10:46:00,ba3c1b46-b991-4177-a3e1-b642aa1ea5a1,4.578198,"5,000,000+"
Co-Star,com.costarastrology,"Honestly it's mostly just fun to read them. My friends and I all got Co-Star together to share them daily, but we ALL have fhe same issue; there's no relationship status section, meaning Co-Star keeps giving us horoscopes for single people and is just highly inacurrate 😂 Like most horoscopes, it's either accurate because it's a generalised statement that everyone can relate to, or hilariously false. Maybe if there was a relationship status system it would be more accurate, like a calibration.",3,1,2026-03-14 02:56:52,f346629b-6211-4452-b9bd-d2c2392a8115,4.578198,"5,000,000+"
Co-Star,com.costarastrology,it's a cool fun app good feedback,5,0,2026-03-14 02:21:40,037fedbb-634e-410a-b04d-39ad1161462d,4.578198,"5,000,000+"
Co-Star,com.costarastrology,"the readings and advice is super fun but the messages/questions can be really backhanded or insulting. Given this is such a vague app, it should be suggesting hopeful and affirming messages instead of prejudice.",2,1,2026-03-12 18:55:33,c98257c3-8dc2-4edd-a412-f9363f76628e,4.578198,"5,000,000+"
Co-Star,com.costarastrology,"I wish there was a way to go back to or bookmark the ""your day at a glance"" messages. They've been hitting home a lot lately, but I haven't been jotting them down.",4,4,2026-03-12 06:40:53,6b7107cc-5e5e-4043-8609-c1cba0ff67ff,4.578198,"5,000,000+"
Co-Star,com.costarastrology,"app keeps saying try again every time I try to read my horoscope, I un installed it now I can't even log back in to my account.",1,0,2026-03-12 01:21:57,10f335e1-ee7f-4ed6-b094-105c8de66b43,4.578198,"5,000,000+"
Co-Star,com.costarastrology,"No dark mode on Android 16, OnePlus 15 No response on tap to add email",3,0,2026-03-11 03:50:33,2355294b-3aab-438d-973f-3b735de7f5b7,4.578198,"5,000,000+"
Co-Star,com.costarastrology,"I would like to purchase another year ahead report, mine year just ended and I don't see the option for the year to come.",5,2,2026-03-10 00:42:18,7678b13c-11fb-43b1-9245-4861945170f2,4.578198,"5,000,000+"
Co-Star,com.costarastrology,"it always has very rare coincidences that fit perfectly into my life, and helps me take a second and think about where my mind is at and what I can realistically do that day or make sure not to do. I love this app so much, and I've been using it for almost a year. ♡",5,1,2026-03-10 00:25:43,12c4d490-e670-4e92-b121-39bad91645e7,4.578198,"5,000,000+"
Co-Star,com.costarastrology,"This app is always so negative. My day at a glance is usually something like 'oh you should dump the people around you, they're draining you and taking you for granted' lol. Sounds like generic victim mindset advice - apparently what they expect would work best for their user base.",3,0,2026-03-08 21:24:21,312ebde8-6a36-4efc-a0b1-76403b6e786c,4.578198,"5,000,000+"
Co-Star,com.costarastrology,so negative all the time!!! brings my mood down. like jeez. according to this app im getting tortured by everyone and everything around me every single day and i can assure you that's not happening. lol,1,2,2026-03-08 07:22:22,6f789ba8-789f-4f4e-a38f-d5c7a8917d93,4.578198,"5,000,000+"
Co-Star,com.costarastrology,Daily horoscopes are definitely written by genAI these days. The charm this app used to have is completely gone.,1,2,2026-03-08 06:00:35,437db931-32e7-4b81-8349-0fda5156e869,4.578198,"5,000,000+"
Co-Star,com.costarastrology,"One Of The BEST Astrology Apps I Have Been Able To Find In The Last 10+ Years, BESIDES The Astrology App ""Synistry"", And Also ""Astrobella! By Far #1 For Me Because It's ALWAYS Been FREE Of ANY Cost, There's NEVER ANY Problems Loading Pages, The Horoscopes Are Extremely Detailed && Since I've Had Synistry Downloaded On My Phone This Last 5 Years, I Can Honestly Say that I Don't Think I've Ever Read The SAME Sentence OR Paragraph More Than Once! I Have A Top Grade Memory + I Read A LOT!",5,0,2026-03-08 02:03:18,17e9637c-2416-43ec-8532-a71f295b62ee,4.578198,"5,000,000+"
Co-Star,com.costarastrology,"It's fun looking at the horoscopes every day and looking at my chart, but I wish you could set different relationships with the people you add. I only have my sisters and my close friends added, and it keeps telling me my romantic, pleasure, and sexual compatibility with them 😭",4,2,2026-03-07 21:45:19,0388243c-61ac-4a80-ab81-85e7c5b95010,4.578198,"5,000,000+"
Co-Star,com.costarastrology,"very helpful in guiding hard thoughts, ruminating doesn't help. Co - Star tries lol",5,0,2026-03-03 02:16:15,c4405a34-fc33-4e60-8748-28ccb41a4c14,4.578198,"5,000,000+"
Co-Star,com.costarastrology,"is it just me or are all your co-Star app not connecting? btw, Singapore adjusted their timezone from +730 to +8 in 1982. i am born before 1982. how to adjust it to be correct?",5,2,2026-03-02 14:52:32,fb2febc7-7a2a-410a-b583-8d3b4189caab,4.578198,"5,000,000+"
Co-Star,com.costarastrology,"The aesthetic of this app would greatly benefit from having a dark theme/mode option. Otherwise, very well put together.",5,1,2026-03-01 15:25:03,dbaf7970-5e32-4eb5-8cc3-470999025b8b,4.578198,"5,000,000+"
Co-Star,com.costarastrology,"Why is this app so negative? I don't understand why they don't send out positive messages. Every single day is like ""breakup with your partner"" ""stop being lazy"" etc.",2,3,2026-02-28 23:29:06,434beac6-a86a-44a8-b8f1-91ac567c77ab,4.578198,"5,000,000+"
Co-Star,com.costarastrology,it was fun until my eros partner stopped working but the charges continued and their customer support is nonexistent. its been 2 months of unanswered support.,1,3,2026-02-28 07:58:43,828a1db6-8a07-476d-b707-482b67294e6e,4.578198,"5,000,000+"
Co-Star,com.costarastrology,I like it so far,5,0,2026-02-27 05:53:18,83fc142e-9b22-4b5a-afff-fccccf4c4e73,4.578198,"5,000,000+"
Co-Star,com.costarastrology,I generally love this app. I've been using it for over a year now. My current issue is that there is no way to contact customer support. I want to purchase a year ahead report for 2026 but it keeps bringing me back to last year's report with no option to buy a new one.,4,0,2026-02-26 22:42:47,54d40c91-bc3d-4774-90b3-4fae4a81094c,4.578198,"5,000,000+"
Co-Star,com.costarastrology,"I've gone rounds with this app. I've deleted it and redownloaded it several times. The accuracy is humbling. I recommend this app to everyone I know. If you take what it says, you can learn things about yourself and use the information to guide you and help you grow. I look forward to what the next day will bring, knowing it will be relevant and useful. Some readings really boost me up. Others bring me down to earth and ground me. I hope people see my rating and choose to download the app!",5,16,2026-02-26 11:29:24,d09c6270-6d12-46bb-b9e1-797fc8d06509,4.578198,"5,000,000+"
Co-Star,com.costarastrology,after years of using it I'm not happy anymore. Everything sounds like it's written by chatGPT...,1,4,2026-02-24 16:21:51,18778c08-1b09-4335-9ead-2aef773726be,4.578198,"5,000,000+"
Co-Star,com.costarastrology,"my absolute favorite astrology app! I reflect on it throughout my day, it's easy and informative. I love it!",5,0,2026-02-24 16:10:21,64a5b004-19e8-465c-aeb9-78d7db318453,4.578198,"5,000,000+"
Co-Star,com.costarastrology,"no longer possible to login via email even if you have an account - need phone or Facebook. I won't give either, uninstalling.",1,2,2026-02-23 09:16:14,e12ae6f4-1d2e-4166-8e92-4054e050c66e,4.578198,"5,000,000+"
Co-Star,com.costarastrology,"Dear developer team, I would love that if you update the home screen widget to be larger, this way it fits better in the home screen and it become easier to read the quote of the day. Thank you!",4,0,2026-02-22 21:05:38,b5993c8b-dacd-4752-8562-4cbd70f8800e,4.578198,"5,000,000+"
Co-Star,com.costarastrology,make it so that we get asked if we want to see romantic/sexual compatibility info about someone we added as a friend,4,1,2026-02-22 16:39:19,980ff4c5-a336-4812-b3a8-6fa531dea724,4.578198,"5,000,000+"
Co-Star,com.costarastrology,"has this started using Gen AI?? I used to like this all, but it is being more and more bizarre with daily info and looks like it's AI.",2,1,2026-02-22 02:21:35,4fea3ffd-26ea-49b3-b8b5-eda0cdcd7670,4.578198,"5,000,000+"
Co-Star,com.costarastrology,You can't register via email or Google,1,1,2026-02-21 12:15:03,4dd42bf4-4b94-48a1-a884-2a3e5eb5c05a,4.578198,"5,000,000+"
Co-Star,com.costarastrology,heyy great app,5,0,2026-02-20 02:46:22,052930bd-74f2-4333-ba2b-21e30b5390ca,4.578198,"5,000,000+"
Co-Star,com.costarastrology,very good app accurate,5,0,2026-02-20 00:13:45,7400fac8-7a97-4f80-a15b-acf727e02aed,4.578198,"5,000,000+"
Co-Star,com.costarastrology,accuracy?? ask payment for querry,1,0,2026-02-17 01:59:58,f5106ba4-2b59-4ae6-b149-d5675909aaa4,4.578198,"5,000,000+"
Co-Star,com.costarastrology,Enlightening guide...,5,0,2026-02-17 00:58:20,002b72fc-32df-4263-898d-d6f76c07e699,4.578198,"5,000,000+"
Co-Star,com.costarastrology,Scary accurate. And in a lot of detail. Love it!,5,0,2026-02-16 05:48:03,ee9855ee-7b92-4525-a341-a903d8b38132,4.578198,"5,000,000+"
Co-Star,com.costarastrology,"This app is brutal and destroys my self esteem. I am very self-aware and do a ton of work on myself, and this app constantly tells me I don't and that I'm the problem. It feels like a really toxic friend, so we're breaking up. I'm deleting it.",1,5,2026-02-14 12:51:37,ea0339ec-ac7f-412d-b227-0838a6f0b468,4.578198,"5,000,000+"
Co-Star,com.costarastrology,"revising my review. i noticed after an update, that the overall quality and quantity of the horoscopes (as an android user) is much better now! much more comparable to apple users. my Apple friend's horoscopes were so much more detailed. she would get a paragraph, and i was lucky to read 1 whole sentence. now theyre about the same. i'm happy with it. my only critique is that i think we should be able to categorize friends as platonic or romantic! its weird to see lovey horoscopes between friends",4,30,2026-02-13 20:57:21,6401fa68-af8e-477d-b232-0b9ad2de4253,4.578198,"5,000,000+"
Co-Star,com.costarastrology,"love it. when I first downloaded it I thought it was absolutely amazing it was so on point and like specific to my life rather than just like a generalized statement.. I have gotten some repetitive statements for my glance of today, which I thought was kind of odd but maybe they needed to be said to me twice... overall though I absolutely love the app..... my 2026 New Year's resolution that they provided to me it was so on point and amazing I love it",5,0,2026-02-13 04:32:48,1bacc0d6-8260-4819-bb9d-1b279d4d2d65,4.578198,"5,000,000+"
Co-Star,com.costarastrology,wont let me proceed from password page for android. please fix this.,1,1,2026-02-13 01:22:57,beb61508-de25-4f3e-bda3-1a72229d4800,4.578198,"5,000,000+"
Co-Star,com.costarastrology,fun and creepily accurate would recommend,5,1,2026-02-12 04:47:03,1ff0c58e-6d3b-47fc-85a5-f6b553fc1266,4.578198,"5,000,000+"
Co-Star,com.costarastrology,I love the social aspects of this app and the design esthetic,5,0,2026-02-11 21:05:20,5568021e-8204-4deb-8732-7d8cdae5a3e8,4.578198,"5,000,000+"
Co-Star,com.costarastrology,cant even create an account.,1,0,2026-02-10 10:30:54,6566b4c2-f5fc-44d8-9332-fa8d2b15d280,4.578198,"5,000,000+"
Co-Star,com.costarastrology,love this apppp!,5,0,2026-02-10 09:31:30,690fb4a4-d844-4491-aeb8-5be7f580ff2d,4.578198,"5,000,000+"
Co-Star,com.costarastrology,i have been trying to login and signup for past one hour it's not working I am frustrated,1,0,2026-02-10 03:23:29,c3863c94-2a67-4c88-a9ef-d00fba266235,4.578198,"5,000,000+"
Co-Star,com.costarastrology,The app keeps crashing on my S22 when I try creating an account. I can't even use it Edit: The app update resolved the issue and I can view my daily horoscope.,4,1,2026-02-10 00:22:48,ac1b55cc-07c1-442d-b7bd-5f9d4b2d6db2,4.578198,"5,000,000+"
Co-Star,com.costarastrology,"I used to open this app every day and find something relatable with the horoscope. I don't know what changed in the new year, but the horoscopes don't make any sense.",3,0,2026-02-09 17:00:32,0041a36f-044d-4833-9330-f6e1b67a87a8,4.578198,"5,000,000+"
Co-Star,com.costarastrology,super awesome wonderful fun fun,5,0,2026-02-09 04:33:41,5f2bba45-0841-4bb0-9b28-e2581916de3f,4.578198,"5,000,000+"
Co-Star,com.costarastrology,easy to use,5,0,2026-02-08 19:28:40,628c61c8-eb3b-4755-92a4-42b0a6e0eeb4,4.578198,"5,000,000+"
Co-Star,com.costarastrology,love ❤️ this app! it teaches you so much!,5,0,2026-02-08 15:09:02,754a3823-19c3-4959-8117-8d6c3c1241b9,4.578198,"5,000,000+"
Co-Star,com.costarastrology,need the old design,2,0,2026-02-08 03:37:36,e9cddd3e-15ad-433a-95a9-74b0ed045eeb,4.578198,"5,000,000+"
Co-Star,com.costarastrology,the most unique Astro app I've experienced,5,1,2026-02-08 00:12:30,9d9569bb-db1d-4c73-bd00-00f45f3ec9e0,4.578198,"5,000,000+"
Co-Star,com.costarastrology,love it but the widget doesn't seem to work anymore😔,4,0,2026-02-07 20:44:36,07e14d8d-efd7-4fb9-9881-1a5f2653b99c,4.578198,"5,000,000+"
Co-Star,com.costarastrology,"if adding a chart manually wasn't almost $5 each, and that you can't even edit the dates if you get it wrong or delete it or manage your extra charts in any way, then maybe I'd be back to 4 or 5 stars. the yearly subscription is not worth while, tbh, for the features that opens up either (which I've tried in the past and managed to cancel) Otherwise, this is a good daily personal horoscope app.",3,42,2026-02-05 23:03:24,b5af7ff3-56d5-4993-a3d6-7ba3c05b6824,4.578198,"5,000,000+"
Co-Star,com.costarastrology,deeply disappointed in the LLM ai. also most of the app is locked behind separate pay walls. simply not worth giving your information to,1,0,2026-02-05 09:46:32,77b45e2b-7c9e-4f23-8b55-147b15528ddb,4.578198,"5,000,000+"
Co-Star,com.costarastrology,Absolute best app ever created. life changing x,5,0,2026-02-05 03:50:58,57b04eb4-492d-456f-a412-aeadf9fa3dea,4.578198,"5,000,000+"
Co-Star,com.costarastrology,App changed and gives only fortune cookie messages now,2,1,2026-02-05 02:55:53,ec5630b2-301a-45e4-9582-3e275e16c214,4.578198,"5,000,000+"
Co-Star,com.costarastrology,"I really enjoy this app, there are times where it is eerily poignant to what's happen in my life. being able to compare charts with friends and people I date makes for an interesting way to bond.",5,0,2026-02-05 02:17:28,f9c470b5-d17b-40d1-8dd4-9ec7ff1e4433,4.578198,"5,000,000+"
Co-Star,com.costarastrology,crashes every time I open it. cant even get past the birth date selection. tried Uninstaller and reinstalling and it still crashes.,1,0,2026-02-05 00:25:04,c3eb0668-5b44-471c-bd70-40cc8d8b63c9,4.578198,"5,000,000+"
Co-Star,com.costarastrology,the UI is interesting you could even make it a semi messaging platform,5,0,2026-02-04 23:34:48,504f2433-85bc-4982-bfaf-ad0aba4baa5d,4.578198,"5,000,000+"
Co-Star,com.costarastrology,help this is app is bugging for me..,1,0,2026-02-04 22:17:19,9b6f0737-252a-4b79-9fc7-6803247b52fa,4.578198,"5,000,000+"
Co-Star,com.costarastrology,interesting,5,0,2026-02-04 21:28:00,91bf7d30-75cf-42a2-8eed-bcb5dceb2b80,4.578198,"5,000,000+"
Co-Star,com.costarastrology,Just downloaded and it crashes 3 seconds after I open it. Pretty useless.,1,0,2026-02-04 16:10:18,836e2eb0-dd26-4fed-afa8-bbe7f3b0f07b,4.578198,"5,000,000+"
Co-Star,com.costarastrology,amazing 👏 🤩,5,0,2026-02-04 02:37:09,c79bdfcd-4441-4f75-a995-6115a40a2a25,4.578198,"5,000,000+"
Co-Star,com.costarastrology,"HAS A VIRUS, every time I install, it closes out right before I can put in my birthdate, then it asks me to clear the cache for the app and that it has a bug. Please fix so I can use it",1,0,2026-02-03 16:44:42,76e07a33-2528-472f-ad43-84847bd25347,4.578198,"5,000,000+"
Co-Star,com.costarastrology,horrible terrible frightened. this app basically attacks you and doesnt send a positive message. worst app I've ever had. you guys need a new app cause this isn't it,1,1,2026-02-03 01:00:31,96b11696-41e0-494c-88a3-9592a121d795,4.578198,"5,000,000+"
Co-Star,com.costarastrology,app keeps crashing no matter how many times I downloaded it and reinstall,1,1,2026-02-02 23:57:22,a1f4039f-1d1d-465d-a066-2226907da3ac,4.578198,"5,000,000+"
Co-Star,com.costarastrology,newest update uses AI to write the daily blurb and it's very obvious. it has that artificial plasticy feel. i've used costar for years but this pushed me to find another app.,1,4,2026-02-02 20:35:57,7521e448-d802-4239-9314-998d5f6a63fb,4.578198,"5,000,000+"
Co-Star,com.costarastrology,Thank you for updating the Android version! It looks so much better now. I can't say enough about this app. It's the best out there. Just get it.,5,0,2026-02-02 03:39:29,22d7687e-8f00-47eb-ad52-f3540c61392e,4.578198,"5,000,000+"
Co-Star,com.costarastrology,App is so buggy I purchased pro star and didn't get anything. Contacted costar support but they're so useless and oblivious thay they offered me an extra 3 month of the subscription which means nothing because the subscription isn't even working in the app it just keeps asking me to repurchase it,1,1,2026-02-01 21:47:01,a90ee9ae-e8fc-444a-88a6-141c5bc3ee03,4.578198,"5,000,000+"
Co-Star,com.costarastrology,keeps shutting down before I input DOB,1,0,2026-02-01 13:36:47,03a2b98e-760e-425d-8c39-babfba69f0d7,4.578198,"5,000,000+"
Co-Star,com.costarastrology,date picker is broken and crashes the app every time,1,0,2026-02-01 10:05:01,fd875278-3283-4fd9-90cb-06007919ae54,4.578198,"5,000,000+"
Co-Star,com.costarastrology,lots of bug issues. pls fix it.,1,1,2026-02-01 01:38:00,7524b4ec-78b3-43f3-bb1c-61f721219dd8,4.578198,"5,000,000+"
Co-Star,com.costarastrology,not sure why the main home screen layout changed but now it looks weird.,2,1,2026-02-01 00:13:23,2dc8fa31-8f37-4977-ac83-88c08cb895c1,4.578198,"5,000,000+"
Co-Star,com.costarastrology,app keeps crashing can't even get pass the birthday,1,0,2026-01-31 21:14:24,ce677d96-75f8-4666-852d-d9b87670b694,4.578198,"5,000,000+"
Co-Star,com.costarastrology,"Daily quotes, insights, and perspectives.",5,0,2026-01-30 20:39:40,0e2fd9eb-14f7-4c10-9c66-ce44f322f005,4.578198,"5,000,000+"
Co-Star,com.costarastrology,Did you guys abandon the app or something?,2,1,2026-01-30 15:22:03,18826ce8-439c-4d43-a6a2-54b3b28b2a60,4.578198,"5,000,000+"
Co-Star,com.costarastrology,helps me with overthinking,5,0,2026-01-28 12:48:33,0c90aa0f-356a-43e1-a015-6685517c16fc,4.578198,"5,000,000+"
Co-Star,com.costarastrology,This used to be a fun app. Now it is obvious they use and share data and use AI to generate responses and revenue. And ask for money for anything worth reading. This is not horoscope culture nor is your horoscope authentic. Absolutely pathetic toying with people's emotions.,1,3,2026-01-28 10:07:58,87a3694b-0edc-47c6-b40f-bb5df9c10eb5,4.578198,"5,000,000+"
Co-Star,com.costarastrology,"I love this app, I only wish that when you got one of the chaos mode messages, it took you to a screen where you could look at it instead of it just disappearing when you touch it. very misleading to come up as a notification that goes nowhere and erases the message. aside from that, it's amazing",4,0,2026-01-28 01:12:42,9c4eab96-e241-41e4-9928-1f9cb5e3e9d9,4.578198,"5,000,000+"
Co-Star,com.costarastrology,great bit of fun.,5,0,2026-01-27 09:26:55,76a3cecf-f96e-434c-b0fb-18dd6d52f8bc,4.578198,"5,000,000+"
Co-Star,com.costarastrology,it's not working I've been trying to sign in but it keeps getting stuck at set a password. fix your app,1,1,2026-01-26 20:39:30,32cb4128-cab5-4217-981e-32c3f4b05bc6,4.578198,"5,000,000+"
Co-Star,com.costarastrology,perfect for us,5,0,2026-01-25 03:04:50,96b10b36-f827-4341-8a36-eed309a29b46,4.578198,"5,000,000+"
Co-Star,com.costarastrology,"The app is great, but I wish it had a dark theme",5,2,2026-01-24 12:41:40,73d99b67-1c6e-465e-aa89-fb475c46ea4c,4.578198,"5,000,000+"
Co-Star,com.costarastrology,"sometimes I think this app is stalking me, but the things it tells me make me emotional, regularly. even if it's just good advice that I connect to my own life, this app is great. one notification a day, super straightforward. almost makes me want to pay for the upgrade, but this app serves me well. runs great! thanks co-star devs",5,1,2026-01-24 00:53:07,b8cbd237-473c-4817-a806-125086861872,4.578198,"5,000,000+"
Co-Star,com.costarastrology,can we add the circle chart to android users too? thank you.,5,0,2026-01-23 22:48:31,9684d850-322b-448a-8228-33d57f6cb9f3,4.578198,"5,000,000+"
Co-Star,com.costarastrology,been using it for years absolutely love it!,5,1,2026-01-23 03:27:41,1606f1c5-8b7e-44cc-8dc3-f6f682f49901,4.578198,"5,000,000+"
Co-Star,com.costarastrology,"This is a very in-depth app. Very detailed, yet easy to understand.",5,1,2026-01-22 13:54:58,f0709bbb-f7fc-48be-bafc-f32ec4a1bae4,4.578198,"5,000,000+"
Co-Star,com.costarastrology,This app extremely expensive. I don't know how but im being charged almost $100 a month and am unable to contact anyone about it.,2,1,2026-01-22 13:25:50,2f97db1d-85a5-43b6-91e9-82d8cb35e04f,4.578198,"5,000,000+"
Co-Star,com.costarastrology,"app is not working i cant move past the password page, i tried multiple times and even downloaded it again nothing seems to work",1,3,2026-01-22 12:07:42,fa4ac89d-8b78-43ef-825c-5b48ddce6ceb,4.578198,"5,000,000+"
Co-Star,com.costarastrology,"it was all just ai slop, I regret giving them my bday and data :c",1,1,2026-01-21 11:21:35,45f68cb0-0978-4201-b239-288708997341,4.578198,"5,000,000+"
Co-Star,com.costarastrology,"I like the app, especially the ""into the void"" section. Sometimes the answers are super cryptic and then other times it's oddly specific with a date and specific information. It's interesting. Also, I don't know if it's just me or what, but alot of my daily stuff and my personal relationship thing I paid for, is kind of mean. It described some things about me crazily harsh. It was kind of funny though so I still enjoy the app and pay for the subscription.",4,1,2026-01-21 06:34:35,fc1cb954-062c-4de5-a2f2-dbad2895118b,4.578198,"5,000,000+"
Co-Star,com.costarastrology,I love this app! all in all it's amazing app. I unfortunately am on a budget. very strict budget so I am never able to afford all the little extras. although I did download one time but that was even I had to budget for. it. sounds silly as it seems so small for some but for others it's a little bit bigger. but I love that you get your horoscope and it breaks things down in a personal way per your birth chart.,5,18,2026-01-21 01:34:31,3d6785fc-74ce-4888-b26d-62dce5bf3f62,4.578198,"5,000,000+"
Co-Star,com.costarastrology,pls also make the zoom out 2026 resolution stuff for androids 🙏🏻,4,0,2026-01-20 15:33:40,57079051-7937-4384-a892-f36ad6d82c4d,4.578198,"5,000,000+"
Co-Star,com.costarastrology,"sirf sawal jawab koi nahi ,ghatiya app",1,0,2026-01-20 11:04:16,d2f97304-dfcc-4b78-87de-f0351c10006a,4.578198,"5,000,000+"
Co-Star,com.costarastrology,CO STAR IS A FUN APP AND MY GIRLFRIEND REALLY LIKES IT IT'S GOOD FOR COUPLES AND FRIENDS TO USE ALSO.,5,1,2026-01-19 13:35:16,25655446-ee1c-4054-98b2-8ba4699e0d8a,4.578198,"5,000,000+"
Co-Star,com.costarastrology,"Cute app to see friends astrology and how you interact but descriptions are not nuanced and many houses are inappropriately calculated. They regularly have a sign listed in multiple houses (not planets - houses), which is not possible. I've noticed this on multiple friends charts including some of my family who I paid to include (they don't have the app). I know enough to see that it's incorrect but many others would not.",3,9,2026-01-18 10:44:47,b83e1f0a-5a6f-4cfa-94b6-5a57f499f53d,4.578198,"5,000,000+"
Co-Star,com.costarastrology,"horrible data tracking app, its all nonsense based off personal information",1,1,2026-01-18 06:56:06,df45d482-2035-4ce8-83a4-3d1db3c2c8d5,4.578198,"5,000,000+"
Co-Star,com.costarastrology,I love this app. i love the friends options too!!!,5,0,2026-01-17 21:16:37,8f2b0ed5-b29f-4c1e-9fab-eed6b457e64b,4.578198,"5,000,000+"
Co-Star,com.costarastrology,Predatory tracking. Stay away.,1,1,2026-01-17 08:57:24,34d4e200-a078-4560-9c77-b6bd1307444c,4.578198,"5,000,000+"
Co-Star,com.costarastrology,"Used to be a neat app. I've had it since around release [so 2017-2018] but its gone downhill. There's more push for paid content and the daily horoscopes used to be interesting but now they're weird. Finally uninstalled bc it pushed a notif for a birthday article hidden behind a paywall, and my daily note was ""Touch Yourself."" Very disappointing.",1,2,2026-01-16 00:16:54,11350038-6848-42df-802d-429102e06b76,4.578198,"5,000,000+"
Co-Star,com.costarastrology,fun and interesting. I love that it brings your friends and yourself together!! could have more information daily to help me get my day sure for myself and the involvement of friends and family!!!,5,0,2026-01-15 09:57:02,67d55fe8-74a7-4d2b-a386-90a19c18bdd4,4.578198,"5,000,000+"
Co-Star,com.costarastrology,pasword not able.yo set techno issue,2,0,2026-01-13 19:59:54,140360da-1d7f-4e1f-a6c6-9fb5aca99891,4.578198,"5,000,000+"
Co-Star,com.costarastrology,absolutely the best astrological zodiac by readers I've ever seen and even do your chart for free and I've had people do my chart a few times and they always charge you and then they've never been as good as the one that you guys did for me for free an absolutely love the future where are you right now it's yourself and your frien ds and they decide when to send it to them it's so cool sometimes I get a note for myself months later it'll be right when I need to hear it,5,0,2026-01-12 21:03:51,4bfd4dd5-6551-4adf-946c-82399d9dc40f,4.578198,"5,000,000+"
Co-Star,com.costarastrology,unstalled it no no good,1,0,2026-01-12 18:09:06,fcb33995-72c0-4dd2-aef7-fe48b2d69c7b,4.578198,"5,000,000+"
Co-Star,com.costarastrology,"girls will tell you to add them on this app and sometimes its a good conversation starter, sometimes they will use the app to dictate their behaviour, sometimes they will use it to justify their evil behaviour. very nice!",5,0,2026-01-11 01:20:53,9a1cd694-2e24-4eb1-9575-85f8e7d9d4f9,4.578198,"5,000,000+"
Co-Star,com.costarastrology,"I want to love this app, and part of me does. but it doesn't make sense. My wife, on apple, can see her charts, my charts, all kinds of stuff. Me, on android, can look at my wife's chart and all kinds of her info, but it doesn't show me anything on mine without paying for it. Why the hate on android users?",1,5,2026-01-10 19:01:11,613f45f2-10d8-4f31-86c6-83f47d854548,4.578198,"5,000,000+"
Co-Star,com.costarastrology,😇🤍 Llovee 🤍😇,5,0,2026-01-10 07:19:56,83973da5-0c3c-464b-bf10-320fbcd3d11c,4.578198,"5,000,000+"
Co-Star,com.costarastrology,"Based on your natal chart, they offer one of a kind horoscopes! Co-star is by far the best in the business.",5,0,2026-01-09 18:40:28,4c8578cb-42a8-4ae0-85ab-bf3470f83353,4.578198,"5,000,000+"
Co-Star,com.costarastrology,"Too information-sparse. For its price, you'd expect the widget would be functioning properly. Right now the widget rarely loads and only displays the app logo :(",2,0,2026-01-09 16:17:34,9376560e-4f65-427a-8199-77b22646c800,4.578198,"5,000,000+"
Co-Star,com.costarastrology,I usually loveeee this app for its accuracy and how thoughtful every reflection is. I use it to keep myself in check and as encouragement when I need it. However.... the quality has gone down significantly. The day at a glance is now the same as the daily quote even tho it tells you to check back in for it to update. And the daily readings have become so so so repetitive of each other. I'll get the same statements for days in a row when I never used to. It's disappointing. The AI is a loss fs,2,2,2026-01-09 14:12:59,f00fcaf0-d4a4-4a2d-a1c2-65c33725a0df,4.578198,"5,000,000+"
Co-Star,com.costarastrology,"just starting, I will update",4,0,2026-01-09 10:52:06,61e3ca8c-e26f-496e-af83-b04e99427718,4.578198,"5,000,000+"
Co-Star,com.costarastrology,Ben accurate so far,5,0,2026-01-09 07:02:11,da720ec2-2b62-4987-9cff-555ccc386c03,4.578198,"5,000,000+"
Co-Star,com.costarastrology,"intriguing but not spot on... Close, but not really closely similar.",3,0,2026-01-08 03:40:29,7b780d0d-bcd2-4b1d-93d2-13d209fcc843,4.578198,"5,000,000+"
Co-Star,com.costarastrology,I really enjoy the app It's just disappointing to realize how behind the android version is in comparison to the ios version when sharing mine with friends they would have a paragraph with their horoscope vs my little sentence there really shouldn't be a difference between ios and android at this point Even when i paid for it monthly i still never got that extra paragraph 🤷,2,2,2026-01-07 16:23:07,5790e4e7-ec2f-4ea2-83ec-41229d1f8c70,4.578198,"5,000,000+"
Co-Star,com.costarastrology,Awesome Awsome,5,0,2026-01-07 16:20:11,78a8b612-8c40-4340-ac8c-5d2a8b345241,4.578198,"5,000,000+"
Co-Star,com.costarastrology,ive never had something so accurate there are so many apps that are to be honest its bull**** but today is my birthday and it told me things that happened before I signed up I love this app already,5,0,2026-01-05 23:53:56,ce24ef6b-f493-46b9-914e-eef8eaaf30d8,4.578198,"5,000,000+"
Co-Star,com.costarastrology,so accurate unlike any other astrology app ive seen,5,0,2026-01-05 12:32:20,44803941-f384-49fa-8434-dfb9a5e3dfb7,4.578198,"5,000,000+"
Co-Star,com.costarastrology,the inclusion of AI really takes away from the experience. I could get that almost anywhere else.,1,0,2026-01-05 06:17:11,a9489674-ee8a-407a-a92e-d80327e27488,4.578198,"5,000,000+"
Co-Star,com.costarastrology,"few months ago the widget stopped showing ""your day at glance"" and it's still broken. I tried reinstall app few times but it didn't help.",3,3,2026-01-04 18:07:54,ff766124-9d1c-4009-82e4-2fa39f880b8b,4.578198,"5,000,000+"
Co-Star,com.costarastrology,love this app! I only wish I could make my widgit on my samsumg white instead of black!,4,0,2026-01-04 01:22:38,e2f2a4b5-d502-43da-a3a9-37734fb12bbc,4.578198,"5,000,000+"
Co-Star,com.costarastrology,"Co–Star feels less like astrology and more like negging. “Nobody will ever love you” on New Year’s Day? That’s not insight, it’s cruelty. I’ve grown too much to keep an app that talks to users like a mean AI. Bye.",1,4,2026-01-02 07:05:50,f9803f87-50a7-4197-a001-b5f0cc4d4497,4.578198,"5,000,000+"
Co-Star,com.costarastrology,":( It's not letting me see the notes I send to my future self. Like I SEE the option when I change screens, but only for a moment. I've been writing myself notes.",4,0,2026-01-02 01:50:14,2041512e-e336-42a1-9f49-2e3d5c70ef2a,4.578198,"5,000,000+"
Co-Star,com.costarastrology,They added an AI chatbot (to an astrology app? WHY??) so I uninstalled.,1,1,2026-01-01 22:28:24,2a0a209d-4714-4083-a15a-6d11d444316b,4.578198,"5,000,000+"
Co-Star,com.costarastrology,I wish it wasn't AI generated. $12 to unlock a full report that wasn't written by anyone is such a rip off,1,2,2026-01-01 20:48:07,3d7ca8da-ab90-4596-b52c-50a5e8038326,4.578198,"5,000,000+"
Co-Star,com.costarastrology,"My first reading made absolutely no sense, so I did a little more research about what astrologers say about . Co-Star is often off by a few degrees, and uses AI to generate readings. Some of the readings contradict themselves, outright insult the user, or try too hard to be ""cool with the kids"". As someone who wanted to get more into astrology, this is disappointing. Never assume something is good just because it's popular. EDIT: The creator admitted to wanting to troll users in an interview.",1,7,2026-01-01 09:36:29,ae01ab7f-227c-42a4-a2ae-b2b17ae457f1,4.578198,"5,000,000+"
Co-Star,com.costarastrology,The best in-depth personal astrology app I've ever seen. Very informative and easy to follow. Whether you are a beginner at this or not you'll gain some knowledge from this. Best part is that most of it is absolutely free...,5,0,2025-12-31 11:16:48,0bad255d-095b-480e-849d-df148f6abd58,4.578198,"5,000,000+"
Co-Star,com.costarastrology,Fun to use.,5,0,2025-12-30 18:05:24,abd64581-56af-4192-ba8d-dcb1fd053c58,4.578198,"5,000,000+"
Co-Star,com.costarastrology,they started using AI HEAVILY so the daily messages are weird,1,3,2025-12-30 05:03:12,e2537c36-dee9-4a92-859c-8b4faa6baa6a,4.578198,"5,000,000+"
Co-Star,com.costarastrology,love how u can get the in depth comparison and invite people,5,0,2025-12-30 03:08:44,093e8fad-ef54-494f-9a80-82c8dc4770a4,4.578198,"5,000,000+"
Co-Star,com.costarastrology,the only astrology app I never delete,5,0,2025-12-28 23:50:45,68ef4380-3613-4ffe-9a78-32d6ea5d7794,4.578198,"5,000,000+"
Co-Star,com.costarastrology,"keeps changing signs! my baby was born November 21st this year, which makes him a Pisces. the app will show that when I enter it on, but the next few days it changes his signs completely and makes him a Sagittarius? I spent money twice on entering his chart. waste of $6. I'm going to be using a different one now. I've been using this one for 6+ years.",1,0,2025-12-28 10:49:46,98c287fc-d14a-4b2e-bc2a-287d5c78fa24,4.578198,"5,000,000+"
Co-Star,com.costarastrology,insights for those going into blind spots,5,0,2025-12-27 19:05:30,035ee383-ac74-4994-afc8-484c8ad8de9d,4.578198,"5,000,000+"
Co-Star,com.costarastrology,"ive loved this app for years. but after going to read my daily horoscope, my device started nonstop vibrating, while a weird map started zooming in. closed the app as fast as possible. i dont feel safe using it now. hackers have control of it now..",2,0,2025-12-27 17:11:50,add3dd9d-914e-4ed2-8246-4c12857bfd10,4.578198,"5,000,000+"
Co-Star,com.costarastrology,"is called the Barnum Effect, also known as the Forer Effect, where vague descriptions (like ""You can be insecure at times but also very confident"") feel personalized and profound, making people believe horoscopes are specific to them when they apply to nearly everyone.",2,0,2025-12-27 04:49:35,11fde270-0956-4fa7-908e-6bdbf03cffe5,4.578198,"5,000,000+"
Co-Star,com.costarastrology,this app is awesome I wish all the info were free but even if you cannot afford extras in your budget it's still worth keeping in your phone just for the free sections.ots is exceptionally accurate and runs smoothly and no glitches or freeze ups of any kind,4,2,2025-12-26 03:59:52,9674380a-e293-42bd-9245-79013a25cdab,4.578198,"5,000,000+"
Co-Star,com.costarastrology,defiantly intresting,5,0,2025-12-26 00:55:24,8053baf2-735d-416b-b5df-ca48bbc51f60,4.578198,"5,000,000+"
Co-Star,com.costarastrology,"(5 aspects in Scorpio) Scorpios beware~ like most astrological databases, costar shares the ""must continually take pot shots at Scorpio, while aggrandizing other signs"" because its just the thing to do. I appreciate the random philosophical insights, but the continual accusatory language, throwing every rough assumption, followed up with saccarine, is just confusing. To the devs: I am so very sorry Scorpios got the better of you. Please address.",3,0,2025-12-24 23:15:48,7e5efa8b-7daa-4472-8892-6c67c9f57bd1,4.578198,"5,000,000+"
Co-Star,com.costarastrology,eh. idk dude,3,0,2025-12-23 05:20:44,a5653739-c8d5-458d-9dd9-cb88b7e080d7,4.578198,"5,000,000+"
Co-Star,com.costarastrology,this has been an experience for sure and with co-star I get a little more than surface insight into it,5,0,2025-12-23 05:10:42,ea4a5893-cbf3-4917-80b3-a4626fc0d314,4.578198,"5,000,000+"
Co-Star,com.costarastrology,"deleted the app because they kept doing this zoom out effect that you can't exit out of or skip, this effect is not cool for people with motion effect issues and not accesible/inclusive",1,1,2025-12-22 22:05:32,521c697e-05cc-4966-ba7f-b5f4a50b74a7,4.578198,"5,000,000+"
Co-Star,com.costarastrology,they can't even predict your perfect ascendant sign in 1st house . such a poor and hillarious prediction. don't trust this app very poor performance . even they can't predict your true sun and moon zodiac sign . wasted my time and data to install it .,1,3,2025-12-22 10:17:14,0ea64086-6a30-47a4-82a0-8ef085c3e53a,4.578198,"5,000,000+"
Co-Star,com.costarastrology,asked for phone number or facebook during sign up with no options for a private experience,1,2,2025-12-22 08:34:48,7acd1783-eac0-4c85-8742-0dd38f14146d,4.578198,"5,000,000+"
Co-Star,com.costarastrology,"ohhh it WAS great.... until i got me a new phone and trying to sign in there, not way to do it, the app did not find my account, customer service did NOT A THING! and I had been missing 3 plus months of insights.... and I paid a year subscription!!!! ughhhhhhh",1,0,2025-12-20 12:39:25,85085f14-5976-4b40-9025-dc86205c273c,4.578198,"5,000,000+"
Co-Star,com.costarastrology,I get read like a book almost every time.,5,0,2025-12-20 12:28:14,ed43cce6-50e1-4ef1-9fb4-244aae322d8f,4.578198,"5,000,000+"
Co-Star,com.costarastrology,"not sure why this is rated well, its just one giant paywall",1,1,2025-12-19 21:25:25,5ccd0ee6-a2b7-48f6-ab1c-1cce73104bc6,4.578198,"5,000,000+"
Co-Star,com.costarastrology,I really loved this app and am thankful to have found some of my favorite astrologers I found via this app! unfortunately I am having difficulty logging in now that I have a new phone.,3,0,2025-12-19 16:13:46,59d66d79-bd74-4bfb-8640-d1aae8fc9baf,4.578198,"5,000,000+"
Co-Star,com.costarastrology,"Definitely not accurate, and a bit negative and depressing most of the time. Goodbye co-star, I am happier without you in my life!",3,0,2025-12-19 02:00:12,3cf8eba4-b2e8-441e-82b1-b300d1a469bf,4.578198,"5,000,000+"
Co-Star,com.costarastrology,"Love ! Co-Star is like my daily dose of astrological therapy , I was an android user ally life and did notice subtle differences for iPhone users , not the biggest deal for me. anyway, as of the last two months, the app layout keeps changing on the iPhone that I own . I still use my android as well, I compared the differences, and sometimes even the Info isn't the same, but it's my account and the same house. I subscribe to pro, and the pro on my iPhone gives me more stuff than my android.",4,5,2025-12-17 23:43:25,78ab47d7-70a1-4a98-819b-e0593f3658f1,4.578198,"5,000,000+"
Co-Star,com.costarastrology,is the void option ai 🫩,4,0,2025-12-16 16:24:30,efde2aac-fc24-44a9-b5f1-ccbd274265a7,4.578198,"5,000,000+"
Co-Star,com.costarastrology,love this app,5,0,2025-12-16 13:46:38,d146ca2d-22b3-4d0f-8e89-d725c8c43979,4.578198,"5,000,000+"
Co-Star,com.costarastrology,Uncannily accurate & better than a therapist,5,0,2025-12-16 08:54:37,7436a990-8d44-44f7-9942-42a955f2a06a,4.578198,"5,000,000+"
Co-Star,com.costarastrology,"This app is SOO NOT worth it!!! It's just another one of those typical money traps. I got a relationship analyst, from a FREE website, and that is one of those aspects in my chart, I wanted to learn about most, and ofc, it was locked behind a pay wall, on this app....Secondly, I have to use my phone number or Facebook to sign in, which I personally find inconvenient, and weird. Not my favorite. And third, idkw we can't access some of these features, on the web. There's DEFINITELY better....",2,10,2025-12-15 21:26:15,251d6621-44ca-4254-b0d0-abf4695d0d90,4.578198,"5,000,000+"
Co-Star,com.costarastrology,app uses random AI garbage and the original creators have admitted to messing with people on purpose using rude prompts,1,1,2025-12-15 21:02:03,3211a5ef-3291-4116-b8ea-c251bb69f47f,4.578198,"5,000,000+"
Co-Star,com.costarastrology,"extremely vague and will give you conflicting information as a way to be more vague in attempt to not be ""entirely off the mark"". Also don't bother ""sending their future self a note"" they will not receive it. I've been sent notes that were never shown to me.",2,4,2025-12-14 07:16:25,26f943a5-dc82-4e49-878a-2dd0c6287fdd,4.578198,"5,000,000+"
Co-Star,com.costarastrology,"Yeah, I don't think there's any meaning behind this whole numerology thing. I've got ""You've worked so hard to arrive exactly where you are now. Enjoy it."" during an awful morning, and was like, ""thanks, perhaps I really do deserve to keep suffering right where I am"". A nice UI design, though.",5,7,2025-12-11 14:59:47,e10bac06-db43-401d-ba78-2b7db36a4b2d,4.578198,"5,000,000+"
Co-Star,com.costarastrology,"keeps crashing when I ask questions in the void, then I have to refresh the app and I lose one of the 25 questions I paid for, but never get the answer...!",4,0,2025-12-11 04:11:15,345eefea-9ff4-4b50-9c0b-02c07c32ebc7,4.578198,"5,000,000+"
Co-Star,com.costarastrology,I love this app its so accurate,5,0,2025-12-11 01:28:51,8e299677-55ff-4d9c-a8bd-3f69733a9bf9,4.578198,"5,000,000+"
Co-Star,com.costarastrology,1 star until dark theme for android,1,0,2025-12-10 20:03:15,7f907b0b-ab9c-4b6b-8803-900b729ffac3,4.578198,"5,000,000+"
Co-Star,com.costarastrology,My rising sign is wrong and I'm not sure how to change it to the appropriate one even when changing the time zone,3,1,2025-12-10 18:01:35,4f2b7b3e-a1a5-453e-b1f9-aeea96eab83b,4.578198,"5,000,000+"
Co-Star,com.costarastrology,Addictive and not in a good way. The questions in the void trick you into paying small sums that add up to a considerable amounts. Bad for your self worth and promotes dependence!,1,1,2025-12-09 23:57:34,98ba7af9-197d-4005-abac-08140fdf2d26,4.578198,"5,000,000+"
Co-Star,com.costarastrology,AI generated garbage.,1,1,2025-12-08 18:52:15,0b75c4b6-0d1a-4eca-9b73-40538211972e,4.578198,"5,000,000+"
Co-Star,com.costarastrology,Unauthorized payment! Another app that makes you think it's free until you get an email that they automatically charged you. Shame on you and Google. I'm done playing with apps. Opening another dispute to reimburse me my money.,1,0,2025-12-08 07:46:40,9c91cc78-209e-48ff-85e4-1a2710646f11,4.578198,"5,000,000+"
Co-Star,com.costarastrology,"So accurate, and amazing",5,0,2025-12-07 10:35:47,77d8de24-15eb-4dec-a892-7d82e64cffa2,4.578198,"5,000,000+"
Co-Star,com.costarastrology,"love this app, by far thee best one out there with the most free and well-researched content I've ever come upon (& I've downloaded MANY such apps lol)",5,0,2025-12-07 09:51:20,1d795b8d-7211-4847-bbf0-f42244c3036a,4.578198,"5,000,000+"
Co-Star,com.costarastrology,Love this app,5,0,2025-12-07 03:37:27,79396fdd-dcc1-4f89-bc50-db34f2e792fa,4.578198,"5,000,000+"
Co-Star,com.costarastrology,pretty ahmayzing,5,0,2025-12-06 23:56:59,31dc3294-9902-47eb-996d-13273eb4af18,4.578198,"5,000,000+"
Co-Star,com.costarastrology,update: app would be great if not for the obscene price - I'll stick with Astromatrix. the co-star Instagram page is definitely worth stalking tho!,2,0,2025-12-05 04:44:58,95b1aaca-4bb0-447d-9bad-5ce0d0e12d8d,4.578198,"5,000,000+"
Co-Star,com.costarastrology,why can I use the widget feature anymore. i did really like that feature. please look inti it..,4,0,2025-12-04 03:45:41,2a91f5a5-54e1-46bc-bede-3c4cbacb72f4,4.578198,"5,000,000+"
Co-Star,com.costarastrology,I keep trying to switch this to the full house system but the option won't take. 12/03/2025 Update: trying the app again. this error has been corrected :),5,1,2025-12-04 02:39:17,86227186-e0b3-4de2-9664-f5d1077cdc11,4.578198,"5,000,000+"
Co-Star,com.costarastrology,"I will add a star if it renews the your relationship analysis"" part",4,0,2025-12-03 08:45:53,8e6abeb4-cf62-4b1d-9848-8c57afd639c0,4.578198,"5,000,000+"
Co-Star,com.costarastrology,This app is awful. it sends super negative messages to each user and the creator admitted to trolling users who use the app with negative messages. Best to delete this app and find something better.,1,0,2025-12-01 19:23:52,4dac1851-73d0-46d0-9f99-36f66853a8b5,4.578198,"5,000,000+"
Co-Star,com.costarastrology,I love Co Star. check it daily . It has helped to explain why things are the way they are. Give it a try.,5,0,2025-11-30 09:16:03,baca35c9-ba6d-456a-84cd-63a7c6fd9535,4.578198,"5,000,000+"
Co-Star,com.costarastrology,love the personal aspect the sarcasm and light humor is refreshing,5,0,2025-11-29 07:07:40,a73cdf89-021c-4e77-adf6-6e03e1d9eb17,4.578198,"5,000,000+"
Co-Star,com.costarastrology,"uses AI, what a lazy dev team. If they really cared about Astrology, they'd hire more humans instead of using a cold, unfeeling AI bot to read your chart. Do you really want your natal chart as data for AI to train off of? Go learn to read and calculate on your own, trust me. It'll be much more fun and personal for you.",1,0,2025-11-28 12:54:19,79eb7346-a445-411b-a69d-849ab6577337,4.578198,"5,000,000+"
Co-Star,com.costarastrology,"I love this app 🤞🏾 Its like no other. very descriptive, honest, and they know their stuff. Always on point. Ive already recommended Co-Star to everyone in my contacts so we all can be shared in the friends list 😀 Love it",5,0,2025-11-27 22:32:35,fe2f4924-0954-4708-ae5d-27d5b92e7760,4.578198,"5,000,000+"
Co-Star,com.costarastrology,wish there was more free parts to the readings.,4,1,2025-11-26 04:30:30,ead53fed-98f3-402c-a563-ccac673a09fa,4.578198,"5,000,000+"
Co-Star,com.costarastrology,we were upset about having to buy everything that we wanted to look for,3,1,2025-11-25 00:11:51,378bfb7a-1c4f-41a4-b181-7fdcaf860090,4.578198,"5,000,000+"
Co-Star,com.costarastrology,"this was a 5 star review until the ""Nov 22nd 2025"" update made the app crash repeatedly",3,0,2025-11-24 19:33:55,959bbc44-aa1a-42e6-9bf1-78ff09468381,4.578198,"5,000,000+"
Co-Star,com.costarastrology,No features compared to it on apple phones. What is the point of having this on Android if it has barely half the features? Useless.,1,1,2025-11-24 05:03:22,56049dfc-f5ef-4b22-962d-708efc8b8108,4.578198,"5,000,000+"
Co-Star,com.costarastrology,I'll change this rating once it's fixed but the update broke the app and it won't stop crashing :(,1,0,2025-11-24 03:09:25,bef638b2-e94f-4955-9635-454e112df41b,4.578198,"5,000,000+"
Co-Star,com.costarastrology,I loved Co Star before the recent update. now it lags so badly or keeps crashing. this is terrible!!,3,4,2025-11-24 00:58:01,717b5804-36ae-483f-8115-5a62d0267c0b,4.578198,"5,000,000+"
Co-Star,com.costarastrology,"horrible app, its clearly just ragebaiting me. i have tried making a new account literally 5 times already and it keeps saying om a rising Taurus after i finish making an account even tho it showed that im a rising gemini initially. PLEASE FIX THIS ISSUE",1,2,2025-11-23 23:01:30,fb230df8-fdde-40f8-aee5-0fcadefcbd5a,4.578198,"5,000,000+"
Co-Star,com.costarastrology,This is One of my favorites!,5,0,2025-11-23 04:38:56,752ee034-d6ae-47b2-b99c-9578cc81f241,4.578198,"5,000,000+"
Co-Star,com.costarastrology,"this is a weird astrology app, tree hugging weird. asks for a million questions before access too",1,0,2025-11-23 02:02:33,ef37b356-e86f-4c5b-9fb8-9a125b186a82,4.578198,"5,000,000+"
Co-Star,com.costarastrology,"Totally wrong Ascendant and Moon Sign predictions are based on sun sign , moon sign and ascendant. what if you get 2/3 wrong always. obviously predictions haywire. i suggest everyone to look at other apps too reconfirm if your Sun, moon and Asc are right as to what this app fetches.",1,0,2025-11-22 10:28:20,fdfed718-bb06-4e81-8085-ea1eb9d742ee,4.578198,"5,000,000+"
Co-Star,com.costarastrology,I love this app. It is by far the most accurate to me.,5,0,2025-11-22 08:32:00,c01b4ff9-53d8-461f-a0cd-4c8d7d1ade9a,4.578198,"5,000,000+"
Co-Star,com.costarastrology,"This app is great for teens that want to know some answers for simple questions. But if you need deep astrology chart,this app is not the one.",2,0,2025-11-22 01:15:20,1e878803-e269-4448-b4c7-2b35f1485281,4.578198,"5,000,000+"
Co-Star,com.costarastrology,"app is very smooth and its fun to read the daily readings and whatnot, just wish theyd implement a dark mode on android already, the light mode hurts my eyes so much",4,3,2025-11-22 00:22:08,10a0093f-cea2-4ed1-b1fe-0f8c967e1e0b,4.578198,"5,000,000+"
Co-Star,com.costarastrology,🫵👃👍🤝lawsome thank yous,5,0,2025-11-21 03:43:44,493ec67e-3717-40d1-b173-ee4c56135faf,4.578198,"5,000,000+"
Co-Star,com.costarastrology,Love this app!!!!,5,0,2025-11-18 07:06:55,48146477-62b1-4f2b-a00d-3f07ecef6e44,4.578198,"5,000,000+"
Co-Star,com.costarastrology,"issue with sending messages is being improved, i sent a gmail",3,0,2025-11-17 21:50:32,6345386f-34bd-40e0-9542-bbedd23324ae,4.578198,"5,000,000+"
Co-Star,com.costarastrology,"Can't even create an account, when I enter all info, I just get a black screen. Tried reinstalling, tried closing the app and deleting cache, nothing works. Samsung Galaxy S23 Ultra",1,1,2025-11-16 18:13:17,11f7c73c-2ea1-4f99-9321-1ee88ba790cb,4.578198,"5,000,000+"
Co-Star,com.costarastrology,I'd rate 5 stars but it doesn't give me the option of dark mode for Android. I'll change my rating once it's fixed.,4,2,2025-11-16 08:47:48,1f634cb6-65d7-4fe7-8efc-157c60caa490,4.578198,"5,000,000+"
Co-Star,com.costarastrology,where is dark mode?,3,0,2025-11-16 01:16:33,1e38b168-eb7a-48a7-b13b-518424598ffa,4.578198,"5,000,000+"
Co-Star,com.costarastrology,absolutely love this app,5,0,2025-11-15 22:19:22,202363e6-c8b1-42c2-a099-f5272f48ba35,4.578198,"5,000,000+"
Co-Star,com.costarastrology,used to be good now they want you to pay for everything uninstall it not worth it there's many free websites to get the same information on there's nothing special about costar besides the fact that you can connect with friends on it,2,0,2025-11-14 14:01:31,c51b6fb0-9369-477d-b386-23d0c673ffbe,4.578198,"5,000,000+"
Co-Star,com.costarastrology,wish the ai questioning. was more accessable in free mode. like a weekly allowance to use it,3,0,2025-11-13 04:30:03,cac57b2f-903b-4456-a7d4-fcb5483eeaf0,4.578198,"5,000,000+"
Co-Star,com.costarastrology,surprisingly on point more often than not.,4,0,2025-11-11 08:48:39,e4579d3d-3a4e-4637-8430-4bd55b121f8a,4.578198,"5,000,000+"
Co-Star,com.costarastrology,This is by far the best astrology app I've ever had. It's very accurate. I'm very impressed with it.,5,0,2025-11-11 08:16:51,0bd40669-7f55-48f5-9777-b3c3185f4ae4,4.578198,"5,000,000+"
Co-Star,com.costarastrology,"great app. I love it, but the ""widget"" on Android Samsung A53 5G doesn't live update anymore on my front screen",5,0,2025-11-09 03:46:58,622297aa-0530-4e3c-b6a4-59bb71d32b99,4.578198,"5,000,000+"
Co-Star,com.costarastrology,It wont completely open the delete my account link. Nor will FAQ open.,1,0,2025-11-04 16:48:37,8ddf5699-087d-4de2-a65a-ba2ece4e5b1b,4.578198,"5,000,000+"
Co-Star,com.costarastrology,"generally like it, except a lot of the short descriptions for the day are super negative and can bum out your whole outlook. really dislike that.",3,0,2025-11-03 22:55:54,5b7b7834-e11f-4309-ae03-362ec4ab1191,4.578198,"5,000,000+"
Co-Star,com.costarastrology,gave the wrong time. SMHing my head rn,1,0,2025-11-02 08:34:59,f936898f-b836-47db-b72d-c78f000528c0,4.578198,"5,000,000+"
Co-Star,com.costarastrology,the app is fun. and it would be funnier if you can put you're already in a relationship so you don't get single advice so much lol,4,1,2025-10-31 00:21:01,f6253cb5-dadd-4308-abf3-610d89e8ab22,4.578198,"5,000,000+"
Co-Star,com.costarastrology,"Overall, OK. I primarily use it for the widget, but it hasn't been working in months! Please fix it!",1,2,2025-10-30 19:22:35,d6a0da93-0eae-4cc2-a408-3d376c4efd60,4.578198,"5,000,000+"
Co-Star,com.costarastrology,Freaky accurate,5,0,2025-10-29 00:04:45,aea2736c-2fa2-4187-946b-9610d7578b10,4.578198,"5,000,000+"
Co-Star,com.costarastrology,"This app supposed has no permissions to view my contacts, messages, camera or microphone, however it's algorithm follows which people I'm most close with and frequently in contact with. I used to love this app but now that its full of micro transactions and large language models, I'm uninstalling.",1,4,2025-10-28 16:41:31,2fcc05e8-57f3-4867-b265-ef9c253200d9,4.578198,"5,000,000+"
Co-Star,com.costarastrology,Requires your email address to setup.,1,0,2025-10-28 05:20:24,2d4913d0-aac9-426b-8b08-c19ea5e5e569,4.578198,"5,000,000+"
Co-Star,com.costarastrology,can't get past the time of my birth,2,0,2025-10-26 18:32:00,76e135b0-6f39-402c-9971-d11272ea9784,4.578198,"5,000,000+"
Co-Star,com.costarastrology,top 🎩 notches,5,0,2025-10-25 06:36:21,144fdc7e-8561-4b81-8963-2dea9931d31a,4.578198,"5,000,000+"
Co-Star,com.costarastrology,"no dark theme, no suitable IOS like style layout",1,1,2025-10-22 16:00:38,62828a59-7894-4e3e-84bf-5e041e0caaa4,4.578198,"5,000,000+"
Co-Star,com.costarastrology,idk wut that one comment said its 90% free. its not a lot of it is behind a paywall so theres that. seems cool. just wish it wasnt freemium,3,1,2025-10-21 02:56:10,e8ec9876-9964-4372-a93b-6e36361b5992,4.578198,"5,000,000+"
Co-Star,com.costarastrology,Kept crashing and wouldn't even allow me to create an account. Tried using FB first and then my phone number. Absolutely rubbish. Makes me wonder about the app's security. I'll revoke my FB access for it. Would not recommend this app at all. Never had this happen with any other app and my phone isn't even 1 year old.,1,1,2025-10-20 21:13:06,6d117905-4813-46f2-a6fd-49f0a5e623d2,4.578198,"5,000,000+"
Co-Star,com.costarastrology,could have easily use email for login. instead forcing us to share mobile number.,2,0,2025-10-20 21:09:10,c55236a4-0012-4304-8118-b45f999c785f,4.578198,"5,000,000+"
Co-Star,com.costarastrology,"i'm trying to create an account, but when i click the arrow button on the ""set a password screen"" nothing happens. I've already uninstalled the app, restarted the phone, clenaned cache memory and nothing works.",1,2,2025-10-20 19:44:43,d7d362b3-5d55-497e-8249-3ae727812842,4.578198,"5,000,000+"
Co-Star,com.costarastrology,Love this app. I am a huge believer in astrology and reading horoscope's. I read mine every morning to give me a sense of what my day is going to be like. So far everyday has been on point. I would definitely recommend this to anyone who wants a horoscope that actually is right. I love it I'd give ten stars if I could.,5,1,2025-10-20 19:31:57,2da5adc9-1751-49fd-927e-c28887096292,4.578198,"5,000,000+"
Co-Star,com.costarastrology,"the usage of AI greatly disappoints me. I prefer my charts to be read by humans and ONLY by humans. AI does not have a zodiac sign, nor a natal chart they were birthed under, so how could I trust what they say if it has no true personal understanding of Astrology? Remove the AI, hire more humans. Have more dignity.",1,0,2025-10-18 20:04:39,ae9575a4-6977-47c1-ac37-669559393ebf,4.578198,"5,000,000+"
Co-Star,com.costarastrology,"I like the app, just don't understand why when I added a friend. Why does the app portray us as lovers?",3,0,2025-10-17 09:34:59,0374ee50-e2fd-4ec9-81e0-b7065f24b6e2,4.578198,"5,000,000+"
Co-Star,com.costarastrology,fun app. be better if dark mode worked for android.,4,0,2025-10-16 14:10:51,28260f9a-d723-42d5-8fb3-51a9c25e0cc8,4.578198,"5,000,000+"
Co-Star,com.costarastrology,why is my interface different?,3,0,2025-10-16 09:44:58,8e7f4616-afaf-4db5-afd6-009ca28ecb85,4.578198,"5,000,000+"
Co-Star,com.costarastrology,knowledge is power .. this is my power supply!,5,0,2025-10-16 00:03:15,2fe7dbbb-6ff7-42e8-82f3-6bbf00678dc3,4.578198,"5,000,000+"
Co-Star,com.costarastrology,eerily accurate,5,0,2025-10-14 22:24:21,8f4a7dec-7df1-4c10-919a-88465d3e4771,4.578198,"5,000,000+"
Co-Star,com.costarastrology,My ALL TIME favorite astrological app! Both hands downnnnn!!!!,5,0,2025-10-14 03:53:33,926798e7-371b-403d-8d93-a313f59f0008,4.578198,"5,000,000+"
Co-Star,com.costarastrology,very accurate!,5,0,2025-10-14 01:59:29,0be57ce5-d539-420e-b0ce-a23a4e48540e,4.578198,"5,000,000+"
Co-Star,com.costarastrology,extremely detailed and can at times be scary accurate. best Astrology app Ivr found.,5,2,2025-10-14 00:43:23,2dc830a2-dae7-4579-a673-f96a7779922e,4.578198,"5,000,000+"
Co-Star,com.costarastrology,"Way to accurate, way to often😅",5,0,2025-10-13 23:07:50,3d776219-ce6c-488e-8f3d-6bc34d83bf48,4.578198,"5,000,000+"
Co-Star,com.costarastrology,too accurate,5,0,2025-10-13 15:16:03,b2a8ae8e-c61b-41c3-bfca-bc82c3b82c7b,4.578198,"5,000,000+"
Co-Star,com.costarastrology,lovvv it..💖,5,0,2025-10-13 09:22:33,dc10ff1e-4771-4982-beeb-54755e8f44f9,4.578198,"5,000,000+"
Co-Star,com.costarastrology,"I've enjoyed the cute and empowering daily messages. However, the ""brutal honesty"" in readings can evoke negativity and seeds of doubt in personal progress. Deleted because I do not need an app telling me, ""[I] fear looking inwards,"" etc. Apps like these profit from fear mongering and mental ""progression,"" pulling random overgeneralised strings of words together that'll coincide with whatever you have going on in life to make the message seem precise and targeted.",2,1,2025-10-13 03:57:42,ee09093b-2975-463f-a982-5eb692c6633d,4.578198,"5,000,000+"
Co-Star,com.costarastrology,not meant for just yourself. it's actually kinda boring if you don't have a friend to compare things with. the plain graphics make it seam outdated.,3,2,2025-10-12 08:16:34,2f6e2c19-31ef-4251-a1fb-790ba0ee0f94,4.578198,"5,000,000+"
Co-Star,com.costarastrology,I purchased a relationship report with my crush and it's not showing in my purchased readings ..,1,0,2025-10-12 04:10:48,e4267792-da97-4c63-af41-64b11b5ef16d,4.578198,"5,000,000+"
Co-Star,com.costarastrology,rubbish. would not recognise the town/hospital I was born so what's the point of i can't even get passed that question.,1,2,2025-10-12 00:12:03,21c31ca9-d708-49c5-8e41-081d1f5ac91a,4.578198,"5,000,000+"
Co-Star,com.costarastrology,"this app is more than just a ""horoscope"". it's a guide that is not only extremely accurate and helpful but uses explanations of planet and star alignment in relation to what it says for each day. I LOVE this app and check it every single day. 🙏🏻🥹❤️✨ thank you co star",5,0,2025-10-11 12:26:20,b6e0024c-2e23-47d5-8b9e-0c03070ffa6c,4.578198,"5,000,000+"
Co-Star,com.costarastrology,free to humor oneself w/ little insights from co star.,3,0,2025-10-11 02:53:13,cf53134d-3875-4110-b310-4be8d3668823,4.578198,"5,000,000+"
Co-Star,com.costarastrology,The only app I believe in to use as a tool/guide,5,0,2025-10-10 22:44:52,80e631e0-3b34-46a9-ae8b-460db28fe4c9,4.578198,"5,000,000+"
Co-Star,com.costarastrology,"I've had it for years , I find the prompts really Fun and thought provoking.",4,0,2025-10-10 22:35:55,9a897ddb-acd5-4ad9-9dfe-46ce8798418e,4.578198,"5,000,000+"
Co-Star,com.costarastrology,I honestly convince everyone around me to set up an account 😂,5,0,2025-10-10 22:26:58,eb3bc83a-20f2-48a3-a3a2-c745c10d0a68,4.578198,"5,000,000+"
Co-Star,com.costarastrology,this app is my favorite but why I can't screen shot anymore? it says the app does not allow screen shot ? what is the reason? I used to screen shot it and read it again everytime I needed but this update makes me sad that I can't screenshot Please fix this issue,3,0,2025-10-10 18:39:21,2b26a28d-e0f8-4c1b-bba4-a0f13e518004,4.578198,"5,000,000+"
Co-Star,com.costarastrology,This year has been a significant transformation for me and it's as if this app was made for me. It's in depth and has helped me feel seen.,5,0,2025-10-10 03:29:46,770379e9-bd96-436b-9ecf-5928e8e1b964,4.578198,"5,000,000+"
Co-Star,com.costarastrology,Incredibly in-depth and scarily accurate. This is an amazing tool for self-understanding even if you only have the free version :),5,0,2025-10-09 22:47:58,64b3dff8-36e2-4efb-a05b-a88a5df239a8,4.578198,"5,000,000+"
Co-Star,com.costarastrology,just love it,5,0,2025-10-09 10:49:05,4050e241-41ba-4560-8341-42e2d10007c4,4.578198,"5,000,000+"
Co-Star,com.costarastrology,can they fix the keyboard in the void section????,3,0,2025-10-09 06:09:03,2188942a-f94c-4371-9b09-780d43aa2414,4.578198,"5,000,000+"
Co-Star,com.costarastrology,"No dark mode, no way to change font size, and no high contrast mode. Also, the UI could be much improved.",1,6,2025-10-09 01:58:33,02b5e680-9096-422f-a1b6-77b5e480dcfb,4.578198,"5,000,000+"
Co-Star,com.costarastrology,"I took a subscription but unfortunately I lost the device and I'm unable to access the account from another device now. I have contacted them through mail and they keep sending some random emails which are useless. I can't believe I subscribed to this app and I'm not able to access it 😭. Can't help to hold back, but this app provides the worst customer service.",1,5,2025-10-08 18:12:17,df6352d8-26f0-49e4-9fc5-047814106534,4.578198,"5,000,000+"
Co-Star,com.costarastrology,"I wish more people knew about Co-star it's extremely accurate at time s it's scary, just pay attention.",5,0,2025-10-08 10:55:09,939fd46c-def7-4eac-a50b-3ee09484f473,4.578198,"5,000,000+"
Co-Star,com.costarastrology,"amazing, i love it",5,0,2025-10-08 03:36:13,3036b864-ab97-4a60-a7a3-685e42fe8e26,4.578198,"5,000,000+"
Co-Star,com.costarastrology,"Like a concise therapy session. Been a happy user for several years and this app ""gets"" me. Even if you don't believe in astrology, the pearls of wisdom can calm, center and galvanize. Like a good friend, this app builds me up or calls me on my b.s. when I need it -- ""you have a tendency to play dumb when you're nervous. Don't be afraid to strike out and try new things,"" it said today as I'm reviewing the job description of (what could be) a promotion for me in my agency. Love this app!",5,3,2025-10-07 23:35:16,632d88cc-3e1c-4270-a96d-82cbc26d8df9,4.578198,"5,000,000+"
Co-Star,com.costarastrology,"No dark mode. Would give 0 stars if I could for this reason. The iOS version has dark mode, so this is even more egregious.",1,3,2025-10-07 22:21:11,72ac3ecb-e97c-4b27-b1e0-58ccf25ffb1e,4.578198,"5,000,000+"
Co-Star,com.costarastrology,It is scary true.,5,0,2025-10-07 16:18:06,8f493f90-cb7e-4487-8733-124742cd18ad,4.578198,"5,000,000+"
Co-Star,com.costarastrology,the most shallow astrology app there is making you think if you'll pay more it'll go deeper but no. you guys are disgusting. the creator admitted to intentionally messing around with people as well through the app. this app should be taken out of the store,1,1,2025-10-07 06:32:20,2e3e03b1-8997-4bbc-89eb-f37901cb8663,4.578198,"5,000,000+"
Co-Star,com.costarastrology,"I like this app it's only the first day so I'll see after a month, but I find it annoying that when I go read things there's a charge if I have the subscription I figured it would be full access or else what even is the point.",4,2,2025-10-07 05:49:46,9e08e76d-61ec-471e-a452-c98cead70004,4.578198,"5,000,000+"
Co-Star,com.costarastrology,I love this app... I just don't like that it took 2 of my void questions without giving a response... Is there a way that I can get them back?,4,1,2025-10-05 18:49:00,6c107560-b531-4181-ade7-46ce044fa7c2,4.578198,"5,000,000+"
Co-Star,com.costarastrology,"SO unbelievably accurate and almost uncomfortably intuitive daily advice. Although it would be much less confusing and very helpful to have a dedicated account management area in the app to view or update information, add/delete/manage friends etc. otherwise overall A FANTASTIC EERILY ACCURATE AND VERY USEFUL ADVICE PRODUCING APPLICATION! I can't go more than 1 or 2 days without using it! Excellent job DEVS! (although the premo price is high) and relationship report links don't work",4,1,2025-10-05 11:32:35,9d18bccc-2b34-43ab-8c35-c5b1931780e8,4.578198,"5,000,000+"
Co-Star,com.costarastrology,"This stupid app is ruining my life. Every single day my boyfriend looks at this stupid AI generated app and thinks there's merit to what it says. He will pick fights with me and Justify it by this app. today he's been fighting with me, told me I was selfish and treat him badly and then showed me this stupid app that essentially said ""you've put up with being treated badly for too long. Speak up and stand your ground"" cool. thanks co-star.",1,3,2025-10-05 09:22:23,a80f436a-a487-4364-993e-fd6adf868903,4.578198,"5,000,000+"
Co-Star,com.costarastrology,very true in predictions and guidance,5,0,2025-10-05 03:02:49,0cd21d30-22bd-444b-8907-14bf4ab70f3b,4.578198,"5,000,000+"
Co-Star,com.costarastrology,"I love this app, it's so honest",5,0,2025-10-04 14:43:45,1c37a790-8320-490e-8af1-57c7a3a53081,4.578198,"5,000,000+"
Co-Star,com.costarastrology,absolutely adore this app and use it every day,5,0,2025-10-04 13:28:39,b2a9770d-3d75-487b-b609-dec870618b0c,4.578198,"5,000,000+"
Co-Star,com.costarastrology,"Whenever I get messages from my partner they always glitch out and I am never able to click on them in the app. I can sometimes see the notification. But not always. update 7 months later, -1 star, I just dont get the delayed messages at all anymore. apps busted",1,4,2025-10-03 17:31:51,e0910e56-8ee7-44ba-9d13-a6af83a74fa5,4.578198,"5,000,000+"
Co-Star,com.costarastrology,good experience,5,0,2025-10-02 13:39:03,ee1fad3a-917e-410f-9fd6-616d66b040a4,4.578198,"5,000,000+"
Co-Star,com.costarastrology,"I like this app a lot, but there's an issue lately where I go to type a question for the void, and it doesn't let me see what I'm typing. like the field where you type stays behind my phone's keyboard as I'm typing, so I have to hit the back button and exit out of my keyboard to review and make sure everything makes sense (since I can't see what I'm typing)...",4,18,2025-10-02 03:25:35,3c7691e2-3eee-47db-8a54-f9a898c4f1e6,4.578198,"5,000,000+"
Co-Star,com.costarastrology,"Sometimes, it's a little eerie how accurate it is.😯 I practically begged my husband to tell me what this app's name was 🤣 I definitely recommend it. Signing up is pretty easy. It walks you through the beginning when you set up a new account with the app. I really appreciate that it asked for one thing at a time, because I am dyslexic. It's also fairly easy to read and not lose my place and have to reread. I immediately recommended the app to a friend who doesn't have it.",5,8,2025-10-01 15:30:18,165862df-1c6d-4052-b833-9dc17cd29e27,4.578198,"5,000,000+"
Co-Star,com.costarastrology,can go through but don't swallow.. nice job .. thanks..,4,0,2025-10-01 12:28:15,9bd7364a-4c81-4ad6-adbc-e66ff1976055,4.578198,"5,000,000+"
Co-Star,com.costarastrology,incredibly insightful and surprisingly attuned,5,0,2025-10-01 09:02:04,cb2a6dd3-7790-4e2b-bd3b-0ebc97078ba0,4.578198,"5,000,000+"
Co-Star,com.costarastrology,I love how in depth most of the readings are! they hit home 4 sure!,5,0,2025-10-01 00:37:32,a08ee2df-6bde-49e5-83f0-42b848be0200,4.578198,"5,000,000+"
Co-Star,com.costarastrology,it's good but let's get a dark theme. it's astrology - it's practically an essential theme. and it's good for people with retinal or vision issues.,3,1,2025-09-30 09:44:41,8a6683b8-6530-4402-b3ed-abb9eda4cafa,4.578198,"5,000,000+"
Co-Star,com.costarastrology,"they changed login method from email to mobile phone number. a)it doesn't work, b) password recovery doesn't work - SMS never arrives probably because it doesn't associate phone number with the account, only email, c)now they have mobile number I expect to receive constant spam which is fine on email but not mobile. uninstalling which is a shame as it used to be very good",1,3,2025-09-29 22:45:52,77d8392a-08f8-42c1-99bd-9d59bd966dd9,4.578198,"5,000,000+"
Co-Star,com.costarastrology,"very accurate and free natal chart. good daily Hscope, even if you don't 💯 believe, it's fun and hopefully starts your day with some positive self reflection.",5,0,2025-09-29 18:11:55,684a6478-8b19-44ff-b618-32ce589ecf84,4.578198,"5,000,000+"
Co-Star,com.costarastrology,nice but now many features are behind a paywall... used to be great,3,0,2025-09-29 09:14:59,42c1a34f-dc71-460b-b419-da8010de4b36,4.578198,"5,000,000+"
Co-Star,com.costarastrology,"This app plays mind games with you. The readings start out super positive by design, but later readings start trying to gaslight you into not trusting your own thoughts and intuition. Its design is meant to trap you mentally, becoming reliant on it for advice and freedom, so that you're more likely to spend money. They added a whole shop tab for a reason. Not to mention, it shipped me with my dad. Disgusting.",1,22,2025-09-28 01:36:58,929bc908-5a8c-425d-8a3c-c1ffc2619df3,4.578198,"5,000,000+"
Co-Star,com.costarastrology,Amazing app and so insightful. Mostly free for so much! Very nice layout and pretty aesthetics.,5,0,2025-09-27 18:42:06,6b805634-1a87-49a6-84d3-7bf9adfc3de5,4.578198,"5,000,000+"
Co-Star,com.costarastrology,Only getting going..but love it.,5,0,2025-09-27 01:49:16,f2cd8cbc-0f52-4376-8637-63de229fab99,4.578198,"5,000,000+"
Co-Star,com.costarastrology,WOW! This is probably the most accurate and honest app EVER love it!!!,5,0,2025-09-27 00:30:18,07c50fd0-b8e2-40c3-9a5c-5eb785fb0cfc,4.578198,"5,000,000+"
Co-Star,com.costarastrology,I've done my research on horoscopes and this is the best source for it,5,0,2025-09-26 23:49:00,cf1a1a25-9558-45aa-88a9-c98399575645,4.578198,"5,000,000+"
Co-Star,com.costarastrology,"I used to love this app, but now it's just weird and super negative. It literally just seems like insults. Deleting.",1,1,2025-09-26 22:24:37,4d52b21d-4551-4cb5-beab-d8f40059bb86,4.578198,"5,000,000+"
Co-Star,com.costarastrology,neat and interesting. I wish we could assign favorites so we always see them on the first page.,4,0,2025-09-26 06:17:57,914716ef-7f9a-4227-af90-c9e78b69e5f1,4.578198,"5,000,000+"
Co-Star,com.costarastrology,"UPDATE: Years passed but still this is the BEST 💗 Tried so many Astrology apps but I can say, tested and proven that the Co-Star is the BEST among the Rest. Hoping for continuous and better experience 💖",5,0,2025-09-26 06:03:36,95ea78db-af01-4497-8943-1a8600581f08,4.578198,"5,000,000+"
Co-Star,com.costarastrology,love this app. whether it's good positive motivation or calling me out in ways that I wasn't prepared for or aware of. this app is honestly like 96% always on point,5,0,2025-09-26 05:10:47,7dadb726-fdf4-4990-a46f-6d04e3df9e93,4.578198,"5,000,000+"
Co-Star,com.costarastrology,Amazing app overall,5,0,2025-09-25 15:16:12,aa68289c-3e68-4fb9-b04d-28178ccf262d,4.578198,"5,000,000+"
Co-Star,com.costarastrology,this made my kundli wrong,1,0,2025-09-25 08:07:27,cd3a9d86-1037-4884-8f30-bb4700e965c9,4.578198,"5,000,000+"
Co-Star,com.costarastrology,watch out. it's been compromised,1,0,2025-09-25 01:43:48,20b6345e-2da4-4662-8f27-7b8bd40dcf6f,4.578198,"5,000,000+"
Co-Star,com.costarastrology,insightful af,5,0,2025-09-24 11:27:34,b53b6820-b078-4a80-bb90-1fd219ce4a60,4.578198,"5,000,000+"
Co-Star,com.costarastrology,best . ever. birth charts . horoscopes. matches. 🌚🌞✨💯,5,0,2025-09-24 07:51:11,b6b7ec0a-414e-4a80-b546-4cd67d2f315c,4.578198,"5,000,000+"
Co-Star,com.costarastrology,"Fun, sassy, and brings a moment of snarc to your day. Well worth the dl",5,0,2025-09-24 00:16:21,97dbed69-6920-465c-aca0-519772583e93,4.578198,"5,000,000+"
Co-Star,com.costarastrology,always spot on. no matter how much time passes between looking further into things. (ie not using the app for X amount of time.),5,0,2025-09-23 18:19:19,e4385841-5d90-4903-9577-f6486cef0a85,4.578198,"5,000,000+"
Co-Star,com.costarastrology,The facts are fascinating on how spot on the truth is of myself.,5,0,2025-09-23 11:51:24,a52ef3f6-5c6b-4840-97db-89e903f0e5c0,4.578198,"5,000,000+"
Co-Star,com.costarastrology,it is weird how many of these have applied day to day and how accurately at that,5,0,2025-09-23 10:19:42,6fb55ff4-439c-4f1e-a4a4-5670f179d0c4,4.578198,"5,000,000+"
Co-Star,com.costarastrology,one of the best horoscope app that actually make sense of life and how im feeling about things,5,0,2025-09-23 07:17:49,e84a21ef-a2e6-406a-8cf6-8a1611fe6404,4.578198,"5,000,000+"
Co-Star,com.costarastrology,Pretty spot on every day,5,0,2025-09-23 00:38:35,cfbbf583-3d67-4ca8-8c8e-af555fdb70a1,4.578198,"5,000,000+"
Co-Star,com.costarastrology,It will be perfect if there are more other languages.,4,0,2025-09-22 22:17:12,5dd57f9a-3bc8-407d-bd06-1431fbe7cb0f,4.578198,"5,000,000+"
Co-Star,com.costarastrology,"A very negative app, it will tell you things to set you in the worst mood ever, even if you werent upset it will tell you that you will be, deleting it right away.",1,1,2025-09-22 18:05:27,16536f59-07e4-49d5-99cb-bb0f637df184,4.578198,"5,000,000+"
Co-Star,com.costarastrology,Widget hasn't worked in about 2 weeks.,1,0,2025-09-22 11:34:22,ee0320d0-e7e1-4c13-9a05-647174aee3a4,4.578198,"5,000,000+"
Co-Star,com.costarastrology,Ok update * Hella on point & I love the way they describe,4,1,2025-09-22 09:13:31,1b907c5b-edd8-47e8-84c6-a45b3874ec60,4.578198,"5,000,000+"
Co-Star,com.costarastrology,I loved it from the beginning. It has a vast amount of free content & it's constantly changing up and has variety and interaction with friends. it's a great tool for social interaction and also my totally free counselor day today! can't really say enough good things about this app 🩵💙🩶,5,0,2025-09-22 03:45:13,91d9dee4-0812-448b-b07d-f366515dc050,4.578198,"5,000,000+"
Co-Star,com.costarastrology,accurate all the time I just love reading this everyday,5,0,2025-09-22 00:12:17,f2585bb3-b3ed-4ec7-a7dc-001b19963721,4.578198,"5,000,000+"
Co-Star,com.costarastrology,I've been on this app before how do I change numbers to keep same profile with new number? also y'all some new vocabulary that is less vague would he an amazing upgrade.. other than that it's not perfect but nothing is.,4,0,2025-09-21 23:16:58,c57a2f84-ad76-49f2-bd43-b746cc832484,4.578198,"5,000,000+"
Co-Star,com.costarastrology,I like it...but I'm new here,5,0,2025-09-21 18:24:31,f5b85e07-14ef-44ca-a670-922f2d8aadd9,4.578198,"5,000,000+"
Co-Star,com.costarastrology,ABSOLUTELY incredible! It is so pinpoint accurate!!,5,0,2025-09-20 11:08:57,b1de3816-934b-423c-9a2b-c0a9bc393216,4.578198,"5,000,000+"
Co-Star,com.costarastrology,I've used this app for YEARS and recently got back in to checking it daily. I suffer from extreme paranoid delusions so imagine my shock and horror when I'm having a particularly bad day and my horoscope literally says that I should break up with my partner. I'm all for horoscope readings as guidance and introspection but it crosses a line to give specific instructions towards something so negative. no thanks.,2,1,2025-09-20 08:44:53,98a38f4e-9c66-46f3-8e4e-d79d49704fbb,4.578198,"5,000,000+"
Co-Star,com.costarastrology,The Android version is garbage compared the iOS version.,1,1,2025-09-20 04:56:01,433f2d3a-023c-4018-abd2-d33d2c4e10f4,4.578198,"5,000,000+"
Co-Star,com.costarastrology,"The simple wording of the daily horoscope as well as the one word do's and dont's are enough to check out this long established astrology media platform/ application. The extended features are behind a pay wall, and on the surface these features dont seem all that interesting to me although the theme of the void and romantic/some of the social aspects provided are intriguing. The overall esthetic is really nice, neutral colors and easily understandable 1-2 paragraph points of information,try it!",4,5,2025-09-19 21:07:51,1df292eb-be3f-4873-a74b-82a0e70a8244,4.578198,"5,000,000+"
Co-Star,com.costarastrology,I absolutely love the app but I am a paper kind of person and I'm trying to figure out how I can print my reports that I paid for,5,1,2025-09-19 15:59:36,e405bd98-7036-430b-afbc-3bc2313526dd,4.578198,"5,000,000+"
Co-Star,com.costarastrology,It seems accurate and form-fitting to my life,5,0,2025-09-19 11:56:28,91687bc1-9553-4036-b4f2-48d171ac6d41,4.578198,"5,000,000+"
Co-Star,com.costarastrology,It really knows who I am. It helps me self reflect and be flexible in my thinking.,5,1,2025-09-19 11:26:17,e9ceda79-1070-4509-b19c-e6209c80ec50,4.578198,"5,000,000+"
Co-Star,com.costarastrology,"I honestly need to live by this app, or just buy it 🤣",5,0,2025-09-18 14:54:22,90b80e0a-a749-49e8-8024-5c2f082b78a3,4.578198,"5,000,000+"
Co-Star,com.costarastrology,Best one out there.,5,0,2025-09-18 13:05:00,82f998dc-c0ac-4cb8-875f-135ce64fdf0f,4.578198,"5,000,000+"
Co-Star,com.costarastrology,amazingly accurate. mind blown,5,0,2025-09-18 11:31:07,4dc6a0e8-2599-4b12-af9e-7f0fd37162c0,4.578198,"5,000,000+"
Co-Star,com.costarastrology,Genuinely amazing and insightful app with very fun and enthralling features that keep me checking my updates every day :),5,0,2025-09-18 06:28:19,5274f7d0-b45d-4777-8e85-6ce8c269b869,4.578198,"5,000,000+"
Co-Star,com.costarastrology,Never been so astounded at how on-point an app can be in regards to situations and emotions that I go through on a daily basis.,5,0,2025-09-18 03:34:56,6360ce41-2f12-49ed-aef6-33bc0a9ca000,4.578198,"5,000,000+"
Co-Star,com.costarastrology,"Cannot login on ios using my phone number, doesn't recognize it, don't want to loose my friends nor username, too bad",1,0,2025-09-18 00:05:51,d690bfc4-8bf6-455d-a030-2fdef2050bff,4.578198,"5,000,000+"
Co-Star,com.costarastrology,it really knows,5,0,2025-09-17 22:39:16,da837039-a9c2-4b01-86ca-3b9465a01e71,4.578198,"5,000,000+"
Co-Star,com.costarastrology,good but widget doesn't work (I have samsung),4,0,2025-09-17 16:12:03,011ce854-94cd-4971-ae8b-b3de346eb17e,4.578198,"5,000,000+"
Co-Star,com.costarastrology,"widgets are not working anymore idk why , rest of the app is superb and somewhat accurate too",5,0,2025-09-17 12:12:34,f982cf71-7d15-4361-b1bc-fbb5ce04835b,4.578198,"5,000,000+"
The Pattern,com.thepattern.app,"Used to love this app. With all the new updates, everything is hard to find and most of the information is behind a paywall now. It seems like 90% of the app is locked unless you buy premium. smh. greedy.",1,0,2026-04-21 14:43:01,1c316995-64df-4c6f-a706-0a892b0fdc26,3.7974684,"1,000,000+"
The Pattern,com.thepattern.app,Having issues due to Amplitude error. Can't move past error message. Please fix.,1,0,2026-04-18 19:58:23,60f83406-2b60-48d9-8d69-f92dd726b5e3,3.7974684,"1,000,000+"
The Pattern,com.thepattern.app,was great and now it wont work at all. wont even log me back in. :(,2,0,2026-04-18 15:08:01,efb181b8-5484-4d8a-bbb3-fda8a9060099,3.7974684,"1,000,000+"
The Pattern,com.thepattern.app,it keeps signing me out and won't let me sign back in,3,0,2026-04-18 07:18:18,4e81d91a-5d7b-4b04-a9b2-c633bc4914b4,3.7974684,"1,000,000+"
The Pattern,com.thepattern.app,"why did you remove your features to see future birthday? Just canceled my subscription. ****Specifically, If I wanted to explore a future child and the the transits of when the child was born, that's the capability I'm referring to. historically I could add a friend with a future birthday and it shared our joint pattern and I could see their potential placements. that's what I'm referring too**",1,0,2026-04-14 20:46:22,0d019864-d7ef-4688-a9c9-ce08bcf49e21,3.7974684,"1,000,000+"
The Pattern,com.thepattern.app,I love how much I've learned about myself from this. The insight is spot on. I've learned how to read my chart and so much more. And I LOVE the AI chat feature. You really nailed that one. I've been a subscriber for a few years now. You really should offer better deals to loyal subscribers. I actually recently accidentally subscribed monthly and quarterly so I sent a message to support for a refund. Looking forward to hearing back. Thanks for a great app.,5,0,2026-04-13 22:31:21,a1d1c231-b157-4fe1-9066-ebd4bffb0343,3.7974684,"1,000,000+"
The Pattern,com.thepattern.app,The insights are spot on. I've been using this app for a few years now especially with friendships and romantic relationships. amazing I recommend anyone trying to figure parts of themselves that pay for any of hidden use this app.,5,0,2026-04-10 23:29:32,6be61927-67c6-458a-b870-c3864dfe5b2d,3.7974684,"1,000,000+"
The Pattern,com.thepattern.app,"I love this app! It's been dead on for me. Great insights. I'm going keep this subscription for a long time. Very unique. Update: I've used the paid version of this app for over a year. The amount of features they keep adding are amazing. I've gotten rid of a ton of apps and only have a few on my phone now. This is by far my favorite subscription. Also, if you haven't tried the AI conversations around your deep dives and patterns you haven't lived yet. Trust me. it's that insightful.",5,0,2026-04-07 23:41:12,777e50e4-35f2-49f5-a39f-ed0a68589a74,3.7974684,"1,000,000+"
The Pattern,com.thepattern.app,"Accurate astrology data, but expensive subscription. Please consider reducing the price so you can get more subscribers. Also, consider re-adding the 3 month plan instead of just the monthly and yearly plans.",3,0,2026-04-07 17:49:56,2d3bbab8-c344-4d95-9d84-8f80f64db441,3.7974684,"1,000,000+"
The Pattern,com.thepattern.app,Very insightful and helpful information,5,0,2026-04-05 14:39:01,e11e6dde-1eab-4664-81a8-64d2682bbddc,3.7974684,"1,000,000+"
The Pattern,com.thepattern.app,hard to navigate and vague,2,0,2026-03-30 13:50:54,2e307b86-32b6-4b12-aeef-28d69b2e721a,3.7974684,"1,000,000+"
The Pattern,com.thepattern.app,"Why won't the notifications disappear from my drop-down drawer, after I've heard them - sooo annoying",3,0,2026-03-29 09:36:51,53480e64-f604-49bf-bfdd-b01433c68967,3.7974684,"1,000,000+"
The Pattern,com.thepattern.app,love how deep this thing goes and how informative it is with everything it offers,5,0,2026-03-26 05:29:23,78686481-2b0c-4f04-b2b8-24c06442dd20,3.7974684,"1,000,000+"
The Pattern,com.thepattern.app,I do not have alot a free time in my busy schedule to sit and read all the personalized info so it would be nice if we had more personalized audio. Instead of having to read it or copy and paste to have it read to me. Ive been with this app for a while now looking for any alternatives that have more personalized audio.,3,0,2026-03-22 22:06:15,f612564a-b492-4cdf-8523-1440080157db,3.7974684,"1,000,000+"
The Pattern,com.thepattern.app,absolutely adore this app I look at it absolutely every day it's amazing and not like any other app they have out there on astrology nothing compares,5,0,2026-03-21 13:33:30,a2f8a675-a2b5-470e-b7fb-62bca6d9e759,3.7974684,"1,000,000+"
The Pattern,com.thepattern.app,Simply put: I love it.,5,0,2026-03-17 20:48:12,48bdb9b1-1809-4095-9a79-1420045216a0,3.7974684,"1,000,000+"
The Pattern,com.thepattern.app,This app has been an unbelievable help to my personal growth and mental health,5,1,2026-03-15 14:58:20,2d3b6160-7888-40b4-91f8-df1bc7473ced,3.7974684,"1,000,000+"
The Pattern,com.thepattern.app,"very useful to my life, and I feel the devs put alot of noticeable, quality work into app. even free version is worthwhile and very much appreciated! I have had app over a year free and trying paid to utilize the great chat feature.",5,1,2026-03-15 03:15:19,bebbebbf-3f49-4a47-888d-0dc7b88c2451,3.7974684,"1,000,000+"
The Pattern,com.thepattern.app,"I've used this app since '19. Every six months, the app degrades in quality. The Pattern has lost sight of what made it special and insightful to begin with. The overuse of AI and ""spoon-fed"" wisdom reeks of capitalism. Where users once found opportunities to reflect, they are now being met with an AI-written text, which speaks in absolutes, as opposed to just saying ""you have this pattern present and these are some of the things it might represent"", it TELLS you what's ""wrong"" w/ you.",1,3,2026-03-15 00:57:37,a0b855b2-bfdd-4d43-b8ba-0e628a0c2a25,3.7974684,"1,000,000+"
The Pattern,com.thepattern.app,The Pattern is so on point that sometimes I am scared to check it. Highly recommend if you're interested in learning something about yourself.,5,1,2026-03-14 13:44:13,5e7a86d3-1c2d-4c16-8ea2-9a25e5fc1dd1,3.7974684,"1,000,000+"
The Pattern,com.thepattern.app,such a courageous experience of understanding and inner standing ones self..,4,0,2026-03-14 08:11:08,42e968f9-189f-40fd-9865-55787110e7fa,3.7974684,"1,000,000+"
The Pattern,com.thepattern.app,this thing is legit spot on I've tried it with several different people several different connections and it down to like the day it's ridiculous and crazy and amazing,5,0,2026-03-14 00:27:03,6d328dda-4cec-42d8-a185-96c12bbdc829,3.7974684,"1,000,000+"
The Pattern,com.thepattern.app,highly recommend the pattern! deeper relationships deeper Soul connection. get premium when you're feeling lost or inspired or just roll with freemium 🫶🏾 the voice of the narrator have has been a helpful hand for the past 2 to 3 years. Thank you pattern team I appreciate you!,5,1,2026-03-12 23:07:45,7a21e382-bfe8-4e0f-b2a3-39973f0b879d,3.7974684,"1,000,000+"
The Pattern,com.thepattern.app,I love this app its so accurate its absolutely great,5,0,2026-03-12 14:19:32,7de16b4d-9cae-4eac-bece-821d1334004d,3.7974684,"1,000,000+"
The Pattern,com.thepattern.app,very good app knows a lot and helps very much in aligning it where we struggle and what we can do about it,5,1,2026-03-12 09:58:37,9f268d48-8889-4f2c-885b-5ec94d7a730a,3.7974684,"1,000,000+"
The Pattern,com.thepattern.app,I've used this app for a number of years and used to love it. It has some eerily accurate personal astrology description and predictions. But they have limited more and more of the content as time as gone on to paid subscribers only. And at over $100/year its very expensive for something that is ultimately just for entertainment.,3,2,2026-03-12 01:16:11,6faba726-0456-4813-a1a9-653d0f97a6ab,3.7974684,"1,000,000+"
The Pattern,com.thepattern.app,"I like this app and have had it for years. However, the daily vibe is really annoying. I don't enjoy each day having someone giving me bad advice. I wish it would provide more of a horoscope vibe explaining what I may experience in the day rather than kind of insulting or unhelpful advice.",3,1,2026-03-11 20:25:46,478baf27-0405-4d63-bebc-dc3a9f0a0b71,3.7974684,"1,000,000+"
The Pattern,com.thepattern.app,"I used to love & check this app daily until they updated it sometime ago. I just remembered the app and decided to give it another go, but there are now barely any free insights (now $$$). I also HATE that it is all audio based. I understand you can choose to read the insights instead, but it feels so messy and layered now where previously it was clean, simple and easy to navigate. The previous slide versions of ""going deeper"" were way more digestible and accurate. Wish they didnt change.",1,3,2026-03-09 12:51:01,ee4a2f8c-cc4f-4d33-87bd-d991ef9aa400,3.7974684,"1,000,000+"
The Pattern,com.thepattern.app,"Used to be an amazing app, I recommended it to everyone. Now, I'm encouraging people to leave. So many features are now behind a paywall or inaccessible audio. Very disappointing changes.",2,2,2026-03-09 08:21:09,3bba21e6-af81-48c4-af01-ee13562779e2,3.7974684,"1,000,000+"
The Pattern,com.thepattern.app,"This used to be the best astrology app around. Now everything is behind a paywall and they're pushing AI features. I'd be fine with ads if it meant I could still access everything, but I will not be paying you to ruin the environment, especially when you previously weren't ruining anything, and for free.",1,5,2026-03-08 07:42:59,e43ce16f-15d5-426e-87ed-2cd92e325447,3.7974684,"1,000,000+"
The Pattern,com.thepattern.app,"I requested a refund immediately as I do not believe in this stuff whatsoever, especially when it costs me 112.00.... but no response.",1,1,2026-03-03 11:35:29,722e3be0-4e7c-4f7d-be7a-9bd0f49f72b5,3.7974684,"1,000,000+"
The Pattern,com.thepattern.app,"This is the best astrology app I have ever used. Not only that, but it is the best source of information for personalized astrology that I have ever found, period. The accuracy and depth is mind-blowing. I have always been a lover of astrology and this app has helped me dive in even further. Thank you to the people at the Pattern. Never stop doing what you do 🙏🏻",5,2,2026-03-03 05:25:43,2c95ba0e-5ca7-4ce9-b42f-6074a0393c15,3.7974684,"1,000,000+"
The Pattern,com.thepattern.app,"The aesthetics are beautiful, and the astrology reading is accurate.",5,1,2026-02-26 21:23:21,eb2737fa-58df-41a9-889a-4ad8c3a0c20e,3.7974684,"1,000,000+"
The Pattern,com.thepattern.app,Interesting app but what brings it's usefulness down for me is the in-depth chats having a limit. And so i have to go to a new chat and explain everything again to continue the conversation,3,0,2026-02-26 19:14:01,b1381b01-ca18-4de1-ac75-e64e2bc6c30e,3.7974684,"1,000,000+"
The Pattern,com.thepattern.app,I have faith but this app is 10/10,5,0,2026-02-25 22:20:24,7bf909d8-0336-4aef-94dc-c5ad428a033a,3.7974684,"1,000,000+"
The Pattern,com.thepattern.app,"the actual content is great, the app, the experience, and everything else is just terrible. if you will charge that much the interface, experience, & app stability needs to jump ahead light years asap please change the audio voice pace and length. hate hate hate it",2,4,2026-02-25 16:29:10,0f560e71-49f6-404a-bd0d-a12fffb4c3d3,3.7974684,"1,000,000+"
The Pattern,com.thepattern.app,"Daily fav. read of my morning , for sure ;!",5,0,2026-02-24 01:39:26,d1db75e9-905b-4b3c-9789-08c52eb7e0b0,3.7974684,"1,000,000+"
The Pattern,com.thepattern.app,"man. even though the descriptions are really vague, this app was 180` off of who I am. It said I was outgoing when I'm kinda shy. Said i don't over think things when I'm an over thinker. It was just way off. don't bother downloading, it's probably just random stuff thrown together.",1,1,2026-02-21 05:47:08,06b7ae51-7ef4-459f-bf6d-6148e94deca1,3.7974684,"1,000,000+"
The Pattern,com.thepattern.app,interesting app I really like it,4,0,2026-02-20 14:50:25,bd3d9b2d-4f97-4f0e-86af-1d2c526b621b,3.7974684,"1,000,000+"
The Pattern,com.thepattern.app,"I actually used to love this app. However I'm now very disappointed. content that used to be available through free access is now unavailable. i can understand. The need to charge, but we're talking about ALOT of content. More than 50% of what used to be accessible for free is now requiring payment. More than 50 % it's a drastic change. And here's the thing.It's not the only app like this. Not exactly the best choice to have made... Pattern 😑",2,11,2026-02-18 22:37:16,99f1088f-dca4-4191-9176-542c9c28fa3a,3.7974684,"1,000,000+"
The Pattern,com.thepattern.app,fantastic astro app just buy the subscription. it is wortn it. the quality of the content is very good,5,1,2026-02-17 11:33:32,30ed317c-06cb-4e0b-b72a-af10031c7a5c,3.7974684,"1,000,000+"
The Pattern,com.thepattern.app,I like this updates however there's an issue where you can't read all of the summary with there's no read more.,5,0,2026-02-16 03:48:11,104ede22-0cf6-42a8-b049-fafa8dcb96de,3.7974684,"1,000,000+"
The Pattern,com.thepattern.app,This app went from something that was incredible to just jumbled garbage. It used to be clean user friendly. Easy to learn. And fun to do with friends. Now it has no direction. Every single thing has been moved around and there is no rhyme or reason to how half the app runs with its posts. Its a complete mess and borderline unusable. Not to mention the audio. Much preferred everything to be text instead of audio clips all the time. Dont fix things that arent broken.,1,4,2026-02-15 23:03:46,74e762ee-6f8e-4838-9d94-0df57d421a50,3.7974684,"1,000,000+"
The Pattern,com.thepattern.app,"I uninstalled The Pattern app because I was automatically logged out after closing the app and I cannot press the login button. The app was one of my favorite astrology apps for years now but please fix the bug or else, I will never reinstall it.",1,2,2026-02-15 16:04:07,b3dd3737-741b-491c-b0be-aef7a9609d6b,3.7974684,"1,000,000+"
The Pattern,com.thepattern.app,it used to be great and it became useless if you don't pay for a subscription.,2,2,2026-02-13 17:53:21,fc7f0635-012a-4b17-856a-157c214dbcfb,3.7974684,"1,000,000+"
The Pattern,com.thepattern.app,"This began as a great app, but these days they have placed almost everything behind a paywall. You can't even see the basic ""Go Deeper"" insights, as of this morning, without signing up for a membership. They have created so many layers here lately, its not even beneficial anymore. And the membership rate has risen to ridiculous amounts. Capitalism has destroyed this app.",1,9,2026-02-11 17:53:18,d3b85257-6395-4d66-9282-5dc991a72bee,3.7974684,"1,000,000+"
The Pattern,com.thepattern.app,"Giving 2 stars coz I was a daily user of this app for years, even got my friends to use it often but the new version they released last year, has been absolutely clutter, nothing of value is displayed without subscription. The app interface has become poorly designed, takes ages to reach the insights only to be told you have to subscribe when you find it. The reviews from other users confirm the same. Uninstalled.",2,5,2026-02-09 17:22:49,a8fefbc4-c935-4df6-9f88-1f6d85664dd9,3.7974684,"1,000,000+"
The Pattern,com.thepattern.app,"Unable to even sign up! When I select my birthday, it changes it on the final review page. I've tried many many times and still not working so I'll be deleting the app.",1,1,2026-02-09 16:18:50,0ce48174-f517-4960-adb6-62258778cee0,3.7974684,"1,000,000+"
The Pattern,com.thepattern.app,"used to be a great app, for months I've been seeing ""content isn't available for this date"" for any and all dates.. thought it would sort itself out but I'm less optimistic every update.",2,1,2026-02-07 08:07:46,f0051e3b-6ff2-4c7f-b190-d92ab3ee03c2,3.7974684,"1,000,000+"
The Pattern,com.thepattern.app,"19/11/25 Complaint: The app's functionality has become wonky. The app doesn't sit in the background of my android phone once opened, so that I can switch between apps easily. This has been a recent development and is very annoying. I would like it to be put right as soon as possible, other than that the app is perfect. (Edit) 06/02/26 Solution: The issue has been resolved. I am now free to switch between apps as often as I wish. Well done, team.",5,6,2026-02-06 16:46:46,f5fc0e08-19b9-4587-89a8-94832d7b4b94,3.7974684,"1,000,000+"
The Pattern,com.thepattern.app,the app is broken and it autoplays on loop even if i terminated the app. fix it,1,2,2026-02-05 16:55:03,9b6bb66f-d7bb-4458-b7be-8788d3e2768f,3.7974684,"1,000,000+"
The Pattern,com.thepattern.app,"Still trying it out. I enjoy QUALITY human design/ astrology apps, but there seemed to be a bug that did not permit me to log into this app for the longest time. The audios are a nice touch, and I'm grateful that there are transcripts because I generally prefer to read things quickly. Most insights require payment, and there's no free trial to see how truly accurate they are for me. Not sure I'd like to pay so much for something I probably won't use daily. Anyway..looks great so far...👏",3,6,2026-02-05 07:12:04,2e458720-c1f4-4b05-a033-90fbaae974fc,3.7974684,"1,000,000+"
The Pattern,com.thepattern.app,"had to disable all notifications bc the ""insights"" feature (which didn't exist when I originally signed up for the app and seems to obviously gatekeep features that used to be free) hijacks my phone's audio and notification bar. even if the app is closed, it won't go away, and will bully out other audio apps like Spotify or YouTube. really infuriating!!",4,1,2026-02-04 19:48:14,3d1503ab-fb74-49c6-97e5-a2e4bb8e8444,3.7974684,"1,000,000+"
The Pattern,com.thepattern.app,I'm really sorry to say this because I'm sure it's a lot of work - but... I don't want the audios? I would like to read the material please. making it mandatory frankly makes it so that I don't open the app anymore. I liked it a lot before the audios but this is too much lol the exaggeratedly soothing voice is a lot and really inconvenient in transit if you accidentally tap the notification. can you please make the material available to read?,2,2,2026-02-04 14:47:06,fe4b7b3d-2b74-468a-918b-c3b4dd583a10,3.7974684,"1,000,000+"
The Pattern,com.thepattern.app,"A friend briefly mentioned ""The Pattern"" & showed me the thumbnail. it piqued my interest though I did not initially know it was astrology based. i was both excited & apprehensive, because, in my opinion, astrology apps/services can either be entirely corny/scammy OR truly one of the most fascinating things in the world, & it depends entirely on the people behind the scenes. The Pattern Astrology is the latter. I cannot find the words but I would go so far as to call it Necessary. Thank you.",5,1,2026-02-04 09:46:12,462e40bf-2b94-4f12-b29e-d3c35d42ded5,3.7974684,"1,000,000+"
The Pattern,com.thepattern.app,"please switch to placidus houses. my rising is in late degrees and my houses are skewed, and so none of my house placements are correct.",3,1,2026-02-04 09:13:10,381d692e-6cab-4caa-bc71-41b6813eab41,3.7974684,"1,000,000+"
The Pattern,com.thepattern.app,love this. so much details,5,0,2026-02-02 14:18:32,c9a3706c-1ebb-400b-a70e-47a54eed980a,3.7974684,"1,000,000+"
The Pattern,com.thepattern.app,"This app came highly recommended and I was excited about it. But I'm finding disappointment instead. When reading your information, the top of the page is not acceptable and site keeps freezing up.",2,1,2026-02-01 21:30:40,141266ef-e30d-4667-b421-a94b0e5f9601,3.7974684,"1,000,000+"
The Pattern,com.thepattern.app,"app doesn't work on Android I been trying to log in do forgot password do otp everything, log in failed but I can definitely see it in my old iphone . so disappointing. can't even select birthdates I have to go back month by month to get to my year. some developer probably forgot a code somewhere. really disappointed",1,1,2026-01-31 15:53:14,4018d184-f99b-476c-acf0-b358202e028d,3.7974684,"1,000,000+"
The Pattern,com.thepattern.app,needs Widgets!,3,0,2026-01-31 14:36:13,3c5a729c-aec5-4c8a-962e-fd19b197a08d,3.7974684,"1,000,000+"
The Pattern,com.thepattern.app,Now that they changed the look to the app I had to come back and change my rating. I absolutely hate these are capability of the app at this point. THE SLOW VOICE RECORDINGS ARE SO ANNOYING. I JUST WANT TO READ THE DETAILED INFO. It used to be so amazing and so informational and straightforward. Now everything is difficult to find and less straightforward and more convoluted.,3,21,2026-01-31 01:10:19,886c84fc-d7d9-4eb6-b967-97ce15786c0a,3.7974684,"1,000,000+"
The Pattern,com.thepattern.app,I absolutely love this app... too bad they don't have a way to earn the subscription.,5,0,2026-01-29 08:13:42,09a12d28-b4bc-4a7f-a138-c24e4901ead8,3.7974684,"1,000,000+"
The Pattern,com.thepattern.app,love love love this app soooooo much just download,5,0,2026-01-28 05:01:41,df1ca0ec-0880-40b2-aaa5-ba870960174f,3.7974684,"1,000,000+"
The Pattern,com.thepattern.app,"Used to be good, now the app won't close when you try and close it. If I click a notification that starts playing audio and try and close the app it just continues to reopen and start playing the audio over and over, have to go into background setting and close it or restart my phone. Starting to become aggravating enough I'm going to delete the app.",1,3,2026-01-27 23:55:35,222460a8-0375-4789-85eb-c7c84b9742f6,3.7974684,"1,000,000+"
The Pattern,com.thepattern.app,"This app isn't working: it shows that my girlfriend is a soulmate with some other woman and with me the bond is just powerful, not even legendary.",1,0,2026-01-27 04:27:29,75bb6307-d297-4d87-acee-26aa137c31bc,3.7974684,"1,000,000+"
The Pattern,com.thepattern.app,insightful but expensive and overpriced in my opinion,4,1,2026-01-26 21:52:19,1eee854d-5465-4aa5-ba69-4f47d6175112,3.7974684,"1,000,000+"
The Pattern,com.thepattern.app,I used to love this app and tell when I go to impacting me now deeper it does not bring up anything for this date and time. I am told to choose a date or time earlier or later and it still doesn't bring anything up.,1,0,2026-01-22 21:36:00,25735032-8787-4b33-be7d-e3f14b778756,3.7974684,"1,000,000+"
The Pattern,com.thepattern.app,"When setting up for the first time, I insert the data needed, pick country, pick my date (which is 02.mm.yyyy), and when I get to the review section, the date changes to 01.mm.yyyy, and can't be fixed, LMAO! Thanks for showing me so soon that this app is useless. The 1 and 2 star reviews here are also pretty telling.",1,2,2026-01-21 13:13:21,ca49accc-34cf-4dd0-aca2-f9f03ed108c8,3.7974684,"1,000,000+"
The Pattern,com.thepattern.app,Privacy Policy needs more respect for users. You share info with 3rd parties.,1,2,2026-01-21 01:57:19,8e1688ad-b3f7-4a4d-aee2-9d2aed295c30,3.7974684,"1,000,000+"
The Pattern,com.thepattern.app,"I've had this app since 2021. It was once my favorite app & I would recommend it to everyone but now I hate even opening it. Everything of any value is hidden behind a pay-wall & the subscription price is not worth what you get. I used this app every single day & now the only reason I even keep it on my phone is to have quick access to my chart & honestly, I'll just get a different app for that & delete this one entirely. Sad that one of the best astrology apps has become another waste of space.",1,6,2026-01-20 00:05:46,e248b0b4-7df3-400f-a006-321b3ec6c037,3.7974684,"1,000,000+"
The Pattern,com.thepattern.app,"This used to be my favorite astrology app, but the updates have ruined it. The new app layout is messy and full of really ugly AI graphics. Then they converted the Lens updates into this podcast format that doesn't go into depth nearly as much as before. The final straw for me was the ""In-Depth"" chatbot. Absolutely not. I'm really disgusted to see them using AI to cut corners. I uninstalled today.",1,6,2026-01-19 09:56:22,ee32c767-146b-4dd9-af0b-561afcb1e8f2,3.7974684,"1,000,000+"
The Pattern,com.thepattern.app,my to go for the astro knowledge,5,1,2026-01-19 02:47:11,28ec7e68-d47d-4ed3-95c8-df533f51b601,3.7974684,"1,000,000+"
The Pattern,com.thepattern.app,i hate when they upgrade apps😭😭 it was amazing as it was. now most things are premium and have to pay for it (which I'm never going to do). but i miss old pattern app so muchh🥺😭😭 (it would be better if there was ads but not premium),3,1,2026-01-18 03:29:09,ce3b6161-bfd8-4c71-85d7-db7016ddfdf6,3.7974684,"1,000,000+"
The Pattern,com.thepattern.app,"If trying for the first time, I'm not against it but for users that have been on it before or used it since the pandemic or before 2020, I simply do not recommend. Seems as though everytime there is something that is still free from the old app they find a way to charge for it. Certain information within my chart is inaccurate as well. (my venus is in my 12th not 1st. I have over 5 different sources to prove that.) My prior experience with this app was truly amazing but this new version is BAD.",2,3,2026-01-18 02:32:19,d9f43e27-703c-46cf-b8de-0c81d36ed0d6,3.7974684,"1,000,000+"
The Pattern,com.thepattern.app,amazingly intuitive and easy to compare with personal relationships on or off app,5,0,2026-01-17 05:42:31,e2536fc5-5439-4754-bf3b-90b014386e13,3.7974684,"1,000,000+"
The Pattern,com.thepattern.app,love this app. An app that knows me better than I know me. pretty amazing! thank you!!!,5,0,2026-01-16 09:10:02,c449e06e-fa06-48ce-96dd-b317ed0f6256,3.7974684,"1,000,000+"
The Pattern,com.thepattern.app,Amazing insights and so many correlations and uh hah moments as new updates are made.,5,0,2026-01-12 23:24:31,9d46c03a-a508-40bc-82c9-77c5cd4bb5fe,3.7974684,"1,000,000+"
The Pattern,com.thepattern.app,"Edit: I appreciate the quick response and helpful explanation. While not an intuitive solution, it is a solution. Thanks. Why does your birth date picker not have a birth year selection?? My partner TRIED to install and found he would need to swipe through hundreds of months to get to his birth year. He gave up. The same goes when I try to add him from my app (which I've had installed for years). Do you actually do any user testing before releasing updates to your software?🤦‍♀️",4,1,2026-01-12 00:28:07,1bfc78cd-99c8-4690-a282-9c36d26d5287,3.7974684,"1,000,000+"
The Pattern,com.thepattern.app,"I'm editing my review because the problem I was complaining about has been fixed. I love the pattern, even as someone who kind of thinks astrology is bs. Your subconscious will latch onto what resonates when you read everything from your daily vibe, to your transits, to your birth chart. To have some sort of intention going about my day, to have picked up, ""wow that resonates,"" or to have a heck of a day and read my daily vibe and say, that was spot on, that is where the value lives.",5,7,2026-01-10 14:37:53,95ab7849-bbb9-4c24-94ca-0f241e3b2128,3.7974684,"1,000,000+"
The Pattern,com.thepattern.app,this app has devolved over time. I've watched features go from free to paid. it's becoming a cash cow and the developer has become greedy. greed has its own karmic force which tips the balance.. It feels very AI which is a lazy approach. You can get the paid info free from Chat GPT..,1,5,2026-01-10 09:34:17,e77e6ed4-3d45-49b8-a593-9d98770e2e23,3.7974684,"1,000,000+"
The Pattern,com.thepattern.app,"if you can use this with a grain of salt it is awesome & precise in transits to look out for. bummer about the AI introduction; my friend abused the AI featuree and relationship comparison tab to the point she had to delete the app. dramatic sweeping headlines are cool and all, but keep in mind some folk use astrology as copium.",3,2,2026-01-09 02:44:38,877f5dbc-a231-448c-9f41-9d010daafc9c,3.7974684,"1,000,000+"
The Pattern,com.thepattern.app,I used to like this app and use it often but my experience definitely changed once they changed the layout and put half the features behind a pay wall. Now I'm just realizing that my chart they created is wrong although my info here is correct. I feel like this is a recent change but there's no reason to use the app anymore if they're giving me predictions based on something that isn't accurate.,3,1,2026-01-07 22:42:20,27674821-e4b3-40d7-b017-f9368468c760,3.7974684,"1,000,000+"
The Pattern,com.thepattern.app,they're using AI now😭😭 are you guys committed to ruining our planet also??,1,1,2026-01-07 03:30:18,6b3e2a7d-62be-4306-8bcf-a28843287c41,3.7974684,"1,000,000+"
The Pattern,com.thepattern.app,"The app effectively unusable. I used to check the pattern daily for YEARS, but it feels like each subsequent update is trying to make it more like quick consumption social media, which isn't what attracted me to the pattern in the first place. Very close to uninstalling and walking away entirely, which is unfortunate. - - - Update: uninstalled. Another app that's turned to AI slop.",1,63,2026-01-07 02:48:22,f027f3d9-a998-48a6-8fa9-826a567eff7b,3.7974684,"1,000,000+"
The Pattern,com.thepattern.app,I absolutely loved this app and have recommended it to everyone I know. I've been using it for years. I cannot stand the chat AI feature and all of the updates. I hate that I now get notifications and it opens the chat right up or audios. So my once favorite app now has notifications disabled and I don't check it as often. Boooooo!,2,1,2026-01-06 23:28:43,7be0ac4b-6be7-48e6-9f05-22c8eb07d51a,3.7974684,"1,000,000+"
The Pattern,com.thepattern.app,"Had to leave a review because I was downloading on another device and saw the ratings for the cost. This app provides me a with a lot of direction and insight into astrology that is in depth and accurate. Running an app is expensive, and they add a lot of cool features and offer more than just astrology insights(they did a collab with a couple of musicians recently which lead me to an awesome group for meditating/relaxing). I can tell they put a lot of working into this and recommend it!",5,4,2026-01-06 12:00:45,7450cbf8-8b5c-4cca-bc0e-ecd8316b75f9,3.7974684,"1,000,000+"
The Pattern,com.thepattern.app,"welp, I used to love this app. first, they created cost barriers, i still stayed because it was just enough for the free. now, ai has taken over. uninstalling now.",1,1,2026-01-05 11:51:43,f93b1e4a-463a-474d-846c-21b294a77bee,3.7974684,"1,000,000+"
The Pattern,com.thepattern.app,"oh great, another app trying to forcibly shove AI down our throats. Because what's more in-tune with astrological events than a nonsense generator fed off of stolen content from ACTUAL humans... bye, Felicia.",1,2,2026-01-04 21:22:30,13045cd8-1527-40e3-8f27-6ae1cf04535f,3.7974684,"1,000,000+"
The Pattern,com.thepattern.app,"This app does not work either.. I hate it because it is so complicated, sorry but the truth is the truth and the truth hurts....",1,0,2026-01-04 00:28:20,5d57b9a7-9aba-40a8-a015-a3c7531199c7,3.7974684,"1,000,000+"
The Pattern,com.thepattern.app,premium is worth it but kind of unfair that a lot of the audios are paywalled. recently ive been having issues with the app closing itself when i switch apps or leave the audios running in the background,3,1,2026-01-02 09:13:23,f051e245-bf17-4d78-9246-a409e6e1723e,3.7974684,"1,000,000+"
The Pattern,com.thepattern.app,"Extremely disappointing that the Pattern would roll out an LLM chatbot, given the state of the technology. Insights are fun, but not worth killing people and the planet over. If you weren't already aware that the Pattern is a company that wants your money first and foremost, here is your sign. They do not care about you. Spirituality is supposed to connect us and encourage us to be empathetic of each other. This is the opposite of that.",1,2,2026-01-01 19:44:07,9e2e21b0-7129-4cb6-9c38-4a650278817e,3.7974684,"1,000,000+"
The Pattern,com.thepattern.app,"I've to update my review. This mess is unacceptable. Don't expect me to renew my sub. From best application to AI junk. Broken app that is shutting, every time you want to listen to something. It's always ,, we're appreciating your feedback, bla bla bla. AI answer with zero flink given. I'll no longer recommend this app to anyone. What a waste of money...",1,4,2026-01-01 17:13:33,006c320d-bbe6-4c88-8204-4c89588d2822,3.7974684,"1,000,000+"
The Pattern,com.thepattern.app,this app by far is the best astrology app in the world. it's 100% correct and has helped me navigate bbecoming me with a lot more ease. it's helped me understand me so much more than I ever have. life changing.,5,1,2025-12-25 09:54:43,f6f27622-4cde-4ffb-a827-4d21984eddb8,3.7974684,"1,000,000+"
The Pattern,com.thepattern.app,"Can we pls have different patterns to every Impact that is shown (like it used to be before)? It was much easier for the transits and their effects to capture your eye, when every Impact was shown with a different design...",5,1,2025-12-23 22:36:34,88053b37-4fbc-4dfa-8f92-56166d088ab2,3.7974684,"1,000,000+"
The Pattern,com.thepattern.app,Love this app. My daily vibe is spot on and my bond with my husband is spooky real. Also loving the new chat feature. It helped me plan my honeymoon!,5,0,2025-12-23 03:19:58,d600f403-ff00-4ac2-ab30-372c245718c4,3.7974684,"1,000,000+"
The Pattern,com.thepattern.app,stopped working. stuck on sign up log in screen,2,2,2025-12-21 20:28:56,370fc1bd-cace-44db-a789-0f85ce6ec93c,3.7974684,"1,000,000+"
The Pattern,com.thepattern.app,"I can't sign it. I enter my number, received OTP, entered it correctly, and it says SERVER PROBLEM. Now I can't sign in because it says this number has been used for too many times, so try again later. I want to sign in. Support is not replying properly. I need some whatsapp number or email for getting help.",1,2,2025-12-21 18:51:52,9c71e5ca-8ee3-45ba-bc97-b53353c87682,3.7974684,"1,000,000+"
The Pattern,com.thepattern.app,"app doesn't seem to work, lots of issues",2,1,2025-12-21 18:10:29,15ac9b86-d394-4038-be54-080246a37af6,3.7974684,"1,000,000+"
The Pattern,com.thepattern.app,"App used to be easy to use and very fun. too many options now and very expensive for godeeper+. Also, whatever update they did, it makes the app very slow or doesn't load the content.",1,2,2025-12-21 17:49:07,397150a7-7b3e-4ded-be0d-3429bb4ee7f2,3.7974684,"1,000,000+"
The Pattern,com.thepattern.app,app not working - consistently pinwheels,1,1,2025-12-21 17:39:18,488e139e-78b2-444c-998d-565129c5039a,3.7974684,"1,000,000+"
The Pattern,com.thepattern.app,I really liked this app but I got a new phone and can't seem to login to my existing account. can anyone help me please?,3,0,2025-12-19 16:10:49,7aa8f643-5e57-4b6b-9acd-eaa0cc3ba498,3.7974684,"1,000,000+"
The Pattern,com.thepattern.app,"Using the Android date picker is a PITA! When im scrolling back to 1986 I have to tap the back buttons on the date picker hundreds of times! I don't get why developers don't see this. Also, I put in my birthday and I think the algorithm changed it to the day before because my birth location is not on US time (Australia). Managed to change it on the settings but that's a major bug!",5,2,2025-12-18 10:00:13,98010f12-cd51-421e-8704-c0fe7e1ad407,3.7974684,"1,000,000+"
The Pattern,com.thepattern.app,"I absolutely love this app! Amazingly on point about my personality and habits. I use it daily to help ground me, give me insight & show me patience & to love myself. Thank You, make it an awesome day!",5,0,2025-12-17 22:43:47,8f9e5c48-7084-4942-8327-1731353d0cdd,3.7974684,"1,000,000+"
The Pattern,com.thepattern.app,The new updates are awful. Used to LOVE this all. Deleting for good.,1,3,2025-12-16 07:25:38,36622021-fa89-4e4f-aa6e-54393fb0a256,3.7974684,"1,000,000+"
The Pattern,com.thepattern.app,"Total waste. 👎👎 Never ending scrolling. I use to recommend this app to everyone. Now I don't even mention it. They choose ""style"" over substance. You spend most of your time scrolling through screens of 2 liners that are in random order of info on you, the world in general, friends, ect. It's like they dropped the functionality to focus on vague ""insight"" recordings from a girl that sounds like she's sitting a hot yoga class in LA. I would actually pay to have the original version back. Sad.",2,14,2025-12-15 22:21:31,3319da19-8c95-499f-bada-1b40fb812daa,3.7974684,"1,000,000+"
The Pattern,com.thepattern.app,"really great app providing a perfect understanding, sight, and experience of patterns of life and the world! 🌎",5,0,2025-12-14 22:20:09,8e995710-60df-41e9-8346-f3e4b8fc57aa,3.7974684,"1,000,000+"
The Pattern,com.thepattern.app,I have paid for deeper+ but the app still doesnt show any access. very frustrating.,1,2,2025-12-11 16:54:29,06de5b5b-38f0-45fa-8b6f-1ba4089ea6b1,3.7974684,"1,000,000+"
The Pattern,com.thepattern.app,Was very accurate. I was not into astrology but this was amazing,5,1,2025-12-06 11:44:39,e9d3d0c2-446b-4e88-a917-f9a7153135a0,3.7974684,"1,000,000+"
The Pattern,com.thepattern.app,this used to be a good app that I loved using. they've brought AI into and a bunch of audio and got rid of all of the indepth readings that they used to have. I haven't used this in a little bit and went into it today and was really disappointed. I will probably be deleting this app now,2,4,2025-12-05 17:04:24,7537cce8-ff84-4664-af4e-ecbe903d017b,3.7974684,"1,000,000+"
The Pattern,com.thepattern.app,yeah can someone pay my subscription I'll connect or match or link whatever they call it. love the app soothing ai voices or very generated sounding people who knows anymore. 10/10 Me and Johnny Depp would smash,5,0,2025-12-04 10:23:50,f03c6353-381b-4334-bcd8-d1f8ec29092f,3.7974684,"1,000,000+"
The Pattern,com.thepattern.app,"hate the AI and the new design direction, this app used to be colorful and beautiful and now it's ugly. the neutrals are distracting from the words. insights have also not been good since the last couple updates. in 2023 it would have been 5 stars",3,2,2025-12-01 12:00:00,b982c06e-5068-4f26-a1b7-76fc94065cca,3.7974684,"1,000,000+"
The Pattern,com.thepattern.app,"It's pretty insane to be asking $15/mo for this app when every streaming service with billions in content costs less. This basically forces you into the $7/mo yearly plan, but you don't have the content to keep people so the only way to do so is to trick them into yearly plans. It's a ridiculous monetization scheme. I would pay $7/mo for the app if I could cancel when I wanted to. I am absolutely not committing a year to this nor should anyone.",2,15,2025-12-01 06:26:46,37cb4401-a709-4b2f-a6ed-8fbc7acfc222,3.7974684,"1,000,000+"
The Pattern,com.thepattern.app,"I love the writing style and the uniqueness, but it would be great to know which astrological factors contribute to a pattern. edit: glad they added that!",5,12,2025-11-30 04:13:34,46fc255f-aabb-4c36-ba70-b89e40b54ad8,3.7974684,"1,000,000+"
The Pattern,com.thepattern.app,I really like the voice especially in this app. It's soothing. Always hopeful reflection. Only issue i have is sometimes you go to the page and It's completely white.,4,0,2025-11-29 16:42:10,33cb5f89-fb5f-4510-ad36-58ddf0afeba1,3.7974684,"1,000,000+"
The Pattern,com.thepattern.app,A lot has changed but this app is still the GOAT,5,1,2025-11-29 02:16:14,c643eab6-d73f-4d8d-b704-8043878d1a8a,3.7974684,"1,000,000+"
The Pattern,com.thepattern.app,"I used to love this app and I got back into it after some time. Everything (and I mean EVERYTHING) is locked behind a paywall now. I would not mind paying an acceptable sum for some deeper insights, but locking everything up behind such a crazy price is outrageous.",1,5,2025-11-28 09:33:39,42f174ac-bf67-4b0e-95f1-0d19ff3cecb8,3.7974684,"1,000,000+"
The Pattern,com.thepattern.app,Best astrology app,5,0,2025-11-27 01:01:08,b4909ec2-e7ba-4e9c-b3d7-f314d5eb3246,3.7974684,"1,000,000+"
The Pattern,com.thepattern.app,"These past months, the daily vibe message is always hyper particular in a way that isn't applicable. It feels random and not connected to themes. I'm not sure if AI is being integrated more; if so, it's not working correctly. To reiterate, it's only with the daily vibe that I've noticed a shift. The rest of the content is still good. The issue is that the daily vibe is the only incentive to check the app every day (for me) as opposed to every once in a blue moon. Not interested in the audio.",3,3,2025-11-25 20:45:01,afe1d991-bf92-47b2-8a8e-6a9c0d771ad4,3.7974684,"1,000,000+"
The Pattern,com.thepattern.app,Seems to be so in tune to with me. It's kinda creepy how some of this astrology stuff is dead on the target!,5,0,2025-11-22 05:44:10,2c01fc80-a008-40d0-b5dd-a0be7ff3ef80,3.7974684,"1,000,000+"
The Pattern,com.thepattern.app,One more astrology app that gives general information but nothing specific. It's easy to use.,1,2,2025-11-22 01:27:15,002abfea-5edf-4a1a-a7f9-9b1c16d20c2e,3.7974684,"1,000,000+"
The Pattern,com.thepattern.app,"Daily insights were once thought-provoking, now they're just negative, toxic and very wrong (for me). E.g. today's daily: ""Your commitment issues are showing... your friends are taking bets."" Like... excuse me? Confident/self aware people will let it bounce off (+ probaby uninstall), but those in sensitive states may be triggered. Too many audios. Terrible UI, hard to find things. Just poor management choices led to this. This apps goal isn't positivity anymore. Used to be brilliant.",1,3,2025-11-20 22:17:13,d23d5bce-d081-49da-b529-ca12c0aad814,3.7974684,"1,000,000+"
The Pattern,com.thepattern.app,had for years!! love!,5,0,2025-11-20 05:42:27,0bea58d6-b204-4ada-a15e-30a9959869f2,3.7974684,"1,000,000+"
The Pattern,com.thepattern.app,Not all countries are recognised,1,0,2025-11-19 05:09:50,8a115373-67ca-4e6d-9a4f-fcae1692c6c5,3.7974684,"1,000,000+"
The Pattern,com.thepattern.app,a good app education and helpful information.,5,0,2025-11-19 04:05:53,d5bbf23e-02bd-43ef-b2d3-d21707a95b74,3.7974684,"1,000,000+"
The Pattern,com.thepattern.app,My favorite astrology app,5,0,2025-11-19 01:35:07,5273125b-a126-41d1-aea7-70b294f0e6f9,3.7974684,"1,000,000+"
The Pattern,com.thepattern.app,"It was the best app out there but after the update a year ago it just went downhill. It automatically plays audios, by the way literally EVERYTHING is now an audio. You think I got time for this? Or your horrible new interface where it actually takes time to find what you want? I'm sorry it's BEEN ruined, since then I wanted to use the app less and less and now I'm uninstalling",1,10,2025-11-18 15:26:07,5e8b0812-a095-4198-8929-5703c27e4e72,3.7974684,"1,000,000+"
The Pattern,com.thepattern.app,Wow.... Just... Wow... After almost 30 years of thinking that astrology is a bunch of hot air... This thing is beyond incredible! EDIT (18/11/2025) App keeps shutting down if I switch apps. Happening consistently on my S24 Ultra.,2,0,2025-11-18 11:04:00,6ede2a70-650e-4e09-b5e2-c9262853c285,3.7974684,"1,000,000+"
The Pattern,com.thepattern.app,I like the content yet despise the fact that the deeper wanted content is hidden behind a very expensive paywall that discriminates against those of us who are sick and/or disabled and on a fixed income or have no income because of being unable to work due to disabilities!!!,2,3,2025-11-17 02:22:25,d29eb07c-14a6-4a12-a343-de3daac953b0,3.7974684,"1,000,000+"
The Pattern,com.thepattern.app,it's been mind boggling and truly a great experience. it's like connecting with some greater than Great and building a relationship with the one and only. GOD this app is truly one of a kind and highly recommended....m,5,0,2025-11-14 08:50:34,8786f256-e0fa-4656-aa7f-5513dc14d149,3.7974684,"1,000,000+"
The Pattern,com.thepattern.app,"We need to be able to opt into ANYTHING related to AI. As in, WE choose to(not) have it as a part of our app experience. I don't care how useful you think it is, not everything needs to have AI attached to it or baked into it.",3,4,2025-11-13 11:44:52,0209cfab-0131-4d86-83ad-087e46dd22b7,3.7974684,"1,000,000+"
The Pattern,com.thepattern.app,It used to be brilliant. They removed cool features and also made it too expensive.,2,6,2025-11-13 03:48:54,9de75742-3e97-4e9b-b82f-d0f06953f16d,3.7974684,"1,000,000+"
The Pattern,com.thepattern.app,"i really, really hate the newest update. the pretty pictures are gone, replaced by boring solid pastels. ntm now they're using ai despite it really not being necessary, I've just lost all motivation to use this app. which sucks because I REALLY liked it before the ai and update. such a shame ;; is there a way to undo an update so I can live in the non-ai, pretty background version forever???",1,6,2025-11-10 19:59:15,c82433e5-fd3e-436f-9243-b6dace1cecff,3.7974684,"1,000,000+"
The Pattern,com.thepattern.app,"I use this app a lot, but some of the art has changed and now it feels sterile and soulless",3,4,2025-11-09 23:19:53,e6da9f3e-2d3d-446d-9a73-e852ac1ce9ca,3.7974684,"1,000,000+"
The Pattern,com.thepattern.app,I've had this app since the beginning. It makes me sad that these latest updates seem more about profit than actually providing a quality product to customers.,2,8,2025-11-07 18:23:42,c9552712-5400-4986-bc0f-8baee2895dd8,3.7974684,"1,000,000+"
The Pattern,com.thepattern.app,"hi yes i cant make an account, either it tells me my email is already logged in (different from in use since apparently it's not in use) or, I can't scroll on the making a number one to actually say okay to making the account please help",1,0,2025-11-06 08:58:59,0b94d791-d565-4de0-8e30-b9b7ebef3281,3.7974684,"1,000,000+"
The Pattern,com.thepattern.app,"was perfect, now not so much. absolutely no reason to add AI to any of it, and it made me question how much of the work I've seen has just been some half assed chat GPT prompt before they announced because if they're willing to take the humanity out now I bet they were when the writing started going downhill. edit to reply to the reply: yeah, that's what it said in the app when I deleted it. I don't care if the AI is in house or not, it's lazy, the users who pay what they do deserve better..",1,4,2025-11-05 05:31:20,302734cd-ff21-43a9-b243-ee9be5e1f959,3.7974684,"1,000,000+"
The Pattern,com.thepattern.app,"Excellent app, straightforward, accurate and enlightening",5,0,2025-11-03 05:43:49,65ca60f2-7ae1-40c6-a0ac-206e71da7dca,3.7974684,"1,000,000+"
The Pattern,com.thepattern.app,this thing just bassicly tried to tell me to get rid of my yt channel that's about to reach 1000. so what if Im feeling pressure 🤬,1,0,2025-11-02 16:02:34,6155f9ab-544e-4d4f-9dc7-206f8d536172,3.7974684,"1,000,000+"
The Pattern,com.thepattern.app,Best app i love too much it,5,0,2025-11-02 13:36:19,26135707-282f-4e44-881c-e8a5d6ff5524,3.7974684,"1,000,000+"
The Pattern,com.thepattern.app,"I just subscribed by mistake. how can I cancel the paid subscription. I was just looking at the prices and it already had my card number which I dont know how they got, and it subscribed me. how",1,1,2025-11-01 21:02:52,5404ecac-47d3-46bd-92b5-39f31934de1a,3.7974684,"1,000,000+"
The Pattern,com.thepattern.app,"Won't even load after update. Have watched it get worse and worse over the years, now it's complete trash. Time to delete.",1,2,2025-11-01 04:30:52,56325c74-7d37-4439-aa49-6c8038d12f09,3.7974684,"1,000,000+"
The Pattern,com.thepattern.app,"MAGICAL insights. it sometimes feels like my mind is being read. the pattern often helps put words to the feelings i'm having, and it's also helped me better understand my friends & family members. i love astrology, but this app could be helpful for someone who might not even believe in it...",5,2,2025-10-31 00:54:32,94670f7d-68a9-4d9c-b52f-daafff14ef57,3.7974684,"1,000,000+"
The Pattern,com.thepattern.app,Gives lots of info,5,0,2025-10-30 00:09:37,3edf4df8-d32c-44e8-9720-7c0fed27c5bc,3.7974684,"1,000,000+"
The Pattern,com.thepattern.app,"This app was great until they removed the social aspect, that was the main attraction for myself and many other users.",1,4,2025-10-28 01:19:37,0e857e7b-d41c-4ea1-abbd-4e88f16d9353,3.7974684,"1,000,000+"
The Pattern,com.thepattern.app,This is the most awesome app! I just keep getting on it and learning more and more all the time! I recommend this one to anyone and everyone!,5,1,2025-10-27 06:37:53,16421452-b3ce-4019-9f76-845ea6cf510d,3.7974684,"1,000,000+"
The Pattern,com.thepattern.app,"It is hard to download to a new device and difficult to cancel. Premium is expensive, and they keep charging you even if you are unable to use it.",2,1,2025-10-26 03:38:59,2dd0b95e-9fac-456b-8bca-7f2e63fb54c9,3.7974684,"1,000,000+"
The Pattern,com.thepattern.app,"I love.. loved.. loved? this app it is well, for me accurate. I do miss the older version of this app. The layout and ability to find again what you were looking to ""hear"" or read because something is resounding within you. I don't think I could get objective insight like this and I'm truly grateful for what this has been able to offer me when nothing else seemed to be, right. It's always brought perspective that I could think about and to me that's well, satisfaction when you're trying to u",5,0,2025-10-26 02:20:57,5abc855f-3f53-4d47-99e4-de6578f8dce8,3.7974684,"1,000,000+"
The Pattern,com.thepattern.app,"I've been using this app on and off for quite a long time, for almost 2 years. Mostly to save a record of my close friends for easy ref on their charts, and what's affecting everyone and myself atm over a period of time and into the future. It's a really great app ESPECIALLY for those with some fluency and understanding in Astrology systems, not just popular sun sign astrology. They recently launched a new AI chat function with more relationship options, which is a REAL step-up, love it!",5,4,2025-10-24 07:14:11,fc461687-bed5-40b2-9c67-104713782461,3.7974684,"1,000,000+"
The Pattern,com.thepattern.app,"this app makes things feel real even when they’re not. Don’t let it control your mind. Your thoughts are yours, your life is yours :/",1,2,2025-10-19 22:11:19,147333ad-6eee-4450-b450-1019b1f6b3a9,3.7974684,"1,000,000+"
The Pattern,com.thepattern.app,"this app USED to be really cool. now they charge for what used to be free. they used to ""go deeper"" for free and they only charged if you wanted to read deeper on other people",2,3,2025-10-17 18:15:58,0bff4e52-5fc1-4133-8d5a-e61e8baf0053,3.7974684,"1,000,000+"
The Pattern,com.thepattern.app,repeated downer information without paying,2,0,2025-10-17 18:13:59,5ab5061c-a20d-404b-97a1-cbe413f5951f,3.7974684,"1,000,000+"
The Pattern,com.thepattern.app,"By far one of the best apps iv come across, especially in respect of the couples compatibility and learning about oneself. 4 stars as there is always room for improvement ✨️ 😉",4,0,2025-10-17 13:16:25,e831bc32-9741-4c6a-9912-2b01e0206b01,3.7974684,"1,000,000+"
The Pattern,com.thepattern.app,another good service fell off due to greed and capitalism. rip,1,9,2025-10-17 01:16:27,69fa114b-5837-4688-be26-02aac506ccb9,3.7974684,"1,000,000+"
The Pattern,com.thepattern.app,"After I updated, the app removed my login and now I can't log into my account, a message appears that the server is temporarily unavailable. Edit Oct 15: Thanks support, I updated the app and now I can log in!",3,2,2025-10-15 22:01:40,f7c85873-fad7-4631-b41b-219470606ca9,3.7974684,"1,000,000+"
The Pattern,com.thepattern.app,cannot login. always got server error popup.,1,0,2025-10-15 21:05:22,9b76194b-a852-469e-8cc6-84babc3f789a,3.7974684,"1,000,000+"
The Pattern,com.thepattern.app,"UPDATE: This app still can be insightful and helpful, but the company has become greedy. I just don't think it's right to charge so much money for a service that helps other human beings. If the company truly cared, it would be more affordable. $80+ a year is out of the question for my budget, even $11 a month is too much. I've used the Pattern for years, and recently their ratings have plunged because of the complicated layout and overpricing. I truly hope they reevaluate their priorities.",3,6,2025-10-15 00:15:52,a808a09a-ec07-4a02-82e1-cede74586373,3.7974684,"1,000,000+"
The Pattern,com.thepattern.app,"Great idea and reasonable execution, some gpt or ai is being used for copywriting, also no direct send a bug button. I know because the telltale ** text **, pattern popped up, all for streamline of process. System development and augmentation is great, but ensure checks and balances to make sure it doesn't bleed over. Which points to a broader pattern, are ai being used to automate mundane tasks, or are they replacing human creativity? The mistake speaks to a pattern of rushing.",2,4,2025-10-14 13:12:15,4157c833-afcc-4785-baff-9fece4cd855c,3.7974684,"1,000,000+"
The Pattern,com.thepattern.app,"love the app, but I'm not able to use it for more than a week.",2,4,2025-10-14 11:03:42,61dadf9f-680b-470c-9c33-d76b1e4ed7e1,3.7974684,"1,000,000+"
The Pattern,com.thepattern.app,the app keeps messing up my birthday. I set it to august 14 yet after I click next it always shows august 13.,1,2,2025-10-14 09:37:30,e3c8f4b9-22b0-4375-bb0f-ec517e4fcef7,3.7974684,"1,000,000+"
The Pattern,com.thepattern.app,if you don't delete that damn AI bot,1,5,2025-10-14 05:19:45,b4fd1d71-9dd5-41f3-868c-b88dab2c0a52,3.7974684,"1,000,000+"
The Pattern,com.thepattern.app,Amazing information on the bonds with family and friends! Not your average astrology app!!,5,0,2025-10-12 13:14:10,59613563-92a2-46b3-b647-e2f05d206efc,3.7974684,"1,000,000+"
The Pattern,com.thepattern.app,"Quite accurate but not ""gimmicky"". Gives helpful info, enough to make it easy to not feel forced to pay for the extra bits unless you really want to know even more.",4,0,2025-10-10 02:27:19,7c03eedb-6b2a-4aa1-b842-e084a9c4bb18,3.7974684,"1,000,000+"
The Pattern,com.thepattern.app,"I loved this app but doesn't show much anymore, that still wasn't a problem until I went to sign up on a new device and type all my info then on review it changes my birthday so that its incorrect. frustrating as hell and I can't proceed or sign up.",1,1,2025-10-09 13:59:22,536181ff-6f47-4da3-a19f-e73614e28537,3.7974684,"1,000,000+"
The Pattern,com.thepattern.app,please consider a monthly option. I love this app but have never been able to get premium because you don't have a monthly option. Would of spent money multiple times had there been one but instead I've paid nothing. Just food for thought.,4,0,2025-10-06 23:22:55,c19424cb-7bac-41ba-afd7-ab182f638f5e,3.7974684,"1,000,000+"
The Pattern,com.thepattern.app,I thoroughly enjoy this app & all it's insight!,4,0,2025-10-04 03:40:27,bf48e64c-ca87-4b2e-baf8-9782c3e4fde6,3.7974684,"1,000,000+"
The Pattern,com.thepattern.app,very disappointing how much is now behind a paywall - instead of adding new features they have made the app impossible to use without paid subscription.,1,5,2025-10-03 20:55:50,2a693314-def9-4cb5-aca5-6eee44e6800c,3.7974684,"1,000,000+"
The Pattern,com.thepattern.app,"After using the Pattern for years before they took away the community aspect and put up a paywall, I decided to try out the subscription to see what had improved. NOT WORTH IT. The information they charge for is an internet search away. The audio recordings they post are very repetitive. Do not pay for this.",2,11,2025-10-02 18:33:40,56af5971-6666-426a-be2e-8980f3ba5834,3.7974684,"1,000,000+"
The Pattern,com.thepattern.app,Great app for those who want to know!,5,1,2025-10-01 21:46:16,b8eaf957-baeb-48b1-916c-b5d03a927f65,3.7974684,"1,000,000+"
The Pattern,com.thepattern.app,"I've been using this app for past 3 to 4 years and I took the subscription just now. But Kuddos!! Taken Monthly Subscription for Go Deeper+ and guess what the feature still doesn't work and they have such a bad interface that there is no section in the app to take help from or report regarding it.I used to admire and used to reach out to this app for astrology as I too read charts and etc. but the ""subscription scam"" really breaks the trust. Please do fix this issue as refund is not possible.",1,7,2025-09-26 13:35:46,24d584d7-3f23-46b7-af60-d263767cbe98,3.7974684,"1,000,000+"
The Pattern,com.thepattern.app,I thought it was supposed to be free,3,3,2025-09-25 23:08:46,ed910451-c405-4dcd-ac4d-e82720e0b4f8,3.7974684,"1,000,000+"
The Pattern,com.thepattern.app,"Relatively novel approach, soured by the limitation of it's stubborn adherence to the Whole Sign house system (rather than Placidus or allowing the user to pick), which leads to inaccurate House related cards linked to your profile. I unsubscribed after they started creating more House content, all of which is wrong under Whole Sign for my natal chart/lived experience.",3,2,2025-09-25 19:50:12,b1969b5b-3b5e-4b68-8b59-fde428c24648,3.7974684,"1,000,000+"
The Pattern,com.thepattern.app,would like a monthly payment option or something smaller than 3 months at a time,4,0,2025-09-24 07:22:25,9f1e04b9-e53e-43a9-a720-125b1a2ee4be,3.7974684,"1,000,000+"
The Pattern,com.thepattern.app,"Incomplete astrology. Interpretations are based on Moon sign, alone. Questionable theory. Not worth a free download, let alone a paid subscription. Illegitimate and one sided opinion. One star for inaccuracy.",1,5,2025-09-23 00:39:07,47be9178-2cf6-4d80-819a-b3ab5bfcd907,3.7974684,"1,000,000+"
The Pattern,com.thepattern.app,I didn't have a lot of faith in astrology until someone introduced me to this app. It's been mysteriously accurate. I upgraded recently and have enjoyed the more in-depth readings. I have not had any technical issues with app.,5,2,2025-09-22 11:15:29,ac30f135-668b-4ec1-8731-f5891443ff7f,3.7974684,"1,000,000+"
The Pattern,com.thepattern.app,"imo the best astro app going, tho the quarterly cost could be a little lower I really like most aspects. I'd suggest tho being able to turn off the friend pattern notifications on specific people. that way I can keep someone's chart available but not have their name brought up during any given day. also I would love if there was a way it grew with you because patterns that are true at a certain stage become different as we learn about ourselves and grow so the initial info isn't accurate.tnx:)",4,1,2025-09-21 13:53:56,6df7c916-7d83-4b61-9d61-4bc60b127455,3.7974684,"1,000,000+"
The Pattern,com.thepattern.app,it's different in a good way I'm trying to be just me you no so I can get some real intimacy,5,0,2025-09-20 04:35:55,b2b3ac03-0f9d-4042-950c-7a014c21ae3e,3.7974684,"1,000,000+"
The Pattern,com.thepattern.app,"I used to have the free version, but I have the paid now and find it's worth it. My only 2 wishes are that you could slow down the audio speed to .75 (because some of us neurodivergent types process audio slowly), and I wish you could bookmark an entire reading and not just one page.",4,1,2025-09-19 07:23:18,658af60d-d920-4e9c-98b6-c7a973f64aa6,3.7974684,"1,000,000+"
The Pattern,com.thepattern.app,it's crazy cool.,5,0,2025-09-18 00:27:03,ace2dc5d-7b59-4fe2-a946-d8c2804c7ba6,3.7974684,"1,000,000+"
The Pattern,com.thepattern.app,"high quality and recommend this to family,",5,1,2025-09-17 22:22:48,2c2d3a27-c533-483d-a888-4fbfd62a7a3f,3.7974684,"1,000,000+"
The Pattern,com.thepattern.app,"Easy to use for personal charts, and fun to explore astrological compatibilities. The regular updates and insights are helpful and the speakers voice is so soothing! Highly recommend this app for beginners or intermediate level astrology explorers looking for a simple user interface and lots of value in the free version.",5,2,2025-09-17 22:20:30,7ae8e7db-7ebc-493b-ada8-8a10236ff754,3.7974684,"1,000,000+"
The Pattern,com.thepattern.app,on point and very easy to understand,4,1,2025-09-17 08:31:55,ffb4cf5f-6fe5-45ce-98ed-5367fdd1a3fa,3.7974684,"1,000,000+"
The Pattern,com.thepattern.app,I love this app I'm going to get the paid version. I think it will be worth buying.,5,0,2025-09-16 06:02:56,bbd30204-b2fc-4098-8562-6d6adec51fba,3.7974684,"1,000,000+"
The Pattern,com.thepattern.app,"Used to be such an awesome and insightful app, with the latest formatting everything is about signing up for Deeper +. Doesn't add any value anymore really - very disappointing 😞",2,3,2025-09-14 15:54:31,0c8b03e8-93fa-4cfc-8957-6594ed975f28,3.7974684,"1,000,000+"
The Pattern,com.thepattern.app,"These app developers are unbelievably rude from the onset. You will be forced to tap the back arrow literally hundreds of times to scroll back thru time and select your birthdate. (595 taps for me) They either dont give a shyte about your time or they're just plain dumb as a bag of wet hammers! *Update, I also had 2 do it twice because I had to put the phone down to attend to some other business, and when I came back, the screen reverted that field to blank. 3 drop-down boxes, problem solved",1,3,2025-09-12 21:42:21,74098378-47b0-4a8b-bf2d-f7b3a1a58a94,3.7974684,"1,000,000+"
The Pattern,com.thepattern.app,I agree with the last person who gave this APP 1 star seems kind of sketch. I downloaded the app ready to start using it it sends me an email but that was it. like there was no username profile made anything like that just an email. And when I click on the three lines in the top right corner it gives me nothing,1,2,2025-09-12 17:12:38,9b936a18-d369-4b82-a277-1e2d7fc43ced,3.7974684,"1,000,000+"
The Pattern,com.thepattern.app,can't get past sign up as the location section was not fuctional at all.,1,2,2025-09-12 01:29:30,8b76bc63-fbfd-4655-8e7a-09ba5740904b,3.7974684,"1,000,000+"
The Pattern,com.thepattern.app,Since they changed the whole site. It's boring and hard to navigate. I rarely look at it anymore and it had so much potential.,1,5,2025-09-09 21:47:33,32795512-f966-4186-b6ed-495cc11fefb9,3.7974684,"1,000,000+"
The Pattern,com.thepattern.app,"I love this app. The Pattern has been a very insightful and empowering tool for healing myself and my relationships. The content is always on point with what's happening in my daily life. I've been using the pattern for a few years now. The paid feature is worth it! Especially if you are new to astrology. I would LOVE it if you included parent-child relationships in the bonds feature, and platonic friends in the connect feature.",5,0,2025-09-08 00:56:47,2b5bfe88-c338-4585-9175-505b6711445a,3.7974684,"1,000,000+"
The Pattern,com.thepattern.app,I find this app very intriguing and interesting!,5,0,2025-09-07 23:42:30,c5167f69-2069-4228-b8e3-667da84b4a16,3.7974684,"1,000,000+"
The Pattern,com.thepattern.app,ever since they added the lens option the insights are so generic and fake,2,3,2025-09-07 16:29:42,9fff88c3-7447-4dda-a64c-c3ad13c33606,3.7974684,"1,000,000+"
The Pattern,com.thepattern.app,"Most expensive app ever. 90 QUID?! What was I thinkin? Some good insights that may relate to me to some degree, but mostly daily confusion. You might say that's my subjective experience. OK! But very vague and multiple daily notifications that totally contradict each other don't offer clarity on the complexity of being human and therefore offers very little guidance or self understanding. I'd be better off reading a long poem called 'every human'. At least, charging that for an app? A racket!",3,5,2025-09-07 01:08:27,f41f7c52-4d8c-4b3b-9185-c5aa239ab3f7,3.7974684,"1,000,000+"
The Pattern,com.thepattern.app,Doesn't even have Singapore as place of birth when it's such a major city. Pathetic,2,0,2025-09-04 20:37:58,24e15359-cec6-4d7f-ae76-a29f5d7da87c,3.7974684,"1,000,000+"
The Pattern,com.thepattern.app,cant even start. I put my birthday in and every time I review it has the wrong date. the location is it where I was born or where I am now? who knows cos it doesnt tell me anything.,1,1,2025-09-04 01:27:01,6b1666a2-23ce-4c82-ad19-70add4c71764,3.7974684,"1,000,000+"
The Pattern,com.thepattern.app,"I can't even sign up. After an hour trying to get an sms code, the app finally saw fit to inform me that it couldn't send me the requested sms. Tried to sign up via email after this. I got several email with links which led me to a browser page where I still couldn't sign up. This is 2 hours of my life completely wasted. Uninstall.",1,46,2025-09-03 02:07:31,5ac572d2-61ff-42c3-b78c-aa484756e144,3.7974684,"1,000,000+"
The Pattern,com.thepattern.app,"Awesome experience, kinda scary because it's almost 100 true",5,0,2025-09-02 22:30:56,99ad829d-b6f8-49c9-b885-a476d0d1ef37,3.7974684,"1,000,000+"
The Pattern,com.thepattern.app,"it used to be good, its terrible now",1,3,2025-08-31 10:02:01,49e07520-19ea-4e5e-baa8-2046cdeadf55,3.7974684,"1,000,000+"
The Pattern,com.thepattern.app,"I've been using this app since 2023, and I loved it at first! The platform was comprehensive and had everything laid out simply with in-depth explanations of the signs, planets, and your ""timing"" as they called it. And most of that was free! We also had an option to share our thoughts with other people in the app after reading our specific timing. Now everything is bland with a peak of basic info, and everything else behind a pay wall! We don't even have the option to share with other users!😤😭",2,48,2025-08-31 05:46:02,c2018158-f903-45d5-9bc7-fd863819acad,3.7974684,"1,000,000+"
The Pattern,com.thepattern.app,weirdly accurate and direct,5,0,2025-08-29 16:27:18,199d2419-6b71-4490-bc28-f60d35439ea8,3.7974684,"1,000,000+"
The Pattern,com.thepattern.app,Exceptional at helping me put into words what I'm feeling. Sometimes I feel like the people behind this app are witches or clairvoyant... 😅,5,0,2025-08-29 13:00:26,c8a4c505-f4a3-4c53-84f0-ea5ff661dc60,3.7974684,"1,000,000+"
The Pattern,com.thepattern.app,Back in early 2020 ish I used this app a lot . there was a lot of great information that was free then. with more in depth stuff for a small payment. we'll some time in 2024 they updated the UI its not as smooth to navigate. feel like a became a pay to use app at that time. there is definitely a not of information you can get but I miss the old set up ..,2,2,2025-08-28 18:08:23,9f82e771-5f61-43c2-8eee-6417d991db9b,3.7974684,"1,000,000+"
The Pattern,com.thepattern.app,Spammy confirmation email from the app opened up a duplicate copy leaving the original copy up and not confirmed (SOMEHOW... ),1,1,2025-08-28 06:24:17,dd889ab8-2ca6-48d1-9b3a-cc6b390cddaa,3.7974684,"1,000,000+"
The Pattern,com.thepattern.app,helpful in relationship and friendship building,5,0,2025-08-26 21:02:03,a9b1dd58-1931-4ad9-be16-ffc4710a4c54,3.7974684,"1,000,000+"
The Pattern,com.thepattern.app,Very accurate!,5,0,2025-08-25 13:20:08,0920d7a2-1b27-4a52-8163-eba7cd2931bb,3.7974684,"1,000,000+"
The Pattern,com.thepattern.app,Highly detailed and personal. I love this app.,5,1,2025-08-25 03:40:25,dc9f1e67-8c86-427d-84ee-ba1d744e5542,3.7974684,"1,000,000+"
The Pattern,com.thepattern.app,way better than nebula and scary accurate. I've never felt so called out and seen in my life and I only have the free version.,5,1,2025-08-25 00:37:26,a8987ad8-b156-4642-aace-21a6ad734961,3.7974684,"1,000,000+"
The Pattern,com.thepattern.app,"The notifications seem to carry some cool insights, when I can read them. sometimes it's cut off and tapping it just opens the app to the homepage. please set it up where it takes you to the notification message or something.",4,0,2025-08-25 00:03:22,b775585b-5f83-4e2c-930b-3298c704e328,3.7974684,"1,000,000+"
The Pattern,com.thepattern.app,Always right on target for myself and the people I want to be supportive of around me.,5,1,2025-08-23 19:50:55,025a1411-eda9-4c72-aedb-ea5a6ea9d026,3.7974684,"1,000,000+"
The Pattern,com.thepattern.app,wish it'd allow me to correct the info on the compatible partners side & give me another opportunity to get that right!,4,0,2025-08-23 18:58:31,eb3db607-264e-4473-a9f5-526fd396af53,3.7974684,"1,000,000+"
The Pattern,com.thepattern.app,"I never thought that an application like this could be created. It is the key to touch this invisible world around us and inside us, also helps us to interact with it. Great! august 2025 and still i use it daily! 4 years now",5,2,2025-08-21 23:59:25,eed35bf2-d598-4b35-9293-5362ac21db9b,3.7974684,"1,000,000+"
The Pattern,com.thepattern.app,the pattern is always on point! scary how accurate it really is.,5,0,2025-08-18 11:29:19,30fe92d8-c8c0-4818-88d4-ce27ce8b2891,3.7974684,"1,000,000+"
The Pattern,com.thepattern.app,this app hits the nail on the head every time,5,1,2025-08-13 22:53:14,3eac818e-7399-4206-b014-90108cc28fbf,3.7974684,"1,000,000+"
The Pattern,com.thepattern.app,"I forget about most astrology apps after the first week, but the push notifications are often helpful and relevant to real time events which helps the usefulness of this app last longer! Even without paying for the subscription, the free info is already expansive and me and my friends love looking through the compatibility bonds! My favorite astrology app so far <3",5,5,2025-08-11 18:56:07,17defd51-2bac-4bb6-add7-e592c35bdc5d,3.7974684,"1,000,000+"
The Pattern,com.thepattern.app,Always on point love how detailed it is!,5,1,2025-08-10 08:10:44,26a23b45-4ad7-44bc-b05d-58eaee4c3611,3.7974684,"1,000,000+"
The Pattern,com.thepattern.app,"This app has been amazing in the past but lately, it keeps cpming up with things that are not true. It used to say ""if this is not the case"" before but not it does not insinuating what their system is predicting is fact. Also would be nice if once you have an actual romantic relationship bond it wouls stop telling you things as if you or your partner are single. honestly feel like it pushes thoughts one does not need when they are in a relationship.",3,3,2025-08-06 19:41:22,5c9d93d6-352f-4635-be26-b5f457b1d1c0,3.7974684,"1,000,000+"
The Pattern,com.thepattern.app,"Tried 2 different ways of signing up, neither worked.",1,0,2025-08-05 00:18:51,c6d2156c-45d0-4d47-8895-f44fc1bb2d11,3.7974684,"1,000,000+"
The Pattern,com.thepattern.app,"ot used to be a very inspiring and deep experience, but lately I m not a fan. the app is overcomplicated and focuses on so many things I get lost while looking for my personal content. I used to subscribe but won't continue",2,3,2025-08-04 20:34:35,9393ed53-a833-4c20-b9ec-350e33e80112,3.7974684,"1,000,000+"
The Pattern,com.thepattern.app,"After inputting DOB data the calculated chart is incorrect / inaccurate. There's clearly a bug affecting the placements calculations. Someone else has already given the heads up less than a week ago, but it has not been fixwd. Example: the ascendant is in a completely different sign and other placements such as the nodes and vertex are also in wrong degrees. Could be a bug on the clock settings",1,4,2025-08-04 16:55:22,1895ec1a-4179-4cc5-96c0-97d1de965613,3.7974684,"1,000,000+"
The Pattern,com.thepattern.app,"By far one of the best apps for Astrology. I will say I miss the old aesthetic of the app. The platform has now adopted a sort of scrolling mechanic for most of the tabs on the app, making it difficult to find what you're looking for. Not to mention, daily patterns have changed to podcast style updates, which do not include transcriptions for the audio. The old layout was much more comprehensible. In all, The Pattern is amazing, though I wish they would refresh the presentation of their app.",3,24,2025-08-04 02:20:30,20a172e8-8662-4997-9395-a447b27102f6,3.7974684,"1,000,000+"
The Pattern,com.thepattern.app,so on point. really nailed it I really enjoy this app,5,0,2025-08-02 09:07:23,591e3541-cff7-4f90-82f3-bc5716c0d66b,3.7974684,"1,000,000+"
The Pattern,com.thepattern.app,"Despite the ridiculous price, I like the healing vibe and the daily reminder. The improvement of the interface is also a plus. I have been subscribing for more than 2 years and I hope the developer can consider the pricing for recurring membership...",4,3,2025-07-29 13:17:19,732c0be0-f5e4-4613-bf13-e5e4a1c01697,3.7974684,"1,000,000+"
The Pattern,com.thepattern.app,"My chart is inaccurate. I've been doing astrology for years. Also, the app has a LOT of bugs/poor programming and design. If you use this app, please check your chart against a reputable astrology website to make sure you are getting accurate information!",1,5,2025-07-28 00:43:10,c2f08561-72c0-4813-a6e0-77c1b86f3364,3.7974684,"1,000,000+"
The Pattern,com.thepattern.app,"As an astrologer, I love the Pattern. Mostly accurate interpretations and the synastry feature is super cool. I am curious on the synastry, what makes you choose certain aspects and yet ignore others? For instance, I have a Pluto square Mars aspect with someone at 4° which is in the Pattern, but our venus/sun conjunction at 1° isn't included. I feel like that doesn’t give a very complete picture not to include such a close, personal planet aspect in the bond. Thanks!",4,1,2025-07-27 20:10:48,9badc5b0-f231-4573-a08e-56e57af060fc,3.7974684,"1,000,000+"
The Pattern,com.thepattern.app,I used to love this app! it was so accurate! now... it's awful. nothing is free and the layout is horrible.,1,4,2025-07-27 09:12:25,50493355-c58f-459f-8360-36b57a1e9a43,3.7974684,"1,000,000+"
The Pattern,com.thepattern.app,"The new UI is terrible, confusing, cluttered and dumbed down. No one wanted the voice notes. Will not be renewing my subscription.",1,9,2025-07-26 22:57:37,04616d6e-3838-4d58-81dc-f0388c09758c,3.7974684,"1,000,000+"
The Pattern,com.thepattern.app,"seriously eye-opening, life changing",5,1,2025-07-22 23:53:23,b353bb9a-8800-4ef3-b270-1878619721cf,3.7974684,"1,000,000+"
The Pattern,com.thepattern.app,I just had 300 plus dollars worth of s*** stolen from me And the app tells me I need more self-love....,2,1,2025-07-22 01:18:28,b32af167-58bf-4868-aa0b-09c567eee724,3.7974684,"1,000,000+"
The Pattern,com.thepattern.app,"I absolutely love this app because it is spot on about what it has to say and accurate. If something doesn't seem right, it gets you wondering, which is even more great for your spiritual journey. I really enjoyed the questions it would ask, helping one to express theirself in such a light that you feel like your opinion mattered to be heard from whoever decided to read, and reading anothers comment towards the question helps one to reflect and grow in whichever way possible. How do I share?",5,4,2025-07-21 04:44:39,9cf6833b-70bb-466d-82dd-88e2da07a7c5,3.7974684,"1,000,000+"
The Pattern,com.thepattern.app,the aspect ratio has changed and I can't access the menu options or my chart in the app as they're now directly under the status bar,2,2,2025-07-20 05:33:36,2a5a6d0b-17bb-4cba-9255-005d035e4ff6,3.7974684,"1,000,000+"
The Pattern,com.thepattern.app,"The app used to be cool, they gave you a lot of information about your astral chart, you could go check what happened in your life at a certain point for free but now everything is behind a paywall and even the astral chart is gone, now you don't even know about that anymore, I'd rather use other apps if you're interested in your astrological chart.",2,4,2025-07-20 02:00:03,ace9b4de-d9c9-41cc-8e92-65b2ac8a741b,3.7974684,"1,000,000+"
The Pattern,com.thepattern.app,pretty accurate,5,0,2025-07-19 08:58:41,967484d6-def9-4b72-bc19-45a4760a9c21,3.7974684,"1,000,000+"
The Pattern,com.thepattern.app,"Love this App, Really appreciate that I can see relationship and friendship bonds.",5,0,2025-07-18 22:34:00,f17c806f-06d6-4941-9f83-063e26df5c04,3.7974684,"1,000,000+"
The Pattern,com.thepattern.app,"In the beginning, it was cool. My profile was relatively detailed and I could look at how my friends and I matched but after the initial wow it just becomes shoving premium in your face every single notification you get. Incredibly annoying.",2,3,2025-07-17 22:47:40,6d020372-2880-443d-885d-7018b3e2fac4,3.7974684,"1,000,000+"
The Pattern,com.thepattern.app,great insights,5,0,2025-07-17 20:51:33,f67c00fa-3e66-4e1c-9fdd-74a3e9dc5299,3.7974684,"1,000,000+"
The Pattern,com.thepattern.app,Pretty good overall but too many things for which they want to make you pay for.,3,1,2025-07-15 22:31:32,900eaf7c-1c57-44cc-817a-b89c4b94d2ea,3.7974684,"1,000,000+"
The Pattern,com.thepattern.app,"most accurate app ever, it got my girlfriend a job",5,1,2025-07-14 01:55:55,d51ccc09-4c9b-40ec-8348-ccc3374fcb86,3.7974684,"1,000,000+"
The Pattern,com.thepattern.app,Used to be wonderful. Now it is nothing more than a paywall. What a shame.,1,2,2025-07-12 21:52:57,69ad035e-6a75-4821-8c86-8ab0914f62a5,3.7974684,"1,000,000+"
The Pattern,com.thepattern.app,"This used to be a good app, the new layout is just confusing and even after having it for a few months I still don't know what's going on. I just used it for the first time in a long time to check out this full moon and realised I have to pay €80 per year to see how the full moon affects me....ridiculous. also the audio notes that you are forced to listen to are stupid and annoying. bring back the old app and stop charging ridiculous prices.",1,8,2025-07-10 05:45:19,e04f02bd-6b8a-4e19-8c34-01d67349b301,3.7974684,"1,000,000+"
The Pattern,com.thepattern.app,Jaw-Dropping Accuracy & Deep Self-Awareness! I’ve explored countless self-knowledge apps left feeling underwhelmed & skeptical. Then came The Pattern- Wow! Seriously eerily accurate. It uncovers your personality with uncanny precision & delivers insights about yourself & your relationships. Allows you to connect dots you possibly never would have before. ONLY APP I CAN SAY HAS MADE SUCH A POSITIVE DIFFERENCE IN MY LIFE & RELATIONSHIPS! Developer: Please make a monthly billing option!,5,1,2025-07-10 05:34:17,b135ba9d-fa6d-4d15-9a97-2e59d87e1334,3.7974684,"1,000,000+"
The Pattern,com.thepattern.app,exceptional! insightful. this has opened my mind up to a whole different perspective towards astrological readings,5,1,2025-07-09 08:10:22,04b6cdcc-7963-4c16-b558-8471a3015718,3.7974684,"1,000,000+"
The Pattern,com.thepattern.app,Very accurate Astrology app.,5,1,2025-07-06 15:25:32,9434c8b8-7b0b-451f-add2-064cd70aa339,3.7974684,"1,000,000+"
The Pattern,com.thepattern.app,"fantastic, couldn't recommend more!",5,0,2025-07-05 07:10:35,c9d98826-40e1-4577-a567-c052ddf2b8e1,3.7974684,"1,000,000+"
The Pattern,com.thepattern.app,used to be free now they want you to pay for stuff I'm definitely deleting and not coming back,1,0,2025-07-03 00:25:44,acfab35b-ec20-4b22-b288-c1cbc81de520,3.7974684,"1,000,000+"
The Pattern,com.thepattern.app,"I used to love this app. It was the most accurate western astrology app I have found. I am not a fan of the update aesthetics, but more so too much of the app is now behind a paywall....ope now I can't even log in. well it was nice ✌🏻",1,7,2025-06-30 23:16:38,90ce10bd-5de3-442e-b913-b74df2406799,3.7974684,"1,000,000+"
The Pattern,com.thepattern.app,Amazing very insightful I like it very much well done developing crew 👏 👍 💯😎,5,1,2025-06-30 09:05:33,0e0ab739-2cc9-42d4-b971-13b8e6f19687,3.7974684,"1,000,000+"
The Pattern,com.thepattern.app,bought the paid version. listened 4-5 insights. all other (that should be fully unlocked) are loading ... and loading ...,1,0,2025-06-28 22:26:29,d445f504-9ab8-4a1b-aeae-2431e5e0a725,3.7974684,"1,000,000+"
The Pattern,com.thepattern.app,"this app used to be so good, now I can't even see my friends charts because a bug on the friend's chart says ""you must be friends"" while the friend menu says we are friends",1,2,2025-06-27 23:46:27,f6d9690a-b03a-4c6d-a0f4-b6067b08a2ff,3.7974684,"1,000,000+"
The Pattern,com.thepattern.app,"Es una app genial, las predicciones son muy buenas y explicadas de manera sencilla, no necesitas saber mucho de astrología. Los vínculos muy acertados también con mis relaciones. Es una app mágica. Aunque está todo en inglés por suerte lo entiendo muy bien.",5,0,2025-06-27 04:34:47,966584bd-851a-4632-bd12-70e27576f7cf,3.7974684,"1,000,000+"
The Pattern,com.thepattern.app,this is by far one of best apps there is it's dead on with your horoscope,5,1,2025-06-25 09:48:01,f254e82c-9dbe-418b-81be-43596a70d44b,3.7974684,"1,000,000+"
The Pattern,com.thepattern.app,I've just taken the premium membership. The connect feature isn't working at all. Love the app otherwise.,3,0,2025-06-24 13:38:57,210acfad-25b3-492d-b854-2870290bb7d8,3.7974684,"1,000,000+"
The Pattern,com.thepattern.app,Best Spiritual app I've ever used. Most reliable and almost creepily personal lol. Helped me through everything,5,0,2025-06-24 03:36:36,68cd1235-c220-480b-8965-23fc81888ba1,3.7974684,"1,000,000+"
The Pattern,com.thepattern.app,"Can't do much on this app. Stays frozen, stuck on a page, and can't get to another page.",1,0,2025-06-23 22:46:21,46c6dd3f-19eb-4882-9815-1a703a2c16b8,3.7974684,"1,000,000+"
The Pattern,com.thepattern.app,please change the way you enter the birthdays. Typing the date in is more efficient.,3,0,2025-06-22 23:03:55,21477913-a320-404c-b1aa-5cdf39026915,3.7974684,"1,000,000+"
The Pattern,com.thepattern.app,one of the best apps I have ever down loaded I have learned so much about everyone including my self within this so,5,1,2025-06-22 16:46:09,b7b17282-e954-4069-9c58-96b9da9513ec,3.7974684,"1,000,000+"
The Pattern,com.thepattern.app,"even if i register my birthday accurately, owing to a technical glitch, the birthday date automatically changed. if birthdate is wrong, it cannot predict accurately . I cannot even edit my birthday later",1,1,2025-06-22 09:23:58,259bddc5-dd20-450c-94b9-21a6de82f056,3.7974684,"1,000,000+"
The Pattern,com.thepattern.app,I really used to love this app. Used it for years. They changed the whole layout a while back and I absolutely hate it. I barely use it now and have been considering deleting it. Sucks!,2,4,2025-06-22 04:43:58,15222c6b-21a9-48dc-ae16-c74986e93f1d,3.7974684,"1,000,000+"
The Pattern,com.thepattern.app,"As much as I want to like this app, I can't. There are so many issues but the main one is friends. I've updated this app & still can't see my friends list where the friends list should be. This app works perfectly on Apple devices just sucks on Android. When I try to view any bonds the pay option comes up. It's ridiculous & expensive! The Co-Star app is at least affordable. I'm so tired of subscriptions, everything is a subscription. Why can't this be a one-time permanent payment?!",2,15,2025-06-18 18:02:13,8c8fad9a-babb-46a8-8353-bebc760ce9d1,3.7974684,"1,000,000+"
The Pattern,com.thepattern.app,"I used to absolutely love this app and it was one of the best for astrology insights out there. Now with these new changes they've made make you pay outrageous amounts of money if you want to ""go deeper"". You never used to have to do that. You could just click go deeper and that would be that. What a load of garbage. It was perfectly fine being free, especially to loyal users who have had The Pattern for many years. Thanks for ruining a perfectly good app that didn't need changing. Devastated.",1,16,2025-06-13 12:21:06,6f0c3800-b885-413b-ad07-86a6884f131a,3.7974684,"1,000,000+"
The Pattern,com.thepattern.app,endless log in loop. annoying. Uninstalled.,1,0,2025-06-10 23:17:12,0f95e810-c330-406c-9701-8fae0b207da3,3.7974684,"1,000,000+"
The Pattern,com.thepattern.app,very precise,5,0,2025-06-07 19:59:12,bfcf8556-70fc-4f12-8889-915116cbf5c8,3.7974684,"1,000,000+"
The Pattern,com.thepattern.app,not about that life,1,0,2025-06-06 23:53:24,2e92ca9d-bdf2-408a-b72c-04ec717df7de,3.7974684,"1,000,000+"
The Pattern,com.thepattern.app,"The best app I have ever had, hands down my favorite. It's dead on!",5,0,2025-06-06 08:30:17,deb5c9f4-ba58-4fa5-a339-9f352bb0ff4a,3.7974684,"1,000,000+"
The Pattern,com.thepattern.app,Scary accurate ! ! -Strong minds advised .,5,1,2025-06-06 05:05:09,bb81b9d6-39c7-4228-807d-c92d49367398,3.7974684,"1,000,000+"
The Pattern,com.thepattern.app,Wow! This app is bringing you some insights! Specially valuable when you run a bond and takes you into new understanding level in your relationship!,5,0,2025-06-06 01:36:36,796b1a44-e5c8-4862-b26c-0df9e94363fa,3.7974684,"1,000,000+"
The Pattern,com.thepattern.app,The option to sign in with Google doesn't work,1,0,2025-06-05 19:38:25,ca1916d4-cb23-4bb5-95c4-badc24a42f07,3.7974684,"1,000,000+"
The Pattern,com.thepattern.app,"this app is the best astrology app i have ever come across. it always pops up with the most tuned, aligned, and almost prophetic messages and audios. Highly recommend.",5,1,2025-06-04 02:09:53,bb8391f0-d11d-4258-a081-d2839e99428e,3.7974684,"1,000,000+"
The Pattern,com.thepattern.app,"I compared insights with a friend, we're not even the same sign, this app was making us sound so special... with the same exact hook, word for word. It was very weird, honestly makes it look like a scam and that's why I'm uninstalling it.",3,3,2025-06-02 22:20:49,0703a95f-bf33-4f25-8bc7-883f8bceb842,3.7974684,"1,000,000+"
The Pattern,com.thepattern.app,not able to select 'Singapore' when editing a custom profile.,2,0,2025-06-02 03:33:30,b969c06a-f235-4918-8795-b3308ff2b2c7,3.7974684,"1,000,000+"
The Pattern,com.thepattern.app,"I used to love this app, but it's become annoying and difficult to navigate, and anything worth diving into is easily accessible elsewhere, without a paywall. The paid version is astronomically expensive for what you get. Google is just as helpful, as is ChatGPT. Too many useless notifications for general information about planets shifting and whatever else. And now today, a notification for something I can only access through the paywall. Do better, more service, less greed.",2,18,2025-06-02 01:21:09,2684aaa9-1db1-4ecd-8ff3-28619caa3e46,3.7974684,"1,000,000+"
The Pattern,com.thepattern.app,helps me to think positive,5,0,2025-05-29 08:33:19,d0514494-7099-43c8-9818-9e9155cecff0,3.7974684,"1,000,000+"
The Pattern,com.thepattern.app,"I really like the pattern. not so much their audio content thoufh and the fact that it isn't marked. it happened so many times that I wanted to read the patterns input and open it, just to have a voice blasting from my phone 'you were born...' in public transport. or my office. could you please change that, eg. indicate audio content?",5,7,2025-05-27 13:39:00,e011a577-d8b7-46a2-b642-3e9aa98ad271,3.7974684,"1,000,000+"
The Pattern,com.thepattern.app,"very explainitory and in depth with extras u don't find many other apps highly recommend, I use daily and have even paid for the upgraded version this year I loved it so much!",5,1,2025-05-26 22:01:03,ad2edb54-cd4e-4944-ab20-19979a00672c,3.7974684,"1,000,000+"
The Pattern,com.thepattern.app,Informative.,5,0,2025-05-24 09:14:17,39615b09-e255-4b9c-bff4-b590e583dde8,3.7974684,"1,000,000+"
The Pattern,com.thepattern.app,has always been pretty accurate and I've always loved the detail it goes into without putting your traits into rigid boxes. I understand the increase in subscription content but I really miss the old format of the app I feel like it looks to minimalistic and full of what looks like stock photos. the information as of recently feels much more vague and the additives of exploring how each lunar cycle affects you is cool but the content is front and center and 90% of it is behind a paywall.,3,10,2025-05-21 22:22:50,43bb548d-6890-48a7-89a7-2598f9d28c50,3.7974684,"1,000,000+"
The Pattern,com.thepattern.app,"For years, this was the best app of its kind. After they created the new paywall with audio readings, everything went downhill. I don't mind paying but I don't think the quality is where it used to be. I also don't always feel like listening to a reading. It used to be so much better. PS- $84.00 annually for premium?! have you guys lost your minds? The saddest thing is I no longer have the daily Do's and Don'ts but some of my friends still get it. Is it because I'm on Android? 😢",1,11,2025-05-19 06:56:34,2349a7dd-8684-4366-962f-5e69875449eb,3.7974684,"1,000,000+"
The Pattern,com.thepattern.app,"not used, not much on zodiac astrology hokey-pokey.",1,0,2025-05-15 10:41:32,a4e5033b-eb5c-4ab3-90c0-6355d3640012,3.7974684,"1,000,000+"
The Pattern,com.thepattern.app,"The new app layout is just terrible, it's too complicated and busy. The old layout was easy to use and everything made sense. I've tried to give the new layout a chance but it's just a terrible design compared to the old layout. The developers need to try harder to go back to the old layout and if necessary make adjustments but the new layout is just too busy. The old layout made sense. Very disappointing. This was my favorite app, now I don't even feel like using it. The developers failed",1,67,2025-05-11 22:08:56,1dcdb5cf-b9aa-4300-89af-b30b4bb6931c,3.7974684,"1,000,000+"
The Pattern,com.thepattern.app,"I really enjoy this app – it's insightful and user-friendly. It would be even better if there was a feature to check astrologically favorable dates for specific events like starting a new job, signing contracts, or making big decisions like ""bonds"" That would make it a truly powerful tool.",5,3,2025-05-11 17:27:54,a0cb3df1-7804-49be-9fee-9174e67aae0e,3.7974684,"1,000,000+"
The Pattern,com.thepattern.app,absolutely favorite astrology app. very accurate and beginner friendly. haven't tried premium as it is too expensive.,5,1,2025-05-11 16:26:29,b33dd43d-1c17-4e9e-8afe-0b25fb4779d9,3.7974684,"1,000,000+"
The Pattern,com.thepattern.app,used to be good a few years ago but now just full of voice recordings as default and unintuitive navigation,1,2,2025-05-10 06:35:47,51a07656-f407-4821-8a0b-e5c4d89083ad,3.7974684,"1,000,000+"
The Pattern,com.thepattern.app,best app it's written in the stars fr.,5,0,2025-05-09 18:26:31,8f05bb66-44b6-4aeb-b345-51ec7ac7ab56,3.7974684,"1,000,000+"
The Pattern,com.thepattern.app,this app fell off in a really bad way use to be good idk what it is now just feels empty and hollow. I recommend astro matrix if your looking for a good astrology app they give you way more info without price gating everything.,2,6,2025-05-09 15:40:56,f06b8a4c-9d97-4841-bb70-684b66385560,3.7974684,"1,000,000+"
The Pattern,com.thepattern.app,"I was recommended this app my a friend and wow am I glad she did because there's so much to read and it's all been scary accurate. I love this app already, it's so cool!!",5,0,2025-05-06 18:53:23,18a6fbe6-e5e3-4973-ab49-812a18efbe7e,3.7974684,"1,000,000+"
The Pattern,com.thepattern.app,Wretched app. Was insightful and interesting back when it was new; as time has gone on the quality of what has become counterintuitive and just plain wrong drivel plummeted to rock bottom; I am so disgusted with the false advice and insights that I don't believe I am ever gonna try this app again. This was the last chance and it was worse than before with even less unique features and trivia type fluff to make up for it.,1,3,2025-05-04 23:13:34,0a369c62-7810-455a-936f-47755c974252,3.7974684,"1,000,000+"
The Pattern,com.thepattern.app,"this is the most spot on app I have ever experienced in my life. if you are out there seeking knowledge from your horoscope, this app will tell you things that you never knew in a way you'll never forget. I can't Express how impressive this app really is.",5,1,2025-05-02 19:33:56,60357599-c4a4-4269-9dc4-8bde84b853ba,3.7974684,"1,000,000+"
The Pattern,com.thepattern.app,"Used to love this app. The recent changes have made it confusing, clunky and ofcourse now you need upgrade to access certain features. also really dislike that I have to listen to someone speak the daily patterns. I won't continue using it.",1,3,2025-04-30 22:53:47,88bc6b79-955d-4e40-ad92-9f7eb2d33a2d,3.7974684,"1,000,000+"
The Pattern,com.thepattern.app,"I love this app! BUT! I bought the premium version and am unable to listen past the 1st audio for ANY audio recording. I click the play button on the next audio after listening to the first and it won't register or play. it's very disappointing, I paid for the 3 month subscription and a month. half in I still can't continue listening to the great information that's being provided! please fix!! 👋",3,15,2025-04-30 15:44:15,a1df134b-2bea-4714-bfd4-204c9fe1afcc,3.7974684,"1,000,000+"
The Pattern,com.thepattern.app,"best app ever I use it every day! As a very strong psychic, I Come to notice that when I have a sense or feeling about a day or event happening in my life.The pattern app has always given me the confirmation and validated needed that aligns with my inner truth!",5,1,2025-04-26 23:55:05,5498986b-e9d7-4eab-9eb7-9c510c41d3fe,3.7974684,"1,000,000+"
The Pattern,com.thepattern.app,"I found this app really helpful and then it kept glitching and refused to work I just tried to download it again, but it's not allowing me to to sign up with a new email, refuses to recognize my previous log in details but also won't accept it if I try create an account with it. It never sends a code to my phone and then says too many attempts for security reasons. Great app, horrible user interface",1,5,2025-04-25 13:27:10,7d9f822e-cdc2-4edd-b9ba-be24652274f5,3.7974684,"1,000,000+"
The Pattern,com.thepattern.app,"The restrictiveness seems creepy, lack of access to my own chart. I would like to be a subscriber but there is zero option to just do a month at a time and it's actually too expensive for me to sub any option which really bums me out I wanna read about Em & Dre!!",3,2,2025-04-22 17:01:59,036b0166-8a8a-411c-816d-0323ad542520,3.7974684,"1,000,000+"
The Pattern,com.thepattern.app,"This app used to be fantastic. They now changed the layout, the style of how they explain things, and the amount of information provided. Before the majority of the app was free, now there is a paywall if you want to read an entire description of anything. Deleting this app after years of use because it is useless now. The app was perfect a year ago, I even considered paying the subscription a year ago. But they ruined everything good about it.",1,3,2025-04-22 08:12:12,94b5824c-8b3b-4055-ab25-6f49da3bb56e,3.7974684,"1,000,000+"
The Pattern,com.thepattern.app,It used to be great but the last couple of years they've been changing it and hardly use it anymore. May even let go of the subscription due to it. Smh,3,1,2025-04-21 07:22:45,82428dc7-e6c0-4f00-879f-ce160a946b49,3.7974684,"1,000,000+"
The Pattern,com.thepattern.app,used it all the time before the update that lost all the comments section. This place was instrumental to me in my perceptions of people. People of all colors and nationalities came here to discuss with equal depth and understanding their issues as well as help those who did. It showed me beyond the mental awareness that people are people and should have no differences. I miss that so much I'm dropping the app. The advice section while right on was sometimes stuck in the negative.,3,12,2025-04-20 06:29:46,11fe17ca-09db-4e5f-a304-72d15625d135,3.7974684,"1,000,000+"
The Pattern,com.thepattern.app,Absolutely volatile. I love this amazing app. It sheds so much light and information about you and whoever you add to your bonds. It's Absolutely on point I am so happy I downloaded this,5,1,2025-04-18 19:44:46,0fa43396-3806-4cd2-bbcf-d9bc7d522e34,3.7974684,"1,000,000+"
The Pattern,com.thepattern.app,So correct and specific that it will make you think its hacking ur phone,5,1,2025-04-17 05:56:16,726dca0b-84c0-4bb1-aadf-077199c3053e,3.7974684,"1,000,000+"
The Pattern,com.thepattern.app,Can't even open it and does not display correctly on my Galaxy S22,1,0,2025-04-17 04:54:44,ef5aff78-d1d3-4a9d-9c82-03af5b1afb24,3.7974684,"1,000,000+"
The Pattern,com.thepattern.app,"Hi, I recently found out my actual birth time but I can't understand how to edit it on the app. Any guidance, please?",2,0,2025-04-16 07:45:52,4df5202d-da52-43a4-88aa-afba6bd5b10a,3.7974684,"1,000,000+"
The Pattern,com.thepattern.app,"please fix the location selecting when creating a custom profile. some locations are not searchable, and also can't be selected on the map.",2,0,2025-04-14 20:51:35,31e31220-1dec-4300-81c5-f0abdfa935ad,3.7974684,"1,000,000+"
The Pattern,com.thepattern.app,"The Pattern is such an exciting, fun && informative app! Running bonds will tell you what type of relationship two people have or if maybe there were past life encounters, which is pretty cool. A feature I would like to see on the app would be the option to see who has 'Run a bond' with my profile. Other than that, I enjoy this app tremendously!!",5,8,2025-04-13 08:11:12,0191abe1-0c7c-4a50-b4a8-638e450a26cd,3.7974684,"1,000,000+"
The Pattern,com.thepattern.app,"It would be 5 stars but they took away being able to ""time travel"" aka look at past challenging cycles or future ones for free. and the price is crazy high so it's not a reasonable option it's the same as deleting the feature lol",4,2,2025-04-13 06:03:27,356bb036-ed47-4abf-bd81-6aa1041d6855,3.7974684,"1,000,000+"
The Pattern,com.thepattern.app,creepily accurate and I recommend to ANYONE,5,1,2025-04-13 04:26:25,b2968e83-cf4d-4c42-909d-4560e7d4631b,3.7974684,"1,000,000+"
The Pattern,com.thepattern.app,"This used to be a great app, with a lot of cool information,until they put everything behind a paywall. It ruined the app, in my opinion. Some things, sure, fine, but it's almost useless now. Want to get a deeper insight? Too bad, better subscribe. Oh, and the interface is to be a lot more intuitive",1,34,2025-04-11 23:38:00,24ac43a3-2aca-4fd8-9d25-27a663c1c074,3.7974684,"1,000,000+"
The Pattern,com.thepattern.app,"I have two accounts on two different mobiles. And, ridiculously the two results are different, although I used the same information for both the accounts.",2,0,2025-04-11 09:28:54,a7d46a0c-b23f-4c67-a5e2-d06e884e8ffe,3.7974684,"1,000,000+"
The Pattern,com.thepattern.app,"it's interesting at first, some of the things it said we're pretty impressive but other things were not even close. But after the initial viewing of it the stuff gets kinda repetitive",3,2,2025-04-09 08:55:51,396dee99-4ea2-4dac-b3b4-e91a1b363341,3.7974684,"1,000,000+"
The Pattern,com.thepattern.app,"I really loved this app when it first came out but it has changed SO much from the original content that it doesn't seem as useful anymore. Without paying, the app feels like such a ""diet"" version of what it used to be.. Very limited information based on your actual sign/chart now and toooo much audio. I get paying for certain features, but when it's not tailored as much as it used to be it just doesn't seem worth it to me.",2,25,2025-04-08 22:31:00,8e1388b6-bc8e-44e1-9351-01e5d16458c5,3.7974684,"1,000,000+"
The Pattern,com.thepattern.app,"I love some aspects of the app. However it is too general. It doesn't go into square or opposite specifics, or harmonious trines. Its all lumped into complexes. It intrigued my curiosity but it proved ultimately disappointing. . I gave it a try and will ride out the 3 months However i won't continue the subscription. As after paying for it i was disappointed by how general and vague the paid subscription information proved to be. 3 month minimum price seems to me an unjustified expense.",3,5,2025-04-06 09:02:51,13662b9e-a5c7-42c5-9d78-2f649fa223e3,3.7974684,"1,000,000+"
The Pattern,com.thepattern.app,"the insights this app provides are very interesting. unfortunately at $80 a year it is too much in my opinion, maybe if it was a one time fee that might be more reasonable. I've rated it three stars because of the cost issue",3,5,2025-04-06 01:07:28,718ab6c7-0b09-49cc-8120-8d0ff6cb8b47,3.7974684,"1,000,000+"
The Pattern,com.thepattern.app,"I've been using this app for years, but just noticed that my physical astrology chart in the app is wrong. When I input my birth information into any other astrology site, it consistently shows that the houses are one off from what The Pattern illustrates. My partner, who also uses the app, confirmed the same thing. Does this mean that all the descriptions in The Pattern are incorrect?",3,1,2025-04-05 02:48:10,46d11adf-3bc7-407d-95a5-9d4e98bf0bec,3.7974684,"1,000,000+"
The Pattern,com.thepattern.app,"There used to be a community aspect to this app, and now that's gone. I used to be able to just read what's going on with the stars and planets really quick, and now I have to click pause on a slow speaking woman before I can read anything, and that information is no longer complete because the rest of the insights are locked behind a paywall. I used to be able to read almost everything about my own chart. I used to like this app. I've finally uninstalled it because at this point, I just can't.",2,2,2025-04-02 00:33:32,8e3f0df8-1677-48ad-8b63-d3e0d76ec7ca,3.7974684,"1,000,000+"
The Pattern,com.thepattern.app,"This used to be one of my favourite apps. unfortunately, like everyone else, I hate the new layout. I also would love to subscribe, but only monthly. Its silly that this isn't an option. I can't afford $50 in one payment. and $50 is also way too pricey for 3 months. If it was $25 then maybe I would.",2,8,2025-03-29 14:23:13,6fe2e82b-10a2-4895-8554-5c6380a47eff,3.7974684,"1,000,000+"
The Pattern,com.thepattern.app,"Has really gone downhill in the UX realm, forced audio listening and you can't swipe away the forced audio to close the app, difficulty in navigation and re-finding notification content. Sad to see it",2,1,2025-03-29 00:06:46,7ef40a36-723c-482c-8997-1d08ccb7dddd,3.7974684,"1,000,000+"
The Pattern,com.thepattern.app,"This app was a nice way to understand complex things in simple ways; however, ever since the major update it feels way too gimmicky. I swear you used to be able to customize what push notifications you get, but I can't find that option anymore. I DO want some notifications but not all, and get spammed all day now. Guess what my only option is? Yep, silencing the app entirely. Nice.",2,30,2025-03-27 00:14:17,d2eccb72-af06-4e6d-83c3-51b6099a9eb3,3.7974684,"1,000,000+"
The Pattern,com.thepattern.app,"I have loved this app for years but am deleting it after all the annoying changes. I don't want to listen to audio, and so much is hidden behind a paywall now. Co-star has its own issues but is much better since Pattern went all audio.",1,4,2025-03-26 23:26:56,e47dec80-b8ab-4d77-b07d-23e1f509a4de,3.7974684,"1,000,000+"
The Pattern,com.thepattern.app,"repetitive and says the same things over and over, the app is about getting you to purchase the expensive subscription. The analysis you get seems to be rotated every few weeks so you find yourself reading the same thing in 3/4 weeks",1,3,2025-03-21 20:10:35,22e914c1-4244-439f-9c5d-52e4e15f61ed,3.7974684,"1,000,000+"
The Pattern,com.thepattern.app,"not user friendly, too little info, premium too expensive ...",1,4,2025-03-21 15:31:57,b04b88de-d164-4f44-90e3-afa5588243bb,3.7974684,"1,000,000+"
The Pattern,com.thepattern.app,Can't find birth place,1,1,2025-03-20 22:48:40,d00fc4f0-23b7-41e1-bf34-3c1651442e2d,3.7974684,"1,000,000+"
The Pattern,com.thepattern.app,really enjoyed this app as a little bit of fun/guidance but now everything is a miniature podcast and clicking to read the insight just tells you to listen to the insight to find out more. I don't know what is fueling The Pattern's clear identity crisis but bummer.,2,2,2025-03-20 19:32:00,be5d8a51-a75d-4a46-a0f7-9213ca71523b,3.7974684,"1,000,000+"
The Pattern,com.thepattern.app,"feature request: i would consider subscribing if there was an option to set the chart to sidereal, ayanamsa = Lahiri, house system: [equal, whole, placidus]. thanks.",4,1,2025-03-19 23:46:41,e057486d-722f-4a24-8a54-d76fe3e4a9c8,3.7974684,"1,000,000+"
The Pattern,com.thepattern.app,have not spent much time but what time I have spent it's pretty cool 😎 try it peeps.,2,1,2025-03-18 14:04:45,cbaa3d8d-bcb2-44c2-b43e-27c4a6ff65e0,3.7974684,"1,000,000+"
The Pattern,com.thepattern.app,I love this app!,5,0,2025-03-18 06:17:25,0f49bad6-630f-4500-ad93-818a51ca8de7,3.7974684,"1,000,000+"
The Pattern,com.thepattern.app,love!!! so on point with everything 👌,5,0,2025-03-16 01:30:39,6db1255f-d102-4ee5-b0c9-0ef9db9313a2,3.7974684,"1,000,000+"
The Pattern,com.thepattern.app,"No way bro, this app is just too good! Legit all the major event shifts happened in my life this app said everything clearly like exact dudeee fo for it",5,0,2025-03-15 19:47:35,f1db70e0-7354-4850-a458-652bfb1327e3,3.7974684,"1,000,000+"
The Pattern,com.thepattern.app,Fantastic!!!,5,0,2025-03-14 22:10:51,4ccb0336-4ad9-4639-86c7-6a931006efc1,3.7974684,"1,000,000+"
The Pattern,com.thepattern.app,"I really dislike that there is no obvious way for me to see the content shown in my push notifications if they get swiped away. If it is there somewhere, the scattered interface doesn't make it apparent. I don't even know why I still use this app, it's a shadow of how great it was several years ago :( I really wish they never changed it, the old app was amazing!",1,19,2025-03-14 07:36:25,11c53101-1c4b-45c6-abb5-3f27e41a2b6a,3.7974684,"1,000,000+"
The Pattern,com.thepattern.app,The amount of relevancy & accuracy is insane. Very nice user experience as well.,5,0,2025-03-13 08:44:58,41061041-9b33-47aa-8090-ca1c6bdf4b31,3.7974684,"1,000,000+"
The Pattern,com.thepattern.app,"audio is stupid there's no depth to anything like there used to be, there no timetable like there used to be, I would consider paying if you just went back to the original, it was fire then, now it's just ashes of what used to be. The only reason I havnt deleted the app is random notifications it sends me throughout the week are accurate but anytime I actually open the app I despise the developers",1,12,2025-03-12 08:47:57,861db104-ce75-4cf5-9d2d-eab1c2f5bc6e,3.7974684,"1,000,000+"
The Pattern,com.thepattern.app,"It's total waste of time , this app is a trash, it's mountain of trash",1,4,2025-03-11 20:15:03,e908dbe4-010f-4e20-81e1-6c1baa0d1709,3.7974684,"1,000,000+"
The Pattern,com.thepattern.app,LOVEEEE this APP,5,0,2025-03-10 01:14:37,173b4f17-2041-4448-8d68-a604545b6869,3.7974684,"1,000,000+"
The Pattern,com.thepattern.app,"I never write reviews but I am so overwhelmed by how seen I feel through this app. This is the difficult advice you sometimes don't want to hear, stripping down to the heart of issues. Encouraging you to treat yourself with patience and grace while you work through your specific life's challenges. Thank you The Pattern! Also for the amount of work that's gone into this it's totally worth paying for the subscription.",5,2,2025-03-08 14:55:26,8646cfaf-208a-40da-a37d-2f4c0431e71d,3.7974684,"1,000,000+"
The Pattern,com.thepattern.app,It speaks to my soul 😻,5,0,2025-03-07 12:51:14,5f9cc6ba-6aba-4767-bbe2-c917d694f51d,3.7974684,"1,000,000+"
The Pattern,com.thepattern.app,Pretty impressive. This app has a lot of accurate insights for people who follow the zodiac and planets.,5,0,2025-03-07 06:25:10,63c918d5-44fd-4730-9946-09591056ab75,3.7974684,"1,000,000+"
The Pattern,com.thepattern.app,"You have to pay for everything now. They got greedy. Review edit: See comment below. They allow you to listen probably to the first minute or less tbh and if you want to continue to listen, then you need to pay them monies. It didn't use to be that way so it's not really free like they're saying haha. Funny failed recovery.",1,3,2025-03-07 03:53:43,23525da5-a2c1-4942-b2cf-2d5f702f50a5,3.7974684,"1,000,000+"
The Pattern,com.thepattern.app,Absolutely love this app!!,5,0,2025-03-06 23:53:23,5f6ca944-e561-4c67-8b29-2d6f1b6e4fba,3.7974684,"1,000,000+"
The Pattern,com.thepattern.app,"Love love looove this app! I have used it everyday for years, and i highly recommend it! Edit: a dark mode would be greatly appreciated 🫶",5,0,2025-03-06 07:26:35,29988ee0-8c00-4ebb-a133-c623dd583a50,3.7974684,"1,000,000+"
The Pattern,com.thepattern.app,Does this app use western or vedic astrology?,3,0,2025-03-02 02:24:57,bdd778ad-50ae-4940-b87c-7e9af68a56f6,3.7974684,"1,000,000+"
The Pattern,com.thepattern.app,I used to love this app.. it used to be 5 stars when it was more simple and less colorful. I just updated it and I wish I hadn't. I miss the older version. I'm extremely saddened by this.,2,3,2025-03-01 00:27:45,070743d0-a057-4ed5-9851-8680a4509713,3.7974684,"1,000,000+"
The Pattern,com.thepattern.app,Amazingly in depth and informative,5,0,2025-02-28 05:41:09,0f42df36-30d6-4aea-832c-c87770446777,3.7974684,"1,000,000+"
The Pattern,com.thepattern.app,"App went from 5 stars to 2. The entire app changed, and its all locked behind pay features now. N that is alright as long as it's not ridiculously expensive, which it is. Big sad face for ruining one of the best apps that existed at one point in my opinion.",2,2,2025-02-28 02:54:33,5d0fb706-30f4-4f87-b3fb-c1b9b105eadd,3.7974684,"1,000,000+"
The Pattern,com.thepattern.app,"This app used to be great but it's really gone downhill. Guessing it got bought from a new venture capitalist who cares more about monetizing than quality information. The old descriptions are still good, but the new timing pieces are garbage.",1,4,2025-02-27 13:50:51,6a6db6e3-d83f-4da0-a074-041b58f9dbdd,3.7974684,"1,000,000+"
The Pattern,com.thepattern.app,Idk even no how to use it..,2,0,2025-02-25 05:39:32,fabfdea4-b1b1-4222-9c8f-250e8ebf6951,3.7974684,"1,000,000+"
The Pattern,com.thepattern.app,"This was the best app for interacting with other intelligent, grounded and enlightened people. The app started for the first several years you could write your story or reaction to the reading now there's nothing unless you want to pay for it but even then there's no interaction they try to turn into a dating app which I'm sure failed miserably. Completely ruined such a beautiful app with beautiful people, now there's this.. whatever it is 🤕👎🏼",2,2,2025-02-25 04:16:17,d04eb812-3e08-4868-a3cf-c7ac50a7f46c,3.7974684,"1,000,000+"
The Pattern,com.thepattern.app,"At first it was epic, now it's the opposite and the only reason I didn't deinstall it, it's beacuse of nostalgia towards a previous version. But that nostalgia has an expiration date.",2,3,2025-02-24 23:19:45,8226963c-b308-4716-911d-a47feb94e686,3.7974684,"1,000,000+"
The Pattern,com.thepattern.app,Extremely helpful for me.,5,0,2025-02-24 21:39:44,b986ea2b-c81f-4e0f-aa57-eab29ee3ec09,3.7974684,"1,000,000+"
The Pattern,com.thepattern.app,I love this app but is there really no way of offering a monthly option to subscribe? There's only quarterly and annual.. Missing out on many customers who can't afford committing to 3 or 12 months,3,1,2025-02-24 18:30:11,5df7bc60-59c0-466b-b01b-329cb5a7d34e,3.7974684,"1,000,000+"
The Pattern,com.thepattern.app,I love this app it's the most accurate for horoscope that I have experienced although I wish that it was still mainly free like it used to be I first started using it,5,0,2025-02-24 01:59:10,2f1eb10e-f230-4ab9-bc8a-bea375bbaf14,3.7974684,"1,000,000+"
The Pattern,com.thepattern.app,"This app will blow your mind! I am without words with the amount of spot on accuracy it has. When you get to run bonds with other people, it will surely turn up your first assessment of this app. I didn't really have any faith in astrology until now. When you can read about experiences you have encountered and match dates to those experiences, well that's just next level. Enjoy, I am. Just wish I new of this earlier in life.",5,0,2025-02-23 04:03:37,07d745e5-1dcf-42ba-86da-7aa2aefdac49,3.7974684,"1,000,000+"
The Pattern,com.thepattern.app,"I LOVED this app. I have been using it since about 2022 and it's become a part of my daily routine. But recently I feel like I haven't been able to use it as much. I feel like the older version was better and easier to navigate. I'm on the spectrum and listening to audio books, podcasts and just audio in general is very hard for me to process, and having to skip through the audio just to read the insight is pushing me away from using this as much as I used to. It just feels like instagram..",3,10,2025-02-21 18:57:31,1475035c-c531-46cb-82e3-cbbf6b060b42,3.7974684,"1,000,000+"
The Pattern,com.thepattern.app,"When I first downloaded this app years ago, it was 5 stars. Deep, insightful, informative, and easy to navigate. However, it's been through a lot of changes, and I don't like it anymore. It gives less information before making you pay, the navigation is completely different and a little confusing, and the introduction of audio was completely unnecessary. Before all the changes: 5 stars. Now? Meh... I hate when good apps get greedy. If it ain't broke, don't fix it!",1,4,2025-02-18 21:45:27,70fa1f29-8632-4db3-b6e2-b1300dd8c438,3.7974684,"1,000,000+"
The Pattern,com.thepattern.app,"I can't login through Facebook, so I asked about logging in through email.they set me up but it still won't work",1,0,2025-02-18 04:21:18,4ef56444-90cf-4352-ba12-b1e3027cede4,3.7974684,"1,000,000+"
The Pattern,com.thepattern.app,It's OK. I think the idea is good but it's just too expensive. I'm not really getting any value out of the basic version so why should I even bother with the paid one for $9 a month?,2,1,2025-02-17 12:09:50,38230fae-34a9-469f-a1c5-d7e2624b23e9,3.7974684,"1,000,000+"
The Pattern,com.thepattern.app,"While 100% accurate about my cycles, the pattern ALWAYS confuses the my energy with the bonds that i run. The pattern confuses my energy with the other person. At first i thought it was a coincidence but i can actually channel myself and im very aware and in touch with my personal journey. i don't rely on the pattern for my information. I have it because its an interesting tool and ive even recommended it to others.",3,1,2025-02-16 22:47:04,128474b5-b87c-4c13-a67e-2530af81d5d3,3.7974684,"1,000,000+"
The Pattern,com.thepattern.app,"I have used the pattern app off and on since over last year I love the original content but this new, way is quiet unique when pattern started the new layout in 2024 I admit I didn't like it, like I did in 2023. but what I'm seeing in 2025 is unique. I like it it's otherworldly in a way",4,0,2025-02-15 07:28:12,19380722-47c2-49d2-9293-0afed6ee76b7,3.7974684,"1,000,000+"
The Pattern,com.thepattern.app,I appreciate your enthusiasm for the Vertex but I don't need an extra push notification every single day about it.,1,28,2025-02-14 22:50:34,8aa85f50-5cd1-4fc7-ad2c-d8ea2c12219b,3.7974684,"1,000,000+"
The Pattern,com.thepattern.app,"Enough with the audio! I HATE the audio being forced on us and especially when it auto plays. I will open a notification and some lady with a commercial voice is blabbing. If I wanted to listen to a podcast I would. I just want to read information. The ability to look into the future of patterns affecting me is also gone unless I pay for it, but why would I pay for this app NOW when it's not close to as good as it used to be?",1,40,2025-02-14 22:39:31,9224a0d5-5a57-4bec-8d84-0ac53bf52c8e,3.7974684,"1,000,000+"
The Pattern,com.thepattern.app,I cant sign in because the app cant open the link sent to my email,1,1,2025-02-13 00:20:41,b545962c-162e-4530-ba97-edcacc6abf9a,3.7974684,"1,000,000+"
The Pattern,com.thepattern.app,I am so fascinated with this app 😊🤪😜🤩😆,5,0,2025-02-12 21:54:30,fc96e0ad-de80-4324-8049-edbc8e4e3514,3.7974684,"1,000,000+"
The Pattern,com.thepattern.app,Amazing just wish it was free for all the features. I'm a single dad on a tight budget and just don't have the ability to justify extra expenses especially for myself. Thanks for all your hard work on the app. It has helped me to deal with my wife of 18 years leaving me and our daughter! Without it I would have been lost.,5,0,2025-02-12 13:46:14,64b6b7b6-53a6-4666-aeaa-25748a1d59f8,3.7974684,"1,000,000+"
The Pattern,com.thepattern.app,There's just not a lot of detailed information for the free version. Kinda meh.,3,0,2025-02-12 11:42:38,dde0e42e-a278-464c-afef-90c20db83491,3.7974684,"1,000,000+"
The Pattern,com.thepattern.app,Amazingly accurate,5,0,2025-02-10 17:36:08,fb59c429-4826-45b4-9b2f-d00ae4a122c2,3.7974684,"1,000,000+"
The Pattern,com.thepattern.app,"No different than two years ago... too many bugs. Logged in, with number account not found such bs.",1,1,2025-02-09 11:39:27,c19e9e32-b937-4ed4-9858-078c75ff95f1,3.7974684,"1,000,000+"
The Pattern,com.thepattern.app,"This used to be a fantastic app but now sadly there are paywalls everywhere, it's hard to navigate, the patterns descriptions are impersonal, robotic and insensitive in tone. Sad to see it go this way.",1,3,2025-02-05 04:45:17,6958cd4b-8a83-45ad-9707-aaa2b9608c2b,3.7974684,"1,000,000+"
The Pattern,com.thepattern.app,The best app for astrology hands down. Truly a blessing 🙌🏾 to have this powerful tool at the tip of my fingers.,5,0,2025-02-04 09:03:06,39218407-8e2a-42b7-85d9-f21c71ba0065,3.7974684,"1,000,000+"
The Pattern,com.thepattern.app,Bizarrely accurate 99/100 times! truly matching what's going on in my life & what needs to be fixed. one glitch on last few updates... can't share this app unless I search play store. this should be made easier again so everyone can share this. 🫂 thanks guys your use of natal charts put into app form is way nicer than spending hours building your own w/ a book,5,1,2025-02-04 05:57:09,d40b5e8d-0dd5-433a-869a-322b5c519301,3.7974684,"1,000,000+"
The Pattern,com.thepattern.app,"The Pattern used to be AMAZING… now it’s a cash grab. I miss the version from a couple of years ago before all these unnecessary updates ruined it. Back then, it was scary accurate, insightful, and totally free to use. Now? It’s confusing, watered down, and you have to pay just to read about yourself. Seriously? They took something unique and powerful and turned it into just another overpriced app. Disappointing. They totally sold out. Garbage.",1,43,2025-02-04 00:35:10,64438387-8036-4cea-b66d-6aae6a2e1146,3.7974684,"1,000,000+"
The Pattern,com.thepattern.app,"Awesome, thorough app. Some parts are still a bit slow when loading certain screens but it's overall been my favorite. There's no ads, some features you have to pay for but I'd say about 90% of the app is free to use. 2/3/25 update-- They changed a lot of things in app, navigation is harder and they're charging quite a bit for more in depth information. I really used to love this app and some parts can still be useful in the free version but $83.99 annually is insane.",5,26,2025-02-03 21:51:10,edf47a40-06ac-42d9-9bd6-0a22db095289,3.7974684,"1,000,000+"
The Pattern,com.thepattern.app,"scam app, not able to sign up IN ANY WAY, just not accessible",1,3,2025-02-03 03:10:18,b1d7c9d1-c7fe-44e0-a3ae-ad1a365615ee,3.7974684,"1,000,000+"
The Pattern,com.thepattern.app,Can't believe they charge money now. Use to be a really cool app but now they charge a ridiculous amount of money for things that you can just Google if you know what you're looking for. So sad to see greed ruining so many good apps.,1,5,2025-02-02 04:25:38,d76092e9-ce58-4657-82d5-5dead9ae3bf4,3.7974684,"1,000,000+"
The Pattern,com.thepattern.app,Just Being Amazed with this insights everyday. Such an Accuracy and Useful for evolution.,5,0,2025-01-29 14:47:46,6a13e721-594a-4f7a-be10-1764f552e0c6,3.7974684,"1,000,000+"
The Pattern,com.thepattern.app,"Not one person likes this app anymore. You went from editors choice, excellent design to an update audio of a woman no one wants to hear and a design made by a 10 Yearold. Honestly whomever ruined this app, my one question is why? My guess is money, someone new bought this app, thought they could make it their personal audio track, but no one wants to hear your thoughts in-between yelling at your husband. Today I opened it, I couldn't even read the text, it was same color as the background lol.",1,7,2025-01-29 13:40:51,9b7eca04-4aa9-42af-8baa-2f68adb6bfb7,3.7974684,"1,000,000+"
The Pattern,com.thepattern.app,I totally loved this app the first time I opened it up I couldn't wait to come back and read more. But it won't open up since. It says server unavailable try back later .,1,1,2025-01-29 12:34:28,7b27a0d8-08fc-4b69-9e81-6c1e844902c6,3.7974684,"1,000,000+"
The Pattern,com.thepattern.app,"By far the most personal reaching astrology app I've used. The insights give validation and understanding through the toughest and most extraordinary of times. Highly recommended app Side note, I'm having difficulty reading messages. It references permissions",5,0,2025-01-29 04:06:09,4af0a95a-a0cb-4348-afff-3271f8743459,3.7974684,"1,000,000+"
The Pattern,com.thepattern.app,Used to be great and simple. Change it back lol.,1,3,2025-01-28 20:15:13,90fc6dc9-cf02-4c26-b687-f8f21517a5d0,3.7974684,"1,000,000+"
The Pattern,com.thepattern.app,"I've been paying for the Pattern subscription for over a year and I really love this app. The content is all about co-creating your own destiny with your chart and understanding the nuances of the stars when you were born so you can steer your life in whatever direction you please. Lately, there has only been roughly 2-3 new things per day to read over and I've noticed some of them get reused (the dates just changed) which makes sense for older content but not for new/current happenings.",3,16,2025-01-28 02:45:50,bb3a4a10-d9ae-4959-bbef-95e96bbc550e,3.7974684,"1,000,000+"
The Pattern,com.thepattern.app,Wrong calculations,1,1,2025-01-25 16:33:22,cddeff00-5ac9-45be-8d10-2ed237f607d4,3.7974684,"1,000,000+"
The Pattern,com.thepattern.app,Surprisingly psuedo-accurate. Intriguing at least.,4,0,2025-01-25 11:00:30,09b8c98a-1ece-4891-8ddf-53f173842de1,3.7974684,"1,000,000+"
The Pattern,com.thepattern.app,it doesn't work for me !,1,0,2025-01-25 05:01:21,c102e395-a919-440a-8cc2-a7314d412190,3.7974684,"1,000,000+"
The Pattern,com.thepattern.app,"I really loved this app, deleted it for a bit. I redownloaded and WHAAAT THE HECK!!! App used to be really simple and clean, free was great for my needs, but affordable too if you wanted the premium version. Now they've ""updated"" it. Still insightful, but its very expensive, they limit so much info now, and made to look similar to the ""imprint"" app. It's not a vibe... You even have to pay for bonds now!! I'm not sure what happened. I'm very disappointed. Thanks while it lasted.",2,179,2025-01-24 02:48:33,c73d8544-db8c-41e0-aa12-87cb41ff3823,3.7974684,"1,000,000+"
The Pattern,com.thepattern.app,"The app used to be excellent a couple years ago. I noticed after every update the style and layout of the app became worse and less intutive to use. The aesthetic feels naff and cold. I don't mind that there's a pay-wall now with more information, but the general look and feel of the app is poor. It feels clunky and ugly :/",1,7,2025-01-20 17:46:43,4b9f2937-0844-4f08-af5c-7540f5cf932e,3.7974684,"1,000,000+"
The Pattern,com.thepattern.app,"The new version in mediocre due to the way it has dumbed things down and made the interface scroll-centric like IG and other apps. I don't use the Pattern to scroll endlessly. I find that the audios sound AI generated but are O K. The old style reminders were more beneficial and I loved saving what was relevant to me. Also, I have experienced a bug for a long time now -when trying to search for and add friends, it crashes on me. Not a fan of the pay walls, but it is what it is...",2,21,2025-01-17 02:06:39,406f3865-671b-44e8-a3e9-10b289b70ca3,3.7974684,"1,000,000+"
The Pattern,com.thepattern.app,I don't remember when I downloaded this app but it seems like I've had it since 2020 at least for sure now it's gotten so busy I don't even understand it and they want to charge you for things that needs to be free If it was a little cheaper maybe that I'm already spent up on my budget of things that I do with Google so today I'm earnings selling an app and co-star that's a whole different thing I don't even use it anymore I'm going to uninstall that too Three stars for it used to be the bomb,3,1,2025-01-17 01:03:42,ae41a64f-a0a0-4328-bb4d-ec1a38697242,3.7974684,"1,000,000+"
The Pattern,com.thepattern.app,"Used to be great. Now too much audio, they got rid of others being able to comment on their experiences going through certain patterns and the subscription is 30 dollars quarterly it went from free to 30 dollars quarterly. The worst thing is everything is in audio I don't like that. I am moving on to another astrology app it was good while it lasted. Not worth the subscription.",2,18,2025-01-16 17:56:02,042652a3-9a4d-4574-8dda-c5f8aa5996de,3.7974684,"1,000,000+"
The Pattern,com.thepattern.app,Used to really like this app but after the update that remove the ability to chat with others who shared similar patterns it's not the same vibe. It removed that sense of community and turned it into another isolated space. Disappointed 😞,3,1,2025-01-15 20:03:08,ace416cf-2a58-4221-a425-33aa6506555e,3.7974684,"1,000,000+"
The Pattern,com.thepattern.app,Doesn't work I selected a person to run a bind with and it does nothing,1,1,2025-01-14 06:57:54,fe784660-3140-4014-a45c-1dc25330151f,3.7974684,"1,000,000+"
The Pattern,com.thepattern.app,I like the content provided in the app... but after the recent update it has not calculated my birthchart properly. it's a wrong birthchart calculation,3,1,2025-01-13 17:37:09,cb7758f5-d486-478c-98fc-388ee3da9ce3,3.7974684,"1,000,000+"
The Pattern,com.thepattern.app,It is great!!,5,0,2025-01-13 05:19:45,a07f298f-3b2b-4d2f-8b53-40a8853f1288,3.7974684,"1,000,000+"
The Pattern,com.thepattern.app,"Love it, however it's to costly to actually go deeper.",4,0,2025-01-12 16:47:12,0c8241bb-d0bb-4388-a79a-35add646ecee,3.7974684,"1,000,000+"
The Pattern,com.thepattern.app,"If the devs can't implement an email verification that works, then the app doesn't belong in the store",1,1,2025-01-11 00:39:08,cc22b89d-981d-47f6-89c4-4735555a0422,3.7974684,"1,000,000+"
The Pattern,com.thepattern.app,"I used to love this app. Have had it on a succession of phones for a number of years. But it's just changed beyond recognition and has just become a series of hooks to get you to sign up, increasingly delivered in audio format rather than text, with more and more content behind a pretty steep paywall. If I felt the content was really great, I'd happily sign up, but unfortunately it just isn't any longer. It's all form over function these days. Time to delete & uninstall... End of an era 😥",1,37,2025-01-09 19:03:47,c5c9b0b1-64a0-49f6-b8fe-94187e721d92,3.7974684,"1,000,000+"
The Pattern,com.thepattern.app,"Am I just confused or did you all get rid of where you can share experiences or is it available if I pay to ""go deeper?""",2,1,2025-01-09 10:06:02,1230ec53-d598-40c9-b722-a478e8622f47,3.7974684,"1,000,000+"
The Pattern,com.thepattern.app,"Love the content, but the monthly payment ia too expensive for the amount of content you get. Like less than 10 minutes of audio and readings for the entire quarter. Like not enough info for the pricey payment required",3,1,2025-01-03 02:15:28,665c3b91-8905-458b-9dcd-bc3d0d63d3a0,3.7974684,"1,000,000+"
The Pattern,com.thepattern.app,New up grade is unbelievable 😳,1,0,2025-01-02 02:11:09,7e0da144-cba7-483e-a171-ac9bf24c03c7,3.7974684,"1,000,000+"
The Pattern,com.thepattern.app,"I pay for this app, why is it not unlocking the locked insights?",1,0,2025-01-02 01:53:32,7efae40d-c9bd-4a4a-b7bc-e041fe784bb8,3.7974684,"1,000,000+"
The Pattern,com.thepattern.app,I'm 1000% in love with this app. I use it in conjunction with my Magic of I planner and they pair perfectly. The pattern helps keep me on track and understand myself and the world around me. They are always releasing new items in the vault that are custom detailed for your unique astrology chart. It's so insanely accurate. It makes learning astrology (&psychology through its questions) easy and fun. It definitely helps me understand me & orient myself back to me. I hope this app never goes away,5,29,2025-01-02 01:06:34,20bf08be-0e2b-4744-a77c-c975d15ca20c,3.7974684,"1,000,000+"
The Pattern,com.thepattern.app,"This app predictions are spot on it amazes me Everytime I open the app look back at the last 6 months and I'm like wow, that's what I did deal with, it gets it right. I'm a life path one.",5,0,2024-12-31 15:16:53,93438cb9-bdd6-46d3-b3c4-a987d43818e5,3.7974684,"1,000,000+"
The Pattern,com.thepattern.app,Love this app!! It's the real deal of birth charts!!,5,0,2024-12-31 11:28:30,0b774b01-1b4a-48e9-b993-805360fdd2e0,3.7974684,"1,000,000+"
The Pattern,com.thepattern.app,"I have been using this app for years, and my understanding of development is things are supposed to improve. Sadly that's not the case for this app. It was amazing in the past, though it has continued to make poor design and cost related choices, to the point where now half the features on the app don't work and the prices are ridiculous for what's offered. Greed is not our friend. Hopefully this app can make choices and moves back towards what made it great in its early days.",2,17,2024-12-31 01:53:51,5353f4d9-49e4-4c4f-975d-d15d1c767286,3.7974684,"1,000,000+"
The Pattern,com.thepattern.app,"I used to love this app. It was informative and helpful within the free version. Now, this app has turned useless with blanketed daily astrology unless subscribed -- which the subscription is high and I will not be paying for.",3,2,2024-12-30 09:29:21,5eae99b0-8371-4554-969e-89368274b547,3.7974684,"1,000,000+"
The Pattern,com.thepattern.app,"You guys need to stop trying to make people double click on some part of the country when it goes to New Mexico no matter what you do, I am so mad. Fix it, and I'll download it again but until then done",1,0,2024-12-30 05:02:44,8a5a140b-0eb4-41ce-8eec-7a5f747e551a,3.7974684,"1,000,000+"
The Pattern,com.thepattern.app,"Whatever pattern says, is. Whatever pattern is, speaks.",3,0,2024-12-29 09:01:53,3217ae8b-ec95-4c99-9610-01a61b8360b2,3.7974684,"1,000,000+"
The Pattern,com.thepattern.app,"Couldn't agree more with recent comments. You managed to violate every UX best practice with the new layout. How about letting your users customize? Did you do any user testing for this redesign? And things like the logo in the menu bar not tapable...duh. Everything is hidden now behind layers of non-intuitive nav. The latest update citing a ""polished UI"" is LAUGHABLE! Hire some decent devs and UX designers. And UPDATE based on user feedback. You're losing ratings and revenue. Including mine.",1,5,2024-12-28 06:29:12,43c2d231-3b62-4517-8ce5-907565766090,3.7974684,"1,000,000+"
The Pattern,com.thepattern.app,Please can we get the peak dates back. That was really helpful. I miss the old version of the app. It was perfect and didn't need to be changed.,3,2,2024-12-27 23:58:22,e53895f7-4d6e-4dad-9ff9-ab3ce61581ba,3.7974684,"1,000,000+"
The Pattern,com.thepattern.app,Useless cash grab used to be great,1,2,2024-12-24 04:07:44,b21930d7-869f-4318-88eb-830ab6428353,3.7974684,"1,000,000+"
The Pattern,com.thepattern.app,It's the update... totally different from last year. Only thing it's missing now is ads 😮‍💨,3,0,2024-12-23 19:01:04,c18400f5-55f0-4ea2-b149-802880660322,3.7974684,"1,000,000+"
The Pattern,com.thepattern.app,"Love this app until they change most of it to audio. I don't want to listen to someone, I want to just read myself. It's obnoxious",2,1,2024-12-23 06:56:53,e3106e18-8979-47fe-9ff1-1863de86b982,3.7974684,"1,000,000+"
The Pattern,com.thepattern.app,I used to love everything about this app until they changed it. The insights were extremely accurate and I was able to get a clear understanding of who I am. Now the insights don't feel as accurate and are way less in depth.,3,0,2024-12-23 06:38:44,d1fa4189-9679-4107-823b-8545c8f158b5,3.7974684,"1,000,000+"
The Pattern,com.thepattern.app,"Used to be one of my favorite astro apps, but with the whole new settings it became overwhelming. For me, it looks like totally different app. Too much information, too much categories, too many colours, audios that start by default when you open the app, generic information...From simple and user friendly to confusing and chaotic mess. I cannot relate it to the previous version of The Pattern. And nowadays, I am thinking to delete it because it brings no value. Less is/was more.",2,11,2024-12-22 17:19:53,a19234dd-6fd7-4d84-a221-cefbb059573c,3.7974684,"1,000,000+"
The Pattern,com.thepattern.app,The BEST ! HeavY ! !,5,0,2024-12-22 15:25:39,4a0a76a3-6c29-4582-8b40-41715eef81eb,3.7974684,"1,000,000+"
The Pattern,com.thepattern.app,Everything sucks,1,1,2024-12-21 03:00:33,6b3cfe85-36cb-41ea-a6c6-7c814064974d,3.7974684,"1,000,000+"
The Pattern,com.thepattern.app,Definitely never going to use it,2,1,2024-12-20 03:14:26,4594c9b1-0249-43e0-a51c-d881e9c0f7e1,3.7974684,"1,000,000+"
The Pattern,com.thepattern.app,Man that's dead on every time,5,0,2024-12-19 19:57:32,d1d3eaa1-7ea9-4320-92c2-7448c7d2604e,3.7974684,"1,000,000+"
The Pattern,com.thepattern.app,"Everything on it is a cash grab. You can get a sentence or two out of the updates and then you have to pay to expand on anything in the app. The audio clips are annoying, I don't have the patience to listen to them. Super lame, I used to enjoy this app but it's pretty pointless now",1,6,2024-12-19 19:34:49,b93be8d4-adb1-461f-9325-b1edb67780af,3.7974684,"1,000,000+"
The Pattern,com.thepattern.app,This is hands down the best app for people who love this kind of astrology. It's right on the money.,5,0,2024-12-19 10:17:35,5ac0249e-5bb1-484d-8bbf-e05967c27608,3.7974684,"1,000,000+"
The Pattern,com.thepattern.app,Uninstalled. I used to really like this app.,1,7,2024-12-19 03:55:53,d2d37a55-6f4b-4175-b7b7-a10f70bc8991,3.7974684,"1,000,000+"
The Pattern,com.thepattern.app,"Edit:... Why did you change everything.. AGAIN!?! So are we needing to get used to a complete and total app redesign every few months? Yet again, everything has changed. How many times are you going to redesign this app? Why?? 3 complete overhauls in one year. It's not the same app. Why don't you just ceate a new app and bring the original back?",1,54,2024-12-19 02:28:45,8e62e92e-7dee-476d-aa7d-643e28082608,3.7974684,"1,000,000+"
The Pattern,com.thepattern.app,"Insightful would be an understatement. The app has helped me understand so much about myself, astrology, and connections with other people, making it very helpful with navigation of all manner of relationships. Just love this app, and it keeps getting better. If I had one wish, it would be more audio and information on the vault chart items in my pattern.",5,20,2024-12-18 11:53:55,a1240eff-65bb-4cdf-96dc-7d8a90ff7fdb,3.7974684,"1,000,000+"
The Pattern,com.thepattern.app,I like this app but i loved the way the old update was; it helped my mental health and since then i find it so hard to use pattern; my mental health is completely deteriorating... as funny and ott its sounds its true! Thanks x,2,0,2024-12-16 00:44:36,f50f7740-43bf-42ea-af58-ece9604dd22b,3.7974684,"1,000,000+"
The Pattern,com.thepattern.app,"Brilliant app, so insightful and great for learning about different aspects of astrology.",5,0,2024-12-15 13:34:04,af113ff8-a301-4ad7-a90c-791252a026db,3.7974684,"1,000,000+"
The Pattern,com.thepattern.app,I loved this app when I first discovered it in 2020 but lately there gave been a lot of changes and what drew me in has been removed. I liked it when it had more of social element to it. I enjoyed reading other people's reflecting on the common pattern they shared with me and seeing how it can manifest differently in different lives. Now it has become boring.,2,33,2024-12-15 10:36:48,b90005a4-0558-4512-bb9d-360092d250df,3.7974684,"1,000,000+"
The Pattern,com.thepattern.app,Pretty on point,5,0,2024-12-15 03:22:51,06812639-5adc-407c-8df6-9fbd968d6689,3.7974684,"1,000,000+"
The Pattern,com.thepattern.app,"Can you please update the lens based on the time zone I'm in. We are a day ahead in west, i'm late on reading the day lens",3,0,2024-12-14 22:06:44,f7b606b5-7b0c-4788-a6e0-d35a199f57a9,3.7974684,"1,000,000+"
The Pattern,com.thepattern.app,"I would have given this app a 5 just a few years ago, but updates have made all the valuable information either hidden behind a paywall, irritating to locate or gone entirely and replaced with really basic concepts, and audio clips which I honestly never came to this app for. Very disappointed, as past insights read like gospel, and it seems like even if I paid they're not available anymore. I would pay premium prices only for access to an older version of this app .",1,58,2024-12-13 01:36:42,2a4e27b6-ce23-4942-9c82-3caac2a5b4e0,3.7974684,"1,000,000+"
The Pattern,com.thepattern.app,It's so limited and chatting with partners or friends is not available why?,2,0,2024-12-12 07:20:00,a6c06bfa-5beb-4502-bafe-bcc0a30b81fc,3.7974684,"1,000,000+"
The Pattern,com.thepattern.app,I can't rate any higher since I was unable to even engage with the app due to having to manually scroll back 58 years to record my date of birth. WTH is THAT BS? Absolutely defeats the entire purpose of being here. I can not and will not abide such crazy-making.,1,2,2024-12-11 21:32:28,aef1267f-c216-421b-9ed7-627d4fb37d34,3.7974684,"1,000,000+"
The Pattern,com.thepattern.app,great but I can't pay for the in app purchases,5,0,2024-12-10 01:27:21,7df16052-93ea-4b9f-b1a3-bdff96d66824,3.7974684,"1,000,000+"
The Pattern,com.thepattern.app,I'm not to sure what to think about this app. Why does everything have to be about relationships? I want to know about my 1st house stellium in Scorpio. Stop making everything about relationships!! How many people are out there that are so sensitive feel-y types? I don't really like this app because of this. Too much woo woo,2,4,2024-12-09 20:57:28,28aba462-f637-4fe2-b2f6-63439e95bf49,3.7974684,"1,000,000+"
The Pattern,com.thepattern.app,"It just gets worse and worse with every single update. I changed devices and now I can't even log in. All of their login methods just take you around in circles and their support team can only guide you around another circle, rather than actually provide a solution. Just bring back the ability to login via passwords. Or is that only available for paid subscribers as well?",1,3,2024-12-09 13:45:10,e26aec6d-785e-4a44-91c0-62ab47f1520c,3.7974684,"1,000,000+"
The Pattern,com.thepattern.app,"Login link doesn't work on my Android tablet. ""Sorry, there was a problem.""",1,0,2024-12-09 08:34:25,a8063648-1153-41bf-b907-808682c21ee0,3.7974684,"1,000,000+"
The Pattern,com.thepattern.app,"Beautiful, insiteful, and helps gain insite and perspectives on yourself, your partners, family, and friends. Impacting statements that will help you to transform your inner guidance and gain knowledge into why people (including yourself) may be the way they are. What influences our behaviors from birth and until death.",5,0,2024-12-09 01:04:39,995c9b19-80ab-47cd-96b3-11d82bb1180f,3.7974684,"1,000,000+"
The Pattern,com.thepattern.app,its not working just collects your email,1,0,2024-12-06 09:54:46,e885e469-00e8-47ef-9f22-0eb7408dbbd3,3.7974684,"1,000,000+"
The Pattern,com.thepattern.app,"This used to be one of the best apps I'd ever used. Since the change to 'Lens', the app makes you sift through absolute garbage to find what you're looking for. Instead of my daiIy vibe, I get spam notifications about celebrity relationships. It also automatically READS THINGS OUT LOUD when you open a notification, and you can't turn that off. Everything relevant to me has been hidden or buried under screens I have to flip through. It's gone from the best to the worst. subscription cancelled.",1,157,2024-12-06 05:23:22,0bffa4f1-b71a-41e6-beb9-2afa54da333f,3.7974684,"1,000,000+"
The Pattern,com.thepattern.app,"I have loved this since I found it, and it has improved the way I relate to some friends & made me more aware of my relational style. But I HATE the new look of the app so much. I wish it would go back :( Think I will unsubscribe soon.",3,1,2024-12-06 03:52:51,9282a0a0-fa8a-4b3b-8903-82518912c4f7,3.7974684,"1,000,000+"
The Pattern,com.thepattern.app,"Used to be one of my favorite apps but it gets worse every update. I don't know where to find my timing & world timing anymore. No depth anymore. So many random mini-101 astrology podcast type things. Nothing resonates. No ""help"" or contact us function. I used to check this to see how planetary movements & world timing & my timing was impacting my life but can't use it that way anymore. Basically it's useless now so deleting. :/",1,47,2024-12-05 00:18:57,317e862e-5212-40e0-9acd-6297067d73ae,3.7974684,"1,000,000+"
The Pattern,com.thepattern.app,"Even if my phone is connected to wifi, in this version of the app, it won't work without turning off airplane mode.",2,1,2024-12-04 02:38:24,285cd740-61a1-4560-8bff-59a215c5283a,3.7974684,"1,000,000+"
The Pattern,com.thepattern.app,"I have loved the Pattern for years, and had a premium subscription for a while. It felt expensive so I dropped back to the free version which is... underwhelming. I get that producing quality content requires resources, and I've enjoyed the audio and lunar updates. That said, the ""Go Deeper+"" firewall that exists on essentially all content makes it seem like a money grab. One of my first Google play reviews if that's any indicator of how irritating this evolution is to me.",2,32,2024-12-03 05:04:38,40a92eac-b0f3-4df5-bd78-47b163809161,3.7974684,"1,000,000+"
The Pattern,com.thepattern.app,"There seems to be a bug at date selection for custom profiles. The selected date is wound back by one. Might have something to do with the current time set on my phone, but this is obviously useless when setting a birth date. Also the entire new updated interface just completely lost its usability. Extremely difficult to navigate and not user friendly. This used to be a five star app. Please fix bug issues and bring back usability.",2,5,2024-12-03 01:43:05,abb6715a-aa2c-43ff-ad3c-b1a3096b831d,3.7974684,"1,000,000+"
The Pattern,com.thepattern.app,"neat idea. they keep locking things behind a paywall and trying to charge more and more. tech issues: pretty sure the charts are just straight wrong, try punching in a time just before and just after midnight, you'll get completely different charts even though they're just minutes apart (eg 11/11/11 11pm, 11/12/11 1am). also, don't lock me out of the app for being in airplane mode, I'm always in airplane mode but have wifi enabled, this is an overzealous bug in your app.",3,1,2024-12-02 23:21:13,211a045a-9823-4f81-a768-7e42dfb55aa8,3.7974684,"1,000,000+"
The Pattern,com.thepattern.app,I use this everyday it on point,5,0,2024-12-02 10:52:17,4950e7b5-2ebe-48cd-afed-f2b64c27d7d1,3.7974684,"1,000,000+"
The Pattern,com.thepattern.app,"Awful interface due to the new updates. After many updates and changes to the design, the app is essentially unusable now and hard to find things on it. I love astrology and apps like this but it was already complex before and now it's far too complicated to use so I will stick to using other apps like Nebula, Co-Star and Astromatrix which are my favourites. I've had this app sitting here a while. I always try and use it and give up. I may as well delete it and have more space on my phone now.",1,1,2024-12-01 07:37:24,9fbf9013-2b07-4fbc-906e-ac2ce83a775f,3.7974684,"1,000,000+"
The Pattern,com.thepattern.app,"The new interface is terrible, much less intuitive than the previous one.",2,1,2024-11-30 22:25:53,d960ea19-3dba-4f68-8851-3996e157dd54,3.7974684,"1,000,000+"
The Pattern,com.thepattern.app,"new update is the worst. somehow you guys achieved you make UI and UX worst. it's so chaotic. also, the many of the impacting time is missing, especially the one that started during the app update. it's totally turning to audio base and whatever text there is, are unreadable.",3,8,2024-11-30 20:27:31,e43a286e-bb7b-4af3-9bf1-c791157d3c38,3.7974684,"1,000,000+"
The Pattern,com.thepattern.app,"Now it's a mega money grab Used to be pretty great with lots of nice lil features I understand that these apps need funding and take time to build and maintain but the current pricing is an absolute greedy joke Subscribe model for THIS? Hell no, and at the proposed price??? Dear god no",2,1,2024-11-30 04:37:54,e4566a71-7dc6-4ef4-8b4f-704688d675d8,3.7974684,"1,000,000+"
The Pattern,com.thepattern.app,"I'm so disappointed and gutted with how this app has unrecognisably changed. It used to be my favourite and I used to recommend it to all my friends. Now,with the new design, it's become so confusing that I barely use it because it's just frustrating. It also seems to me as if the intention has changed from creating something meaningful that brings value to a money making machine, which puts me off even more. I'm all up for improvements,but the new design & user experience don't feel like one.",1,16,2024-11-29 14:36:50,a2e6692e-2965-4316-9350-d4ed955fc2c7,3.7974684,"1,000,000+"
The Pattern,com.thepattern.app,"I've been an on and off user of this app for quite a few years and have always enjoyed it. I don't mind the updates since my return, it all looks very professional, but it did become a pay to play app. I don't hate that either, but I wish I could pay by the month. Until that's an option, I'll never sign up for premium.",4,11,2024-11-29 12:16:51,f9c698c4-c8ad-4477-8449-7f369eca74a1,3.7974684,"1,000,000+"
The Pattern,com.thepattern.app,Very accurate I recommend to everyone.i absolutely love it and read it everyday.,5,0,2024-11-27 23:02:56,f08155c7-2019-4420-866c-b3952590f6dc,3.7974684,"1,000,000+"
The Pattern,com.thepattern.app,I hate the new version it is all over the place and too complicated to navigate. It would be great to put it back the way it was.,1,2,2024-11-27 20:04:39,b345c0e7-d968-4a5f-9c9e-344a9d6ed414,3.7974684,"1,000,000+"
The Pattern,com.thepattern.app,"I don't understand why did you make all the unnecesary changes to the design and made it so hard to navigate throught the app?? Zero logic, I used to love the app",2,2,2024-11-27 18:44:04,18183498-60e0-4ae6-8ad9-8fa1e37e9161,3.7974684,"1,000,000+"
The Pattern,com.thepattern.app,Immensely informative and helpful,5,0,2024-11-27 03:43:09,4dabd172-e80d-46d6-b4aa-c356a6b56d57,3.7974684,"1,000,000+"
The Pattern,com.thepattern.app,"I used to really love this app. It was straightforward and very user friendly. Something has changed though with recent updates, and it seems harder to find the information I'm looking for. More of the insights are blocked by a paywall now too and the subscription price seems egregious for what you get. I still appreciate the insights, but it's definitely not worth paying at least $84/yr.",3,41,2024-11-25 22:19:25,c87eadf4-4651-4daf-b0c5-951177f77dcf,3.7974684,"1,000,000+"
The Pattern,com.thepattern.app,"Absolutely the best app I've ever had!! It's so helpful and the depth of advice and understanding of who I am, my ppl are. As well as knowing what's going on in my life and pointers for getting myself on track to my full potential. It's simply incredible! Even without premium there's soo much useful info. I highly recommend it to anyone on their spiritual journey.",5,0,2024-11-25 16:12:02,a56c0e36-3dca-49d7-9b8f-4017bcbdd1a4,3.7974684,"1,000,000+"
The Pattern,com.thepattern.app,"""I've been using The Pattern for almost 2 years and love the insights it provides. However, recent updates are harder to navigate, subscriptions are pricey, and temporary cycles seem to be missing. Hoping these can be improved!""",4,1,2024-11-24 20:23:57,8a5cf848-e0a4-4c5c-b4c8-fb96907a3f67,3.7974684,"1,000,000+"
The Pattern,com.thepattern.app,Why I cannot restore purchases? The server is temporally unavailable. Please try again later. I accidentally paid for 120 dollars!!! I wanted the 3 months one for 40. Help.,1,1,2024-11-24 16:56:21,b6c4bf8d-a84e-4784-a054-8c1122b9208d,3.7974684,"1,000,000+"
The Pattern,com.thepattern.app,I think the design team has been bitten by mad dogs!! What is happening?? Even as a long term user i cant navigate the app or make sense of anything!! 3 years ago design was perfect.,2,1,2024-11-24 11:13:14,da0c6761-8ca7-403a-b5c4-1de89112c37d,3.7974684,"1,000,000+"
The Pattern,com.thepattern.app,"Used to love this app, but now you can't engage anymore with other users on shared impacts and you no longer see peak dates in impacts. The fact that you call restricting functions ""better user experience"" means there's no actual reasons for that. You can keep a functionality and improve UI. Even wanted to purchase the paid version, not happening unless these 2 make a comeback.",1,6,2024-11-23 00:16:43,baaa8273-465c-4223-89e5-5d21aea8377e,3.7974684,"1,000,000+"
The Pattern,com.thepattern.app,"Please go back to an old design or give the users what we want. I love the time travel feature, is it even still available or is it behind a pay wall? I enjoy the voice messages, but at the same time there are too many and maybe different voices would alleviate that.",1,5,2024-11-18 10:14:47,18f98fb9-b46f-4bf6-939e-42b0a5cc00b4,3.7974684,"1,000,000+"
The Pattern,com.thepattern.app,"This app changed my life. Every message is one of hope, renewal, growth and acceptance. I had a relationship recently, that was getting narrated daily through the insights. It was dead on, every day. I learn, grow and cry a few times a week thanks to this app. And the audio is amazing. The lady behind it is so soothing and she speaks to me with such heart and good will. I just love love love, whoever she is. Thank you kind soul! She helped me with so much.",5,29,2024-11-18 06:19:20,69923e80-aae3-4529-a816-56b684156cd6,3.7974684,"1,000,000+"
The Pattern,com.thepattern.app,this used to be a great app and then they started adding unnecessary additions and trying to charge 120$ a year for them.,2,4,2024-11-18 01:05:03,30788596-330d-43e0-a4af-c8ae3d7bde7a,3.7974684,"1,000,000+"
The Pattern,com.thepattern.app,"Used to be GREAT! Not anymore. This app was the best before it was drastically changed. Now you are forced to pay $83 to ""go deeper."" WHY SO MUCH!?! Going from free to $83/yr or even the quarterly cost of $30 is too much! I'd be willing to pay a 1 time purchase fee for $10 but give me a break on this $83! No changes made helped. I actually think that the changes make it harder to navigate. I'm so disappointed as the info has always been spot on. Please go back! 🙏",1,137,2024-11-17 14:21:03,bbbc9a0f-3e58-4a8c-8d83-1d50f0954fb2,3.7974684,"1,000,000+"
The Pattern,com.thepattern.app,One of my favorites,5,0,2024-11-16 08:26:31,8728b0a0-b0ae-42a4-a6c0-39655b09a512,3.7974684,"1,000,000+"
The Pattern,com.thepattern.app,Apparently there isn't a astrological reason that I'm such a worthless pos stinking up the earth and breathing better people's air.,1,1,2024-11-16 01:02:34,834ed753-5f3f-49a3-b669-cf1641562b69,3.7974684,"1,000,000+"
The Pattern,com.thepattern.app,The UI redesign is too jarring. Where are the cycles page? Can't find anything anymore.,1,3,2024-11-15 21:33:34,a2540a41-1d50-4f36-86b3-381951644fb5,3.7974684,"1,000,000+"
The Pattern,com.thepattern.app,This used to be my favorite app. But theyve updated it so much that i dont even want to use it anymore. And most of the features i enjoyed are gone or require the paid version (which i have paid for a few times because again i used to love this app. Very disappointed,2,4,2024-11-15 02:17:17,1a20c8a0-0f3a-4f56-a105-9ebe84f96768,3.7974684,"1,000,000+"
The Pattern,com.thepattern.app,This app is awesome. It's very accurate with how my life is currently and what to do about certain chaotic situations or helpful tips on how to get where I am supposed to be in life for my ultimate calling,5,0,2024-11-14 07:16:08,16b74cb3-c0f6-49e7-b4e2-b7d1a1772b06,3.7974684,"1,000,000+"
The Pattern,com.thepattern.app,"Pour one out for the good times. This app is too audio focused, too complicated to navigate, and has too many deep dives paywalled. Will likely be uninstalling soon.",2,8,2024-11-14 06:06:18,c21d13ad-988b-4efd-8062-808f78c9ca42,3.7974684,"1,000,000+"
The Pattern,com.thepattern.app,"I loved this app because of the community it created. now it's a gimmicky, inauthentic money grab. there's no longer a way to build connections as they removed the comment section & we can't view others posts about shared patterns or timings. I used to look forward to the insights until I noticed how subtly negative they became. deleted!",1,4,2024-11-13 16:09:54,137e5db8-f7b9-4425-8476-fc173e72784e,3.7974684,"1,000,000+"
The Pattern,com.thepattern.app,I used to love this app but after the redesign and changes it's hard to enjoy it anymore. It's more difficult to use and it's nearly impossible to put in a custom friend now because the map function to place where they were born is hard to use and often has an error.,2,2,2024-11-12 20:48:04,1df9c997-4713-43c0-8f69-474b1a4a63cf,3.7974684,"1,000,000+"
The Pattern,com.thepattern.app,"Thorough, user friendly, understandable and applicable.",5,0,2024-11-12 08:22:42,dc005824-a94e-4c27-adb7-c86ce9e46fbe,3.7974684,"1,000,000+"
The Pattern,com.thepattern.app,"This new update incredibly upsetting, Please bring back the old design! bring back people being able to share their experiences while going through certain transits! I feel this app lost so much social value. Listen to your customers who you made unsubscribe from something that they used to love using. The app certainly lost its charm...",1,7,2024-11-11 18:35:58,6c5d06b3-6b08-4d77-8f4e-e95d2a360cbb,3.7974684,"1,000,000+"
The Pattern,com.thepattern.app,The most in-depth app when it comes to wanting to know anything about horoscopes or your zodiac sign it's truly amazing absolutely recommend it to anybody and everybody,5,0,2024-11-10 22:41:36,de1637c3-696e-4609-b76e-e743868595a2,3.7974684,"1,000,000+"
The Pattern,com.thepattern.app,"I used to love this app; it was easy and helpful. Regrettably, the new format is awful and I will be dropping my paid subscription. My top complaints are: -It's overcomplicated and now requires a ridiculous amount of cross-referencing to use. I appreciate that you're trying to offer deeper context, but your approach is wrong. Ex: ""Find your personal Jupiter"" has zero instructions. -I can no longer easily sort my personal influences/cycles from world matters. ""Impacting me now"" is inadequate.",1,21,2024-11-09 20:53:14,908f6f63-d4dd-4bf0-9885-238f8bb34a1a,3.7974684,"1,000,000+"
The Pattern,com.thepattern.app,This app is incredible.,5,0,2024-11-09 20:26:12,25eecd6d-25d2-4503-8da7-a4cc10518f08,3.7974684,"1,000,000+"
The Pattern,com.thepattern.app,"Like many others are saying, this app used to be great. Now you can barely access anything without paying a ridiculous amount. I wouldn't even mind paying, but what they ask for is unaffordable for so many. I wouldn't even mind watching the odd advert. The free version isn't worth it now",2,6,2024-11-09 17:51:42,d56438e9-722c-4b38-9532-8be2cf016363,3.7974684,"1,000,000+"
The Pattern,com.thepattern.app,"My chart is completely wrong, the signs are correct but the aspects are not. The only good thing are timing explanations but since the chart is wrong I don't know if the timings are correct. The app *looks* good and is interesting to use but the chart calculations are not great. And that's the most important thing on the app, so.",2,8,2024-11-07 12:51:57,b739bf49-55ce-44e4-a778-02e5440b8d06,3.7974684,"1,000,000+"
The Pattern,com.thepattern.app,"Hate the new design. I'm with so many others in the reviews- used to love this app, prompted my friends and family to use it because it was so insightful. Ever since the addition of audios and especially the huge changes this year, I cant even tell what's relevant to me anymore. Its much more difficult to navigate and try to find the juicy tidbits I used to fawn over. I don't want to listen to audios. I don't have time to waste wading through irrelevant info. A big 5 to 1 star leap for me. Boo.",1,50,2024-11-06 09:02:42,73bc679c-2ffe-4cbb-8820-6fd326c3cdba,3.7974684,"1,000,000+"
The Pattern,com.thepattern.app,I'm with android and the app works at half. I can't open the 50% of whole content. This is really disappointing.,1,2,2024-11-06 03:29:17,fe169419-dfaf-4194-b4ec-e00236ba41e9,3.7974684,"1,000,000+"
Nebula,genesis.nebula,"this app is only going to get one star from me, DO NOT bother subscribing to this app they scammed me $10 for a subscription and never even gave me my credits.. I want my money/refunded SENT BACK to me ESPECIALLY IF ITS NOT BEING USED FOR WHAT ITS FOR!!!!!#SCAMMED #pissedtfOFF #cashapp #asap $AprilMTrevino0",1,0,2026-04-21 18:09:07,4385aeca-d827-4643-8273-e1fd681426ac,4.332105,"5,000,000+"
Nebula,genesis.nebula,it is really helpful at your worst time ...,5,0,2026-04-21 16:39:18,21c65761-9073-426e-a853-a807abf649da,4.332105,"5,000,000+"
Nebula,genesis.nebula,I absolutely love this app I have been using it for years and all of the information has been very accurate,5,0,2026-04-21 15:06:59,10c7f15d-6d37-432e-a647-9654b00926a0,4.332105,"5,000,000+"
Nebula,genesis.nebula,I really appreciate n enjoyed learning more about myself n the physics r so right on thank u,5,0,2026-04-21 14:32:26,9af98568-52a2-4120-b661-2fe5dbd8d49e,4.332105,"5,000,000+"
Nebula,genesis.nebula,love to no more how powerful I am,5,0,2026-04-21 14:00:51,01a9aaf2-e0a3-4041-9381-69b0f0b18485,4.332105,"5,000,000+"
Nebula,genesis.nebula,rip off.. no sketch ever came.. tried to manage subscription to stop it and kept going round in circles trying to up sell.. don't touch this with a 10 foot pole,1,0,2026-04-21 12:48:09,fa4059cd-7e4c-4009-b0ed-dc0777939422,4.332105,"5,000,000+"
Nebula,genesis.nebula,Nebula shares such interesting information- its very insightful,5,0,2026-04-21 11:33:43,ab2c2668-d225-440e-9372-3a8f29e2d582,4.332105,"5,000,000+"
Nebula,genesis.nebula,The reading was astonishingly accurate for the both of us in life as individuals and as a couple! It was spot on 💯,5,0,2026-04-21 11:32:55,ca654da9-b5bb-45ee-8291-86eedd769eb4,4.332105,"5,000,000+"
Nebula,genesis.nebula,so far it seems like it's genuine and definitely know what they are talking about.,5,0,2026-04-21 11:26:17,3a4e6e3c-6024-4831-98d3-2d83ccd1cc66,4.332105,"5,000,000+"
Nebula,genesis.nebula,I approved one charge of $9.99 and in 5 minutes they completely drained my bank account . They took every penny I had to my name. I am now trying to recover my money. I found several other people on Facebook that have had the exact same thing happen to them. Do not get this app.,1,0,2026-04-21 11:22:52,c81b3ddb-a659-4957-8cf3-86eb1abffa86,4.332105,"5,000,000+"
Nebula,genesis.nebula,"Scammers! Be careful, it is being almost imposible to unsuscribe or cancel the subscription!",1,0,2026-04-21 11:20:42,44c3ecf5-1145-46e4-9892-85f2f3830889,4.332105,"5,000,000+"
Nebula,genesis.nebula,"a lot better than I thought. the rituals and prompts are great. Not yet sure how I feel about the psychic readings - I don't have the money to pay for more than 3 mins anyway. but otherwise, it's the kinda app I want to be spending my time on",4,0,2026-04-21 10:44:55,e9b6c2eb-719a-461d-928c-08b9141883ee,4.332105,"5,000,000+"
Nebula,genesis.nebula,fun and interesting so far,4,0,2026-04-21 10:40:27,17c30f97-8562-42a6-87e4-904f9fd6ce7a,4.332105,"5,000,000+"
Nebula,genesis.nebula,INTRIGUING!,5,0,2026-04-21 10:17:23,d78eaf40-9cad-47c7-bd2e-16348cd0940f,4.332105,"5,000,000+"
Nebula,genesis.nebula,pretty cool and fun 😁 love the app,5,0,2026-04-21 09:17:18,e8af4288-38d6-4055-9d08-1d2aa2611523,4.332105,"5,000,000+"
Nebula,genesis.nebula,so far I'm understanding exactly what there are saying and I am interested in learning more and I am.,5,0,2026-04-21 06:58:01,40e6a567-8a74-44d4-920e-613d949c3c0e,4.332105,"5,000,000+"
Nebula,genesis.nebula,Felt so surreal. The sketch was in my heart,5,0,2026-04-21 05:16:44,7d90cc87-2ce1-4fcc-9918-b91eab4d75a1,4.332105,"5,000,000+"
Nebula,genesis.nebula,so far I'm encouraged and it seems so real.,5,0,2026-04-21 05:06:00,6a8d8baa-eddf-42e8-946c-784f80723e24,4.332105,"5,000,000+"
Nebula,genesis.nebula,the app is amazing it was so spot on,4,0,2026-04-21 04:53:14,4d57a475-317a-4f03-a2f5-d80080ab33d2,4.332105,"5,000,000+"
Nebula,genesis.nebula,this ha been the most accurate app in a long time.. love it,5,0,2026-04-21 04:27:42,3cbef17d-2c21-4abd-89f0-7f74bdf98950,4.332105,"5,000,000+"
Nebula,genesis.nebula,amazingly awesome thank you so very much for everything,5,0,2026-04-21 04:23:58,a2866a4c-177f-4db5-a458-4062b0569701,4.332105,"5,000,000+"
Nebula,genesis.nebula,"I initially felt a sense of fear, but the experience quickly transformed into something truly remarkable. It offered a powerful sense of hope and a clear vision for my future, leaving me both inspired and reassured about what lies ahead.",5,0,2026-04-21 04:21:39,a6fb7dde-2714-4203-976e-b7eba803239a,4.332105,"5,000,000+"
Nebula,genesis.nebula,you feel like you're home and you can talk about anything.. very accurate!,5,0,2026-04-21 04:09:37,4e7abcbd-a308-4923-8644-1cc6dbeedc77,4.332105,"5,000,000+"
Nebula,genesis.nebula,I'm such a fly by the seat of my pants type of girl and so it's literally hard to really pick up what my astral chart is trying to say to me sometimes but I think I really like this site more than other ones it makes it really easy to understand....,5,0,2026-04-21 03:17:49,35605af4-4a77-4510-bc8a-a6d6d66cf021,4.332105,"5,000,000+"
Nebula,genesis.nebula,Scam they steal people's money and I am still waiting for my refund,1,0,2026-04-21 03:04:17,ec658895-e6ed-4c19-861f-9a12bac768ab,4.332105,"5,000,000+"
Nebula,genesis.nebula,interesting platform. got me curious,5,0,2026-04-21 02:33:53,f8194ef0-9f9b-44b0-81bc-d39e19a176b8,4.332105,"5,000,000+"
Nebula,genesis.nebula,"what a great app! gives personal insight, guidance and clarity.",5,0,2026-04-21 02:23:51,925701cf-895c-4045-8c4e-fbfc2f896b59,4.332105,"5,000,000+"
Nebula,genesis.nebula,"Intriguing ad brought me into this sight. I was almost instantly put off by difficulty of site navigation. My 3 free minutes with a psychic lasted exactly 1 min and 27 seconds of nonsensical pop ups requesting large sums of money. There is good potential here but the setup is some classy click bait for more money. Disappointing, annoying and yes like slugging through cow patties.",1,0,2026-04-21 01:05:21,53542302-f883-4735-b527-38b11da97720,4.332105,"5,000,000+"
Nebula,genesis.nebula,I really like this app it is a very good app and they're very truthful and I have enjoyed it so far that I have been on here and I plan to be on here a little longer because it really give you insight on life itself and love life and anything else in your future so I suggest to anyone so I suggest to anyone that wants to know anything about their future what their future holds please try this app Barry great...,5,0,2026-04-21 00:55:38,4b060590-fe72-4556-b82b-9c7597f57377,4.332105,"5,000,000+"
Nebula,genesis.nebula,I love it showed me my true soul mate,5,0,2026-04-20 23:51:51,f4c025e7-f53b-4fb1-891d-b1ea0eba8786,4.332105,"5,000,000+"
Nebula,genesis.nebula,so far so good,5,0,2026-04-20 23:10:09,5f1f5c92-0aa4-4122-af00-6c646639905e,4.332105,"5,000,000+"
Nebula,genesis.nebula,most of the readings are send by you is true and I agree with it i mean predictions are correct i wish to receive more and more predictions from you. Best regards. chethiya.,5,0,2026-04-20 22:18:14,85873b9d-ab3f-4a68-8ed3-1f1e2581a4d5,4.332105,"5,000,000+"
Nebula,genesis.nebula,good insight into my birth chart to start me on the journey. expensive tho.,4,0,2026-04-20 22:17:42,a6c93fd9-2488-4fbc-a7a2-bf1a35dd86d7,4.332105,"5,000,000+"
Nebula,genesis.nebula,"Please ,I need my $42.99 back Why did you automatically deduct such amount from my card without my notice ? Please ,kindly refund it back as soon as possible . Thanks",1,0,2026-04-20 21:34:52,1504d565-5fef-4c0a-b414-30c32fd0ba4f,4.332105,"5,000,000+"
Nebula,genesis.nebula,"so far, so good. i radiate with magnificent energy and wonderment in finding out more ... so cool",5,0,2026-04-20 20:37:42,611a395a-9af8-43e6-ba2f-217f2ffc13b3,4.332105,"5,000,000+"
Nebula,genesis.nebula,I absolutely love this app the daily horoscopes are always spot on for what's going on in my everyday life and the people are amazing,5,0,2026-04-20 20:01:10,eb9b65ef-8133-46f6-8c97-f398039c111f,4.332105,"5,000,000+"
Nebula,genesis.nebula,This app is a serious joke you answer questions and then they say that the portrait of your soul mate is sent to your email and it's not there they send you on a wild goose chase for nothing and it takes too much to cancel your subscription people please don't waste your time and effort on this SCAM when you see the ads don't fall for it bc it's not that simple to receive a portrait of your supposed SOUL MATE!,1,0,2026-04-20 19:40:59,bf3938e5-139f-4ae9-bcb6-da833b140b25,4.332105,"5,000,000+"
Nebula,genesis.nebula,this app is amazingly good,5,0,2026-04-20 18:08:15,ee5ef1c9-8fae-4a9f-9f1f-df4b568baa8b,4.332105,"5,000,000+"
Nebula,genesis.nebula,Pretty good app so far,5,0,2026-04-20 15:59:16,e6ba58e0-3bc7-4e44-b3f5-668abf17b0cb,4.332105,"5,000,000+"
Nebula,genesis.nebula,I'm loving getting to know who I was in a past life. feels so accurate,5,0,2026-04-20 15:21:38,39b94ecc-f9a3-438b-9b27-3803fd5c341b,4.332105,"5,000,000+"
Nebula,genesis.nebula,very enlightening,4,0,2026-04-20 14:57:54,b091dbab-695a-43f5-be5c-216ba11f662b,4.332105,"5,000,000+"
Nebula,genesis.nebula,love this app. the psychics o have spoken too are very kind and insightful. I'm hoping the sketch of my soul mate turns out to be accurate too lol. lots of positive influences from this app. helps me get grounded. I've been going thru a lot of personal challenges in my life as off late ..I needed some insight and guidance so it's much appreciated and needed.,5,0,2026-04-20 12:57:21,62922b09-8c2f-49e4-8820-ef559c4a4cbd,4.332105,"5,000,000+"
Nebula,genesis.nebula,i really enjoyed my reading today it was on spot,5,0,2026-04-20 12:16:54,1f87dbaf-8891-47b9-9a7e-3153e414dc0a,4.332105,"5,000,000+"
Nebula,genesis.nebula,My palm reading was spot on. I am enjoying the variety of items offered from this app.,5,0,2026-04-20 11:57:43,468351f2-e2da-4778-a430-0bfb1a2e2dbf,4.332105,"5,000,000+"
Nebula,genesis.nebula,I asked if I was gonna get back with my ex she said yes in May but my ex is de a d explain that,3,0,2026-04-20 10:46:41,12e180a6-18d1-43e8-bcc2-60b6cd33dce9,4.332105,"5,000,000+"
Nebula,genesis.nebula,this is a very good site to get info,5,0,2026-04-20 10:02:31,a3ed9c7e-b185-497c-9833-2811319f6bb3,4.332105,"5,000,000+"
Nebula,genesis.nebula,this has been really interesting hope it's right,4,0,2026-04-20 09:55:09,4ce570af-4baf-4404-8355-55cf2332c9b6,4.332105,"5,000,000+"
Nebula,genesis.nebula,once subscribed you cannot unsubscribe keep charge my card.,1,0,2026-04-20 09:38:24,4e189217-6eee-467b-bb3c-9eb55eb9100c,4.332105,"5,000,000+"
Nebula,genesis.nebula,good job so far,5,0,2026-04-20 09:23:03,55263733-4c25-4ade-b44b-7740b4a405fa,4.332105,"5,000,000+"
Nebula,genesis.nebula,I've only been on here for a few minutes but what I'm reading so far is good and hopeful you should give it a shot and see how it works for you,5,0,2026-04-20 09:22:02,1685d403-f4a6-4559-82ca-01ebfc08e6dc,4.332105,"5,000,000+"
Nebula,genesis.nebula,your reading was very insightful and helpful to understand the dynamics between myself and my partner,5,0,2026-04-20 08:45:48,692a209f-8d42-4657-8a58-1666db48d2bd,4.332105,"5,000,000+"
Nebula,genesis.nebula,everything they told me in my birth chart was true the good the bad and stubborn I love this up very much they are honest as I've seen so far it's beautifully put together I would try it a million times over if I was you I would try it too,5,0,2026-04-20 08:27:34,3b445b2c-4985-41f7-ab88-974ed0a55f1a,4.332105,"5,000,000+"
Nebula,genesis.nebula,pretty straight forward but up to you too decide could be anyone came see her eyes,4,0,2026-04-20 07:54:27,701248f4-ef68-4e3a-bffd-cee59fdcf3b2,4.332105,"5,000,000+"
Nebula,genesis.nebula,"too expensive, too difficult to unsubscribe. scam",1,0,2026-04-20 07:47:27,0ebdaf40-3a43-4da8-a472-a09fdbcce985,4.332105,"5,000,000+"
Nebula,genesis.nebula,very good app I love it ! they give really good insights,5,0,2026-04-20 07:44:54,12e59fcc-c0b2-4708-87d1-02549427c8e6,4.332105,"5,000,000+"
Nebula,genesis.nebula,"so far the app is insightful, I don't believe everything is clear but it's very insightful",4,0,2026-04-20 07:26:14,c9dd7140-58f3-4174-88ef-b653abe939e4,4.332105,"5,000,000+"
Nebula,genesis.nebula,this app is amazing. it gives me tons of insight,5,0,2026-04-20 06:58:28,5a7ffe53-6ec6-4971-ba21-828a18bf5b28,4.332105,"5,000,000+"
Nebula,genesis.nebula,Great app brings a lot to light and helps me understand why I am the way I am,5,0,2026-04-20 06:47:28,c22eba62-0eac-48c5-9be0-1bcb1c895f14,4.332105,"5,000,000+"
Nebula,genesis.nebula,Very insightful. I am a skeptical person by nature but mt curiosity led me to try this app out. It was hard to ignore the accuracy of my reading and detailed sketch. This is a must try for the curious mind.,5,0,2026-04-20 06:15:24,68fbd1f7-9846-4c51-841f-1d978bb25c33,4.332105,"5,000,000+"
Nebula,genesis.nebula,so far so good we will see the out come and see once I fully read it all...,5,0,2026-04-20 05:15:36,b68e0f76-4956-4e10-aaf4-ebb1bf40e581,4.332105,"5,000,000+"
Nebula,genesis.nebula,"so far absolutely loving this app, I actually am at a point in my life where I felt like I needed some guidance and this just popped up randomly",5,0,2026-04-20 04:59:15,e9dfdb99-91f2-4028-a7ff-23f889fc7c89,4.332105,"5,000,000+"
Nebula,genesis.nebula,really helpful I just wanted to know is he the one,5,0,2026-04-20 04:52:28,9a4b8791-18a3-4fd4-aad5-7ca7e23066ec,4.332105,"5,000,000+"
Nebula,genesis.nebula,you should try it . you'll be intrigued,5,0,2026-04-20 04:26:39,4c2c2217-3eb8-45fc-a4e4-4602783536e1,4.332105,"5,000,000+"
Nebula,genesis.nebula,it's almost like I have asked the universe for answers. maybe I get the answers. and maybe no? open to it though.,4,0,2026-04-20 03:10:02,702f312f-e497-4a70-a65a-fa61bed0e9c5,4.332105,"5,000,000+"
Nebula,genesis.nebula,"Weather you believe it's true or just Woo woo? It's your energy. Asking the universe to tell you a little bit about something. It's real, no matter where it comes from. you ask for it. And you shall receive it.",5,0,2026-04-20 03:07:52,6844954e-5d9e-4e6a-98df-312ce58b8f88,4.332105,"5,000,000+"
Nebula,genesis.nebula,it'd be nice to get back to checking my horoscopes if the login would work. its always an error signing in with email AND Google,1,0,2026-04-20 03:06:32,a73a4993-540d-42ac-9636-c4d930356224,4.332105,"5,000,000+"
Nebula,genesis.nebula,I really liked how quick the sketch was and it brought me to tears,5,0,2026-04-20 02:52:58,38a32222-f22c-4243-a0f5-9ca7f5baf1c0,4.332105,"5,000,000+"
Nebula,genesis.nebula,"great probing questions to create an analysis, quick feedback, tons of resources to continue to explore. nebula is worth the exploration for sure!",5,0,2026-04-20 01:02:03,4920c089-40e9-42dc-b187-7e3e2d4ad923,4.332105,"5,000,000+"
Nebula,genesis.nebula,Helps see the light thru the fog right now. Helping me get a better understanding of whats to come.,5,0,2026-04-20 00:51:04,376757b3-819d-4de9-87d5-4047eb413fc9,4.332105,"5,000,000+"
Nebula,genesis.nebula,"a lot of information, when looked at as an overview at first, finding agreements, then curiosity to delve deeper can be interesting",5,0,2026-04-20 00:42:40,1b4f7943-7a98-4c31-b187-b2adf758a92c,4.332105,"5,000,000+"
Nebula,genesis.nebula,very insightful,5,0,2026-04-20 00:40:38,c29aa500-39e6-4b0e-8dd2-b7788c182d40,4.332105,"5,000,000+"
Nebula,genesis.nebula,I love the detail and insight,5,0,2026-04-20 00:31:27,c54b25cc-994a-49c7-a337-4c4d2b90fc63,4.332105,"5,000,000+"
Nebula,genesis.nebula,pretty good I'd say they on point,5,0,2026-04-20 00:23:28,f858dd6a-b80e-41d4-8054-e6dc87e0db8a,4.332105,"5,000,000+"
Nebula,genesis.nebula,pretty accurate so far,5,0,2026-04-19 23:46:55,ba57be8d-c5b7-4abc-b375-7e41e05a631b,4.332105,"5,000,000+"
Nebula,genesis.nebula,Desmond Sheehan - I was a skeptic till I not only saw the picture but heard what had to be said to me - give it the chance,4,0,2026-04-19 23:25:17,2bf9c285-44e0-4ba0-b80a-bc623b7dd8b1,4.332105,"5,000,000+"
Nebula,genesis.nebula,great app love it,5,0,2026-04-19 23:22:42,27043e48-1348-40da-9772-096b03dd3e0b,4.332105,"5,000,000+"
Nebula,genesis.nebula,great app..best of its kind 10/10,5,0,2026-04-19 22:54:39,81c1fef0-afd8-4230-b3c8-62386c3f38a5,4.332105,"5,000,000+"
Nebula,genesis.nebula,Very accurate and spot on with how I feel and how I've always felt without me inputting any of my own thoughts. So really enjoying my reading and very insightful. Thank you 😊 🙏 💓,5,0,2026-04-19 22:44:08,28d84db5-8fb4-4831-bfcc-b59d04747304,4.332105,"5,000,000+"
Nebula,genesis.nebula,maby some hope after all,5,0,2026-04-19 22:41:59,d519a1f4-1557-489e-82c8-28a3f3760140,4.332105,"5,000,000+"
Nebula,genesis.nebula,Nice interaction,5,0,2026-04-19 22:38:43,8c9a358e-1eda-40be-af7f-b22e7db141d7,4.332105,"5,000,000+"
Nebula,genesis.nebula,I think the psychics I talked to today were pretty accurate couple questions didn't have a direct yes or no answer but was accurate with why the answer weren't directly yes or I will use them again in the future,4,0,2026-04-19 21:58:19,e2959959-ecf4-4257-addf-e4f26310dc6f,4.332105,"5,000,000+"
Nebula,genesis.nebula,seems on target totally,5,0,2026-04-19 21:48:05,7a9f69ee-7bb4-4061-875a-99837859b142,4.332105,"5,000,000+"
Nebula,genesis.nebula,the app is good,5,0,2026-04-19 20:50:18,5d80966d-8017-41a8-af74-aa142f27b1fd,4.332105,"5,000,000+"
Nebula,genesis.nebula,interesting sketch and connection shown.,5,0,2026-04-19 20:17:56,7a53a556-7000-4b6c-9e1e-e07bef2f9586,4.332105,"5,000,000+"
Nebula,genesis.nebula,Thanks for working on finding my Soulmate,5,0,2026-04-19 20:11:58,9f877265-69cc-4828-81fa-145735c9fc69,4.332105,"5,000,000+"
Nebula,genesis.nebula,"I had never downloaded the app, but still tried to make a purchase on my card",1,0,2026-04-19 19:56:20,ac524d06-5531-4b60-9009-e23b08754814,4.332105,"5,000,000+"
Nebula,genesis.nebula,wow pretty bang on in the numbers and life.. interesting to find out more about my purpose thank you 🙏,5,0,2026-04-19 19:25:39,f9e94581-a961-4b3f-b9e6-883624d80eb6,4.332105,"5,000,000+"
Nebula,genesis.nebula,has some very interesting opinions.,4,0,2026-04-19 19:24:21,2281037f-c2cd-4295-a1f2-c7df552bc95e,4.332105,"5,000,000+"
Nebula,genesis.nebula,It was so on point,5,0,2026-04-19 18:25:28,2ea9ca83-1f2f-47f9-aff3-4f7ca59444e1,4.332105,"5,000,000+"
Nebula,genesis.nebula,Very Accurate,5,0,2026-04-19 17:34:48,5dc38b48-4c61-47eb-b3f9-124e99861d1c,4.332105,"5,000,000+"
Nebula,genesis.nebula,loving it so far intrigued,5,0,2026-04-19 17:13:05,9e6e5f59-8469-4dca-87b8-173544305eee,4.332105,"5,000,000+"
Nebula,genesis.nebula,very good platform and spot on really love and would recommend for sure.would encourage anyone to give it a shot.,5,0,2026-04-19 15:59:09,22f5b2a0-319b-4a4c-b6ca-90db09b297b6,4.332105,"5,000,000+"
Nebula,genesis.nebula,I think this app is very intriguing and definitely knows exactly what I want in my partner/soulmate,5,0,2026-04-19 15:29:33,ae508082-2e29-44f9-b415-0ccb604d37b1,4.332105,"5,000,000+"
Nebula,genesis.nebula,very insightful and easy to comprehend,5,0,2026-04-19 15:28:50,36246d4f-bbd7-4461-a08c-3182738d7e54,4.332105,"5,000,000+"
Nebula,genesis.nebula,awesome and very informative,5,0,2026-04-19 15:02:09,75304b29-f75f-4d58-859f-3eda98067b4d,4.332105,"5,000,000+"
Nebula,genesis.nebula,"Hesitant at first, but I actually like this site. Doesn't bombard with adverts and isn't wanting to rob you dry overall 4 thumbs up 😎¡!!!!!",4,0,2026-04-19 14:39:33,d5bc080f-a0a4-4037-9439-292ba8721ce1,4.332105,"5,000,000+"
Nebula,genesis.nebula,awesome looks like him if I find him some day lol,5,0,2026-04-19 14:21:49,70bccaf5-ac09-4d13-acc3-18ce3c86b066,4.332105,"5,000,000+"
Nebula,genesis.nebula,very interesting and insightful,5,0,2026-04-19 13:43:39,7df65820-5202-4949-aab1-b7fbc0976577,4.332105,"5,000,000+"
Nebula,genesis.nebula,i feel that it's not giving uh genuine answer and it's very expensive. don't waste money here,1,0,2026-04-19 13:41:27,d1acc327-15f5-4f36-9d01-8e97b8e20d05,4.332105,"5,000,000+"
Nebula,genesis.nebula,It's amazing!,4,0,2026-04-19 13:21:04,1d4bf2f2-594a-4372-8378-339d130b88b4,4.332105,"5,000,000+"
Nebula,genesis.nebula,it was really amazing how accurate it is we both loved it,5,0,2026-04-19 12:56:37,db40658e-a222-4ff2-a839-7f4daf1129f2,4.332105,"5,000,000+"
Nebula,genesis.nebula,"I'm wowed, the sketch does look like my old man",5,0,2026-04-19 12:39:13,57a0bd64-0261-4dc7-8713-c34a2dc447ed,4.332105,"5,000,000+"
Nebula,genesis.nebula,"this has been the closest to spot on , for me in my life. I enjoy how personal they are with every interaction . thanks for the guidance Ms.T",4,0,2026-04-19 12:36:18,98e48580-bc2a-43eb-884c-cb3ef9b027e0,4.332105,"5,000,000+"
Nebula,genesis.nebula,I find it very interesting and intriguing. I'm interested to see how this will work out,5,0,2026-04-19 11:40:06,d0e2020e-d3e5-43c1-b65f-76650ca99290,4.332105,"5,000,000+"
Nebula,genesis.nebula,great so far,5,0,2026-04-19 10:36:46,9c51a02b-0893-4425-ab44-2804e8924e7f,4.332105,"5,000,000+"
Nebula,genesis.nebula,this is awesome app spot on.,5,0,2026-04-19 10:13:33,a868b7f5-2ff8-416d-ade8-cf222d0ad467,4.332105,"5,000,000+"
Nebula,genesis.nebula,Really entertaining in a way that makes you think.,5,0,2026-04-19 09:51:27,8e1dc079-4cf7-4230-a754-a598b6147cf9,4.332105,"5,000,000+"
Nebula,genesis.nebula,the reading issspot on,5,0,2026-04-19 09:47:04,eae2ecbd-a2ab-4bdb-bd86-92a4a597a695,4.332105,"5,000,000+"
Nebula,genesis.nebula,he showed a picture of a man not of a woman I'm not gay this is BS it says go back into the the settings and redo your profile I can't get back to the settings,1,0,2026-04-19 09:35:34,170e25b2-269d-4f5a-a9d5-1af254d741c5,4.332105,"5,000,000+"
Nebula,genesis.nebula,Gives a very intuitive look at the underlying details on how you're tuned into the mystical force that guides your soul..,5,0,2026-04-19 09:32:13,e31c17e2-3859-4cd7-b5f9-8ce24b96937b,4.332105,"5,000,000+"
Nebula,genesis.nebula,Great app to have in my opinion!! My horoscope has been on point more often than not!! Definitely recommend to check it out.,5,0,2026-04-19 07:33:35,10a014c0-0960-4b39-ba3c-fadadbb6e284,4.332105,"5,000,000+"
Nebula,genesis.nebula,this is s really good platform with so much knowledge it's amazing. so much to take in. eye opening id say..,5,0,2026-04-19 06:40:18,621a1315-1b36-4cce-b620-5a67711650b4,4.332105,"5,000,000+"
Nebula,genesis.nebula,great insight. spot on.,5,0,2026-04-19 06:26:49,eb3c537d-b02a-45e9-9609-59a0ec5728b5,4.332105,"5,000,000+"
Nebula,genesis.nebula,"Great people, great app. After a misunderstanding, they sent me a complete refund in less than an hour. I've recommended it to many of my friends.",5,0,2026-04-19 06:16:55,00ae2a3c-a791-42e3-8184-ba09b23330a8,4.332105,"5,000,000+"
Nebula,genesis.nebula,it's very informative and fun to learn these things,5,0,2026-04-19 06:09:33,0746584c-2783-4d0b-ac0f-28590bc38e51,4.332105,"5,000,000+"
Nebula,genesis.nebula,its crazy cuz when. I saw the sketch I felt like I already knew him but I havent met him yet.thus is kinda amazing,5,0,2026-04-19 06:01:29,90b9399d-8350-4836-bdfb-98367470aa65,4.332105,"5,000,000+"
Nebula,genesis.nebula,total money grab. total bolox,1,0,2026-04-19 05:36:51,97bef079-0c65-463d-a8dd-2a0e25607fe9,4.332105,"5,000,000+"
Nebula,genesis.nebula,Very accurate and easy to use,5,0,2026-04-19 05:11:06,dca0bb1d-239c-4628-9a0b-4aa051a998d2,4.332105,"5,000,000+"
Nebula,genesis.nebula,its weirdly accurate on certain details.,5,0,2026-04-19 03:50:11,8da3bdf1-e546-4fbf-a7fd-1f211932641d,4.332105,"5,000,000+"
Nebula,genesis.nebula,I feel very satisfied with the app so far I may have to update this review here in the next 3to4 yrs to see if I actually meet my soul mate from the sketch ty guys this has made my day 😀 ❤️ 😊,5,0,2026-04-19 03:30:58,e02ec5c1-49d5-459b-99b5-cc1fe5b9eea5,4.332105,"5,000,000+"
Nebula,genesis.nebula,I like Nebula alot. I like the variety of things you can look at and enjoy the soul mate sketch,5,0,2026-04-19 03:19:47,be07bded-bb69-42db-af7c-30f2f9381702,4.332105,"5,000,000+"
Nebula,genesis.nebula,Just read my sun and rising sign . It described me perfectly !!,5,0,2026-04-19 02:40:07,d3ee37a4-36ec-4c0d-b233-22bc4ba51c68,4.332105,"5,000,000+"
Nebula,genesis.nebula,Interesting info. Helps.,4,0,2026-04-19 01:57:50,553507ea-b8e9-4b28-ac53-18344f011dbd,4.332105,"5,000,000+"
Nebula,genesis.nebula,So far it's giving me a little hope for the future soul mate I may encounter ♥️,5,0,2026-04-19 01:33:34,a2977baf-f2a9-4a8e-bb62-ea7de99baec6,4.332105,"5,000,000+"
Nebula,genesis.nebula,"there is loadĶs of information and not just the kind that tells you what something is, but also the kind that tells you where is comes from things that impact it and how to use it to receive a greater advantage!.N RWW",4,0,2026-04-19 01:10:36,35365391-79ef-42e7-ab1d-bbeec98717ae,4.332105,"5,000,000+"
Nebula,genesis.nebula,the palm reading offered a complex and powerful insight into my life that validated many things that I have realized about myself. To hear it laid out and explained so well really gave me confidence to hold on to those things that really a major part of my life's course. 10 thumbs up!!!,5,0,2026-04-19 00:37:29,a7543fe8-a7de-44bb-ba31-b10d44b28a8c,4.332105,"5,000,000+"
Nebula,genesis.nebula,It is very informative and they make you feel at ease and confident,5,0,2026-04-19 00:10:42,151df4af-c187-43bc-a831-d7d8b75d61bc,4.332105,"5,000,000+"
Nebula,genesis.nebula,"Great app! I love it, very deep/insightful",5,0,2026-04-18 23:57:54,f942833d-9e61-4a46-bb91-252a34c69723,4.332105,"5,000,000+"
Nebula,genesis.nebula,I love nebula. They are right on the money with everything. im waiting for my sketch but im sure that'll be amazing also. Thank you Nebula!,5,0,2026-04-18 23:29:07,b2eaa59d-e210-4ea8-8b3e-f02ecbf39220,4.332105,"5,000,000+"
Nebula,genesis.nebula,"seema like a scam, not recommended",1,0,2026-04-18 22:49:28,977ac856-cacf-4f15-ae4a-8c1a770c9b66,4.332105,"5,000,000+"
Nebula,genesis.nebula,"did not get my sketch, even after paying $1. They maje u download the app, start asking questions. By the time their "" spiritual dating specialist"" answers the question, ( still no sketch) , the minute is over, offers u more minutes, of course, with a fee & still no sketch!! Very misleading online, brings u here, & still no sketch without money. I want my dollar refund immediately, as this is extremely scamful & misleading. thank u, gina blackwood",1,0,2026-04-18 22:25:54,ea07da65-94ef-48e5-8c50-3548087b41ef,4.332105,"5,000,000+"
Nebula,genesis.nebula,The best reading I've ever received it was insightful and empowering,5,0,2026-04-18 22:20:03,965585de-ccb0-49ff-a09e-801243107d90,4.332105,"5,000,000+"
Nebula,genesis.nebula,very spot on,5,0,2026-04-18 22:16:02,2a5bc8e0-55bb-4d26-aafa-931d078a7699,4.332105,"5,000,000+"
Nebula,genesis.nebula,prediction about one's inherent nature and qualities based on the birth truths and palm lines are all very correct.,5,0,2026-04-18 22:08:22,7ef21160-2f67-4444-9a33-98198ff18c9d,4.332105,"5,000,000+"
Nebula,genesis.nebula,im not even subscribed to anything and yet they charged me for months already. authorities need to take a look at this app! This app is a scam!,1,0,2026-04-18 21:58:08,292f2a59-9de8-4728-90dc-058d23917a34,4.332105,"5,000,000+"
Nebula,genesis.nebula,good deal I knew I was a good one,5,0,2026-04-18 21:28:26,f5901939-1fab-4f64-a41f-0a0cc481a1dd,4.332105,"5,000,000+"
Nebula,genesis.nebula,insightful little app,5,0,2026-04-18 21:01:20,88a7bd93-7c6e-4147-b9f3-2d2fd2ef72ed,4.332105,"5,000,000+"
Nebula,genesis.nebula,nebula always gets me to come back. every time and it's strangely accurate. loved the soul sketch.,4,0,2026-04-18 20:15:01,0512cee9-ba1e-4845-ad58-12a60863407b,4.332105,"5,000,000+"
Nebula,genesis.nebula,great insight given,5,0,2026-04-18 19:58:04,15923f6d-46dd-4750-bf90-f94bf67ecacf,4.332105,"5,000,000+"
Nebula,genesis.nebula,There was alot of things that was pretty close to the truth. I rarely experience this close of an accurate reading. I THANK YOU.,5,0,2026-04-18 19:50:56,44e1ea67-f1b4-47a7-9323-cc0d90f87c87,4.332105,"5,000,000+"
Nebula,genesis.nebula,I think it's pretty accurate so far and hope i get what im looking for,5,0,2026-04-18 19:46:24,6b2c13ab-3602-4c30-bff1-1340c45be272,4.332105,"5,000,000+"
Nebula,genesis.nebula,Heart warming answers and interesting to find,4,0,2026-04-18 17:12:33,e64c471a-e2ef-4116-b43c-719fce57d522,4.332105,"5,000,000+"
Nebula,genesis.nebula,pretty good still needs to meet her though,4,0,2026-04-18 17:06:47,c7f1a060-61a2-40d5-b94d-ef92dce9c074,4.332105,"5,000,000+"
Nebula,genesis.nebula,on point thanks Nebula,5,0,2026-04-18 16:48:37,8e72e411-c851-48e2-9178-7a00c75429b5,4.332105,"5,000,000+"
Nebula,genesis.nebula,"I really like Nebula the more I read and farther I delve into the site and the insights within. Definitely spiritually and soundly connected to the Light side of the spiritual realm with Love, thorough, complete and well rounded insights with special, centered, and clear thoughts and way of relating the information to the client.",5,0,2026-04-18 16:19:15,dbbb7935-e19c-45ce-ab70-d933026f8ee7,4.332105,"5,000,000+"
Nebula,genesis.nebula,"worst app, at first I paid 40 rupees and then idk where it went. I kept trying to talk to the astrologers but it showed that i gotta pay but I already did! then why again? where did the last 40 rupees went?",1,0,2026-04-18 14:50:31,65ae8e2e-dfee-4062-a29e-3e8cd49a718d,4.332105,"5,000,000+"
Nebula,genesis.nebula,I recommend this app. its very accurate and everything feels so right. I love it. if you want a great and accurate app this is the one to download. I'd give it 100 STARS if I could !!!,5,0,2026-04-18 14:21:10,96b2995e-1a40-4aeb-842d-8c43d3449b0d,4.332105,"5,000,000+"
Nebula,genesis.nebula,amazing and easy to navigate definitely recommend if seeking answers!,5,0,2026-04-18 12:34:54,17f9e12f-a2fa-42ac-bb63-886028cc1f1a,4.332105,"5,000,000+"
Nebula,genesis.nebula,"I don't know what made me click on this link. I don't usually put any merit in this kind of thing. But I have to say, the reading is correct. A few statements could be read in more than one way. If you've ever been thinking about trying this out, this is the sight to try. I'm glad I did.",4,0,2026-04-18 12:20:06,900e2c8a-df6e-49da-9858-d3f885cce5e6,4.332105,"5,000,000+"
Nebula,genesis.nebula,great app. on point with most of everything. I recommend it.,4,0,2026-04-18 11:48:24,bbc2118e-1017-42cb-998a-6ca829cbe48d,4.332105,"5,000,000+"
Nebula,genesis.nebula,"I give it 5 🌟 star, astrology are the best in life helping us through our lives we need this friendships to inspire us 💜 with guidance guidelines we hopefully appreciate your efforts 👌.",5,0,2026-04-18 11:35:10,aa7b70dd-febe-4d96-8cb5-a0d3fa605d3e,4.332105,"5,000,000+"
Nebula,genesis.nebula,"Still fairly new to this app. So far it's been a positive experience. The information is insightful and presented in such a way that I learn a bit each time I do something in the app. The explanations are clear and easy to understand, and not filled with wordy jargon that leaves one feeling dazed and confused, scratching their head like they just woke up from a fuzzy dream.",4,0,2026-04-18 11:11:45,253d60d5-4637-4640-96e4-e37984cfb273,4.332105,"5,000,000+"
Nebula,genesis.nebula,"I signed. up for a 7 day trial on April 15,2026....I still do not see Anything from you in My Subscriptions about this Nebula App. I would like to Cancel my Subscription as of Today April 17,2026! I am Making this public; There was a time awhile ago....I did a Trial with this app,when It just came out ...Once again I see nowhere on Google Play store nor the Nebula to Cancel my offer...I feel that you don't want customers to Cancel! This way you can say we did not Cancel on Time!! Cancel Me Now!",1,0,2026-04-18 10:32:45,448b148c-5dd3-4496-af18-7846aa300d6f,4.332105,"5,000,000+"
Nebula,genesis.nebula,"Great, app is expensive but okay over all",5,0,2026-04-18 10:20:33,f2b8c240-41a0-42fb-a027-c7247664f401,4.332105,"5,000,000+"
Nebula,genesis.nebula,great description of everything thank you 🙂,5,0,2026-04-18 10:04:07,7dda4f13-a187-407d-a0b1-eda6c9f8303d,4.332105,"5,000,000+"
Nebula,genesis.nebula,very helpful,5,0,2026-04-18 10:03:18,36218dff-8cde-483c-a206-9faa5179ad23,4.332105,"5,000,000+"
Nebula,genesis.nebula,your taking money from my account with out my permission I've cancelled my subscription,1,0,2026-04-18 10:00:29,66072209-da5c-4e7b-8de6-7edd1907c700,4.332105,"5,000,000+"
Nebula,genesis.nebula,this app is a scam and is trying to steal mo ey from people. I paid for a $1 reading and it keeps trying to take $49.99 for a subscription fee. I can't cancel it!!! -100 stars,1,0,2026-04-18 09:20:00,d0a04ed4-e410-4c52-b8e2-6bd2eb7461c1,4.332105,"5,000,000+"
Nebula,genesis.nebula,spectacular I was skeptical at first but now it all makes sense. I wished I had started sooner thank you Nebula,5,0,2026-04-18 09:14:59,fcfbe98e-3554-4243-9ea3-34db524c64fc,4.332105,"5,000,000+"
Nebula,genesis.nebula,Just designed to get people money with 0 value,1,0,2026-04-18 08:37:36,1da04ffe-b492-420c-b486-c9dc19058dc8,4.332105,"5,000,000+"
Nebula,genesis.nebula,very fun and interesting. I do not know much about astrology,5,0,2026-04-18 08:11:04,59f7460f-622d-4201-843b-2b34baa25017,4.332105,"5,000,000+"
Nebula,genesis.nebula,"even though I was not happy with the reading, I felt they are pretty generic things, but the customer service solved my problem within a couple of minutes and they have been very honest and transparent about it. only because of that, this app deserves a five star.",5,0,2026-04-18 08:01:44,cca91613-e808-4916-b69d-279045f368cd,4.332105,"5,000,000+"
Nebula,genesis.nebula,I enjoy Nebula. The information I have been provided has been very accurate and moving. It's a great tool to know insights about and understand yourself.,5,0,2026-04-18 07:56:45,ce97b15b-62c8-49ce-96b8-34307199b78b,4.332105,"5,000,000+"
Nebula,genesis.nebula,Nebula has shown me perfectly.,5,0,2026-04-18 07:38:01,b7b1aeb1-8b19-4865-8577-6dbbaaf750a0,4.332105,"5,000,000+"
Nebula,genesis.nebula,"If you're interested in astrology, horiscopes, psychics etc then you'll probably really enjoy this app. You can spend as little as $1 as I did to start. lots of insights and guidance from what I can see, and you can get free readings from a psychic for a few minutes when you join. you can also earn minutes by doing other activities. You can also just buy some minutes to get readings. I'd recommend this to anyone who's interested in astrology, & those who wanna test how good the psychics are lol",5,0,2026-04-18 07:22:04,b1201fd4-fd68-48e5-be64-c1f2ee5c6177,4.332105,"5,000,000+"
Nebula,genesis.nebula,Surprisingly Easy to Use and Understand,5,0,2026-04-18 07:06:18,a217f1d4-5e51-4b82-8699-320613bfd8e0,4.332105,"5,000,000+"
Nebula,genesis.nebula,It's quiet the experience and comfort to know your being and your presence in this world and this definitely guides you in the path you may not even know!,5,0,2026-04-18 06:22:41,ff9297ea-3f94-4c64-859c-f02fe3622dfe,4.332105,"5,000,000+"
Nebula,genesis.nebula,never really been into things like this but I love it! everything ive read so far seem sooooo accurate,5,0,2026-04-18 05:56:07,df38fca1-10b2-41e1-a59a-6cecdb846cf3,4.332105,"5,000,000+"
Nebula,genesis.nebula,"this is a money making app, the experts take time to respond and while you still thinking you will receive a response, boom you gotta pay to receive the message.",2,0,2026-04-18 05:30:27,5c765d2b-013b-43e6-b9e9-e0e6d1cc8779,4.332105,"5,000,000+"
Nebula,genesis.nebula,I have always had a doubt about horoscopes and tarot card readings Etc till now. This app is a game changer. Everything that it has told me has been right on the money. So right in fact its a little scary. But knowing what I know now is very helpful in this time of my life. Im so glad I gave it a chance. It has opened my eyes and heart to new opportunities that I could have missed and the information that I could have missed. So if you are someone like me who doubt this. DON'T try it please,5,0,2026-04-18 05:22:28,a6f2cdab-045e-408b-a1e5-4896a4443b04,4.332105,"5,000,000+"
Nebula,genesis.nebula,I feel more at ease knowing there's this help!,5,0,2026-04-18 05:09:12,ed724c60-8e76-4635-b7d1-353150456af8,4.332105,"5,000,000+"
Nebula,genesis.nebula,such a good app i love it,5,0,2026-04-18 02:11:38,0e5d27a8-60e2-4a24-bdc6-8afc84d1b03e,4.332105,"5,000,000+"
Nebula,genesis.nebula,"I am a hot Christian and I must say I find this accurate as well, it changes topics to anything, love ,life, career, marriage, relationships, etcetera. I like the fact that it includes my Christianity in it and is not witchcraft. it's also a good career for those who'd want to get into reading people I don't know if they offer it on nebula but if they did I definitely would join. one of the Apps that would make me throw away everything else on my storage space",5,1,2026-04-18 02:09:08,c453fe3d-e7c2-4bb9-9235-7223b614f23b,4.332105,"5,000,000+"
Nebula,genesis.nebula,Love the details. Don't like them pushing me to talk to a psychic .,5,0,2026-04-18 01:45:41,314a90c6-b52a-47e0-9e96-293d67d1e016,4.332105,"5,000,000+"
Nebula,genesis.nebula,"so easy to use,nice app",5,0,2026-04-18 00:43:12,132cba99-3e5e-4322-b5c6-c1134cb240f4,4.332105,"5,000,000+"
Nebula,genesis.nebula,I enjoy Nebeula. Its a good app.,5,0,2026-04-18 00:36:07,ab2f7d2d-5da5-4cac-bcda-f7279b418107,4.332105,"5,000,000+"
Nebula,genesis.nebula,They charge me $51 dollars without my consent thats not okay,1,0,2026-04-17 23:00:02,292a8f58-6f99-419d-980d-2190f70c1815,4.332105,"5,000,000+"
Nebula,genesis.nebula,pretty insightful,5,0,2026-04-17 21:22:08,916b66b0-5c0b-4d32-858b-ef8840eced1c,4.332105,"5,000,000+"
Nebula,genesis.nebula,amazing! right on the money!!,5,0,2026-04-17 17:44:11,4d53e34f-b057-4849-97b0-7dca4fcd44e4,4.332105,"5,000,000+"
Nebula,genesis.nebula,"app was nice; however had a trial, canceled and they keep billing. A THORN IN MY SIDE! SCAM FOR $$$$",1,0,2026-04-17 17:43:22,320567cb-51df-4417-b403-1b7e6ecd3564,4.332105,"5,000,000+"
Nebula,genesis.nebula,Amazing app!!!,5,0,2026-04-17 16:00:32,05052ce7-4600-4901-ae89-91a77f6a7a53,4.332105,"5,000,000+"
Nebula,genesis.nebula,everyone that I've dealt with so far has been extremely helpful. the psychic was bang on with the chat that we had. thank you,5,0,2026-04-17 15:45:09,b12a5c3a-d4dc-426a-ab99-571c38456c7c,4.332105,"5,000,000+"
Nebula,genesis.nebula,love this app fun and seems pretty accurate so far!,5,0,2026-04-17 14:22:17,c5e8b0cb-79f5-4466-a980-8b8d69b1ab25,4.332105,"5,000,000+"
Nebula,genesis.nebula,"The readings were the complete opposite of my personality. The drawing of my supposed soulmate was of a guy. when I'm straight and a guy, all my information I gave them was correct. hoping that it has been cancelled as I went to the website to cancel. Like all the other reviews very expensive for nothing but paff. seems like a AI wrote all the advice on there.",1,0,2026-04-17 14:19:13,1c3ecdb9-f786-4e4d-be42-2f36955cd28e,4.332105,"5,000,000+"
Nebula,genesis.nebula,u take the money and tell to recharge but do not allow to chat.. pls share back the money...or let's see u in the consumer court,1,0,2026-04-17 13:27:04,3cd7ed43-9a65-463d-8c1c-18b1c3fd5f56,4.332105,"5,000,000+"
Nebula,genesis.nebula,"I have had my 3rd eye opened since I was a little girl and Nebula is confirming things that I am a warrior and it doesn't matter that I'm a woman and Lord has used me a few times and saved my life more than once and now I know why, people are sometimes scared of me cause I know things I should not know. I can tell if they lie or speakin truth or can tell when they are setting me up for a fall, I do believe Nebula can help me get more intune with me abilities i have within.",5,0,2026-04-17 13:02:36,f4558eb0-4369-4199-a7c6-0be5af4c5fb0,4.332105,"5,000,000+"
Nebula,genesis.nebula,I really enjoy the information it gives about my soulmate and what our relationship will be like..still waiting for my sketch of my soulmate..will post more after I receive my sketch.,4,0,2026-04-17 13:01:36,76bf987f-b64a-4876-88aa-44c7b78398ac,4.332105,"5,000,000+"
Nebula,genesis.nebula,seems to be on the right path but who knows if just started using the app,4,0,2026-04-17 12:49:38,8349b461-84da-42d3-a9cb-4d462c8fb2f5,4.332105,"5,000,000+"
Nebula,genesis.nebula,this is a great solution if you would love to explore your ancient and past hidden traits that still carry on with you now. I'm just starting but have already figured out a lot now that I believe is true.,4,0,2026-04-17 12:24:14,d43b83ab-ef7f-4690-a5cc-ff030ee99677,4.332105,"5,000,000+"
Nebula,genesis.nebula,this is the best app you can get by far the realest on point knowledge,5,0,2026-04-17 12:00:44,6c4d4a1a-4452-4469-a0df-032d76d83ae9,4.332105,"5,000,000+"
Nebula,genesis.nebula,"this is a wonderful app. I'm glad I found it. I recommend this app. every one should try this app out ... I will tell all my friends and family about this app...........,!!!¡!!!!!!!!!!!!!",5,0,2026-04-17 11:27:59,774ab9dc-d84b-41c6-a23f-6b0f4bb4afed,4.332105,"5,000,000+"
Nebula,genesis.nebula,I was very insightful and the things I read seem to fit the person who I am.,5,0,2026-04-17 11:22:03,2868c68a-dd72-4fbd-82a7-60ee58313fab,4.332105,"5,000,000+"
Nebula,genesis.nebula,I enjoy learning about my sign alongside other signs. it's easy to navigate this app so that's awesome. A stress free a design is a neat way to keep someone like me involved in long term involvement in the app. lots of psychics to choose from to give my reading and I will be able to do more with the review from me to this app also. horoscope education is becoming more of the mainstream than what it use to be and that is just so wonderful. more folks can find what they were looking for.,5,0,2026-04-17 10:59:18,dbbc3a8c-06c6-4e33-a512-669e622352d1,4.332105,"5,000,000+"
Nebula,genesis.nebula,Don't download this app.... charged for a subscription I didn't subscribe to.,1,0,2026-04-17 10:19:17,8481bc99-6430-44b8-b9d1-7029deb64019,4.332105,"5,000,000+"
Nebula,genesis.nebula,I really like the accuracy I have gotten so far 😀,4,0,2026-04-17 09:47:39,1521b985-706c-4466-b2be-d9e936ad6c35,4.332105,"5,000,000+"
Nebula,genesis.nebula,very interesting and mind opening in a sense that i already know .. but nice to see it written down for me to read.,5,0,2026-04-17 09:04:02,17d59ef5-ed92-4f69-810d-531677d15d3d,4.332105,"5,000,000+"
Nebula,genesis.nebula,it is grat and I love it Is real.it,5,0,2026-04-17 08:58:43,58f66328-2a1a-49e3-9030-11e376aadec3,4.332105,"5,000,000+"
Nebula,genesis.nebula,uncanny possibilities is it real ?,5,0,2026-04-17 08:39:45,8c418568-7dd9-4451-96fa-da74af6bd355,4.332105,"5,000,000+"
Nebula,genesis.nebula,so far everything they have said about me is right on spot,5,0,2026-04-17 08:35:36,1f86e555-04cd-4c1e-9257-cdd0cce88526,4.332105,"5,000,000+"
Nebula,genesis.nebula,"so far so good, fingers crossed. I will say I absolutely will stay on past the awesome free trial !",5,0,2026-04-17 08:34:22,ac885c27-7da3-47ae-941a-cee5ca2e04df,4.332105,"5,000,000+"
Nebula,genesis.nebula,Nebula is spot on I love the flow of the app. and the physics are very good at what they do. so glad I found this!,5,0,2026-04-17 08:15:32,b729faa1-2c50-4d77-b6a3-a01fe1cacb19,4.332105,"5,000,000+"
Nebula,genesis.nebula,love the app,5,0,2026-04-17 08:07:03,be07ff6f-1e1c-4874-a483-62a98434c62b,4.332105,"5,000,000+"
Nebula,genesis.nebula,I am a firm believer that the answers are in the stars. this is better then trying to navigate in a storm of confusion. easy and simple. be aware you have to pay for readings. but most others are a good free part.. note says in 3months I will meet the man I will marry And his name starts with j. lol after a dv relationship... I find that hard to believe. will keep updating as I go.,5,0,2026-04-17 06:55:19,35b2387b-fca1-49a1-b094-19a3cdd47495,4.332105,"5,000,000+"
Nebula,genesis.nebula,highly explicit. very correct and inspiring. I recommend Nebula,5,0,2026-04-17 05:56:26,e6a8778b-dfee-47bc-8e66-ee94702ab19a,4.332105,"5,000,000+"
Nebula,genesis.nebula,I have enjoyed the variety of information that is available and that it's been very accurate. I highly recommend this app,5,0,2026-04-17 05:08:50,b38ccd78-79d0-40b4-a9b3-47020b766843,4.332105,"5,000,000+"
Nebula,genesis.nebula,great app fun and accurate readings with friendly people love it!!!,5,0,2026-04-17 04:40:39,25a77647-d0b6-40c3-8503-469f15b99e8b,4.332105,"5,000,000+"
Nebula,genesis.nebula,"Got a palm reading , was neat to read about it all , seemingly all comes together too",5,0,2026-04-17 04:22:34,4e91ce79-d667-4114-a48c-d9c3c9eecd8d,4.332105,"5,000,000+"
Nebula,genesis.nebula,nebula has been on point with everything Ive used so far! I will definitely keep using it,5,0,2026-04-17 04:13:55,af1d12d8-8ecc-472b-b20e-8ee1b7dc5ddc,4.332105,"5,000,000+"
Nebula,genesis.nebula,"be careful they use manipulating technique to take your money first they tell you the cost is only 1$ then once you pay and think you will get the result they give another page to accept but it turns to be another subscription for 30$ It's totally not honest and misleading. how can you trust such a result if they use misleading attiude ro generate sales and have no integrity in business Dear Nebula team, i did send an email and am waiting for your feedback. Hopefullyi I will get a response!!!!!",1,0,2026-04-17 03:49:05,88dd4cc3-4a59-49ec-81ff-bed4d700ab6b,4.332105,"5,000,000+"
Nebula,genesis.nebula,it's a bait and switch scam. DO NOT DOWNLOAD,1,0,2026-04-17 03:08:03,43d02cb6-8a09-4889-9e1d-304711cc9b12,4.332105,"5,000,000+"
Nebula,genesis.nebula,pretty accurate and insightful,4,0,2026-04-17 02:18:45,0186106a-9d09-4caa-aacd-83cbed1509bc,4.332105,"5,000,000+"
Nebula,genesis.nebula,It has given me insight to who I am and why I'm the way I am. It helps me to take the right action and path in difficult situations. I love it ❤️,5,0,2026-04-17 02:03:16,601fdfcd-7952-4394-9b31-e8aefe30cb36,4.332105,"5,000,000+"
Nebula,genesis.nebula,this made me more confident and open to when I should be more ready,5,0,2026-04-17 01:07:26,277f358f-0777-4c56-899a-880e1014693a,4.332105,"5,000,000+"
Nebula,genesis.nebula,To the point,5,0,2026-04-17 00:34:27,92289a74-7288-473e-aef5-ceeee75cb942,4.332105,"5,000,000+"
Nebula,genesis.nebula,I have had 59.50 taken out of my account. I need my subscription cancelled if I did this I appologise,1,0,2026-04-17 00:07:20,dac89b8e-8332-4a0d-b91a-b51e7234bf43,4.332105,"5,000,000+"
Nebula,genesis.nebula,generic sketches for dreamers. not ideal if you want realistic results.,1,0,2026-04-16 23:49:36,5bda8f3c-c259-4e82-bf26-c826018711b2,4.332105,"5,000,000+"
Nebula,genesis.nebula,wasnt what i expected but wow,5,0,2026-04-16 23:07:36,d390c870-7f87-4ba7-915a-0109466c5d0d,4.332105,"5,000,000+"
Nebula,genesis.nebula,"The palm reading information was spot on about how I am, how I do things, and even how people may react to me. Worth taking a look into what Nebula has to offer.",5,0,2026-04-16 22:50:33,02dc462a-45f9-4ea7-b8ed-8b8ec2625a7c,4.332105,"5,000,000+"
Nebula,genesis.nebula,very good 👍,5,0,2026-04-16 22:37:52,49d3ba68-285d-4fe8-93e5-ad9379ff4d6e,4.332105,"5,000,000+"
Nebula,genesis.nebula,it was informative and exciting to see what's possible.,5,0,2026-04-16 21:45:50,74bb9fa7-f606-409b-92da-93fe603dd90e,4.332105,"5,000,000+"
Nebula,genesis.nebula,"it seems interesting, I hope it will be true",4,0,2026-04-16 21:39:07,a82b6463-37ca-4e80-b37c-bd89d0ce542e,4.332105,"5,000,000+"
Nebula,genesis.nebula,very interesting app hope to meet this person soon,5,0,2026-04-16 20:18:10,8b0cdc44-e707-41d7-aadc-1fcb1dfbb912,4.332105,"5,000,000+"
Nebula,genesis.nebula,"I only joined this to check out the ""sketch"" of my partner. I enrolled, never received the sketch, but received plenty of offers to spend more money. then followed the instructions to cancel, and they don't work. in my opinion, this is nothing more than another astrology money grab application, much like the ones we have seen in the past.",1,0,2026-04-16 20:14:19,9752dee7-c61e-42f7-b0b5-f8264e3cb2bd,4.332105,"5,000,000+"
Nebula,genesis.nebula,very informative and highly accurate information.,4,0,2026-04-16 19:06:38,4c415d60-2437-49a6-9b1f-34cca508d11c,4.332105,"5,000,000+"
Nebula,genesis.nebula,great app and really felt I was really being read,5,0,2026-04-16 18:28:29,f1e2781f-f9f2-47d3-9230-1d1585ca44b8,4.332105,"5,000,000+"
Nebula,genesis.nebula,so amazeee with the result 💕 that's really me ..haha,5,0,2026-04-16 16:57:04,d0ded33c-a331-437d-8eba-c46a44596459,4.332105,"5,000,000+"
Nebula,genesis.nebula,I feel like the readings are relatable enough that I got a sense of hope reading them because I truly felt like I understood myself in ways I didn't see before. pretty cool 😎,4,0,2026-04-16 15:04:11,7e876b53-177c-419e-8b11-d279d7d123c0,4.332105,"5,000,000+"
Nebula,genesis.nebula,it's very good,5,0,2026-04-16 14:54:41,88d76535-a20b-43c9-8975-9d49ea4bff51,4.332105,"5,000,000+"
Nebula,genesis.nebula,if I can give it a zero I would. Don't trust this app at all were any of the nebula apps. They ruled me in by saying that I could see a picture of my future mate and I never even got to see a sketch. Then you ask the so-called psychics a question and they don't even answer it. They just try to reel you into spending more and more money without even answering the first question. And they make u subscribe in order to see scetch. I unsubscribed from the app and they still trying to charge my card.,1,0,2026-04-16 13:39:01,1f7f111c-58a6-4607-b4b3-9d8dff10a4e9,4.332105,"5,000,000+"
Nebula,genesis.nebula,"wow, truly I never would have considered something like this. there are many forces we are not aware of working in our lives. this is an eye opener. a veritable guide to help you shape the direction and connections we take and make. Bravo",5,0,2026-04-16 13:32:11,2a3f97d5-8bb0-453e-b2b3-405d283575b2,4.332105,"5,000,000+"
Nebula,genesis.nebula,nebula is a very insightful app it is very helpful in navigating life's ups and downs it covers all your unanswered questions from financial aspects to relashenships to help you understand why and why not they only offer advice not tell you what to do that dision is yours,4,0,2026-04-16 13:28:38,70e0ed92-e221-4c67-afa9-e19ce963162e,4.332105,"5,000,000+"
Nebula,genesis.nebula,can't wait to learn what she's got to teach me,4,0,2026-04-16 12:44:46,f4dfd8bb-9b8d-49af-9e06-02700a8a6c1d,4.332105,"5,000,000+"
Nebula,genesis.nebula,"I think. this app is awesome I love it and I highly recommend it to everyone it's the best,",5,0,2026-04-16 12:42:59,99ddd0f9-a561-4b9b-b408-2b0701371fc5,4.332105,"5,000,000+"
Nebula,genesis.nebula,cool app to understand me my partners rhythm,4,0,2026-04-16 12:32:56,d5ec82c7-5a85-4515-97be-99cd1cd94754,4.332105,"5,000,000+"
Nebula,genesis.nebula,extraordinarily expensive to chat. and they keep raising prices. Edit: I emailed yesterday as requested but I have not received a response. Will update again. Edit 4/15/26 I was finally replied to and gaslighted and given no help. They claim that their promotions are not designed to mislead. how exactly is it not designed to mislead when the regular price is 1200 credits for $99 but then the promotion is the exact same amount except for them saying it's an extra 400 credits.,1,0,2026-04-16 12:12:51,a1b55eb1-1ee8-4821-8512-57589acb7ceb,4.332105,"5,000,000+"
Nebula,genesis.nebula,"very insightful , gave me peace of mind",4,0,2026-04-16 12:08:52,1d595bec-fa0d-4e9f-8da7-0f1fa5047cf7,4.332105,"5,000,000+"
Nebula,genesis.nebula,the readings seems to be very accurate. time will tell.,5,0,2026-04-16 12:06:21,0ecf49b9-7e32-4705-b189-c41e1924e37f,4.332105,"5,000,000+"
Nebula,genesis.nebula,love the insight of this app,4,0,2026-04-16 11:03:23,177bf94e-69c8-43d5-b073-1ff87cb13c0c,4.332105,"5,000,000+"
Nebula,genesis.nebula,"I'm not a skeptic and was open to having my aura read. That's how this deep dive started. I haven't even read that report yet. I spent an hour talking to Open-Minded Maya and my mind has been truly blown. I have felt so seen and heard and reassured and received messages I almost didn't know I needed. I started to read my palm reading and the truths go even deeper. Long story, short: if you are even a little bit open to receiving this kind of insight, you won't regret taking a deep dive.",5,0,2026-04-16 10:36:42,573185d0-9474-4a29-8e97-1da4700bc0ae,4.332105,"5,000,000+"
Nebula,genesis.nebula,the soulmate sketch looks exactly like my ex-boyfriend that I am in love with it calmed my fears that I was afraid of losing him forever now. I know that my love for him isn't one-sided,5,0,2026-04-16 10:23:49,89e21fb5-8d4a-4f31-975a-c365361daa89,4.332105,"5,000,000+"
Nebula,genesis.nebula,"So far, i am amazed with the birth chart reading. eventho i am a bit sceptical but i will use this as a motivation and guidance for a better version of me. 🩷🩷🩷",5,0,2026-04-16 10:15:46,ff44431f-0b97-49f9-926b-c4aaafcd406b,4.332105,"5,000,000+"
Nebula,genesis.nebula,this really hit on the way I was feeling and the picture looks like him OMG this is amazing I can't believe it this really a blessing,5,0,2026-04-16 10:11:13,2bf4c6df-0b32-41b4-a6ed-c210f199de67,4.332105,"5,000,000+"
Nebula,genesis.nebula,I have not dared use this app. Just to sign on i have had $165.00 taken from my bank account.,1,0,2026-04-16 10:06:37,43f8ad0c-a3da-44e7-be4f-cb873fa76f12,4.332105,"5,000,000+"
Nebula,genesis.nebula,It felt like Nebula knew what I want out of a partner more then I did but as soon as I read it I realized that's exactly what I need in significant other or as they call it soul mate I haven't found mine yet but now I know what I'm looking for in a relationship...Took my thoughts and feelings and put into words for me...,5,0,2026-04-16 09:58:03,75980bbb-b7a7-4feb-b8ea-1a7487689fd9,4.332105,"5,000,000+"
Nebula,genesis.nebula,love this app. all.my readings are pretty right on exactly to me,5,0,2026-04-16 09:53:13,046dc203-663f-40ae-9ca6-48d39a798af9,4.332105,"5,000,000+"
Nebula,genesis.nebula,"Don't do it!!! They never produced a sketch of my soulmate. All they do is try to get you to download more apps, pay them money and pay even more for questionable psychics. There is no way to unsubscribe. They have all your information and you'll regret it. They sent me an email saying my sketch was ready, but there was no sketch there. Only more apps to download.",1,0,2026-04-16 08:39:27,7f1a4f4a-b0ff-43f6-a705-6c5580ce2f41,4.332105,"5,000,000+"
Nebula,genesis.nebula,good information very positive some obstacles but encouraging,5,0,2026-04-16 08:14:29,0ccb7f17-0de0-4ea2-86c0-efd8fb19be7b,4.332105,"5,000,000+"
Nebula,genesis.nebula,it's very interesting take and very accurate about the person that I am the person that I am becoming.,5,0,2026-04-16 07:53:26,b7697ff2-8ba7-4a68-9824-8ac6c2e47ccf,4.332105,"5,000,000+"
Nebula,genesis.nebula,i enjoy it.,4,0,2026-04-16 07:30:11,58de69e9-2f9d-4223-99fd-c9835867ba48,4.332105,"5,000,000+"
Nebula,genesis.nebula,the best of the best 👌 👍 😍,5,0,2026-04-16 07:28:51,a03e6704-7518-4ae5-9cc6-395791c4877d,4.332105,"5,000,000+"
Nebula,genesis.nebula,"Nebula, has been amazing, attribute too alot of soul connection, too give hope happiness, and a future dream of alignment for self and with soulmate. I enjoy the reading and all Nebula offers. Thank you Marita.",5,0,2026-04-16 07:05:47,3383879a-7ee0-4d76-95cf-e09f713a77a1,4.332105,"5,000,000+"
Nebula,genesis.nebula,I think this app is the most accurate I have ever used. I love the feature they added of being able to chat live with psychics. Overall great app.,4,0,2026-04-16 06:17:39,a5b965d4-50a3-4306-a93b-45b3bb10a9fd,4.332105,"5,000,000+"
Nebula,genesis.nebula,this Is a legit app,5,0,2026-04-16 04:41:22,92ade512-3592-4c68-a315-09b9d9d586a7,4.332105,"5,000,000+"
Nebula,genesis.nebula,"so I think the app is pretty cool so far one thing that bugs me about all the apps and games I try is that , they always push you to review right away and very consistently too almost too the point that you don't wanna keep going on the app I haven't got very far with this app but so far so good..",4,0,2026-04-16 03:45:20,5cc48b82-df2b-489c-92c1-f0a0c7af02c5,4.332105,"5,000,000+"
Nebula,genesis.nebula,Very professional.,5,0,2026-04-16 03:11:33,cf2f37b9-f512-4521-8670-05d139962801,4.332105,"5,000,000+"
Nebula,genesis.nebula,"Mr.Richard Silverwood was very helpful ,straight to the point and detailed , gave me great insight.",5,0,2026-04-16 01:42:35,0f475a83-7c43-4a98-91aa-60b8c5509086,4.332105,"5,000,000+"
Nebula,genesis.nebula,"The customer support is good, when I reported I was charged 3 times and was not happy with the way the app was performing they reviewed and refunded my money. However there were continuous efforts to charge my card, make sure to use a top up card that isn't a credit/debit. Before purchasing check the terms, the purchases automatically update to ensure chatting is not interrupted which leads to being charged for as long as you are chatting.",3,0,2026-04-16 01:05:35,f19099e1-4916-4ee1-b3da-254e7d2b5050,4.332105,"5,000,000+"
Nebula,genesis.nebula,I feel that they are al over the place and nothing they said have came true..I guess everyone is trying to be a spiritual guide that tells lies.,1,0,2026-04-16 00:54:36,5b9ff658-0d30-45b3-8bdb-e33d5758858c,4.332105,"5,000,000+"
Nebula,genesis.nebula,I really enjoyed the insights.,5,0,2026-04-16 00:32:14,32274105-df17-4510-9ebf-8fa601a99cdb,4.332105,"5,000,000+"
Nebula,genesis.nebula,extremely interesting and educational!,5,0,2026-04-16 00:28:08,380304e9-0a17-4343-b8c9-5eabf9913034,4.332105,"5,000,000+"
Nebula,genesis.nebula,at first I was sceptical about trying this app. but I think if you speak with your heart you will get honest answers and the things you are revealed is shockingly 99% accurate it's like I'm speaking with someone who knows me. I suggest you try this app out if you are seeking guidance with love or finding your way. lots of thanks nebula,5,0,2026-04-15 23:31:53,fe65dc86-2f20-4463-8013-47ec259a3162,4.332105,"5,000,000+"
Nebula,genesis.nebula,"I love this app as a reader and a seer myself, I found the information and insights provided to be very informative, insightful, and true.",5,0,2026-04-15 22:24:19,2c55cc67-c79f-42db-bf58-92d8a502193d,4.332105,"5,000,000+"
Nebula,genesis.nebula,"I was skeptical at first, thinking it would be one size fits all, general, ""if it resonates claim it"" type stuff but have been surprised but the depth of these readings.",5,0,2026-04-15 21:56:07,167f98ff-9ab3-459d-8e4e-04b4a8fbe215,4.332105,"5,000,000+"
Nebula,genesis.nebula,"this app has been very insightful and helpful to many questions I've had about myself for such a long time, I'm just beginning my journey and I have a feeling that Nebula will be close at hand to guide me along the way. I'm optimistic about everything that I'm going to discover about myself and this world /universe",5,0,2026-04-15 21:47:06,25d4c1f3-c7d0-44d1-b716-94b0ad1c65a7,4.332105,"5,000,000+"
Nebula,genesis.nebula,"Accurate depiction of who I am and where i'm coming from, wil.Continue using this app.",5,0,2026-04-15 20:30:26,4bafabf0-45fb-4d30-81f9-a3f84b349fdc,4.332105,"5,000,000+"
Nebula,genesis.nebula,it's a good way to understand your qualities about yourself,4,0,2026-04-15 20:26:33,5b53ce4e-7d6a-409e-be9b-9e0cdbff2315,4.332105,"5,000,000+"
Nebula,genesis.nebula,From reading and engaging in Nebula it gives me hope because these people are really being honest telling the truth I mean on point so feel free to put your trust in these wonderful people It's worth it and it's real 💯💕,5,0,2026-04-15 19:41:55,4b9b5937-6ab5-43d7-9e9b-c9e37fa38e50,4.332105,"5,000,000+"
Nebula,genesis.nebula,deceptive marketing,1,0,2026-04-15 19:36:11,3b420158-a1e4-4ac0-8dd3-79535f386ca8,4.332105,"5,000,000+"
Nebula,genesis.nebula,"very bad app, tries to charge your account and no option to stop the payment. is a scam.",1,0,2026-04-15 19:19:44,eb5ad8b2-4a77-40a5-bde8-9e1170a0f209,4.332105,"5,000,000+"
Nebula,genesis.nebula,its a process but if you truly want to find your soulmatr you will go through the process and if it works I the time you spend will be well worth it I feel,4,0,2026-04-15 18:05:43,2fa3940e-769d-449f-af3e-c8d6a51956b3,4.332105,"5,000,000+"
Nebula,genesis.nebula,"I'm pulled in two directions with this app. In one direction - I feel good; as though this is trying to be a truly helpful experience. In the other? I'm left feeling cheated. As though they're speaking in generalities to avoid obvious misinformation that might make me ask for a refund. On top of this, they ask - in desperation almost - for you to leave a positive review and they will pay you $10? Idk what to think and 500 characters isn't enuf space/time 2 giv u reason y...",4,0,2026-04-15 17:33:50,536656d0-c13c-44b7-885d-cc50c2b36742,4.332105,"5,000,000+"
Nebula,genesis.nebula,thanks for letting me know more about the woman I ❤️,5,0,2026-04-15 17:21:30,4b937282-8c98-4429-8586-e54ed001e7b9,4.332105,"5,000,000+"
Nebula,genesis.nebula,"just takes your money from your bank account, don't go there.",1,0,2026-04-15 16:31:46,7bcbe09b-1d0a-4ed3-aa47-aae1c0b276e5,4.332105,"5,000,000+"
Nebula,genesis.nebula,very helpful and insightful very recommended for upcoming adulthood love,5,0,2026-04-15 16:30:37,f8cc56eb-e4ba-43e2-a3eb-a2b8ddf25dba,4.332105,"5,000,000+"
Nebula,genesis.nebula,it's fun and exciting to know what time didn't tell me I found out here.,5,0,2026-04-15 15:37:21,9224d7f0-21bf-4560-9680-abdfe6058ab1,4.332105,"5,000,000+"
Nebula,genesis.nebula,it's pretty intriguing what the app is telling me,5,0,2026-04-15 15:20:57,43dc14e1-9904-4874-9716-624096c05053,4.332105,"5,000,000+"
Nebula,genesis.nebula,Excellent app,5,0,2026-04-15 15:19:49,e4454a7d-669e-4aa2-b57f-0b4f8f944e3b,4.332105,"5,000,000+"
Nebula,genesis.nebula,I'm enjoying this app more and more every time I log in I learn something about. myself that I literally am shocked about it did not lead me down the path i.had expected at all and it's been amazing...thank you,5,0,2026-04-15 15:05:57,6e672048-1462-437a-b5f4-9d1d55efe405,4.332105,"5,000,000+"
Nebula,genesis.nebula,"Great app, would highly recommend it",5,0,2026-04-15 14:44:24,8b9a3dd1-af55-41d5-9e82-add81b220745,4.332105,"5,000,000+"
Nebula,genesis.nebula,I feel the reading was insightful and close to on point. The free psychic thing didn't seem very fair especially if you weren't very good at texting,4,0,2026-04-15 14:23:35,fdec96bf-676d-4518-8820-ed6b9981719b,4.332105,"5,000,000+"
Nebula,genesis.nebula,fun and really believe the truth of this might be more than I expected very intrigued 😁,5,0,2026-04-15 13:35:42,ff3fffda-f7cb-4936-b22a-b4ec03a41a88,4.332105,"5,000,000+"
Nebula,genesis.nebula,pretty insightful the sketch was almost almost dead on what I considered a beautiful woman simple looking but at the same time drop dead gorgeous if she was to put on her dress up clothes or whatever you want to call it anyway. I liked the app it pretty insightful and very practical and informative good stuff,5,0,2026-04-15 13:32:01,49ef4021-b304-4142-af8d-ca6fe582d959,4.332105,"5,000,000+"
Nebula,genesis.nebula,n nebula really hit home this one I really feel at home.,5,0,2026-04-15 13:29:25,754d1864-57c2-48e9-98b1-333e269d206f,4.332105,"5,000,000+"
Nebula,genesis.nebula,nebula is the Best... very Interesting and they did the Palm reading and it was accurate.,4,0,2026-04-15 12:56:53,b0ae3587-2028-4bae-939a-3fd905019c2f,4.332105,"5,000,000+"
Nebula,genesis.nebula,bait and switch. pay the fee. make an account. then wait right now days while getting advertised a dozen other packages.,1,0,2026-04-15 12:28:55,9e23be09-2aa0-4dc0-b822-8fd9eff8efb1,4.332105,"5,000,000+"
Nebula,genesis.nebula,"nebula is the absolute real deal, if you believe you have the blood then download the app and find out not only what you truly are but where it can take you.",5,0,2026-04-15 12:04:13,77bb9253-00b7-47da-9eb3-e1ef50e0ef57,4.332105,"5,000,000+"
Nebula,genesis.nebula,sounds good but hey even if it is a lie then at least they make me feel like j got some kind of hope at being happy l,3,0,2026-04-15 11:29:26,0c469e19-a768-4604-b454-a2f7b66d19ac,4.332105,"5,000,000+"
Nebula,genesis.nebula,so far it has been an exciting fun new thing to study and learn about myself,5,0,2026-04-15 11:24:51,7a2c62fc-f4fe-4ea1-9cf5-09c6f017cf7f,4.332105,"5,000,000+"
Nebula,genesis.nebula,very insightful love this app,5,0,2026-04-15 11:02:45,55df34a3-c7f2-480b-9f6e-a920e7ae5b22,4.332105,"5,000,000+"
Nebula,genesis.nebula,"so far its been insightful, sensible, and incredibly accurate. im still learning to navigate the platform but so far its cool",4,0,2026-04-15 10:56:53,145efc8b-861e-48f0-8a6b-8b8c151fb6f2,4.332105,"5,000,000+"
Nebula,genesis.nebula,"it's understandable why they charge i mean the ''physics "" are here to get paid but that's pretty expensive to guesses but the apps easy to navagate",5,0,2026-04-15 10:40:01,f59f8071-6332-4990-b0a5-7349010f978d,4.332105,"5,000,000+"
Nebula,genesis.nebula,"sigh. pretty spot on with alot of what is saying. it says this is just ""for fun"" no no no, it calls you out and then helps you with your questions. completely worth the money. give it a try. let it tell you about you in a way you didn't know was possible. 💕",5,0,2026-04-15 10:35:38,297a49c2-98dc-41a0-9bf2-9a5c8eec6fbe,4.332105,"5,000,000+"
Nebula,genesis.nebula,I absolutely loved this app I've been here before I was impressed then but this is immaculate you would be crazy not to try it!,5,0,2026-04-15 09:40:02,b3839eb3-ac9c-405d-87a7-709c5ecce7fd,4.332105,"5,000,000+"
Nebula,genesis.nebula,awesome accurate teadings,5,0,2026-04-15 09:30:05,d5236062-3f37-469c-97f6-2910648ecedb,4.332105,"5,000,000+"
Nebula,genesis.nebula,interesting so far. not sure how all this app works. just getting started so will update later.,5,0,2026-04-15 09:24:00,b9e09ff3-00dd-4e0f-9a60-48b2166a5ebe,4.332105,"5,000,000+"
Nebula,genesis.nebula,yasssss ❤️it,5,0,2026-04-15 09:19:58,26b0c3ab-141c-4723-94b4-11d0d5218dc2,4.332105,"5,000,000+"
Nebula,genesis.nebula,I love all the insight this app gives you. and it is all very accurate. I'm also learning things about myself and gaining insight,5,0,2026-04-15 09:04:12,18a593fd-20f2-4e5f-af1c-558224e72be9,4.332105,"5,000,000+"
Nebula,genesis.nebula,The are spot. on,5,0,2026-04-15 07:58:48,dacda2fb-a54d-4897-9484-4d6438546d06,4.332105,"5,000,000+"
Nebula,genesis.nebula,"these guys are very inspiring and insightful, everything they have mentioned and said has been on the mark. At first it made me uneasy and made me really realize that my confidence in thoughts and pride all became extinguished uplifted",5,0,2026-04-15 07:40:06,81ef187b-9881-4510-98f2-e68d34565269,4.332105,"5,000,000+"
Nebula,genesis.nebula,How do you cancel? it shows you how in the app in a way that is not possible to cancel.,1,0,2026-04-15 07:37:38,53e3d155-a4f4-4c95-999c-a10f241bfe31,4.332105,"5,000,000+"
Nebula,genesis.nebula,dumb and it's charged my card and I can't find where to cancel. this app is all garrks.,1,0,2026-04-15 07:29:53,7cf0e7e1-d54a-4b8c-8505-6f9f28722aae,4.332105,"5,000,000+"
Nebula,genesis.nebula,it helps show you what your looking for,5,0,2026-04-15 07:20:03,d25f016f-7ee2-4c21-bab8-01629fc0c89f,4.332105,"5,000,000+"
Nebula,genesis.nebula,I LOVE HOW THEY HELP ME WITH MY QUESTION IN Love,5,0,2026-04-15 07:08:50,30cec962-889a-4b83-90a7-f69e1b6b5150,4.332105,"5,000,000+"
Nebula,genesis.nebula,I am so glad I tried this cause it really helped me out with what I was afraid of but I am a strong person and I know that I will pull through,5,0,2026-04-15 05:52:15,7e1e4a1d-124f-44f8-8256-dcec8fe7af03,4.332105,"5,000,000+"
Nebula,genesis.nebula,I am new to this app. but so far it is intriguing,5,0,2026-04-15 05:34:13,37ac2adb-431c-4fef-968b-56b488f3d79e,4.332105,"5,000,000+"
Nebula,genesis.nebula,"today is the first time I've really had readings but so far I really like it. all the readings seem to be right on point in my life, it makes me stop and think before I act",5,0,2026-04-15 04:55:32,c430ec4e-5b44-45f2-8a03-0eb9a1d97f9e,4.332105,"5,000,000+"
Nebula,genesis.nebula,after my day of work I went to Nebula and not only did I learn what I need to be doing with the thoughts I have been having all day Nebula told me about my day and gave me several insights on how to progress through what my day has been. it is almost like there was a camera on me all day. I will be making Nebula a very big part of my every day life.. thank you for your help,5,0,2026-04-15 04:33:46,fa39e72e-8f63-4601-8ddb-46b6d9f260d7,4.332105,"5,000,000+"
Nebula,genesis.nebula,"I rarely, if ever, commemt on my experiences respective to anything I've done. Nebula, however, has indubidably restored the childhood hope and faith in love that I once held in my heart. Using this platform has helped me regain a sense of innocence and has erased the jaded perspectives I previously held. The experience has provided a profound sense of freedom from self-imprisonment and self-indictment. If nothing else, thank you for the positive impact you have had on my life.",5,0,2026-04-15 03:31:03,ab4d44f4-0fc6-4ae3-bcd3-584520c2457e,4.332105,"5,000,000+"
Nebula,genesis.nebula,I paid for the sketch of my soulmate. where is the sketch? I don't want to talk to a psychic. this seems like a rip off,1,0,2026-04-15 03:17:18,a692ce42-42dd-4c33-8f1c-6fc559d57bd9,4.332105,"5,000,000+"
Nebula,genesis.nebula,"so far it great, I love it!",5,0,2026-04-15 03:06:36,24c3fc0b-cbdc-4fe3-ba23-a3f59bcd8b04,4.332105,"5,000,000+"
Nebula,genesis.nebula,this is something else but I like it,4,0,2026-04-15 03:01:28,c0ffa647-da7c-458d-83c7-de43f4fe819a,4.332105,"5,000,000+"
Nebula,genesis.nebula,so this app should be your go if you're feeling curious and have doubt this app have professionals that can help and other things that are very interesting on the app is definitely a 10 out of 10 must try 😍😍😍😍,5,0,2026-04-15 02:46:36,ab9ad667-f380-416b-a99c-31daa921efbb,4.332105,"5,000,000+"
Nebula,genesis.nebula,I didn't authorize a subscription with this service,1,0,2026-04-15 02:08:20,9bbe37c5-5cca-4ec0-b1f7-db416b69cba0,4.332105,"5,000,000+"
Nebula,genesis.nebula,"Complete scam. got reeled in with a free sketch. Paid the sub then you have to DL the app and then you have to wait 10 minutes for the ""reading"". Finally, the sketch is cropped, can't be downloaded or zoomed. Total BS just to trick you into a subscription.",1,0,2026-04-15 01:45:27,45190a97-1d8a-4aae-8c44-7fb7c368c640,4.332105,"5,000,000+"
Nebula,genesis.nebula,I paid to see my sketch and I didn't receive it this app is no good I want a refund and they don't give it back,1,0,2026-04-15 00:24:51,cac199c0-5af7-4a66-8826-d62f4b20d848,4.332105,"5,000,000+"
Nebula,genesis.nebula,spot on every time,5,0,2026-04-15 00:24:00,5b024162-a769-4501-a4b5-8fbcc4359010,4.332105,"5,000,000+"
Nebula,genesis.nebula,not thrilled on how often the charges come up!?,2,0,2026-04-14 23:21:13,ba1c911a-ec52-4133-bc2b-844349ec6fff,4.332105,"5,000,000+"
Nebula,genesis.nebula,don't pay the $1 because they will go ahead and charge your account again without your knowledge or approval for $15 and some change. whack ad hell.,1,0,2026-04-14 23:10:18,421cac80-3348-4421-9e23-334f126dab7a,4.332105,"5,000,000+"
Nebula,genesis.nebula,offering me $10 to write something so that's what I'm doing...seems like every other zodiac app tho,3,0,2026-04-14 22:00:21,ef5e6987-d839-4bd9-a0a5-b4c44d3fbf4f,4.332105,"5,000,000+"
Nebula,genesis.nebula,"Had the feeling it was a scam app, and was proven right when it tried multiple times to get me to pay extortionate prices for readings and other things, and tried to get details from me they shouldn't need (luckily I provided the bare minimum in terms of details). They also removed the ""free"" sketch which you're meant to be able to keep long-term within 2 days.",1,3,2026-04-14 21:28:37,b43e69d3-3598-4a19-8b9f-e98c76f8de92,4.332105,"5,000,000+"
Nebula,genesis.nebula,the first 2 minutes idk what happens.. they only have barely enough time to half answer one question... I'm disappointed on that part. but the answer she did give me was 💯 PERCENT on point and true facts... 3 minutes tho I feel we should have known more or at least gotten a real answer....,4,0,2026-04-14 21:27:11,019bb2e9-dd52-4074-bf1b-7c277bbaa581,4.332105,"5,000,000+"
Nebula,genesis.nebula,I really enjoy the app it's given me so much insight on things and for the most part my horoscopes are pretty much always point on with my situation maybe give or take..,5,0,2026-04-14 21:15:30,6a1e1b65-669b-411d-9552-7e2247c1eab3,4.332105,"5,000,000+"
Nebula,genesis.nebula,it is a BIG SCAM! Unless you want to pay $60 for nothing go right ahead !!,1,0,2026-04-14 21:10:26,dca97238-d0fc-4cee-9af0-c9371625910e,4.332105,"5,000,000+"
Nebula,genesis.nebula,couldn't even go past the where were you born question it's a have took my money and no results,1,0,2026-04-14 20:45:19,d6b146ad-8a0f-4d6c-953f-3076a2e63e91,4.332105,"5,000,000+"
Nebula,genesis.nebula,this the best app if your into this type of stuff like I am. I have been pleasantly surprized with the accuracy in everything. I trust this completely. I highly recommend using or at least trying I believe you will be happy with the knowledge an guidance you'll recieve.:) thank you,5,0,2026-04-14 20:44:53,9ffa1289-ad96-4b8a-9234-7d3316689bd0,4.332105,"5,000,000+"
Nebula,genesis.nebula,I felt it was accurate and I felt peaceful with the results.,5,0,2026-04-14 20:26:34,d6cbc678-c15f-4735-9ee0-b5ff83de05a0,4.332105,"5,000,000+"
Nebula,genesis.nebula,so far so good. I liked my horoscope and my chat with my psychic. I am now waiting for my psychic reading to be ready.,5,0,2026-04-14 20:20:33,a921cef2-19f4-4d22-88c4-d336493b6e78,4.332105,"5,000,000+"
Nebula,genesis.nebula,I never subscribed but just got charged $50 from this site!!!! cant even find a help option 😭,1,0,2026-04-14 19:49:08,a988ab67-8504-4435-9c19-f3a4fb02f4b1,4.332105,"5,000,000+"
Nebula,genesis.nebula,Sybill was on point. Shook my day up.,5,0,2026-04-14 19:12:03,8b864b5d-e1f9-4b58-8b7c-c4e045b161a0,4.332105,"5,000,000+"
Nebula,genesis.nebula,I love it it the perfect app,5,0,2026-04-14 17:52:25,5ab603fc-bfdb-457f-8b2b-b71f02b4a2b5,4.332105,"5,000,000+"
Nebula,genesis.nebula,With no warning tried to charge me a £50 subscription. Also lots of in app charges. Thankfully my bank fraud team flagged and stopped the payment.,1,0,2026-04-14 17:10:06,2fa2608d-3a94-489b-9cda-21ca3928eec8,4.332105,"5,000,000+"
Nebula,genesis.nebula,I followed a link from a palm reading app on Google to install this application so I could receive my reading I paid the initial £1.00 for the privilege then after downloading the app to find a purple screen and nothing else this is absolutele robbery and I want my £1.00 back,1,0,2026-04-14 17:07:21,786aa730-714e-4fa7-9fc7-cc2086881f4f,4.332105,"5,000,000+"
Nebula,genesis.nebula,i love this app,5,0,2026-04-14 16:28:49,bcc0a779-1fe8-42f4-ba54-59450e3392b7,4.332105,"5,000,000+"
Nebula,genesis.nebula,awesome app love it,5,0,2026-04-14 16:04:37,84dcc1d5-ed22-44f9-bfc7-1f48d45d3a3c,4.332105,"5,000,000+"
Nebula,genesis.nebula,"It's a scam!! I signed up with the expectation of getting a soulmate sketch today. Not 8 days from now after my trial period has ended. As such, I have attempted to cancel my subscription, but when I enter my email address, it says that my email is not found. I have confirmed my email address and still nothing. Please cancel my subscription immediately as this is absolutely a bogus app trying to con people of their money. Not cool.",1,0,2026-04-14 15:40:42,d4b603fa-014e-4b2e-98f5-66736381877d,4.332105,"5,000,000+"
Nebula,genesis.nebula,this app is the greatest and it's accurate with the things that it told me only a true psych would know about I'm so glad I tried it,4,0,2026-04-14 14:10:21,baa67df3-8134-4902-8ac8-f304c6bf4ab5,4.332105,"5,000,000+"
Nebula,genesis.nebula,This was insightful and helpful and interesting. Thank you! But now I cannot cancel it and it is way too expensive. Please help!,5,0,2026-04-14 13:38:40,c21a39eb-f81f-47b9-b342-48a4d213888d,4.332105,"5,000,000+"
Nebula,genesis.nebula,great details 😀,5,0,2026-04-14 13:21:25,9442b85c-2215-4f25-b2dd-e2ddaf2d9de8,4.332105,"5,000,000+"
Nebula,genesis.nebula,so far everything is on point it says I will marry a someone who's name starts with J... I am engaged to someone named Josh!! I was blown away!!!,5,0,2026-04-14 12:31:02,3cf7886b-866e-42f4-8af2-60d65cdabfd0,4.332105,"5,000,000+"
Nebula,genesis.nebula,accurate reading,5,0,2026-04-14 12:11:29,1364515d-842d-4566-ae98-c4c8b16ed525,4.332105,"5,000,000+"
Nebula,genesis.nebula,I was skeptical at first but the more I read what they had to say the more I was drawn to it. so I kept going. try it out,5,0,2026-04-14 11:39:54,48852b63-fe2b-452d-85d7-e91b700bb2d6,4.332105,"5,000,000+"
Nebula,genesis.nebula,"very interesting and insightful two thumbs up plus this app offers ALOT without forcing you to purchase ""premium"" memberships. but it is very reasonable price and so worth it if you are able to upgrade.",5,0,2026-04-14 11:39:52,cc7b6585-4903-4578-9f13-95e2099ef449,4.332105,"5,000,000+"
Nebula,genesis.nebula,I've only been using for about 5 minutes and already received so much insight! love,5,0,2026-04-14 10:48:40,ac347490-9573-4ca3-b430-9e7de0a30cb0,4.332105,"5,000,000+"
Nebula,genesis.nebula,feel so good talking with nebula,5,0,2026-04-14 10:02:09,c3a575db-9fd1-49fc-9832-2e3c62512dd3,4.332105,"5,000,000+"
Nebula,genesis.nebula,still trying to figure out if I like it or not,5,0,2026-04-14 09:45:25,a645b522-e42b-4652-9b1d-b7449b4bfffd,4.332105,"5,000,000+"
Nebula,genesis.nebula,Interesting so far..,5,0,2026-04-14 08:28:58,575817da-136d-46fa-85c3-0158e4893b21,4.332105,"5,000,000+"
Nebula,genesis.nebula,it is a cool website I'm amazed how closely accurate it can be.,4,0,2026-04-14 08:27:46,aabbc83a-0110-4c1e-8a20-a9b48c13613e,4.332105,"5,000,000+"
Nebula,genesis.nebula,"Nebula is surprisingly correct, told me something about myself I already felt, and is right on point!",5,0,2026-04-14 08:03:14,abf14dfb-ecda-4ff6-81e9-e520719d2bb5,4.332105,"5,000,000+"
Nebula,genesis.nebula,Totally awesome n correct,5,0,2026-04-14 07:26:38,8321f913-44a8-448e-a6d3-dbd14ab603a6,4.332105,"5,000,000+"
Nebula,genesis.nebula,really cool and interesting,5,0,2026-04-14 07:22:28,9eeb21c7-cb20-4861-9c25-751e7a154a91,4.332105,"5,000,000+"
Nebula,genesis.nebula,I like this app I just realized that my birth time was 12 hours off and now I have to get a new birth chart,4,0,2026-04-14 07:18:48,539d4a7c-635a-4645-8844-e2203c322105,4.332105,"5,000,000+"
Nebula,genesis.nebula,Nebula will definitely give you some insights into yourself. That even you might not know.,5,0,2026-04-14 07:08:24,f4eddd4a-d731-4b66-a691-7494308a7212,4.332105,"5,000,000+"
Nebula,genesis.nebula,it's nice really send like it's too the point,3,0,2026-04-14 06:52:42,6b8f2856-00ef-4432-85ba-5438876b27fe,4.332105,"5,000,000+"
Nebula,genesis.nebula,"awesome app, really used. I recommend!",5,0,2026-04-14 06:49:19,25a865db-202e-4f28-b557-3c3b8e6ea49a,4.332105,"5,000,000+"
Nebula,genesis.nebula,I dont have the money to pay to get my reading why does it cost money,5,0,2026-04-14 06:31:41,92db2db2-edd7-4f2b-b70b-129485cf596c,4.332105,"5,000,000+"
Nebula,genesis.nebula,i haven't fully went through the site I've done the soulmate sketch. and idk the sketch looks nothing like the girl I'm with now but who knows it's probably the one that's waiting on me and I her as well but I do love the girl I'm with but it is to my so time will tell if nebula was on point or not,4,0,2026-04-14 05:31:14,69155ff8-43ac-49b7-aa15-f60ac11fd929,4.332105,"5,000,000+"
Nebula,genesis.nebula,omg very accurate I feel better already!!!!,5,0,2026-04-14 05:07:11,2dde44be-5e70-4ec8-b8ba-162a45ac9dac,4.332105,"5,000,000+"
Nebula,genesis.nebula,not too sure about this one,3,0,2026-04-14 04:47:48,f4591a97-2d65-4926-aaa3-48c646a04838,4.332105,"5,000,000+"
Nebula,genesis.nebula,"there's multiple psychics to talk to and there is a birth chart with chapters and there are a detailed reading section that's time gated into days ""journey"". please do carefully review your subscription options though to get the best worth of your money especially if you're coming from website or social media link.",5,0,2026-04-14 04:16:14,581f4634-d6d1-40f8-9547-d6ccbf5eedb7,4.332105,"5,000,000+"
Nebula,genesis.nebula,this app has really opened my eyes and heart to who I really am and she meant to be. the truths you find here are spot on. highly recommend and appreciated.,5,0,2026-04-14 04:15:24,c59b81b7-7f44-4aed-9924-b7bb295988c0,4.332105,"5,000,000+"
Nebula,genesis.nebula,wonderful and helpful,5,0,2026-04-14 04:10:28,13e5e20b-86aa-437a-96c5-e98a5e8ffeae,4.332105,"5,000,000+"
Nebula,genesis.nebula,Try krne mei kya chala jayega . try kariye,5,0,2026-04-14 03:57:12,8a98cb78-0683-46b3-a716-ebe88566109b,4.332105,"5,000,000+"
Nebula,genesis.nebula,"love this app so far!! Besides there being so many helpful insights, I can talk live with a psychic at any time!!",5,0,2026-04-14 03:54:09,19e22ec1-3054-4e3b-9cd8-80854e0a0e80,4.332105,"5,000,000+"
Nebula,genesis.nebula,this was spot on. very insightful,4,0,2026-04-14 03:47:43,f74d10db-18d7-4c18-a63f-9d3580329e49,4.332105,"5,000,000+"
Nebula,genesis.nebula,I didn't get a soul mate sketch as advertised. they reached out and asked me to contact support. been waiting 3 hours and no response.,1,0,2026-04-14 02:25:20,5b99ad36-f875-4725-a80d-de4413610eb6,4.332105,"5,000,000+"
Nebula,genesis.nebula,hlo there team nebula... I'm so much disappointed that first I have paid rupees 40 to nebula then after paying rupees 148 for chat session I'm still not able to talk to that astrologer and getting notifications to recharge rupees 148 rupees again what kind of service is this...so much disappointed...,1,0,2026-04-14 02:12:32,34f6deb1-814c-43d0-9976-2add7eac4e9b,4.332105,"5,000,000+"
Nebula,genesis.nebula,I've just started this but so far so good. very honest and understanding answers,5,0,2026-04-14 02:04:32,7ea47a3b-2795-450d-a76a-8f2b153463e5,4.332105,"5,000,000+"
Nebula,genesis.nebula,helps keep your day interesting.gives ya things to look forward too!,5,0,2026-04-14 01:51:33,5698fa5e-ea9e-427e-a872-e877ea87cca8,4.332105,"5,000,000+"
Nebula,genesis.nebula,I love this App and it answers all my questions with endless insights into my life HERE and NOW ...Thank You,5,0,2026-04-14 01:46:48,d9e66f3f-9630-4af9-8e94-40cb683aa04c,4.332105,"5,000,000+"
Nebula,genesis.nebula,love it.it is most definitely accurate and helpful.,5,0,2026-04-14 00:59:51,8771daf0-7422-4485-8dd0-0306ae7b4422,4.332105,"5,000,000+"
Nebula,genesis.nebula,This app is awesome and helpful. My questions were answered and straight to the point. I will continue to use this app to direct all aspects of my life when it's needed.,5,0,2026-04-14 00:20:12,ccbb1131-fc68-4759-b2ec-5f394d145a19,4.332105,"5,000,000+"
Nebula,genesis.nebula,beautiful app that tells me a lot about myself,5,0,2026-04-14 00:01:29,4bbbc3a7-3a0e-4441-9b00-ab0094088340,4.332105,"5,000,000+"
Nebula,genesis.nebula,"I like the use of this app. I find it informative, but i am quite cautious and optimistic at the same time. I'd like to provide more stars, but due to the cost being quite elevated, I feel as though it is far too soon to rate higher. I need the boost in confidence to assist me with what I'm feeling and I hope for the best.",4,0,2026-04-13 23:58:38,ef79c536-4284-4d2d-a6ec-fc23d6f4cec5,4.332105,"5,000,000+"
Nebula,genesis.nebula,I got 3 minutes free chat i asked a question to spiritual gresshu she took my whole 3 minutes to reply a single question that to just a beginning and remaining when she texted the main thing it got disappeared and ask me to recharge..they plan accordingly and they answer maybe.. 3 minutes for just a single question is too much with 10 years of experience..i feel other apps are more good than this as they reply quickly and give more accuracy....I would not recommend this app to anyone ❌ttl scam,1,0,2026-04-13 23:56:58,b2d8325e-2ef2-4cf2-978b-034bf6aecfa0,4.332105,"5,000,000+"
Nebula,genesis.nebula,"love this app. it even told me the first letter of the man I will marry is ""J""",5,0,2026-04-13 23:56:02,223a1d00-191e-4d91-a382-a15ffe68bc75,4.332105,"5,000,000+"
Nebula,genesis.nebula,Nebula is definitely precise and fulfilling. Their results feel as if they come from the heart and are totally convincing. I wish I came across this app way before.,5,0,2026-04-13 23:47:34,65003a01-b55f-44e5-956a-48f4a8b2e52f,4.332105,"5,000,000+"
Nebula,genesis.nebula,it's awesome I can't explain it I have learned so much about myself I didn't know,5,0,2026-04-13 23:37:52,d72acc3f-3adc-439f-be62-6382365a364a,4.332105,"5,000,000+"
Nebula,genesis.nebula,"Man, so far this app has hit the nail on the head. I'm very impressed and would highly recommend it to anybody.",5,0,2026-04-13 23:32:30,0ad36586-05be-477c-a988-1a3553894b64,4.332105,"5,000,000+"
Nebula,genesis.nebula,I chose to wait with a personal reading for now. I am not sure what starseed I am just yet.. time will tell. however an Iooking forward in some much needed advice from time to time. so far not to bad.,5,0,2026-04-13 23:21:31,a32396ba-854a-4483-8eba-9913e792b38c,4.332105,"5,000,000+"
Nebula,genesis.nebula,The readers are very intuitive and spot on. They gave me the confirmation and clarity I was seeking..,5,0,2026-04-13 23:14:53,1991d90d-245e-4e94-b123-67921d647e68,4.332105,"5,000,000+"
Nebula,genesis.nebula,"I love all of the insightful information, a lot of the things im reading really hit home. highly recommend.",5,0,2026-04-13 22:55:35,38ab613b-9594-45f9-8d07-c706099a7aa9,4.332105,"5,000,000+"
Nebula,genesis.nebula,"Not good.Paid for a sketch,which I didn't get!,and then had to cancel a subscription that I didn't want.",1,0,2026-04-13 21:54:09,38a7dda7-ced8-4ddc-b7d7-fcb9c593fc28,4.332105,"5,000,000+"
Nebula,genesis.nebula,love the app so far will give further review once I explore more 😀,4,0,2026-04-13 21:53:50,8bab499b-c0c6-43ee-ae94-f8b2f38d544b,4.332105,"5,000,000+"
Nebula,genesis.nebula,I was really surprised how this would work you choose how much you pay for the sketch they ask you questions and make sense for finding a soulmate you even get free time to ask any questions you have. you dont have to join any membership. if you ever just wonder give it a try.,4,0,2026-04-13 20:48:50,1ec87681-93d4-4341-846f-b0d4b5bddfc8,4.332105,"5,000,000+"
Nebula,genesis.nebula,mind blowing,5,0,2026-04-13 20:20:01,11e0b96b-85f6-440c-ba19-fb6c596280df,4.332105,"5,000,000+"
Nebula,genesis.nebula,absolutely amazing.. must try for yourself,5,0,2026-04-13 20:19:00,55d3ef6d-da3b-4043-a72b-f4c40022b605,4.332105,"5,000,000+"
Nebula,genesis.nebula,always 💯 correct. I totally trust this site!!!,5,0,2026-04-13 20:14:00,f5f2a6da-2b7e-488c-a3df-7ad954bf145e,4.332105,"5,000,000+"
Nebula,genesis.nebula,I really enjoyed finding out my aura color. I have never known this before.,4,0,2026-04-13 19:43:27,01bd4ca2-e3bd-45d4-bab0-749b24593111,4.332105,"5,000,000+"
Nebula,genesis.nebula,"wow I love this app so much, it actually knows my personality and even beyond, wow I'm grateful to come across this app, because I have tried other apps but it does not give me the exact thing I needed. so thank you Nebula",5,0,2026-04-13 18:47:33,5b1b714e-b872-4ecf-a68c-fa0f69f6110d,4.332105,"5,000,000+"
Nebula,genesis.nebula,so far so good love nebula.. recommend trying this app..,5,0,2026-04-13 18:24:31,72a504e5-3758-4b98-a30e-bd657b116d1a,4.332105,"5,000,000+"
Nebula,genesis.nebula,I used to love this app but when I got a new phone it doesn't work anymore. I get to the part where it asks where a person was born and it says no Internet and can't go any farther. I've uninstalled and reinstalled several times.,1,0,2026-04-13 18:15:36,3fc1849e-4677-4b23-bf2c-6aa012b6deb1,4.332105,"5,000,000+"
Nebula,genesis.nebula,"fraud, they take your banking details before they direct u to app for a donation of 1 dollars. then they use ur banking details and debit you 40 dollars recurring without your consent. and u cant reverse it on the Google play store because ut wasnt transacted on the app. stay away from these fraudsters",1,0,2026-04-13 17:02:30,549d5f01-1c98-4e16-ab07-b50a597e0650,4.332105,"5,000,000+"
Nebula,genesis.nebula,sent email. Do not charge me again!!!!,1,0,2026-04-13 16:57:16,0b45fd67-3f85-447e-8966-32fc9de99ed9,4.332105,"5,000,000+"
Nebula,genesis.nebula,informative. but can be pricey,4,0,2026-04-13 16:46:45,7b84d0fb-8901-4f94-8b50-48dda1e8be47,4.332105,"5,000,000+"
Nebula,genesis.nebula,great daily readings and nice app enjoyable,4,0,2026-04-13 16:25:35,877ea031-cb23-48dd-b471-d8e16095448c,4.332105,"5,000,000+"
Nebula,genesis.nebula,I love nebula really good insights on everyrhing,5,0,2026-04-13 15:59:19,a98de69c-b640-42f1-9549-29168359099f,4.332105,"5,000,000+"
Nebula,genesis.nebula,I'm finding things that I've already knew about my partner and it's just getting started love it!,5,0,2026-04-13 15:53:06,49bdaee5-a23b-45e9-9685-172ab7ba6e7a,4.332105,"5,000,000+"
Nebula,genesis.nebula,very true reading...,5,0,2026-04-13 15:30:50,6b659b42-1c64-4591-949c-60543638ec70,4.332105,"5,000,000+"
Nebula,genesis.nebula,my love reading was in Spanish so I couldn't read some of it,3,0,2026-04-13 14:32:54,c5991742-2ffe-4cfb-9943-41a21e7acdac,4.332105,"5,000,000+"
Nebula,genesis.nebula,Have just started my journey with Nebula and so far it's very interesting and makes me want to know more....,5,0,2026-04-13 13:56:11,aaa22ad1-8cf2-4895-9c68-959fc59663da,4.332105,"5,000,000+"
Nebula,genesis.nebula,i love this app. I have learned so much about myself and others as well.,4,0,2026-04-13 13:19:54,36bdebdc-f11d-4d79-be41-27eba98213c6,4.332105,"5,000,000+"
Nebula,genesis.nebula,"Loving the insight. and so far, making sense of what I have been experiencing.",5,0,2026-04-13 13:16:32,0d2f980c-13bf-40ff-8ed4-591bc0259da0,4.332105,"5,000,000+"
Nebula,genesis.nebula,definitely got my interests but man they like they money lol,4,0,2026-04-13 13:13:08,9f73018e-6640-4643-a4da-83db3a258d61,4.332105,"5,000,000+"
Nebula,genesis.nebula,I just joined and have found Nebula quite exciting and fun! Thanks,4,0,2026-04-13 12:47:21,0990050c-9e92-40fc-a671-f1bc966cc791,4.332105,"5,000,000+"
Nebula,genesis.nebula,reading we're very spot on !,4,0,2026-04-13 12:45:37,f022145e-c8cc-4b77-b944-a9e62bbf27c4,4.332105,"5,000,000+"
Nebula,genesis.nebula,Every feature has to be about money. This way the app is not really helping people. Please adjust.,1,0,2026-04-13 12:01:16,0b1c1795-118d-4410-b2e5-b82af2d45cf5,4.332105,"5,000,000+"
Nebula,genesis.nebula,I was a skeptical but after today I believe great experience,5,0,2026-04-13 11:51:43,6708a58c-aaf9-4f1f-885e-39e1e3332876,4.332105,"5,000,000+"
Nebula,genesis.nebula,I love the starseed reading the most in this app. I haven't spoken with a medium or a clairvoyant yet but I can tell you so far most of what I've been told or have read is either spot on or relevant to what's going on in my life and what I can do to further enjoy life on planet earth.,4,0,2026-04-13 11:44:57,8159a5dc-4a4b-4c28-8a2f-92371f07f2c9,4.332105,"5,000,000+"
Nebula,genesis.nebula,Just downloaded and am reading my Palmistry. Will update after I am done reading it.,4,0,2026-04-13 10:30:57,90086cdf-e7fc-45f2-b6a4-cb668c555116,4.332105,"5,000,000+"
Nebula,genesis.nebula,My sketch slightly favors my Ex girlfriend,5,0,2026-04-13 10:25:18,04bb9ff8-bf14-49e8-a640-ede64d3ec132,4.332105,"5,000,000+"
Nebula,genesis.nebula,app is pretty cool.. just really not worth the price lol,5,0,2026-04-13 10:15:42,cd3f571a-2fda-40ab-8b6c-490041f32aaf,4.332105,"5,000,000+"
Nebula,genesis.nebula,Nebula becomes comfortable & encourages familiarity as we grow closer during the journey we've begun... I'm enjoying the interaction. Thank-you Nebula🥰,4,0,2026-04-13 10:12:26,63af5ff6-5451-41b3-9406-75bc010e8c8c,4.332105,"5,000,000+"
Nebula,genesis.nebula,very insightful. I really like this astrology app the best! I am excited to see the sketch most of all. it really intrigued my mind that they can really see what he looks like and draw a picture for me. thank you nebula!!! I recommend this app if you like astrology and love all the help it can provide you in all areas of life! ❤️❤️❤️❤️❤️❤️❤️❤️❤️❤️❤️❤️❤️❤️❤️❤️❤️❤️❤️❤️❤️❤️❤️❤️🏹🏹🏹🏹🏹🏹🏹🏹🏹🏹🏹🏹🏹🏹🏹🏹🏹🏹🏹🏹🏹🏹🏹🏹❤️❤️❤️❤️❤️❤️❤️❤️❤️❤️❤️❤️❤️❤️❤️❤️❤️❤️❤️❤️❤️❤️❤️❤️❤️🏹❤️🏹❤️🏹❤️🏹❤️🏹❤️🏹❤,5,0,2026-04-13 09:59:36,03872cdc-b175-4ead-b569-4719c8b791d6,4.332105,"5,000,000+"
Nebula,genesis.nebula,Will love to keep learning more!,4,0,2026-04-13 09:44:17,0b090985-dd88-4b70-a309-8cd6c5401623,4.332105,"5,000,000+"
Nebula,genesis.nebula,This is an amazing app that really teaches in a way that is easy to navigate and absorb the information.,5,0,2026-04-13 09:37:14,1a0faefe-307f-4d49-8fee-30785e4e9608,4.332105,"5,000,000+"
Nebula,genesis.nebula,Absolutely dead on.,5,0,2026-04-13 09:35:41,5484a863-39fc-4346-a80c-aa0afa63f29c,4.332105,"5,000,000+"
Nebula,genesis.nebula,very interesting and informative,5,0,2026-04-13 09:06:53,872487ab-b2fa-4d21-9c87-6c91f2ca2f8b,4.332105,"5,000,000+"
Nebula,genesis.nebula,I'm blown away by the sketch it looks very similar to my Ex who I already felt was my soulmate,5,0,2026-04-13 09:05:52,eb5dca8b-e0fa-4daa-a2d8-6a110fa9d417,4.332105,"5,000,000+"
Nebula,genesis.nebula,My results are 98% accurate. Nothing in this world is 100%.,4,0,2026-04-13 08:54:48,da296e22-8c23-4fc9-850d-46cb6ee7f587,4.332105,"5,000,000+"
Nebula,genesis.nebula,AVOID THIS SCAMMING APP. THEY TOOK MY MONEY UNKNOWINGLY. AFTER CHASING THEM FOR A REFUND OVER WEEKS NOW. THEY HAVE FINALLY REPLIED WITH A REFUSAL. THIS IS TOTAL SCAM. PLEASE DO NOT WASTE YOUR TIME DOWNLOADING THEIR TRASHY APP. TOTAL CON!,1,0,2026-04-13 08:52:13,9a4ff5e8-6273-4848-9f92-8b8bf0b52a5d,4.332105,"5,000,000+"
Nebula,genesis.nebula,I think it's very great and interesting that we have people like you to help us guide us and lead us in a way that no one can,5,0,2026-04-13 08:34:49,942cb31a-6e24-4daf-b82a-757e0bee11e2,4.332105,"5,000,000+"
Nebula,genesis.nebula,very insightful. Fun and entertaining 😄,4,0,2026-04-13 08:01:09,a8f3ddd9-b6fc-487d-83c3-6aded406aa89,4.332105,"5,000,000+"
Nebula,genesis.nebula,so far nebula birth chart seems very reliable and spot on with details. things that I may have trouble figuring out surprisingly ends up being an option to my questions,4,0,2026-04-13 07:51:06,e1a9aa75-f557-40f8-93b9-f3839cd90aab,4.332105,"5,000,000+"
Nebula,genesis.nebula,"my soul mate looks just like my fiance Thomas hill. it's extraordinary how much they look alike. this app is no joke, it's the real thing.",5,0,2026-04-13 07:47:27,7214e398-3b78-4262-9716-a90541e88dc3,4.332105,"5,000,000+"
Nebula,genesis.nebula,Alot of the answers to my questions did resonate with me quite a bit!,4,0,2026-04-13 07:26:18,13935edd-3af2-4344-8539-ffa42cb98714,4.332105,"5,000,000+"
Nebula,genesis.nebula,Ngl the sketch resemblance is uncanny and looks almost like my partner. They even got my moon and rising correct.,4,0,2026-04-13 07:13:10,e3ad3e82-67a9-4caf-9b06-8ee0387471d2,4.332105,"5,000,000+"
Nebula,genesis.nebula,this app digs deep into every thing in ur life i really enjoy it it givingme insight about thing i didnt know about my self it give a better understand about things,5,0,2026-04-13 06:38:15,89d93b5a-4806-4193-94b8-16eea56fe5d3,4.332105,"5,000,000+"
Nebula,genesis.nebula,wow this is so amazing! very accurate! iam very excited about the results. I highly recommend this to who is trying to get a glimpse into their soulmates sketch and characteristics you won't be disappointed. it's very accurate. again I highly recommend it. thank you nebula.,5,0,2026-04-13 06:22:34,fdd422e5-7fd7-4d77-96ed-2935c28e7abc,4.332105,"5,000,000+"
Nebula,genesis.nebula,I feel it was real and authentic,5,0,2026-04-13 06:13:33,cfb88674-223c-466f-a916-d7e6162a348a,4.332105,"5,000,000+"
Nebula,genesis.nebula,nebula is so far so groovy! I just started using it...like it already!!,5,0,2026-04-13 06:10:19,0087b342-ac81-48c1-b4f2-3fddcfbac73e,4.332105,"5,000,000+"
Nebula,genesis.nebula,really enjoying so far..,5,0,2026-04-13 05:53:53,be8df174-8c60-4c56-a554-a22387a0e98d,4.332105,"5,000,000+"
Nebula,genesis.nebula,a really cool app with loads of insight and direction.,5,0,2026-04-13 04:46:22,a7a7e70f-2fdc-4fb8-bd3d-3a7b1edf675f,4.332105,"5,000,000+"
Nebula,genesis.nebula,this was right on I reccemend to anyone that's into this stuffits awesome,5,0,2026-04-13 04:41:01,b87dfad6-3ea0-4090-a5ef-c0d7f2d8580c,4.332105,"5,000,000+"
Nebula,genesis.nebula,"Nebula not only provides stellar spiritual supports, the customer service support has proven to be fast, reliable, and helpful.",5,0,2026-04-13 04:13:25,8560eecc-5f98-4346-bcf1-b03e401ae349,4.332105,"5,000,000+"
Nebula,genesis.nebula,it is great! very informative,5,0,2026-04-13 03:31:11,0571aae6-b026-4b1e-8917-eb302fa5bb87,4.332105,"5,000,000+"
Nebula,genesis.nebula,"I was very skeptical at first, but after inputting my information, the results about me, my personality, the way I think were surprisingly very accurate and impressive. I got a lot of useful information to help me in my journey, to finding my balance, and life partner. I recommend giving it a try.",4,0,2026-04-13 03:03:19,7421350b-4d30-4a0a-bd4b-d4f9642ed925,4.332105,"5,000,000+"
Nebula,genesis.nebula,My reading was very accurate and understanding. Love this ❤️,5,0,2026-04-13 02:51:50,81f091a2-3c4b-41be-91c5-32e2111091f9,4.332105,"5,000,000+"
Nebula,genesis.nebula,they are wonderful,5,0,2026-04-13 01:38:04,8d999cac-9995-4965-b3ca-9293d9a95cf9,4.332105,"5,000,000+"
Nebula,genesis.nebula,thank you for Nebula I'm closer now to the unknown.,5,0,2026-04-13 01:34:06,6dc69890-9a5b-445a-9940-1734f526e9d0,4.332105,"5,000,000+"
Nebula,genesis.nebula,theives!!!!,1,0,2026-04-13 01:13:25,51434277-5d8f-410b-9fa6-fdb917c07540,4.332105,"5,000,000+"
Nebula,genesis.nebula,I love the many readings and the option to chat with a psychic. the whole experience brings a sense of calm and it felt as if the psychic I chatted with knew me by the way she was laying everything out for me to take in. 10/10 would download this app again.,5,0,2026-04-12 23:56:03,09742b88-b47e-4028-aa65-f1864cd0f2e9,4.332105,"5,000,000+"
Nebula,genesis.nebula,Scamming BS,1,0,2026-04-12 23:52:57,be0ffb02-f643-4db7-be91-1b7e86adaa2e,4.332105,"5,000,000+"
Nebula,genesis.nebula,"I rarely finish sights like this, but somehow I was drawn to it, n to my surprise it was extremely accurate.",3,0,2026-04-12 23:45:36,4b21951d-0b5a-4d66-a6da-7c7582790234,4.332105,"5,000,000+"
Nebula,genesis.nebula,the soul mate sketch showed an elderly woman instead of a woman in her early 30s,1,0,2026-04-12 23:36:34,27e6440f-790b-4b63-8596-5b170239b663,4.332105,"5,000,000+"
Nebula,genesis.nebula,"huge scam. it depleted my credits without a chat even happening, this company should be shut down, its ridiculous how they think they can get away with the way they charge!",5,0,2026-04-12 23:25:16,fa40f624-e1ba-495c-97e9-92acd16059ab,4.332105,"5,000,000+"
Nebula,genesis.nebula,I'm liking them so far. I'm learning things about myself that make sense with the way my family is.,5,0,2026-04-12 23:00:25,04b30f7d-b2c6-4f7a-9445-25b54ae44023,4.332105,"5,000,000+"
Nebula,genesis.nebula,I swear the psychic i used was correct. I even was limited on my information and asked questions I already know yo verify. I even got a message from my deceased husband that came through after my session ended. Amazingly Beautiful. I recommend Love Healer.,5,0,2026-04-12 22:24:33,0af54a24-1691-46a8-ad65-2ea48363a321,4.332105,"5,000,000+"
Nebula,genesis.nebula,everything spot on with me. loved it.,5,0,2026-04-12 21:47:26,24b93fc2-0744-41fe-95c6-c406683bdc4d,4.332105,"5,000,000+"
Nebula,genesis.nebula,I love nebula! There is so much attention to detail. I can get all the answers to my many questions quickly and effectively. Nebula is amazing!,5,0,2026-04-12 19:56:11,b5c6d136-0c7f-4cc2-b598-bd742525b02e,4.332105,"5,000,000+"
Nebula,genesis.nebula,So far I've been understanding myself more. But even better I'm understanding my partner better.,4,0,2026-04-12 19:15:41,4a2ff46d-cc56-4d62-a541-ed0d8500fd4a,4.332105,"5,000,000+"
Nebula,genesis.nebula,"it was some details I couldn't find , good info .",5,0,2026-04-12 18:57:29,c11a57e1-c00d-4e01-aeac-1aa268877136,4.332105,"5,000,000+"
Nebula,genesis.nebula,so far very accurate and helpful,4,0,2026-04-12 18:57:01,47d561c7-bb6c-48cc-ad42-6ede5c568283,4.332105,"5,000,000+"
Nebula,genesis.nebula,this was fun,4,0,2026-04-12 18:50:03,c24311fa-3b3e-4444-990d-9a31202b2a44,4.332105,"5,000,000+"
Nebula,genesis.nebula,"I stumbled on this site, the answers are very comfortable, caring and true. thanks for helping me make a decision.",5,0,2026-04-12 18:03:42,a6139c2b-6d60-4edc-8a72-852171b50bcb,4.332105,"5,000,000+"
Nebula,genesis.nebula,mixed emotions so far. my love reading is incorrect and hasn't been fixed and they charged me after I cancelled but they did do their best to makeup for it,3,0,2026-04-12 17:36:33,abf0a724-108c-4608-8a7c-9ace3b2ac0b5,4.332105,"5,000,000+"
Nebula,genesis.nebula,nebula is very accurate and very good with there prediction I enjoy nebula and I will be using it more for guidance,5,0,2026-04-12 17:35:05,dd23d38d-7f84-4cec-96f2-fb27a7803163,4.332105,"5,000,000+"
Nebula,genesis.nebula,it's very inspiring on understanding different perspectives and helpful on things that I need to engage in or things I need to keep my distance from most of all its a good guide in my life,4,0,2026-04-12 17:08:29,cee2f38c-4e82-4e5c-90d7-5ad04671e56e,4.332105,"5,000,000+"
Nebula,genesis.nebula,pauses are way to long and you don't get your answers quick enough before the time runs out it's only 3 mins,1,0,2026-04-12 16:50:13,8a935f7c-b5b8-47d3-a696-ad848d01b0b2,4.332105,"5,000,000+"
Nebula,genesis.nebula,great app 👌,5,0,2026-04-12 16:27:06,ca8e4afb-7871-47df-9261-e09efedd8fb8,4.332105,"5,000,000+"
Nebula,genesis.nebula,"I have really been surprised by this app. I had a preconceived idea figuring it was going to be cliche and just the same ole lines that an acquaintance would use ""it will get better"" or ""suck it up buttercup"". So when I started reading things that were actually relevant for my right now and that were addressing issues and questions that seemed were additional wonders of the world, I changed my tune and really started focusing, like I was in the presence of a legend and needed to take notes!",4,0,2026-04-12 16:25:38,c447bc5f-5f35-4b9f-b1e1-d7853bd8045f,4.332105,"5,000,000+"
Yodha,com.astroid.yodha,very good app,5,0,2026-04-20 00:23:35,111cb8ee-1b09-49c5-a93e-94e27f65310c,4.716335,"1,000,000+"
Yodha,com.astroid.yodha,"Your all comments are useless and designed in a way that fits on all person, thus everyone feels it personalized, but these are not personalised and are totally useless also.",1,0,2026-04-19 19:06:59,f91f7a84-7c69-4ce1-a6e0-5d194f7b2d3a,4.716335,"1,000,000+"
Yodha,com.astroid.yodha,"Love this app. Insightful and thought provoking. Not to mention what is being said resonates, it may be too early to tell yet but good so far.",5,0,2026-04-17 08:49:11,7c11f072-096e-4ef9-9d1d-1c2389238032,4.716335,"1,000,000+"
Yodha,com.astroid.yodha,very good application for astrology.,5,0,2026-04-16 16:58:20,b4f158a0-bbbd-4111-b88d-795684596939,4.716335,"1,000,000+"
Yodha,com.astroid.yodha,my astrologer who answered my free question (u can ask any question u want & if u don't know what to ask they have plenty examples to help u decide) but he answered my question in more then 1 way and gave me exact time frames all the way until 2036!! I rate this app 10/10 anyone who's curious about it should just download it & see for there self!!! 💛💛💛,5,0,2026-04-15 06:42:02,1a9ece75-bc04-4f8e-80ce-012aa3168084,4.716335,"1,000,000+"
Yodha,com.astroid.yodha,Do not engage with this company. They're just another scam app attempting to steal funds from accounts.,1,0,2026-04-15 00:29:28,c8091996-e463-44b1-96e9-01043c6de152,4.716335,"1,000,000+"
Yodha,com.astroid.yodha,I'm saddened I had to pay for having asked questions it's just a giant paywall without too much authentication,3,0,2026-04-13 12:56:47,47affa19-e039-4445-9aa6-fa0565fd9919,4.716335,"1,000,000+"
Yodha,com.astroid.yodha,very good 👍 👏 👌,5,0,2026-04-08 20:49:32,00e4d28e-140b-453d-8601-b8ae394fa5d0,4.716335,"1,000,000+"
Yodha,com.astroid.yodha,time wasting and such a worst app don't use it,1,0,2026-04-08 14:28:11,2bee8a89-4dbe-438e-8111-7afaae2631cd,4.716335,"1,000,000+"
Yodha,com.astroid.yodha,"All other reviews are fake, requires subscription, and takes time to answer. You only have 1 free question.",1,1,2026-04-06 22:14:53,ac0509d0-7edd-4791-841c-135b0c80199c,4.716335,"1,000,000+"
Yodha,com.astroid.yodha,excellent 👍,5,0,2026-04-06 21:59:46,77326f18-7eb0-4718-b441-1ea10baaed3e,4.716335,"1,000,000+"
Yodha,com.astroid.yodha,Here is surely 90% correct,5,0,2026-04-06 02:51:05,143d481c-b5af-40fe-9bca-dad7961d139e,4.716335,"1,000,000+"
Yodha,com.astroid.yodha,My experience is not good because as they said the things not happening right now...so I am very disappointed with this .,1,2,2026-04-02 20:09:07,6f5bdf2f-b8a5-412e-be24-f3449b35dc83,4.716335,"1,000,000+"
Yodha,com.astroid.yodha,I paid a subscription. My Natal Chart is incorrect. I gave the correct DOB & time. 1 sign out!!!,1,0,2026-04-02 15:15:07,a9a2f616-9431-48c5-b4de-0268807b3b26,4.716335,"1,000,000+"
Yodha,com.astroid.yodha,"The behavior of the astrologers on this app is excellent. Although I cannot yet confirm the predictions, the direction I received helped enlighten me and focus on my life, thank you sir.",5,0,2026-04-01 21:07:53,4bf67b5b-e79d-4515-bc6b-6d202669403e,4.716335,"1,000,000+"
Yodha,com.astroid.yodha,"My first reading was amazing, I’m blown away by how precise the reading was. It resonated deeply and gave me exactly what I needed to hear right now.",5,1,2026-04-01 00:03:24,933129ad-d0f1-4ca6-b806-9a0a851f0963,4.716335,"1,000,000+"
Yodha,com.astroid.yodha,I found the predection almost similar to other astrologers. Seems genuine.,5,0,2026-03-31 20:15:43,cdde99c1-4b5d-4923-8a18-2633530cd557,4.716335,"1,000,000+"
Yodha,com.astroid.yodha,Aaccurate prediction and i agree the whole result from this app,4,0,2026-03-31 10:31:36,2912d94f-ac1f-435e-9140-4f91447d4dbc,4.716335,"1,000,000+"
Yodha,com.astroid.yodha,very bad experience,1,0,2026-03-29 23:18:48,681d7f3b-7c86-41b2-a22b-71576d1b9735,4.716335,"1,000,000+"
Yodha,com.astroid.yodha,The best of all,5,0,2026-03-29 21:41:17,d2720ac9-eb5f-4cd7-9429-cfee4ce39634,4.716335,"1,000,000+"
Yodha,com.astroid.yodha,really satisfied with much clearer statements.,5,0,2026-03-29 10:20:57,098eb910-57f2-4875-b080-4a71bce3bfa3,4.716335,"1,000,000+"
Yodha,com.astroid.yodha,"Very very very bad experience, have asked a question they say they'll answer within half an hour, and still my question has not been answered! I had asked 2 questions in one session, then they said I can ask only one, so I said okay then answer the first one, and now it's been an hour and a half still no reply! Scamsters in the name of astrology seriously!",1,0,2026-03-28 17:19:21,cb134a5c-d251-43a5-9ce9-c0a0728c56c1,4.716335,"1,000,000+"
Yodha,com.astroid.yodha,thank you for the reading ❤️,5,0,2026-03-28 09:12:24,01e91a18-938b-4019-8601-d5db7cb4875f,4.716335,"1,000,000+"
Yodha,com.astroid.yodha,"first question, and it was CRAZY accurate. I'm kinda shocked.",5,0,2026-03-24 13:55:31,2e99560b-0a4b-4bcd-8afa-93f5c7f29d65,4.716335,"1,000,000+"
Yodha,com.astroid.yodha,"I received a free positive reading in the right direction, i would say. It's too early to say if it was accurate or not and besides readings are based on current energy and we all have free will which can change at anytime, but it gave me a sense of direction, so thank you, Prem",5,3,2026-03-23 23:37:02,b633ca67-2d96-4a34-b34d-76de1b49a470,4.716335,"1,000,000+"
Yodha,com.astroid.yodha,I liked the detailing and trust on disciple predictions.,5,0,2026-03-23 18:32:21,1d86dcf2-428f-4d0c-ba1a-095a4ad56c7d,4.716335,"1,000,000+"
Yodha,com.astroid.yodha,I have seen there insights are ready helpful.,5,0,2026-03-21 19:45:35,c6886c95-136b-429a-b623-a2c343bb17c7,4.716335,"1,000,000+"
Yodha,com.astroid.yodha,I find this app helpful and accurate.,5,0,2026-03-20 21:43:26,1dbe126e-870f-4502-a6e0-3160d181df3a,4.716335,"1,000,000+"
Yodha,com.astroid.yodha,buy only. lame,1,0,2026-03-19 11:27:17,d9bb4bd0-c3bd-47ab-b24a-066a7102e0c4,4.716335,"1,000,000+"
Yodha,com.astroid.yodha,wonderful explanation. thanks the team a lot,5,0,2026-03-16 12:49:33,ba481bd0-5245-4ee1-a96c-a1a070fbab27,4.716335,"1,000,000+"
Yodha,com.astroid.yodha,"good, thank you for sharing free prediction every month.",5,0,2026-03-12 20:54:50,8fa91e53-f6f5-49cf-ac19-f02a8a345b28,4.716335,"1,000,000+"
Yodha,com.astroid.yodha,"Free session hoke bhi boht insightful tha, tysm 💙☝🏽",5,0,2026-03-09 02:06:37,9b890c4b-638f-4157-b747-e1ac200dba20,4.716335,"1,000,000+"
Yodha,com.astroid.yodha,Very good detailed accurate. But I can't login to the app on my new phone so I had to cancel.,5,3,2026-03-06 16:16:49,74af3324-4d7b-4abc-85e4-95effc0be10c,4.716335,"1,000,000+"
Yodha,com.astroid.yodha,"Very insightful, even accurate.",5,0,2026-03-02 23:47:20,e6c8e045-d99c-4206-a7ab-79d68e00baba,4.716335,"1,000,000+"
Yodha,com.astroid.yodha,Ai generated response and no prediction just yapping,1,0,2026-03-02 00:12:43,929ba191-127e-4b1f-bef6-95dfab883028,4.716335,"1,000,000+"
Yodha,com.astroid.yodha,Good service and quick.,5,0,2026-02-25 15:53:30,477df78e-2450-4dc7-af52-5de234846e8c,4.716335,"1,000,000+"
Yodha,com.astroid.yodha,Don't do it! SCAM! Never subscribed. noticed they charged me for 3 months. its basically an online fortune teller. Think how crazy that sounds,1,1,2026-02-23 09:23:54,b7e352a4-dd32-4462-b4b4-deb1ef9ef864,4.716335,"1,000,000+"
Yodha,com.astroid.yodha,Perfect predictions👌 👌,5,0,2026-02-22 20:57:21,49b56c44-2909-4afd-8393-e069088096d8,4.716335,"1,000,000+"
Yodha,com.astroid.yodha,totally true,5,0,2026-02-21 10:02:47,d9ac47aa-1d85-4c8c-bde5-8eaf36843056,4.716335,"1,000,000+"
Yodha,com.astroid.yodha,This is scary accurate. I have been amazed at the reading I am getting. I will be keeping this app. I would definitely recommend it. They has a reading you can pay for but I haven't had the extra funds to purchase it yet. But I can't wait to try it. The free version is so accurate that I can't wait to see what the paid version brings.,5,1,2026-02-15 19:07:01,5694b942-6e11-4817-9e06-07bd6350161a,4.716335,"1,000,000+"
Yodha,com.astroid.yodha,It’s really a good app,5,0,2026-02-14 04:55:28,a53e4225-ea9d-414c-9bb1-6bb8c7b8ea45,4.716335,"1,000,000+"
Yodha,com.astroid.yodha,Nearly accurate..,5,0,2026-02-12 23:18:05,2b5818a7-ef57-4311-a976-ce23ee214385,4.716335,"1,000,000+"
Yodha,com.astroid.yodha,I'm so happy to find out this app,5,0,2026-02-11 01:02:35,6f97e4bf-ca25-497a-8b4d-de41f75fe7a5,4.716335,"1,000,000+"
Yodha,com.astroid.yodha,good.. if it true it's cool,4,0,2026-02-10 22:48:42,543f56fa-23bf-4484-a131-b22ed9844034,4.716335,"1,000,000+"
Yodha,com.astroid.yodha,Thanks for your prediction,5,0,2026-02-10 16:29:19,061f053c-597f-4877-9f2b-0a168b690378,4.716335,"1,000,000+"
Yodha,com.astroid.yodha,none of the predictions came true in 2026. waste of time.,3,0,2026-02-10 08:45:29,9e705dfd-5b5d-4630-b5b2-7f8297355cd0,4.716335,"1,000,000+"
Yodha,com.astroid.yodha,"An incredibly insightful and transformative experience Yodha team provided. The accuracy of the reading was spot on, offering guidance that was both spiritual and practical. It’s like having a map for life's ups and downs. I feel empowered to embrace my true potential. 5 stars!""",5,0,2026-02-09 17:36:09,d1a7b275-dc2d-44ee-b240-d388bea8a230,4.716335,"1,000,000+"
Yodha,com.astroid.yodha,"Every time I have used this app, the answers have been extremely satisfying and encouraging. The situation is always elaborately explained. Moreover, the updates keep coming frequently without asking. Thank you.",5,0,2026-02-04 20:59:13,a65e1048-dcdf-407c-a2b0-50f7925e8b80,4.716335,"1,000,000+"
Yodha,com.astroid.yodha,"Other astrology apps charge on a minute basis, provide very limited answers, and repeatedly ask to increase the time limit by wasting both money and time. And yes, Yodha app answer only one question at a time, but you get a proper prediction for your query. We usually approach an astrologer for one or two specific questions, and this app does exactly that by answering our queries in a single response.",5,6,2026-02-03 06:46:28,fb83c02b-83c3-4af5-ac85-df1a2ee4d5d9,4.716335,"1,000,000+"
Yodha,com.astroid.yodha,helped me clear my mind,5,0,2026-02-01 21:06:53,41cac024-0579-4707-90bc-984bb2b214b5,4.716335,"1,000,000+"
Yodha,com.astroid.yodha,best all of all time,5,0,2026-01-29 01:10:57,55f98701-4021-4c31-982d-6c56b9a48158,4.716335,"1,000,000+"
Yodha,com.astroid.yodha,currently can't get hold of anyone for a subscription I cancelled yet still being charged for also now can't access my profile on the app,2,0,2026-01-27 13:14:30,1cbc5fb0-53db-4262-966b-38e34850946c,4.716335,"1,000,000+"
Yodha,com.astroid.yodha,good experience thanks for the prediction,5,0,2026-01-26 20:38:09,8c5485e8-c3f2-4c4e-8ca3-60df56d5105e,4.716335,"1,000,000+"
Yodha,com.astroid.yodha,yodha is so amazing 🤩😍,5,1,2026-01-20 20:08:03,6507e337-f721-4306-bbc2-7cfc7f7bddbe,4.716335,"1,000,000+"
Yodha,com.astroid.yodha,very nice explanation given,5,0,2026-01-20 16:57:58,40dad3b8-649e-4801-9d77-be5ac23a0e0c,4.716335,"1,000,000+"
Yodha,com.astroid.yodha,their prediction is very very accurate,5,0,2026-01-19 16:02:39,12d9dff1-7241-46d3-aa6d-f38369479d5e,4.716335,"1,000,000+"
Yodha,com.astroid.yodha,"This app has blown my mind on numerous occasions! I've been using Yodha since I was a teenager starting around 2016. They predicted when I would meet my husband (we've been married 3 years) when i'd have my son, his gender, and his medical issues, when we'd buy a house with exact dates that happened to line up with key closing dates, and my second pregnancy. They say its a girl!",5,0,2026-01-16 20:54:55,f084cf59-d004-40e5-8374-1abb678ab7e1,4.716335,"1,000,000+"
Yodha,com.astroid.yodha,very accurate information,5,0,2026-01-16 12:04:33,8919279c-b758-4d66-bbf1-849f042f1862,4.716335,"1,000,000+"
Yodha,com.astroid.yodha,"Many Many Thanks. I am grateful to astrologer R. Paudel . I hope ,your predictions give me a new light in my life path. 🙏",5,0,2026-01-13 22:23:43,5c7c72e2-6b99-4fed-a19a-9c872c222c63,4.716335,"1,000,000+"
Yodha,com.astroid.yodha,yodha helps me find my answers and be at peace thank u so much 💓,5,0,2026-01-13 21:27:58,99fb5281-d6b8-421f-a410-dcae0c13016b,4.716335,"1,000,000+"
Yodha,com.astroid.yodha,ถามคำถามฟรีได้ 1 ข้อ หมอดูก็ตั้งใจตอบมากค่า,5,0,2026-01-12 00:33:19,873b263b-b2d7-4fd3-9fb2-51ac82ae7918,4.716335,"1,000,000+"
Yodha,com.astroid.yodha,what a nice astrology reading app readings matches perfectly with me,5,0,2026-01-11 15:06:54,32b1819a-1ec3-45b5-a44f-ed71e0d72854,4.716335,"1,000,000+"
Yodha,com.astroid.yodha,is very good to use I love it,4,0,2026-01-08 22:31:58,25c1715a-3a96-4122-97b3-ad9368f4f20b,4.716335,"1,000,000+"
Yodha,com.astroid.yodha,you ask a question and they give you their insight and they are 90% right five stars for advice and support been using this app for 7 years and will continue,5,0,2026-01-05 23:07:08,2c153f04-6e58-4d41-aba5-567d0d023a50,4.716335,"1,000,000+"
Yodha,com.astroid.yodha,much useful. thanks alot,5,0,2026-01-05 10:00:19,93ad2851-6137-4a76-8918-408942d4e728,4.716335,"1,000,000+"
Yodha,com.astroid.yodha,AP STOLE MONEY,1,0,2026-01-05 03:34:36,d7ba2999-a893-4d51-ad19-3658998cf88b,4.716335,"1,000,000+"
Yodha,com.astroid.yodha,good pdediction,5,0,2026-01-04 00:00:34,4abf5632-4585-4b40-b209-6249968e18cd,4.716335,"1,000,000+"
Yodha,com.astroid.yodha,"Be VERY CAREFUL with this app. You may pay for a question to be answered, post which they hold onto your financial details and deduct money every month without your authorization. You can't cancel, you can't contact anyone behind this app directly.",2,1,2026-01-03 20:08:27,1e30bb18-6a26-4858-8977-15937f240074,4.716335,"1,000,000+"
Yodha,com.astroid.yodha,No way to unsubscribe. No response too. Support team reached back and resolved it.,5,12,2026-01-02 18:54:43,ffa8ee60-ad9b-45c2-9119-f0ccbcb3cadb,4.716335,"1,000,000+"
Yodha,com.astroid.yodha,"it predicted that i will get   job in dec2016, and just in dec 2016 i got job.  i got job in airforce whose result came in dec2016",5,0,2025-12-29 09:23:53,92f94e72-730e-43b5-9f85-57cf0434d238,4.716335,"1,000,000+"
Yodha,com.astroid.yodha,I luv this app because great at predictions and hidden secrets 😍 💯%,5,0,2025-12-28 22:56:29,a0fcc2bb-5cff-4cb9-a5e3-c1b2b0563c08,4.716335,"1,000,000+"
Yodha,com.astroid.yodha,"Now ots a paid app. They started to gauge me for a monthly fee without consent, I complained bit they didn't give me my money back. Now it's a paid app. Why? It was such a good app without a monthly fee. I can't afford it and I wont pay. What a let down!",1,5,2025-12-27 02:58:03,a730000e-8c26-44fc-8a79-aa1bc8346ac8,4.716335,"1,000,000+"
Yodha,com.astroid.yodha,"A Great App UNDOUBTEDLY!'..My life issues n financial issues etc.Was predicted miraculously..Accurately!.I can sense a wind of change and fearlessness.**..after reading the app...The good advice,the accurate predictions/Horoscope *..gives u much confidence that there is still hope..*A great app to understand ur inner being N unleashed ur full potential!..",5,4,2025-12-25 09:13:48,2256841a-d684-4712-b630-dada5cfde461,4.716335,"1,000,000+"
Yodha,com.astroid.yodha,wonderful very realistic prediction,5,0,2025-12-24 21:17:05,ac143f96-7127-4e78-b43c-b1f146343766,4.716335,"1,000,000+"
Yodha,com.astroid.yodha,"Everything you said about me was absolutely true,am really surprised.",5,0,2025-12-22 23:13:45,097a04f4-adc1-4fa6-9a19-5735f9af19f4,4.716335,"1,000,000+"
Yodha,com.astroid.yodha,not getting horoscope updates from October!!?,5,0,2025-12-22 01:08:01,6f50e60e-6715-4f06-8b82-1bc071395671,4.716335,"1,000,000+"
Yodha,com.astroid.yodha,Accurate predictions and good layout. Keep it up.,5,0,2025-12-18 02:16:11,87b5b488-67f1-4d7d-865e-831207f890ab,4.716335,"1,000,000+"
Yodha,com.astroid.yodha,Margdarshak...do try this !,5,0,2025-12-16 22:56:51,9492e2d5-1f85-4207-9cdf-955009e747e2,4.716335,"1,000,000+"
Yodha,com.astroid.yodha,that's a great one.helpfull and one of the best predictions.im thankful to this app community.,5,0,2025-12-15 21:04:01,6be9968d-ac6e-4b38-9224-a3ba4b4fc370,4.716335,"1,000,000+"
Yodha,com.astroid.yodha,love this app true 2 form honest easy 2 navigate great job guys thanks !,5,0,2025-12-15 05:54:08,af0d9f6b-b2ac-498f-a3f0-8349cf5dba61,4.716335,"1,000,000+"
Yodha,com.astroid.yodha,I like the app,5,0,2025-12-12 04:53:12,87386e39-1976-47b3-96fd-8c27284ed6e1,4.716335,"1,000,000+"
Yodha,com.astroid.yodha,very accurate predictions and best part very straight and to the point no faltu gyaan at all,5,0,2025-12-01 23:58:14,864f46d0-439c-4a5e-86d0-49cab2e65df8,4.716335,"1,000,000+"
Yodha,com.astroid.yodha,"Sothis app predictions are not accurate.During the trial,I asked Guruji a question in Apr.2025 and he told me it would happen in August or at the latest by Nov..I followed all the remedies he suggested, believing in everything with full faith. I spent money, did everything, but nothing happened. The situation is still the same.Today is 30 November 2025, tomorrow is 1 December,and whatever was supposed to happen didn't. Everything turned out to be wrong.So trial prediction wrong why spend paid ?",1,0,2025-11-30 21:30:34,8413e1c4-cb34-4260-9561-c8edbe85c81c,4.716335,"1,000,000+"
Yodha,com.astroid.yodha,Everything about this app is amazing! Endless gratitude.,5,0,2025-11-30 20:35:34,1ee6b392-0e7a-4adb-add5-0e95a226b4f3,4.716335,"1,000,000+"
Yodha,com.astroid.yodha,very helpful and he gave the correct answer to me that what happeny in my life.,1,0,2025-11-29 22:54:37,fa8dd15f-b686-4b57-8b63-d0a6ab31b879,4.716335,"1,000,000+"
Yodha,com.astroid.yodha,This app is so great and it helping me a lot ☺️,2,0,2025-11-26 18:02:22,6b174e9d-85c4-4801-b481-363968037428,4.716335,"1,000,000+"
Yodha,com.astroid.yodha,Accurate predictions I would like to recommend it to all.,5,0,2025-11-25 11:48:35,974710d8-e0d0-47ef-9459-adda52f75203,4.716335,"1,000,000+"
Yodha,com.astroid.yodha,AI generated content. Buyers beware. 96% ai generated content detected on all the readings I've had. please please double check if you have ordered with these before. use quilbot ai detection or others. absolute scam...,1,3,2025-11-23 21:09:55,816bcb73-ed00-48ed-9a67-a0e34f9e40fa,4.716335,"1,000,000+"
Yodha,com.astroid.yodha,better than I thought,5,0,2025-11-23 14:10:59,72c8d734-7bdc-4218-8a9a-9d24b5625f21,4.716335,"1,000,000+"
Yodha,com.astroid.yodha,"The tech team is so incompetent. You email them about a subscription fee you didnt sign up for and they ask u to send a screen shot then nothing. You have all your readings magically disappear and you ask them what happened no response. Dear, owner of Yodha hire tech people who follow through or even care.",1,2,2025-11-21 03:20:48,1d6c81e5-f25e-4892-b93c-8bbffed4e8ac,4.716335,"1,000,000+"
Yodha,com.astroid.yodha,this app is too good any one can find answers for their questions including love relationship marriage they predict accurate & tell U it's a wonderful & useful app,5,0,2025-11-19 19:23:31,132ff1e7-7a02-4e2a-a2e3-11b8688fd7b8,4.716335,"1,000,000+"
Yodha,com.astroid.yodha,I really enjoyed the response.,5,0,2025-11-19 03:24:57,138e8634-7040-4057-b69a-2a276384f523,4.716335,"1,000,000+"
Yodha,com.astroid.yodha,Just basically try it out. Surprisingly it manage to predict certain part of my journey accurately.,5,1,2025-11-17 12:45:16,9d15a339-69a2-4ce2-a023-413c215ddd57,4.716335,"1,000,000+"
Yodha,com.astroid.yodha,This app is amazing. It's accurate about what's happening in your life. keep it up👏,5,0,2025-11-16 21:23:18,99617a42-3a92-494b-9ec6-39f9c44c002a,4.716335,"1,000,000+"
Yodha,com.astroid.yodha,nice prediction,5,0,2025-11-16 14:54:51,5cbe885a-901c-4916-836c-8de29ab3fb1f,4.716335,"1,000,000+"
Yodha,com.astroid.yodha,"I bought the premium plan on 10 Oct 2025 which included 3 paid predictions. I used only 2. After cancelling renewal, my remaining paid prediction was disabled in November. This is unfair because I paid for it. I contacted Support but they could not show any policy saying paid questions expire. It feels like a tactic to force renewal. Very disappointed with this practice. Worst. Disappointed with Yodha. I requested them to restore the question I purchased with MY MONEY but no response. Worst!",1,3,2025-11-16 07:07:46,b9d7370e-ad52-4a90-85fe-0056bee857fe,4.716335,"1,000,000+"
Yodha,com.astroid.yodha,the best app I've found,5,0,2025-11-14 23:01:41,ba4296d6-6f5a-4cff-84f5-f675c2eea7a2,4.716335,"1,000,000+"
Yodha,com.astroid.yodha,Please don't try this out. This is a scam. They charged USD 10 without my knowledge a number of months after I received the service.,1,0,2025-11-11 22:41:15,1bf8f11e-c2ba-4a02-aa4c-06898c353371,4.716335,"1,000,000+"
Yodha,com.astroid.yodha,accurate prediction,5,0,2025-11-10 19:41:34,c0ae3ab5-71bf-4c78-8680-cb8d253228df,4.716335,"1,000,000+"
Yodha,com.astroid.yodha,When there are No Hope they give U Way How to get out to a Right Way of the Life issues! Highly recommend 👍 Thank you so much for your Prediction Advice Motivation and patience God bless All of You 🙏 Thank You for Ur Help & that You with me 🤗❤️❤️❤️,5,0,2025-11-09 22:45:59,6dbbc1ab-d716-4ca1-8098-fdd665f81387,4.716335,"1,000,000+"
Yodha,com.astroid.yodha,very fruitful. very helpful with accurate readings. astrologers are very helpful and very friendly and reply within a short time frame.,5,2,2025-11-06 21:46:10,a6dceaa1-570c-408d-b125-60527e69e501,4.716335,"1,000,000+"
Yodha,com.astroid.yodha,Takes Time Before Explaining Everything That Are Asked. This is what impressed me! Stay With Truth.,5,0,2025-11-06 16:32:03,81021c76-bbf4-4573-89e2-ac5ee8248522,4.716335,"1,000,000+"
Yodha,com.astroid.yodha,happy I enjoyed the experience,5,0,2025-11-06 12:02:04,0a637739-185a-4c74-a3d5-99f236741920,4.716335,"1,000,000+"
Yodha,com.astroid.yodha,one of the best astrology apps out there as well as their horoscope app,5,0,2025-11-04 02:07:40,c9afa111-58ba-4d49-867d-e0d588fcbd2b,4.716335,"1,000,000+"
Yodha,com.astroid.yodha,"the chart is quite accurate and I'm not sure i like that.. but if you want to know who you are and desire to evolve for yourself, get this app",5,5,2025-11-01 23:50:39,74312073-95cd-43d8-a72e-2688331c30e4,4.716335,"1,000,000+"
Yodha,com.astroid.yodha,I feel positive about the app so far. In time I will see how it plays out.,5,0,2025-11-01 04:42:07,1a41e7d8-c206-436d-b94f-19d791fd7bb4,4.716335,"1,000,000+"
Yodha,com.astroid.yodha,purfect for astrology,5,0,2025-10-28 20:24:08,12c31753-29e4-4c23-afbf-d7c1c47cb79a,4.716335,"1,000,000+"
Yodha,com.astroid.yodha,This app provides very specific and correct horoscope. never disappointed me. Thanks to Yodha team very much.,5,3,2025-10-26 07:25:44,30fa3d2f-d772-41d4-9b20-c8fea97f8f38,4.716335,"1,000,000+"
Yodha,com.astroid.yodha,will update in near future as i just started using it,5,0,2025-10-26 03:15:41,659e4d2e-1bec-491c-a679-d3c9e54b82e1,4.716335,"1,000,000+"
Yodha,com.astroid.yodha,thank you for your response and briefly give guidance,5,0,2025-10-26 01:33:35,9b6f5718-7c23-4287-9425-031f9f4a7026,4.716335,"1,000,000+"
Yodha,com.astroid.yodha,Pathetic app!! If you pay money then only they will respond. Stopped giving even a general update. Once in a 3-4 months they give you update only when they wish. This app just sit in your phone in idle state like a virus and take up your phone memory. Not worth it..,1,4,2025-10-25 23:42:11,73d3b22f-8db5-41a2-9e4f-c8fd0a50e1a2,4.716335,"1,000,000+"
Yodha,com.astroid.yodha,this app does not have much to it. Everything is done through text,3,0,2025-10-25 10:26:48,95e83ba5-6b27-4073-ad8b-ad8ac3df1980,4.716335,"1,000,000+"
Yodha,com.astroid.yodha,"this App is great, keeps you informed on all your astrological needs, from the planets alignment, birth charts, compatibility it has it all, just ask questions and they look to the stars for a response, I love it, super fun!",5,12,2025-10-25 06:52:25,87afa1de-230b-4158-8262-518b2c2c342f,4.716335,"1,000,000+"
Yodha,com.astroid.yodha,very complete ..I liked the deep drive and specifics on the finer points of my chart .Give me a lot to focus on.Very good experience Love this app.,5,1,2025-10-23 17:50:59,9f5061f6-c946-4654-bf35-62b914d88d15,4.716335,"1,000,000+"
Yodha,com.astroid.yodha,I love this app it is very good,5,0,2025-10-20 21:19:33,95a04125-ffac-4fa5-9da3-89ffe44b4307,4.716335,"1,000,000+"
Yodha,com.astroid.yodha,very good prediction,5,1,2025-10-19 22:34:50,3dd0d3ff-286b-4f6c-b765-8e2345c4e896,4.716335,"1,000,000+"
Yodha,com.astroid.yodha,highly commendable,5,0,2025-10-18 08:29:07,98ee0ef2-a901-4a6b-85e8-2287b4ebd1ea,4.716335,"1,000,000+"
Yodha,com.astroid.yodha,Excellent. Jai Bhairav Baba🪷,5,1,2025-10-18 04:45:46,9f60843f-921d-47b0-b9d7-82d17be2d65c,4.716335,"1,000,000+"
Yodha,com.astroid.yodha,I find their prediction is quite close to my personality.,5,1,2025-10-17 13:16:38,98130a04-9573-4bd1-a73d-e5c8ff4c82a9,4.716335,"1,000,000+"
Yodha,com.astroid.yodha,love it! genuine answers to your question.,5,1,2025-10-17 07:30:08,4476a2db-f6b3-45c8-8d10-07f7765e3835,4.716335,"1,000,000+"
Yodha,com.astroid.yodha,Accurate information provided.,5,1,2025-10-17 05:26:55,1d26c42d-58a6-42b7-b797-867ddb80988f,4.716335,"1,000,000+"
Yodha,com.astroid.yodha,too long to respond,1,1,2025-10-14 21:51:15,7246d3d9-b246-4a1f-adb1-0245627fb60f,4.716335,"1,000,000+"
Yodha,com.astroid.yodha,"The Yodha app offers clear, insightful astrology readings that feel genuine and personalized, not generic. A great mix of depth, accuracy, and accessibility — definitely recommend.",5,16,2025-10-13 07:13:08,75b5b299-3747-48b0-b4cf-d93568ca5c53,4.716335,"1,000,000+"
Yodha,com.astroid.yodha,Great app..predictions are accurate,5,1,2025-10-12 23:27:27,d90a4735-9133-4757-b3df-b4cef3ec7365,4.716335,"1,000,000+"
Yodha,com.astroid.yodha,fake app fraud app their not even a single prediction has come true. spend almost 10000 rupees all in waste,1,0,2025-10-10 22:25:04,638f59b2-12b5-45e2-b291-ef6c13bff91e,4.716335,"1,000,000+"
Yodha,com.astroid.yodha,Very good ...thank you for your help and directions,5,1,2025-10-10 11:21:33,b22492d3-5343-4dce-8dd3-b51c5b384646,4.716335,"1,000,000+"
Yodha,com.astroid.yodha,Great app 👌,5,1,2025-10-09 17:06:06,d7e3c10d-0dd6-402e-a385-e45d5bf00488,4.716335,"1,000,000+"
Yodha,com.astroid.yodha,surprised with predictions that almost align with my life events,5,1,2025-10-07 22:13:25,2a346c6f-f60b-46bd-9e33-b16acccae232,4.716335,"1,000,000+"
Yodha,com.astroid.yodha,this is my favorite astrology app ever,5,1,2025-10-06 10:48:24,f8768ab8-151b-470e-ba97-e4fa82dad4f2,4.716335,"1,000,000+"
Yodha,com.astroid.yodha,horrible experience,1,1,2025-10-06 08:24:33,bae9c71f-52db-4ecd-ab7f-80853d15e5be,4.716335,"1,000,000+"
Yodha,com.astroid.yodha,exceptional,5,0,2025-10-05 15:47:43,44697f9e-f9e0-43d6-8eae-34c6ca49a3bc,4.716335,"1,000,000+"
Yodha,com.astroid.yodha,great app wonderful experience,5,1,2025-10-05 03:23:22,7e324848-3101-480d-80e3-85fedf1f6131,4.716335,"1,000,000+"
Yodha,com.astroid.yodha,I appreciate this app's predictions.,5,1,2025-10-03 20:45:26,65adc402-a031-4e91-940b-5ba03a2c2673,4.716335,"1,000,000+"
Yodha,com.astroid.yodha,Easy to use and insightful.,5,1,2025-10-01 20:29:49,3c6b600e-8c8e-41fc-b0a3-7c639fbff895,4.716335,"1,000,000+"
Yodha,com.astroid.yodha,There advices are very helpful in taking decisions in my professional life. There words are very precise and worth following. Keep helping people.,5,3,2025-10-01 11:48:55,fd3167a1-ea29-4f76-a405-f17f97a15bff,4.716335,"1,000,000+"
Yodha,com.astroid.yodha,"astrologer asked more questions for birth time rectification after I submitted questionnaire. Cannot answer extra questions from astrologer without paying. Already paid for birth time rectification, should be one time payment for this service.",1,1,2025-10-01 02:22:16,dbd6cc2e-d927-4042-acdd-4e3ff559d48b,4.716335,"1,000,000+"
Yodha,com.astroid.yodha,excellent 👌,5,1,2025-09-29 16:49:01,0eed6503-1c7b-4b2a-adcb-5d3ad583fac9,4.716335,"1,000,000+"
Yodha,com.astroid.yodha,it's a real app thanku .jo bhi bataya sahi bataya thanks,5,1,2025-09-29 00:05:14,5d851276-528b-4db7-b20c-8613bfafaf65,4.716335,"1,000,000+"
Yodha,com.astroid.yodha,very nice app with very truth predictions 😅,5,1,2025-09-26 02:24:34,edb72099-9738-4a22-a433-9e2a7c59b22e,4.716335,"1,000,000+"
Yodha,com.astroid.yodha,100% accurate they are kind and gives correct I formation,5,1,2025-09-25 21:45:02,6de38b62-9142-4d18-9ab7-19b942f318c7,4.716335,"1,000,000+"
Yodha,com.astroid.yodha,Looking forward to getting the right prediction,4,1,2025-09-25 11:55:16,55c81f92-bad7-42c2-8fd5-3ea8de83b225,4.716335,"1,000,000+"
Yodha,com.astroid.yodha,Yodha is an excellent app. I would give a six star rating.,5,1,2025-09-23 13:24:14,1faf0cdf-06b1-456e-ba2f-d825c33c6045,4.716335,"1,000,000+"
Yodha,com.astroid.yodha,"nice app, good for everyone to follow helps you know the furture",5,1,2025-09-22 23:39:08,b0e94a2e-a307-46bb-bd7f-0d13e3a0387a,4.716335,"1,000,000+"
Yodha,com.astroid.yodha,good prediction,5,1,2025-09-20 11:17:46,795deed0-5444-4dab-b22a-2d91ebca983a,4.716335,"1,000,000+"
Yodha,com.astroid.yodha,Super app. Now i can meet best astrologers in this app from my home. - Sri Lanka-,5,1,2025-09-18 14:08:30,7c7eb760-4c7e-4c4c-aef6-de168b22be66,4.716335,"1,000,000+"
Yodha,com.astroid.yodha,they always guide me when its tough in decision making,5,1,2025-09-17 23:41:46,a5c406f0-9d2b-45f0-8252-5722b86eed2f,4.716335,"1,000,000+"
Yodha,com.astroid.yodha,excellent prediction,5,1,2025-09-17 14:39:46,a60df22d-9ee0-4571-bf8b-d516134781ed,4.716335,"1,000,000+"
Yodha,com.astroid.yodha,feeling wonderful,5,1,2025-09-17 03:21:49,a939d769-04f6-4872-8aa0-f87cac7e71ab,4.716335,"1,000,000+"
Yodha,com.astroid.yodha,I cancelled the subscription and you took the fee from my bank account. Not cool 😑,1,2,2025-09-13 12:23:07,79f43f91-4f83-4a5a-bd77-ad46b2327d40,4.716335,"1,000,000+"
Yodha,com.astroid.yodha,good app. 😇i love it😍,5,1,2025-09-11 14:35:59,402478c5-7678-4840-ab6c-a7971ebf4715,4.716335,"1,000,000+"
Yodha,com.astroid.yodha,it accurate well your situation of life..,5,1,2025-09-11 13:25:19,7591cb5f-6dfb-4b5a-9367-53dc370c76f6,4.716335,"1,000,000+"
Yodha,com.astroid.yodha,"The predictions are correct and true, I will actually recommend this app for anyone",5,1,2025-09-11 12:09:25,30a6502e-12e1-405b-9fee-e2658756f872,4.716335,"1,000,000+"
Yodha,com.astroid.yodha,I use this app almost every month but this time they didn't elaborate my astrology I am not satisfied by their prediction last time it was real if I am spending money you should provide reading in more depth,2,4,2025-09-10 19:54:43,17ebdde8-361f-4028-91a5-8f3d70974995,4.716335,"1,000,000+"
Yodha,com.astroid.yodha,My path has been described as it is.,5,1,2025-09-09 20:37:11,8f517037-d436-41cc-ba7b-a73f09ea0cb5,4.716335,"1,000,000+"
Yodha,com.astroid.yodha,thank you 😊,5,1,2025-09-08 01:37:20,989989dd-5ec2-40fd-be58-1fc7bc58d8d6,4.716335,"1,000,000+"
Yodha,com.astroid.yodha,A Great Experience indeed,5,1,2025-09-08 00:26:41,941aefce-3e50-4d4d-a8c4-c14a9b9bfa52,4.716335,"1,000,000+"
Yodha,com.astroid.yodha,A divinely guidance. This app help me uplift myself and the reassurance that I can be a better person despite flaws.,5,2,2025-09-07 16:57:57,08d1454f-a965-4a5c-84e1-03e9a6e43a64,4.716335,"1,000,000+"
Yodha,com.astroid.yodha,"i had a great experience,",3,1,2025-09-04 01:55:55,9a76f673-f92d-4d40-8b02-3ba209cb1d0b,4.716335,"1,000,000+"
Yodha,com.astroid.yodha,The guidance has been always thrilling and amazing because it accurately rhyme with the situation of my daily basis living.,5,1,2025-09-03 23:57:21,330444cb-199e-4b81-92a2-a3b9fe998f53,4.716335,"1,000,000+"
Yodha,com.astroid.yodha,precise predication and helpful.,5,1,2025-09-03 13:20:49,dd92ec85-b381-43f8-b46d-f2344b9aa0a3,4.716335,"1,000,000+"
Yodha,com.astroid.yodha,Prompt reply but the service is very expensive. At least two questions should be answered per payment.,3,3,2025-09-02 22:39:44,e678c672-629e-4925-b741-d37cc051e2a4,4.716335,"1,000,000+"
Yodha,com.astroid.yodha,it's a nice app but it charges alot of money,5,0,2025-09-02 22:12:43,2fded99a-cd63-4457-8ce6-ddf40cbfb024,4.716335,"1,000,000+"
Yodha,com.astroid.yodha,i don't like this app at all they takes alot of time to respond a single question just waste of your time.,1,2,2025-09-02 17:30:27,a36260fd-cfb2-4a3c-8c21-061e70456e95,4.716335,"1,000,000+"
Yodha,com.astroid.yodha,"It seems interesting although I do not use the app for quite long, but I seem to love it",5,1,2025-09-02 00:47:07,bf1a424e-a601-444a-b16b-a57cca122825,4.716335,"1,000,000+"
Yodha,com.astroid.yodha,"nothing to say, so sorry don't understand how this works, only need to pay how greedy is 😠",1,1,2025-09-01 02:17:26,686b2160-8260-466e-92bc-d20b22ceef2d,4.716335,"1,000,000+"
Yodha,com.astroid.yodha,I received some wonderful celestial advice today from an astrologer for FREE. As such I am going to purchase a more in depth transit report. It's worth it!,5,1,2025-09-01 01:24:48,7cba7d2f-ca33-4146-a594-30a90c1e77b1,4.716335,"1,000,000+"
Yodha,com.astroid.yodha,I just don't know how but This app tells things related to whatever is going on around me. Idk if its suggestions are correct or not but somehow the astrologer manages to say things which are already going there in your life.,5,14,2025-08-31 18:10:33,8ce57495-303f-408b-9f7e-e53d8b6efdb6,4.716335,"1,000,000+"
Yodha,com.astroid.yodha,that was inspiring,5,1,2025-08-31 16:31:21,bc0a3d90-2e92-4dbf-a1b5-6d62dc7d65c3,4.716335,"1,000,000+"
Yodha,com.astroid.yodha,Predictions are really good.,5,1,2025-08-31 08:23:57,4a4a416b-0281-4c36-993f-2f5de7dd7593,4.716335,"1,000,000+"
Yodha,com.astroid.yodha,very nice lots of things true,5,1,2025-08-29 18:23:46,6d0a38ef-19f7-4947-8265-056144a95771,4.716335,"1,000,000+"
Yodha,com.astroid.yodha,"I really love the app, their prediction is so accurate you may not see the influence yet but under a few days you will notice it. They always give me a guide for every week so you should know what to expect for that week. Much love yodah! ❤️❤️❤️🥰",5,9,2025-08-28 21:13:08,9f981470-66c6-4a90-bdeb-a11731168cbd,4.716335,"1,000,000+"
Yodha,com.astroid.yodha,"Your predictions is amazing, some of those, I really encountered in my past years of experience in life. Thank you😊❤️❤️",5,1,2025-08-28 09:17:38,100b8dfb-e49b-4db0-914c-a6e85246af69,4.716335,"1,000,000+"
Yodha,com.astroid.yodha,"Best app so far, their predictions are accurate",4,1,2025-08-27 13:00:02,4088288f-e4f0-4058-93bb-a715409980e3,4.716335,"1,000,000+"
Yodha,com.astroid.yodha,It was good just hoping it's all true but only time will tell,5,1,2025-08-27 09:20:01,f3220f28-23bd-4a9e-8cd4-de75675fc1f9,4.716335,"1,000,000+"
Yodha,com.astroid.yodha,They replied when It was free and as soon as I paid ...they vanished and were not giving reply.dont use.,1,1,2025-08-27 00:23:21,4084d2c9-e173-4afd-84a6-3b0ce74634cc,4.716335,"1,000,000+"
Yodha,com.astroid.yodha,excellent experience and best,5,1,2025-08-26 14:24:17,6fdfa212-a0bd-4174-83dc-50fb426b2bbc,4.716335,"1,000,000+"
Yodha,com.astroid.yodha,I heard a perfect experience,5,1,2025-08-25 12:31:26,886090d7-7051-4c8f-9332-6d1dce037b13,4.716335,"1,000,000+"
Yodha,com.astroid.yodha,there was no interaction nor any prediction to show there skills. just ask question and pay,1,1,2025-08-25 03:51:16,cc83ac72-f4d1-451c-a315-b982696460c1,4.716335,"1,000,000+"
Yodha,com.astroid.yodha,this is a very good app the prediction is so accurate I recommend it to everyone that want to ask about there future.,5,1,2025-08-24 22:27:39,920c6723-8ced-42d4-96c6-c6fce58a7913,4.716335,"1,000,000+"
Yodha,com.astroid.yodha,"Very friendly and helpful folk so far, as a Western Astrology rooted person I appreciate the transparency with traditional/cultural differences 😊. Will hopefully be a helpful tool in my adventures learning about Vedic Astrology.",5,1,2025-08-23 22:29:38,a9ea136d-1077-40bf-9c0a-bc22b0f75443,4.716335,"1,000,000+"
Yodha,com.astroid.yodha,this app does not predict correctly it's waste of spending money on this app. I had paid 6 times and the answer are consistent but never happens what ever they have predicted. a big no from me for using this app.,1,6,2025-08-22 21:19:39,96d9cec7-d40c-478a-9ced-e43867ba5923,4.716335,"1,000,000+"
Yodha,com.astroid.yodha,really ism totally satisfied about my self this app is really work good information,5,1,2025-08-21 02:02:23,6c1cc309-a7c3-4c03-b3bc-4d6cb406cd1e,4.716335,"1,000,000+"
Yodha,com.astroid.yodha,I found you the best platform for astrology.,5,1,2025-08-20 14:04:51,35f2a7e5-c3c8-401f-a818-b4cecbeaebe4,4.716335,"1,000,000+"
Yodha,com.astroid.yodha,my astrologer was very considerate and asked more questions so he could answer my question considering all factors. I would recommend it.,5,2,2025-08-20 06:53:52,1412ae6c-4b6a-43d2-bda5-1425b286e444,4.716335,"1,000,000+"
Yodha,com.astroid.yodha,one of my best app it gives true predictions 🔥🔥👍👍,5,1,2025-08-19 19:31:48,8bdb5267-994d-4359-943f-0a229c76dc9a,4.716335,"1,000,000+"
Yodha,com.astroid.yodha,very good and logicall,5,0,2025-08-18 10:32:02,22ed60e2-cfc2-4c25-b375-eee15d4a93ca,4.716335,"1,000,000+"
Yodha,com.astroid.yodha,no need this app,1,1,2025-08-18 10:11:25,6170a029-9ef5-4418-adb4-6bb03384ddca,4.716335,"1,000,000+"
Yodha,com.astroid.yodha,Terrible app. Waste of money. They completely misunderstood my question. Ridiculous answer.,1,1,2025-08-18 08:10:10,7832242d-806a-4eed-b13d-938b6b15c636,4.716335,"1,000,000+"
Yodha,com.astroid.yodha,thought of the day is missing,2,1,2025-08-16 21:38:59,5062230d-dcb1-4a30-a78b-2adcf5bcc22f,4.716335,"1,000,000+"
Yodha,com.astroid.yodha,timely answer to my question based on my natal chart for free!,5,1,2025-08-16 03:11:21,44bdddcc-c3e1-4185-a7f2-33a2f915ee1b,4.716335,"1,000,000+"
Yodha,com.astroid.yodha,there pridiction was on point ..i actually liked there clearity..also we as client also have that clearity what we want to know and the apps procedure is systematic to give you clear answer on perticular question,5,1,2025-08-14 19:17:52,82ba95a8-20f6-44a1-9ecf-967c1117c0bc,4.716335,"1,000,000+"
Yodha,com.astroid.yodha,good app always,4,1,2025-08-14 16:34:10,a8493e1d-829a-4a69-8186-a90cd697c0cc,4.716335,"1,000,000+"
Yodha,com.astroid.yodha,awesome experience,5,1,2025-08-12 09:26:29,5229b63c-e928-4bff-b6cd-3ef568865206,4.716335,"1,000,000+"
Yodha,com.astroid.yodha,It was good. They gave me hope about a situation I was anxious about.,4,1,2025-08-10 04:26:45,0d0beb0a-7f82-4320-a4d2-c3b9a63156fa,4.716335,"1,000,000+"
Yodha,com.astroid.yodha,The readings are encouraging. Great App!,5,1,2025-08-10 02:52:37,8f4b448d-38ec-4c07-ad68-9fc22b97e4ff,4.716335,"1,000,000+"
Yodha,com.astroid.yodha,Professional team of passionate people up your service!,5,1,2025-08-09 04:11:52,6f00705b-4041-4625-9477-aabb58eda346,4.716335,"1,000,000+"
Yodha,com.astroid.yodha,very great experience and services provided by yodha definitely try,5,1,2025-08-08 19:11:44,d47ae1a4-c3b3-4236-9134-2752ab802c20,4.716335,"1,000,000+"
Yodha,com.astroid.yodha,this app is amazing.whenever i am depressed Suddenly i got a message from Yodha app and after reading this i feel very relax.it tells exactly true according to my situation.wheneverbi need a support I got from Yodha.,5,5,2025-08-07 21:22:24,d77426b8-31ef-413e-8797-2194b4d01fec,4.716335,"1,000,000+"
Yodha,com.astroid.yodha,"very realistic replies, calculations and predictions.",5,1,2025-08-07 18:50:33,3dde4614-3c84-4aac-8a99-582cc503702e,4.716335,"1,000,000+"
Yodha,com.astroid.yodha,fantastic prediction,5,1,2025-08-07 12:22:38,a42cc53e-0af8-40eb-8a67-da9b10616148,4.716335,"1,000,000+"
Yodha,com.astroid.yodha,very positive nice feedback. Thnq Yodha team. 🌹🌹🙏,5,1,2025-08-07 10:32:42,3f7b7de2-d383-44e1-8dc9-baa312e26ca6,4.716335,"1,000,000+"
Yodha,com.astroid.yodha,I wish it was not necessary to pay money,5,1,2025-08-04 18:53:27,cfe8609c-3ad4-4082-8a33-6c8f9cfeaa32,4.716335,"1,000,000+"
Yodha,com.astroid.yodha,Accurate and reliable predictions...,5,1,2025-08-04 11:45:43,e3984428-8634-4608-9678-85634fec2b3f,4.716335,"1,000,000+"
Yodha,com.astroid.yodha,this app is spiritually wholesome,5,1,2025-08-04 00:50:16,d7871db6-1723-408d-8731-ab83fa032334,4.716335,"1,000,000+"
Yodha,com.astroid.yodha,It's nothing but the best... I loved it....Thank You for enlightening who I'm..,5,1,2025-08-03 20:42:43,81bda2cb-5c29-4c2f-b0bd-23d2db3d6748,4.716335,"1,000,000+"
Yodha,com.astroid.yodha,amazing app,5,1,2025-08-02 22:55:16,45436d31-7873-4f0e-8a4e-26e102dc0804,4.716335,"1,000,000+"
Yodha,com.astroid.yodha,pretty interesting,5,1,2025-08-02 20:25:30,d637b033-55dd-411f-b49e-1c2323eebdbc,4.716335,"1,000,000+"
Yodha,com.astroid.yodha,fraud astrology app,1,1,2025-08-02 18:01:23,ac5b7017-a527-454b-8816-5f1c8f6202fc,4.716335,"1,000,000+"
Yodha,com.astroid.yodha,"After reading the prediction from the astrologer ,I don't know why but I became more light hearted.",5,1,2025-08-02 07:23:55,5248a550-5872-4ba9-b0da-42284166e7e5,4.716335,"1,000,000+"
Yodha,com.astroid.yodha,I am very satisfied with this app.,5,1,2025-08-01 06:00:20,1faf49cf-0e89-4b1a-8f87-1a2f87abe422,4.716335,"1,000,000+"
Yodha,com.astroid.yodha,I just love it ... astrologers answer me in just a minute and I am very happy with this,5,1,2025-08-01 05:17:14,e68b4221-1d11-4d1d-8d36-6df7c0e0359e,4.716335,"1,000,000+"
Yodha,com.astroid.yodha,"My experience on this app is good,it helps me to focus and direct my steps anytime I was down with thinking.The message to console and gear me up will just popped up.thanks so much Guru for everything.My formal phone has problem so I have to re- download the app here again.",5,1,2025-07-30 16:59:12,9fefffb0-d5f5-4235-ad97-619064a37f38,4.716335,"1,000,000+"
Yodha,com.astroid.yodha,kinda true things in here. need to explore more of it.,5,1,2025-07-29 16:32:35,e5b5cc23-9a0e-4581-8410-007d0e825de8,4.716335,"1,000,000+"
Yodha,com.astroid.yodha,"Excellent App, Definitely I would like to recommend to everyone",5,1,2025-07-29 00:06:05,ad3629ad-03c1-46f4-a05a-a298ad436ab3,4.716335,"1,000,000+"
Yodha,com.astroid.yodha,tbh it's cool giving free reading most times helps,5,0,2025-07-27 23:03:29,c31729ad-ddbd-41cd-8680-444795e40427,4.716335,"1,000,000+"
Yodha,com.astroid.yodha,good app better predictions🤘,5,0,2025-07-25 08:41:42,7890a89a-54ef-4470-be72-7c6484210af0,4.716335,"1,000,000+"
Yodha,com.astroid.yodha,very bad app same answer to all people,1,1,2025-07-24 19:41:20,d5949d9a-c3e8-48e3-9078-f449fe93e773,4.716335,"1,000,000+"
Yodha,com.astroid.yodha,the best service ever I received from any astrology people around but this app is the best app I recommend you all to use and take the benefit as soon as possible if you are going through any circumstance I recommend this platform 100% so what are you waiting for installed and get the accurate feedback experience astrology team,5,7,2025-07-23 21:18:05,6382f0c7-a831-48a9-b312-0b9d6cb4440e,4.716335,"1,000,000+"
Yodha,com.astroid.yodha,very personalized and accurate 👌,5,1,2025-07-21 07:35:38,690dd077-4a8c-4128-aa6f-d8b5f7150ee8,4.716335,"1,000,000+"
Yodha,com.astroid.yodha,good app pretty accurate most of the time,4,0,2025-07-21 02:50:22,f0883e65-2316-45bf-9834-dfbf1f4d5a2a,4.716335,"1,000,000+"
Yodha,com.astroid.yodha,Its a good app for astrology and prediction.,5,0,2025-07-20 23:11:28,3cd195b2-cc0a-47a2-8d0b-e11f94cf32e0,4.716335,"1,000,000+"
Yodha,com.astroid.yodha,I dont find the prices economical. 299 Rs for one question? other apps are better where we get 15-20 minutes of time in same amount of money.,2,6,2025-07-20 19:39:34,a4936fc0-df72-4730-a71b-9ed570b53dbc,4.716335,"1,000,000+"
Yodha,com.astroid.yodha,wonderful experience,5,0,2025-07-20 15:44:36,6a012b10-2064-46cc-a56c-c0b7ccbcc858,4.716335,"1,000,000+"
Yodha,com.astroid.yodha,Awsome app ! I get to know a lot about my birth charts and relationships in life.,5,0,2025-07-20 03:48:55,1a9d5b78-89ee-4e7e-ba2b-69b1dbcaf3c6,4.716335,"1,000,000+"
Yodha,com.astroid.yodha,"Readings predict the future, giving good advice for when to make certain moves. Readings also recall past events accurately, increasing my trust in predicting the future.",5,22,2025-07-19 06:49:25,7e385700-8220-4c5f-acdf-134dfbd8c0d9,4.716335,"1,000,000+"
Yodha,com.astroid.yodha,amazing great Yodha Astrology,5,0,2025-07-18 11:29:36,5f86749e-fe90-4824-bd1b-151a2b8d3175,4.716335,"1,000,000+"
Yodha,com.astroid.yodha,very nice advise and accurate predictions. i like this app. Thank you!,5,0,2025-07-18 03:42:30,9c3c550b-d26a-4c7b-b96f-ff758a9e25bd,4.716335,"1,000,000+"
Yodha,com.astroid.yodha,respectful and poignant . my fingers are crossed,5,0,2025-07-17 11:12:01,3586d0ea-bba6-4b25-9245-8517880bb5b6,4.716335,"1,000,000+"
Yodha,com.astroid.yodha,Good prediction tested for near months.,5,0,2025-07-16 19:18:53,91b638ef-af09-42f0-8927-7f99f5e1e86d,4.716335,"1,000,000+"
Yodha,com.astroid.yodha,It's a really good app! I'm hoping to go forward with yodha astrology.,4,0,2025-07-15 21:23:10,17d8cf5b-950b-444b-903c-a3c715a0ab4e,4.716335,"1,000,000+"
Yodha,com.astroid.yodha,prediction is accurate,5,0,2025-07-15 17:05:31,5576e789-8983-45c7-8677-2aaf2c5e0359,4.716335,"1,000,000+"
Yodha,com.astroid.yodha,positive and good reading.gave me confidence for my career,5,0,2025-07-14 01:30:12,5bad037d-5215-4e98-89d0-dbfed7a7093a,4.716335,"1,000,000+"
Yodha,com.astroid.yodha,very helpful and insiteful and always on point!! highly recommend,5,0,2025-07-14 00:19:19,207321f8-09fe-4c5f-8fd3-14eb764cd793,4.716335,"1,000,000+"
Yodha,com.astroid.yodha,I really love this app it's very amazing,5,0,2025-07-13 22:55:33,a5c28f6d-d2ba-4643-b666-eec60294bc70,4.716335,"1,000,000+"
Yodha,com.astroid.yodha,"Very good app, life changing app",5,0,2025-07-13 14:27:23,0c8e11d3-cff3-4367-8023-454ef13be78d,4.716335,"1,000,000+"
Yodha,com.astroid.yodha,thanks for the prediction. fast response from astrologers. Hope things will work as per in prediction...,5,0,2025-07-13 10:54:05,d67d3483-4db6-44b9-91f7-8b4313cb82af,4.716335,"1,000,000+"
Yodha,com.astroid.yodha,it's incredibly nice horoscope 👌,5,0,2025-07-12 21:48:02,9e827537-1d6e-47c4-b58c-05527dbdea7c,4.716335,"1,000,000+"
Yodha,com.astroid.yodha,To the point ✨️🔥❤️,5,0,2025-07-12 04:34:35,92cf13b7-a5e9-4bff-903a-fe11f7d77ef3,4.716335,"1,000,000+"
Yodha,com.astroid.yodha,"no complaints, and things seem to resonate with my current situation",4,0,2025-07-12 03:43:37,820b3395-6b88-4607-baa7-146b0f9a3c6e,4.716335,"1,000,000+"
Yodha,com.astroid.yodha,"Fake and very very limited knowledge, anyone can do it on google",1,0,2025-07-10 21:08:02,fd0be712-de53-4bb2-8852-34856c328988,4.716335,"1,000,000+"
Yodha,com.astroid.yodha,it was really informative and on point,5,0,2025-07-10 08:39:13,6bfb4b19-49b4-4227-b13b-01f4703b8d3a,4.716335,"1,000,000+"
Yodha,com.astroid.yodha,"wow really very good Apps,,,🥰",5,0,2025-07-10 01:38:48,19a72b3d-2913-44ba-a7a5-a2b9d4b33f82,4.716335,"1,000,000+"
Yodha,com.astroid.yodha,great service,5,0,2025-07-09 20:17:21,9f792d6c-6dee-47b3-9068-4dc90e44bce4,4.716335,"1,000,000+"
Yodha,com.astroid.yodha,wonderful is the word,5,0,2025-07-09 07:44:26,f778718e-0733-4651-a267-d3765620ea9e,4.716335,"1,000,000+"
Yodha,com.astroid.yodha,this app is actually genuine rather than some AI promt responses. Pandit's also seems to be knowledgeable,5,0,2025-07-07 11:46:02,b1819e02-8ff9-4648-a1ed-ebb2f9859e35,4.716335,"1,000,000+"
Yodha,com.astroid.yodha,the best app in the world,5,0,2025-07-07 00:52:06,5e072429-2138-4e39-b0de-29d5d3618dba,4.716335,"1,000,000+"
Yodha,com.astroid.yodha,"отличный гороскоп, спасибо",5,0,2025-07-06 18:31:37,cd50c543-0a6a-4178-afb0-a534636f805f,4.716335,"1,000,000+"
Yodha,com.astroid.yodha,Really good experience,5,0,2025-07-06 13:38:08,381e368e-0eca-4d24-8876-0b9be4a6b885,4.716335,"1,000,000+"
Yodha,com.astroid.yodha,great and on point. I appreciate your time and dedication.,5,0,2025-07-05 01:23:16,7c0a0f24-b337-4a52-b263-5a48deab3630,4.716335,"1,000,000+"
Yodha,com.astroid.yodha,"Fake app and fake service they are gold digger and ask you more money for same questions, DONT go for it",1,0,2025-07-04 13:45:04,326a93d9-806d-4442-ab09-f856fb03f36f,4.716335,"1,000,000+"
Yodha,com.astroid.yodha,wow very encouraging and changeable words that you have been given me in this app thanks very much I love your app ❤️ ❤️❤️❤️❤️❤️❤️💓❤️,5,0,2025-07-04 03:14:56,e4a21d29-d34b-4ba7-896c-f66774627ed0,4.716335,"1,000,000+"
Yodha,com.astroid.yodha,No bonus questions,1,0,2025-07-01 22:12:10,0becb4da-6383-4269-a8f2-06ea46dc35df,4.716335,"1,000,000+"
Yodha,com.astroid.yodha,They always provide precise predictions.,5,0,2025-07-01 17:58:58,3b3eada5-6c21-4528-a08f-c1e0649cd30a,4.716335,"1,000,000+"
Yodha,com.astroid.yodha,"The Best part of The Yodha Team I like is they timely inform you of major change or shift in your Stars, without you asking. They are your divine celestial conscious. Just that little bit of attention makes The World of Good Beings, better. Very Wisdomful & Most appreciated service on planet Earth Yodha question offers are worth every dime, they provide simple insights into your challenges & puzzles of life. Yodha my much appreciations & Thankyou for the Quintessential service U provide Amen",5,1,2025-06-30 20:40:29,392a774c-694a-480d-bcb9-06ebb80fa66a,4.716335,"1,000,000+"
Yodha,com.astroid.yodha,After paying 300 rupees I didn't get any answer back - total disappointment 😞,5,0,2025-06-30 20:01:32,ec9adc97-24e7-4aaa-840b-570320633f8c,4.716335,"1,000,000+"
Yodha,com.astroid.yodha,wonderful app,5,0,2025-06-29 21:50:32,cdb4de24-93f8-47a2-8f07-c1ef929f8492,4.716335,"1,000,000+"
Yodha,com.astroid.yodha,"I just wanted to share how 1000% accurate these predictions are, it's truly worth the investment. The astrologer predicted last 2023-2024 when and where i'll be meeting my future spouse and I met him this year!!! exact same timeline and place. all the other predictions came true as well. 😭😭🙏🏻🙏🏻🩷🩷",5,0,2025-06-29 06:05:17,89503bb0-a36a-4d35-8dab-31572ee7a262,4.716335,"1,000,000+"
Yodha,com.astroid.yodha,amazing service,5,0,2025-06-29 05:21:48,ffdfcbcf-ac0a-4ec7-bc70-9e910f874d30,4.716335,"1,000,000+"
Yodha,com.astroid.yodha,"Good App, Giving us the perfect predictions",5,0,2025-06-25 17:48:12,b489ca05-290f-47be-88db-525170accae3,4.716335,"1,000,000+"
Yodha,com.astroid.yodha,best of the best,5,0,2025-06-25 15:36:19,f1dcc505-a7ce-4e0d-91c7-cb6ffb0f2734,4.716335,"1,000,000+"
Yodha,com.astroid.yodha,significantly helpful by giving you highly possible prediction. mine were accurate.,5,1,2025-06-23 22:49:16,f4c884ec-aadc-4286-bf32-6435fcf59e10,4.716335,"1,000,000+"
Yodha,com.astroid.yodha,I don't like to charge every time,3,0,2025-06-22 16:25:31,10e74f2e-d26f-4ab7-964c-17d5ebedf3f9,4.716335,"1,000,000+"
Yodha,com.astroid.yodha,for one question charging 300 and no response asking ti wait for more,1,0,2025-06-20 18:18:28,5f4f73d0-73cb-480e-a09b-2d25675767d6,4.716335,"1,000,000+"
Yodha,com.astroid.yodha,very good prediction accurate and point to point every single statement is true good thank you,5,0,2025-06-20 10:01:03,6574426c-48cf-4af5-9025-a63af2c7add1,4.716335,"1,000,000+"
Yodha,com.astroid.yodha,From last many years iam following the guidelines delivered by the Yodha Astrologers. My experience is very good as they predicate perfectly .My family and childrens trust them very deeply . The major decisions my life have been taken through their guidance. Thanks a lot Yodha Team.,5,0,2025-06-19 20:16:59,dfad3c45-167a-41e5-ab74-10f02af074e6,4.716335,"1,000,000+"
Yodha,com.astroid.yodha,"I've literally experienced it ! the best astrology app I've found so far. so true, so accurate and just amazing. go ahead with it. I'm sure you won't regret it",5,3,2025-06-18 20:28:29,13af237f-ff26-4ce9-974d-4df7b0715ab8,4.716335,"1,000,000+"
Yodha,com.astroid.yodha,Really work,5,0,2025-06-16 18:43:40,8fe44cdc-7d94-4ebe-983f-0913cf5880bf,4.716335,"1,000,000+"
Yodha,com.astroid.yodha,true prediction good astrologer,5,0,2025-06-15 22:32:29,ae737084-b1d2-4b71-b883-16a314d0a915,4.716335,"1,000,000+"
Yodha,com.astroid.yodha,perfect prediction.,5,0,2025-06-12 21:00:19,78e74d33-a503-44ae-8c4a-6cf49beaf9a3,4.716335,"1,000,000+"
Yodha,com.astroid.yodha,Highly recommend,5,0,2025-06-10 19:37:47,18dcb73d-3a7e-4099-9877-e5bc572d1743,4.716335,"1,000,000+"
Yodha,com.astroid.yodha,I love their Guidance... whatever suggestions they will provide you...you can easily perform and follow it. They answer your problem in a very good way.,5,1,2025-06-10 06:27:02,fc26e0e2-a2a6-43a5-a1c7-3825ee437eb9,4.716335,"1,000,000+"
Yodha,com.astroid.yodha,Findings match my aspiration,5,0,2025-06-09 23:07:23,790116e6-2103-41bd-b520-89659f754d51,4.716335,"1,000,000+"
Yodha,com.astroid.yodha,good valuable answers 🙏,5,0,2025-06-09 22:42:02,a49c90eb-3652-45f2-879f-5085088a8673,4.716335,"1,000,000+"
Yodha,com.astroid.yodha,This is the only genuine astroloy app in this whole world. Brilliant astrolgers,5,0,2025-06-09 19:25:52,0d826bb1-bad2-4488-a038-a71bebf51984,4.716335,"1,000,000+"
Yodha,com.astroid.yodha,very sacrifice excellent prediction,5,0,2025-06-09 19:22:38,785e1ddc-654a-4c1f-a3e0-14841d7041dc,4.716335,"1,000,000+"
Yodha,com.astroid.yodha,They're very supportive team,4,0,2025-06-09 17:06:39,c3cb212f-217a-4f47-b47c-fe7d8d363356,4.716335,"1,000,000+"
Yodha,com.astroid.yodha,"clear detailed explanation and analysis, nice",5,0,2025-06-07 15:38:05,2b6e78cb-ae75-4f1f-9766-7237da9038a8,4.716335,"1,000,000+"
Yodha,com.astroid.yodha,waste waste waste of money.Only two questions for 269rs that too for no answer. Ridiculous,1,0,2025-06-05 18:59:25,7b38274b-750e-47ab-b311-7c24a88295f7,4.716335,"1,000,000+"
Yodha,com.astroid.yodha,Relative and quick response.Thanks.,5,0,2025-06-05 17:02:05,29cda0eb-f8e5-41c8-b80e-7f6f9c23df84,4.716335,"1,000,000+"
Yodha,com.astroid.yodha,It was an amazing experience. predictions are so accurate,5,0,2025-06-04 20:17:58,c1d0a5c9-5911-4902-8466-e1667695fbcb,4.716335,"1,000,000+"
Yodha,com.astroid.yodha,I sent a question to a person but didn't receive any response,2,0,2025-06-04 14:15:19,3182d492-b9fb-4391-8ef3-d0646efbb3d0,4.716335,"1,000,000+"
Yodha,com.astroid.yodha,Your predictions and suggestions are very helpful.,5,0,2025-06-04 10:58:33,1a9c1ac2-f034-4089-b8ed-1b8702e4744d,4.716335,"1,000,000+"
Yodha,com.astroid.yodha,it take long time to get service,3,0,2025-06-02 14:17:33,fa807203-8b5d-458b-9ec6-f41efa171110,4.716335,"1,000,000+"
Yodha,com.astroid.yodha,this is legit,5,0,2025-06-01 21:00:48,df8ed549-31aa-4322-b6a5-be4e13bce670,4.716335,"1,000,000+"
Yodha,com.astroid.yodha,I really enjoy using this app and the predictions are always true.,5,1,2025-06-01 18:57:56,106be5d1-94d7-4f96-a0ed-dc40c8dc7a6e,4.716335,"1,000,000+"
Yodha,com.astroid.yodha,Great app and accurate,5,0,2025-06-01 04:10:49,9838f4af-609b-48c0-88c1-4c64fe363e28,4.716335,"1,000,000+"
Yodha,com.astroid.yodha,very good predictions,5,0,2025-05-30 23:35:53,4575e370-6cdc-4e7a-bb97-acd2aa2b6f47,4.716335,"1,000,000+"
Yodha,com.astroid.yodha,thank-you for guiding the best,5,0,2025-05-30 23:01:57,c32fe00f-b4e8-401f-9203-4c6610092ab1,4.716335,"1,000,000+"
Yodha,com.astroid.yodha,It has been a wonderful experience so far,5,0,2025-05-30 17:43:23,ee65947f-1da3-4f0a-aa8c-41eabf047de0,4.716335,"1,000,000+"
Yodha,com.astroid.yodha,"no update in horoscope though the same app in another mobile is updating timely .... If no update, why should the app be installed.... Just avoid it ....",1,0,2025-05-30 01:56:33,f5ba026d-810c-474b-bd76-28ceee75cf1a,4.716335,"1,000,000+"
Yodha,com.astroid.yodha,I was awesome...it gives me postive energy and hope...🙏,5,0,2025-05-29 22:10:20,c6dcf686-f712-44b3-ad1c-43cbf6fe6256,4.716335,"1,000,000+"
Yodha,com.astroid.yodha,well they're very professional and they're very very kind. want to give you the best outcome for your life this is legit.. I'm looking forward to this fall 😄. I got a lot of work to do with my things get done for October,5,0,2025-05-29 18:45:36,ba1fea47-adb5-425e-8caa-96534f072857,4.716335,"1,000,000+"
Yodha,com.astroid.yodha,exceptionally accurate predictions,5,0,2025-05-29 11:06:24,2ed636b8-43ce-481a-9ea5-f863b11faba6,4.716335,"1,000,000+"
Yodha,com.astroid.yodha,nice experience,5,0,2025-05-28 07:35:56,898871ab-d732-4042-8949-620bc61b715d,4.716335,"1,000,000+"
Yodha,com.astroid.yodha,the prediction was so accurate and reveal things that I never expect to know,5,0,2025-05-28 05:42:56,e7092e26-4ec8-4e49-b9f6-d9dab51d9112,4.716335,"1,000,000+"
Yodha,com.astroid.yodha,good astrology.predict my life as it was in te past. predict future and other concerns you may have.i truely suggest this app,5,0,2025-05-27 12:53:42,736422d6-bac7-4ade-90e2-d42bbc2f3a16,4.716335,"1,000,000+"
Yodha,com.astroid.yodha,Great insights about life situations from knowledgeable astrologers 9 out of 10. Thanks,5,0,2025-05-27 07:49:38,920ed1c3-3230-43d6-8347-075dc2a762e5,4.716335,"1,000,000+"
Yodha,com.astroid.yodha,very nice 🙂,5,0,2025-05-26 05:56:22,36d5b421-73da-44c8-836b-f81d975e3f9d,4.716335,"1,000,000+"
Yodha,com.astroid.yodha,Very good app and predictions is near to the perfection. Providing path for the future.. Love the app.. Recommended to everyone.,5,4,2025-05-25 18:39:54,b202b424-aaaf-4102-be8c-fa8437722373,4.716335,"1,000,000+"
Yodha,com.astroid.yodha,Tooo much Satisfying,5,0,2025-05-24 16:51:06,ae4328f0-2875-4c41-873d-27276dfb850d,4.716335,"1,000,000+"
Yodha,com.astroid.yodha,very accurate prediction,5,0,2025-05-24 13:38:17,3420c8e2-bb01-4b7d-aae2-70fcc5c23057,4.716335,"1,000,000+"
Yodha,com.astroid.yodha,Looks like a legit app for Astrology,5,0,2025-05-23 08:18:10,14d16d90-a95e-4486-ba55-3382114b01c8,4.716335,"1,000,000+"
Yodha,com.astroid.yodha,This app has really helped me out,5,0,2025-05-23 04:37:29,faa9be73-8019-4635-ae4d-2a6711dd5f20,4.716335,"1,000,000+"
Yodha,com.astroid.yodha,I would recommend the app to anyone it's a very convenient app to use,5,0,2025-05-23 01:06:49,bc60bd6c-4518-46f7-b409-273a2740409f,4.716335,"1,000,000+"
Yodha,com.astroid.yodha,this appn gives accurate to the point posts u can identify with the answers easy to understand user friendly i trust this site they don't misguide it's a very trust worthy site with accurate predictions answers from time to time 💯👍💯👍💯👍💯🤗,5,0,2025-05-23 00:33:33,72a74e64-0e4c-4559-ae8f-ea557930bec8,4.716335,"1,000,000+"
Yodha,com.astroid.yodha,very nice app.,5,0,2025-05-22 08:25:41,474cf597-b2f1-4b4f-89f9-bc781755326d,4.716335,"1,000,000+"
Yodha,com.astroid.yodha,Good app. Great natal chart information.,4,0,2025-05-21 21:21:17,e694aff0-2d70-42ea-8fd7-987fc584368b,4.716335,"1,000,000+"
Yodha,com.astroid.yodha,the app is so nice thank for always replying my messages,5,0,2025-05-21 15:41:57,519c1251-fbc6-4710-b6d7-5a4715426043,4.716335,"1,000,000+"
Yodha,com.astroid.yodha,I'm using Yodha for a long time. Seeking guidance threw there predictions and reading and I'm very thankful to team Yodha and astrologers.,5,0,2025-05-21 09:47:54,09e9fb84-7542-4d72-b4cd-34cda7047149,4.716335,"1,000,000+"
Yodha,com.astroid.yodha,accurate app,5,0,2025-05-21 02:28:36,0897412d-77c3-487d-9c0d-53acc1ef4e3f,4.716335,"1,000,000+"
Yodha,com.astroid.yodha,Thanks Yodha,5,0,2025-05-20 20:43:26,f3fe0042-edf5-4644-9311-f54b02ed496f,4.716335,"1,000,000+"
Yodha,com.astroid.yodha,"fantastic, really impressed",5,0,2025-05-20 13:59:02,df4aa8b8-08cf-4960-b897-53b4fd0341e9,4.716335,"1,000,000+"
Yodha,com.astroid.yodha,"Very good experience. The customer satisfaction approach effectively combines prompt response times, and consistent follow-ups to ensure the query is clearly understood before responding.",5,1,2025-05-19 19:07:06,d94964ab-a5d2-45a8-a6a6-429d2130d870,4.716335,"1,000,000+"
Yodha,com.astroid.yodha,it's true In my identity and attitude base on the prediction,5,0,2025-05-19 08:51:13,e808d1e0-61f1-4341-bd71-20cb43cffe65,4.716335,"1,000,000+"
Yodha,com.astroid.yodha,my experience with Yodha was very positive with prompt & accurate information. Highly recommend.,5,0,2025-05-19 06:55:55,256d0e41-4845-4d4b-873d-a98d5da4db54,4.716335,"1,000,000+"
Yodha,com.astroid.yodha,one free question with word limit of 500. another questions come with price . Must Try Recommend,4,0,2025-05-18 16:19:20,1b82fcf7-f49f-4f4b-aebf-39f6f92571e9,4.716335,"1,000,000+"
Yodha,com.astroid.yodha,BS. terrible user interface...,1,0,2025-05-18 11:30:16,43c01307-8df9-4f45-9105-4e65afa9c957,4.716335,"1,000,000+"
Yodha,com.astroid.yodha,nice information 👌,5,0,2025-05-17 22:20:54,1ba4f8e9-ed7a-4fe9-b590-6431364a6656,4.716335,"1,000,000+"
Yodha,com.astroid.yodha,your consultation fee is much and service is not Good.,2,0,2025-05-17 16:40:59,dd93efd7-d45a-4dfe-b3c6-7bbc805a4e20,4.716335,"1,000,000+"
Yodha,com.astroid.yodha,bestest ever,5,0,2025-05-16 20:15:05,cd181300-cdf9-4ed1-89a0-71647af5aa18,4.716335,"1,000,000+"
Yodha,com.astroid.yodha,I really appreciate the updates that come on interval. They reflect my current situation so aptly and it really motivates me to look at the positive side of the picture.,5,9,2025-05-15 21:29:30,93adfd04-df12-4f59-a71f-17f440f4476c,4.716335,"1,000,000+"
Yodha,com.astroid.yodha,Nice group of astrologers with accurate predictions,5,0,2025-05-15 14:50:50,ae84d47e-cc7c-4e64-972b-81476d835a84,4.716335,"1,000,000+"
Yodha,com.astroid.yodha,nicely explained,4,0,2025-05-14 20:56:02,7130928f-c66c-4690-9653-7b4e3add4bac,4.716335,"1,000,000+"
Yodha,com.astroid.yodha,Very good experience,5,0,2025-05-14 07:50:05,55351d1a-18ee-44a3-bcd0-66800f122326,4.716335,"1,000,000+"
Yodha,com.astroid.yodha,Please don't subscribe to this app. The astrologers have no idea what they are saying. None of my predictions have worked so far. I just get blanket statements. No proper answers. According to this app I should have found an excellent opportunity two years ago. Nothing has changed. And the responses haven't changed either. Canceling my subscription.,1,21,2025-05-14 04:11:24,95d73ae7-9d5e-41ba-a8f8-f60c67275aa6,4.716335,"1,000,000+"
Yodha,com.astroid.yodha,"I asked two questions, to which I got very precise answers. so overall it was a very nice experience.",5,0,2025-05-13 22:21:47,a1927c2a-10e2-4625-8b07-183a0d4ad21e,4.716335,"1,000,000+"
Yodha,com.astroid.yodha,"Yodha works like a destiny guiding book, it's been 4 years i'm in touch with yodha expected predictions. ✨",5,0,2025-05-13 20:16:11,0e9a4eb1-29a9-43ca-8509-bac7c401eda6,4.716335,"1,000,000+"
Yodha,com.astroid.yodha,loved the experience,5,0,2025-05-13 17:48:36,2a271af1-2da3-4615-bbc7-698adb22b27b,4.716335,"1,000,000+"
Yodha,com.astroid.yodha,"The reading was very insightful,i can't wait for the future to unfold.i Highly recommend you get your reading NOW.Thank you Yodha",5,0,2025-05-13 07:19:39,9b483d39-cc75-44ec-84f4-aabbfec1022a,4.716335,"1,000,000+"
Yodha,com.astroid.yodha,"its so true , they saved me these people . almost gave up in life but their predictions gave me hope and now im living the life they predicted",5,0,2025-05-12 21:24:19,7181cec8-54d3-487f-b480-50a9e80c4610,4.716335,"1,000,000+"
Yodha,com.astroid.yodha,good predictions. . .five star ⭐⭐⭐,5,0,2025-05-12 13:21:22,a46999fd-0a44-4ea1-9e3b-5b28c60a1165,4.716335,"1,000,000+"
Yodha,com.astroid.yodha,accurate clarification bring satisfaction thank you,5,0,2025-05-10 20:02:06,8cf84516-729b-4d7a-b146-a1a21e38a377,4.716335,"1,000,000+"
Yodha,com.astroid.yodha,i find hope and positive vibes from your predictions. positive energy,5,0,2025-05-09 22:48:59,07c95489-e0ec-4a18-8793-b359b9eec644,4.716335,"1,000,000+"
Yodha,com.astroid.yodha,it very fair ❤️,4,0,2025-05-09 18:21:52,8936b3ac-421e-4e04-bc58-f5c346c464c6,4.716335,"1,000,000+"
Yodha,com.astroid.yodha,hi..this app is not working,5,0,2025-05-08 22:16:21,886d369b-e35a-447e-8c6c-30a74b9e6cce,4.716335,"1,000,000+"
Yodha,com.astroid.yodha,it was working fine. now suddenly I can't get into the app anymore...Fix it please,1,0,2025-05-08 02:27:44,6e7f5749-aebb-4baf-b6e1-58724c5cdd02,4.716335,"1,000,000+"
Yodha,com.astroid.yodha,am very glad to have an app like this thanks a lot to owner it helps a lot.,5,0,2025-05-05 18:59:30,986f59e1-8e87-458f-8c8e-ddeeda0e2cb6,4.716335,"1,000,000+"
Yodha,com.astroid.yodha,i still dont believe in astrology.but it happened everytime whenever I was going through something The next day i always got prediction from Yodha Astrologers about similar experience. in start i was stunned but now i am used to it ❤️,5,0,2025-05-04 19:12:46,e50634c4-4f69-432e-9d8c-94e72ba25ef2,4.716335,"1,000,000+"
Yodha,com.astroid.yodha,"I really like this app. The replies are not automated - very reassuring to know that time is taken to thoroughly answer questions. On top of that I've received a lot of free advice that has made me feel better. I can't say if the predictions are accurate as the time has not yet come to pass, but I feel very positive about them.",5,15,2025-05-03 14:38:21,1700715c-4e0b-4ed9-960d-0fc32f66eaad,4.716335,"1,000,000+"
Yodha,com.astroid.yodha,just another trap,1,1,2025-05-02 16:52:42,a7a4826f-6c66-495e-9b4b-ce5b13a0bdd6,4.716335,"1,000,000+"
Yodha,com.astroid.yodha,thanks very much ... true info.😇,5,0,2025-05-02 13:58:16,d2005c08-ce86-4bc6-ae0f-97c6120a6f51,4.716335,"1,000,000+"
Yodha,com.astroid.yodha,the predictions are amazing,5,0,2025-05-02 05:17:56,49a59eea-5b6c-4f10-b706-5d86d0ec48d8,4.716335,"1,000,000+"
Yodha,com.astroid.yodha,"In your confused state, Yodha is there to give you directions. I think they know me in and out. Any time I ask Yodha any question, I don't get disappointed. Thank you Yodha your directions 🙏",4,0,2025-05-02 00:21:51,1091f564-3d6e-4079-800c-975d6f3ca547,4.716335,"1,000,000+"
Yodha,com.astroid.yodha,its good and I can't wait to use it when I am financially stable,5,0,2025-04-30 23:17:06,16b56e54-6885-4267-b4ba-ae83b8de0826,4.716335,"1,000,000+"
Yodha,com.astroid.yodha,excellent app,5,0,2025-04-30 00:56:59,0c50f673-bad7-4acc-bf21-b7c209a4dcd0,4.716335,"1,000,000+"
Yodha,com.astroid.yodha,I lost my money due to wrong prediction.it was bad experience,1,2,2025-04-29 19:44:06,4b565f5b-a97a-4de4-8a86-4c9042628d19,4.716335,"1,000,000+"
Yodha,com.astroid.yodha,this is awesome it gave exactly what my spiritual father told me concerning what business best suit me this my very first time of writing review,5,0,2025-04-29 09:30:25,ee18aed2-e4a5-4213-ac26-ede04746ce4d,4.716335,"1,000,000+"
Yodha,com.astroid.yodha,I love ❤️ Yr prediction...!!!,5,0,2025-04-29 01:57:45,8a306678-5e77-4ed9-af49-a149192f28d9,4.716335,"1,000,000+"
Yodha,com.astroid.yodha,I received a prompt response to my query and was able to connect with the reply on a personal level.,4,0,2025-04-28 02:13:20,6b2bc348-a1d4-488f-84ea-52c29398b527,4.716335,"1,000,000+"
Yodha,com.astroid.yodha,really good app today my tention was over by this app and also for free,5,0,2025-04-26 20:06:10,b6481c70-e97a-4ab9-a481-60e668ca6232,4.716335,"1,000,000+"
Yodha,com.astroid.yodha,Pretty Cool!! Doesnt really do much buttttt lets you chat with Astrologers/Psychics & they usually send you daily horoscopes/predicitions.,5,0,2025-04-26 18:51:46,86937558-7b53-4d8d-94fe-2635a14c04bc,4.716335,"1,000,000+"
Yodha,com.astroid.yodha,It was interesting.,5,0,2025-04-25 18:55:21,7b4bb420-19b1-47b7-8d17-4fb72270520a,4.716335,"1,000,000+"
Yodha,com.astroid.yodha,"Great app,.always precise",5,0,2025-04-25 01:46:23,b83e41ab-356d-4951-bc6f-a17502cda46a,4.716335,"1,000,000+"
Yodha,com.astroid.yodha,"this app was very helpful , I guarantee it",5,0,2025-04-24 21:59:08,5980ea6d-e9d4-4ccb-a388-1e5cc3613f1a,4.716335,"1,000,000+"
Yodha,com.astroid.yodha,"Yet, I do not go to the paid services but regularly I have receive the horoscope changes whenever the influence of planet affecting to my vedic signs,By using this app I didn't get any benefit but we just know about our good and bad times ,Nothing else . You can try once 👍",3,12,2025-04-24 21:00:37,6b1130d9-77cf-47a5-a239-989f0e169f96,4.716335,"1,000,000+"
Yodha,com.astroid.yodha,they are great and this is a wonderful app,5,0,2025-04-22 11:45:20,f276ad16-1aaf-41e4-908d-9b0167b95221,4.716335,"1,000,000+"
Yodha,com.astroid.yodha,is sooo accurate,5,0,2025-04-22 05:26:44,983d34a0-95da-4ba8-a28d-52496a56be69,4.716335,"1,000,000+"
Yodha,com.astroid.yodha,good astrologers,5,0,2025-04-22 03:44:44,61323f54-ef01-4396-845c-1c5e78b18e26,4.716335,"1,000,000+"
Yodha,com.astroid.yodha,I really enjoyed this app,5,0,2025-04-21 14:50:22,fee364e1-8335-4580-b55f-ab0531c6cd63,4.716335,"1,000,000+"
Yodha,com.astroid.yodha,provided wrong reading I tried 2-3times prediction was wrong and different every time.,1,3,2025-04-21 03:26:11,db53b366-dbd9-4330-8bc1-214d4e77eb24,4.716335,"1,000,000+"
Yodha,com.astroid.yodha,Good prediction,5,0,2025-04-19 13:05:52,c48452e9-37ea-4d4b-9088-4b8ba0cf76ac,4.716335,"1,000,000+"
Yodha,com.astroid.yodha,worst...I dont recommend...matlab kuch bhi..koi thik se response nahi..,1,2,2025-04-18 20:09:05,a57ea708-75cb-4a00-a053-ebd34d3b0ec3,4.716335,"1,000,000+"
Yodha,com.astroid.yodha,best astrology app. best astrologers are here. everyone should try yodha the best astrological app.,5,0,2025-04-17 08:41:16,659d504d-5f95-4c90-a299-d6d0dc70a80f,4.716335,"1,000,000+"
Yodha,com.astroid.yodha,I used the paid service twice and my queries were related to the job opportunity in which non of the prediction came true. they also provided future dates where possibilty could meet and non of them matched. bad prediction/analysis,1,2,2025-04-16 06:30:23,a6bdba4a-4b87-43a5-a9bd-a5946e2b633a,4.716335,"1,000,000+"
Yodha,com.astroid.yodha,wow it's unbelievable the predictions are clear thanks a lots,5,0,2025-04-16 01:53:51,9f639944-b2ca-4ae1-8b5a-de745af0d742,4.716335,"1,000,000+"
Yodha,com.astroid.yodha,Satisfied with the predictions 👏,5,0,2025-04-16 00:20:42,836717d5-9e9d-4584-a1b9-cb0ec2e069a5,4.716335,"1,000,000+"
Yodha,com.astroid.yodha,it was a genuine readings for me.. highly recommended app 😊,5,0,2025-04-15 20:06:20,2094b271-0a56-4f10-bc6b-ce56a4ab8734,4.716335,"1,000,000+"
Yodha,com.astroid.yodha,"Wow they astrologer was respectfully and responding to my messages, I really enjoyed the app.",5,0,2025-04-15 17:27:23,b91d9ec9-b30b-4295-be7e-8383763f3d7d,4.716335,"1,000,000+"
Yodha,com.astroid.yodha,it was okay at first when I had a free horoscope about my past life and it was accurate👌but I was a little disappointed about my love prediction which didn't turn out too be true as you predict that it'll happen somewhere on April and it didn't 😕,2,1,2025-04-15 12:49:34,1b491fa8-a9de-47c0-95fc-dc8bf8d078ab,4.716335,"1,000,000+"
Yodha,com.astroid.yodha,a detailed explanation which match on the current situation based on the personality. a well versed written 👏,5,0,2025-04-15 11:50:49,bafbc0dd-7702-4b10-ab62-799a300e40b6,4.716335,"1,000,000+"
Yodha,com.astroid.yodha,"very efficient to your replying to your questions and I found the astrologer to be be honest and on point to my situation. they also send out personal messages to you, without you having to go out of your way, enjoyed my experiences.",5,1,2025-04-14 09:19:05,fc5e2147-e198-4193-abd0-97aeb239777f,4.716335,"1,000,000+"
Yodha Daily,com.yodhaapp.dailyhoroscope,Playing a guiding role,5,0,2026-04-21 18:14:09,47fd3440-3e07-4f08-b6de-91afad437b73,4.8272057,"500,000+"
Yodha Daily,com.yodhaapp.dailyhoroscope,Good experience &very helpful 👌,5,0,2026-04-21 07:38:21,1dc5b14f-2ccc-48a2-a681-1f2ed2411935,4.8272057,"500,000+"
Yodha Daily,com.yodhaapp.dailyhoroscope,"Мне приятно читать гороскопы , сделанные вами! Что то очень даже похоже на правду и сбываются! Спасибо",5,0,2026-04-21 05:42:07,4e56d4bc-2f36-471f-a49a-f90762252021,4.8272057,"500,000+"
Yodha Daily,com.yodhaapp.dailyhoroscope,First I am very glad to share my experience because whatever our honourable astrologers predict it will happens day to day life I wonder about that ever day thanks is just a little honour but you are persons it's like a social service without any expectation really really thank you ji's 🙏🙏🙏🙏,5,0,2026-04-20 17:09:39,c4fd474c-2ce9-4a05-bcf2-2173b50484fb,4.8272057,"500,000+"
Yodha Daily,com.yodhaapp.dailyhoroscope,"Very nice horoscope, these Yodhis are the best - always fortell and are right - even for the simplest things they get it right. Kind regards from Slovenia. ♓♓♓☺️☺️",5,0,2026-04-20 14:27:03,3a9c7674-a656-4d05-9c1a-e3017e70a743,4.8272057,"500,000+"
Yodha Daily,com.yodhaapp.dailyhoroscope,Enjoy the daily horoscope Simple and easy!,5,0,2026-04-20 09:13:07,d1646196-acae-4b1f-a7f0-4f2747c8abb1,4.8272057,"500,000+"
Yodha Daily,com.yodhaapp.dailyhoroscope,im convinced they can read my mind on most of the horoscopes😄..happy with the app,5,0,2026-04-18 14:24:21,66e30508-3370-4921-beee-b2bd077557ce,4.8272057,"500,000+"
Yodha Daily,com.yodhaapp.dailyhoroscope,Sometimes accurate,4,0,2026-04-15 02:24:30,f321f948-39fc-4bc0-a9d2-eba4ac81fef4,4.8272057,"500,000+"
Yodha Daily,com.yodhaapp.dailyhoroscope,very good apps,5,0,2026-04-14 23:51:27,de2eea5a-5c07-488d-bef3-235967fcec4c,4.8272057,"500,000+"
Yodha Daily,com.yodhaapp.dailyhoroscope,"I like the app, no annoying ads. Often eerily accurate.",5,0,2026-04-13 03:59:06,7bd8efb6-91c1-4ca2-af04-e025568d1b5b,4.8272057,"500,000+"
Yodha Daily,com.yodhaapp.dailyhoroscope,love this app!,5,0,2026-04-06 14:19:01,edc76a3e-fac9-4876-bd0a-1047b452b768,4.8272057,"500,000+"
Yodha Daily,com.yodhaapp.dailyhoroscope,Daily horoscope to guide you. It has given accurate guidance when I need.,5,0,2026-04-02 09:49:50,72632a20-7e8c-41d5-a80e-72d3a5f056c2,4.8272057,"500,000+"
Yodha Daily,com.yodhaapp.dailyhoroscope,Great stuff! I can always relate to the Yodha horoscopes.,5,0,2026-04-01 14:33:33,f2bfa61b-a658-45d8-8c49-7b8b85a4396d,4.8272057,"500,000+"
Yodha Daily,com.yodhaapp.dailyhoroscope,Gives me hope..,5,0,2026-03-29 00:10:36,2ec6cacb-1778-4db7-934d-d7fd9a69a184,4.8272057,"500,000+"
Yodha Daily,com.yodhaapp.dailyhoroscope,Very accurate,5,0,2026-03-28 00:59:49,73b80e3d-b449-48f5-bb66-a3a3eba9c4cf,4.8272057,"500,000+"
Yodha Daily,com.yodhaapp.dailyhoroscope,Amazing. You're always accurate. I enjoy reading the readings every day.Thank you,5,0,2026-03-25 23:15:57,9b4295c5-bb3a-4e9d-ba3b-240f7bb44870,4.8272057,"500,000+"
Yodha Daily,com.yodhaapp.dailyhoroscope,Love this Horoscope app! It's the best one I've found and I have tried so many I can't keep track.. Yodha is Very professional and extremely accurate I'd even say thoughtful because they take the time to actually give you a personal reading. After years of looking for a horoscope app that actually works. I have finally found the one!,5,0,2026-03-25 01:35:18,e8dd37e6-7e4a-44e6-bbd7-d8179a47d61f,4.8272057,"500,000+"
Yodha Daily,com.yodhaapp.dailyhoroscope,very Good app.,5,0,2026-03-21 19:11:01,98099e7d-d0f1-4b94-a146-dc4d9b5669c2,4.8272057,"500,000+"
Yodha Daily,com.yodhaapp.dailyhoroscope,amazing app...crisp short...lucky color of the day...look forward to the daily positive out reach,5,0,2026-03-17 10:33:25,b618fe33-11b8-4c91-bac6-0549384f2363,4.8272057,"500,000+"
Yodha Daily,com.yodhaapp.dailyhoroscope,"amazing app mostly things matched with my daily life as well as days . sometimes it help me alot to understand the things going on n gave a right path to do. no advertisements, perfect 10 / 10 astrologers.",5,0,2026-03-15 01:08:20,d2721a39-965f-4222-bd0a-6df62e7ec498,4.8272057,"500,000+"
Yodha Daily,com.yodhaapp.dailyhoroscope,"I love this this app this is 1000 per absolute ,I daily wait for daily horoscope at 7 o clock",5,0,2026-03-14 20:30:02,28ee5244-ff79-47bf-be55-2c1c23d62ff6,4.8272057,"500,000+"
Yodha Daily,com.yodhaapp.dailyhoroscope,I've been using this app for 2+ years and studying astrology for 7. Ive tried all the horoscope apps and this is by far the best! I recommend it all the time. I cant recommend it enough. The astrologers forecasting here are all top notch!,5,1,2026-03-13 05:11:59,c3a73acd-6f72-45f4-9a61-b4c8a80cb50d,4.8272057,"500,000+"
Yodha Daily,com.yodhaapp.dailyhoroscope,pretty accurate and enjoyable. good advices,5,0,2026-03-12 06:43:26,3e4acb87-d0cd-4bb9-ba1a-f07332e47c09,4.8272057,"500,000+"
Yodha Daily,com.yodhaapp.dailyhoroscope,it's relatable can motivate you sometimes for direction n guidance,4,0,2026-03-10 02:07:11,a7084f09-bc4f-40e6-8ee2-7f363981039c,4.8272057,"500,000+"
Yodha Daily,com.yodhaapp.dailyhoroscope,worst experience found in this application,1,0,2026-03-09 22:17:02,dee6131f-100d-4f16-a49e-ec9c071c661d,4.8272057,"500,000+"
Yodha Daily,com.yodhaapp.dailyhoroscope,Perfect Prediction,5,0,2026-03-09 09:30:39,666d8605-986c-4941-9a9f-a1ef99f14734,4.8272057,"500,000+"
Yodha Daily,com.yodhaapp.dailyhoroscope,"if you know the exact time that you were born, this app might be very interesting, and actually accurate.",5,0,2026-03-09 09:19:14,cd761d29-994f-49b7-bc1f-c00e7f6c4a07,4.8272057,"500,000+"
Yodha Daily,com.yodhaapp.dailyhoroscope,"Several precautions suggested are quite helpful, the daily analysis motivate's & sets the agenda for the native in such situations where it is also a matter of maintaining personal privacy.The recent predictions were very close to my expectations.Motivational & keeps inspiring to develop a positive attitude particularly when the chips are down and nobody around to assist & in these days of several happenings yodha is a moral booster. yodha is a guide through cosmic gate.",5,3,2026-03-05 19:19:14,f0fbef25-60ac-4446-8860-4b9ec5f9f1b6,4.8272057,"500,000+"
Yodha Daily,com.yodhaapp.dailyhoroscope,authentic experience,5,0,2026-03-05 18:10:30,fe34f4f5-454a-4eec-8bfe-6022b78e9c7c,4.8272057,"500,000+"
Yodha Daily,com.yodhaapp.dailyhoroscope,I just like to read it daily,5,0,2026-03-05 07:55:56,2f2a6579-3563-44a4-b53a-d8b8418bf3ef,4.8272057,"500,000+"
Yodha Daily,com.yodhaapp.dailyhoroscope,Yodha App is Very Best App For Astrology Happy Holi to Yodha Team.,5,0,2026-03-04 09:57:00,d14cbf3e-34af-477d-bfe1-f517945461ee,4.8272057,"500,000+"
Yodha Daily,com.yodhaapp.dailyhoroscope,"Am speechless it's worthy it nice app for everyday activity.nice and cool tells me always what to do .I so much love this app . wonderful app.always telling me what is ahead of me ,kudos to you guys",5,0,2026-03-04 02:01:52,0c2c5f68-3b2e-4fdb-ba60-336e38a41f9b,4.8272057,"500,000+"
Yodha Daily,com.yodhaapp.dailyhoroscope,"I read this every day, so I might be prepared in case any mood issues might pop up. I'm not running my life by horoscopes but it can't hurt to approach any daily issues with a bit of a different view the Yodha app mentions daily.",5,0,2026-03-02 23:21:49,5b2a379b-0312-4c59-87d4-057964c9c158,4.8272057,"500,000+"
Yodha Daily,com.yodhaapp.dailyhoroscope,Interesting. Sometimes the advice given makes a lot of sense and even fits my goings on. Uncanny. Helps to keep me feeling positive. Better than most other horoscopes I have regularly looked at.,5,0,2026-03-02 22:14:52,8999b1d0-d10e-441c-84b0-357907a36229,4.8272057,"500,000+"
Yodha Daily,com.yodhaapp.dailyhoroscope,Yodha trying hard to explain your daily horoscope,4,0,2026-03-02 20:24:47,683abd11-98b8-48c6-9686-4e74fb9b5717,4.8272057,"500,000+"
Yodha Daily,com.yodhaapp.dailyhoroscope,"I am enjoying this app so far, so good 👍 After many years now, I still enjoy reading my horoscope each day",4,0,2026-03-02 13:40:16,8aba59c4-ef32-4b08-a75e-b2ea42961bff,4.8272057,"500,000+"
Yodha Daily,com.yodhaapp.dailyhoroscope,close predictions....❤️,5,0,2026-03-01 08:49:27,9e2ab0c3-0251-4b80-b184-15dc4b035211,4.8272057,"500,000+"
Yodha Daily,com.yodhaapp.dailyhoroscope,Very accurate.,5,0,2026-03-01 06:36:19,322fc329-616d-4eed-9558-29ac4e4fbc26,4.8272057,"500,000+"
Yodha Daily,com.yodhaapp.dailyhoroscope,best medicine astro app not comparable to others,5,0,2026-02-26 23:02:13,fe916632-cb6d-496a-b0ab-844cf9c1474a,4.8272057,"500,000+"
Yodha Daily,com.yodhaapp.dailyhoroscope,i absolutely like it.Pretty accurate,4,0,2026-02-25 12:45:42,ee4b2519-b686-4400-ad44-5f2ecca92aac,4.8272057,"500,000+"
Yodha Daily,com.yodhaapp.dailyhoroscope,"It amazes me by the end of my day, to pull up my horoscope, & Yodha is hitting my predictions right on the spot. Even if I'm going through something, it usually gives an explanation and a little bit of inspiration and how to deal with it..",5,1,2026-02-22 06:02:15,d92116a1-bf8f-4c69-8b6e-991f4dc8daf2,4.8272057,"500,000+"
Yodha Daily,com.yodhaapp.dailyhoroscope,Still a great app I use it every day its quite accurate,5,0,2026-02-22 03:42:02,4d9adbe6-5f67-4af4-b179-dfe2a38e051b,4.8272057,"500,000+"
Yodha Daily,com.yodhaapp.dailyhoroscope,very natural which intelligence,5,0,2026-02-22 01:28:08,c42328ec-33f4-4e3a-a2aa-f14634728003,4.8272057,"500,000+"
Yodha Daily,com.yodhaapp.dailyhoroscope,Using for more than 5 years.surreal.,5,0,2026-02-17 16:36:16,0bc8ba9f-fb0a-4c6d-9a52-0e15cb64ef6d,4.8272057,"500,000+"
Yodha Daily,com.yodhaapp.dailyhoroscope,"Yodha aligns with my daily mantra: ""Dream Without Fear, Love Without Limits! Trust in Yodha and you will see...what Is now and what tomorrow can be. You will be enlightened and inspired everyday! ✌️❤️🙏",5,0,2026-02-14 08:50:25,100e5b2e-0f24-45f6-bf0c-d1e810783b0d,4.8272057,"500,000+"
Yodha Daily,com.yodhaapp.dailyhoroscope,"thanks many and more for sending my horoscope and giving my day worthy start, I have no words to thank you ,my blessings are with u .",5,0,2026-02-12 10:36:38,e955594c-a529-4045-a478-68cd3018b0cb,4.8272057,"500,000+"
Yodha Daily,com.yodhaapp.dailyhoroscope,informative and most days spot on.,5,0,2026-02-12 03:54:41,7b7c6dec-95d0-4c56-884c-0164bda94cea,4.8272057,"500,000+"
Yodha Daily,com.yodhaapp.dailyhoroscope,very interesting and seems on point for whats going on in my life. love this app so much. one of my favs.,5,0,2026-02-11 00:21:07,cd85ec28-74ef-47e6-8c5d-a5dcb15a4c2b,4.8272057,"500,000+"
Yodha Daily,com.yodhaapp.dailyhoroscope,amazing app but if offline it will be nice,5,0,2026-02-09 06:30:43,66c26748-4029-4d7b-8914-20ba3febda37,4.8272057,"500,000+"
Yodha Daily,com.yodhaapp.dailyhoroscope,Accurate predictions daily.,5,0,2026-02-04 10:26:48,861f2e00-f51d-4b4a-9800-cbc7eb19f3c0,4.8272057,"500,000+"
Yodha Daily,com.yodhaapp.dailyhoroscope,best calculator,5,0,2026-02-03 09:14:19,7de5fe92-8e47-450c-9371-1eff88e27b9a,4.8272057,"500,000+"
Yodha Daily,com.yodhaapp.dailyhoroscope,great insight. loved it,5,0,2026-02-02 21:25:22,3efec71e-3c1f-4007-806c-41a6e8091119,4.8272057,"500,000+"
Yodha Daily,com.yodhaapp.dailyhoroscope,Many moments of clarity!.,5,0,2026-02-02 02:37:51,26cc94af-57bf-47b9-a29a-5c4ddbb93c0c,4.8272057,"500,000+"
Yodha Daily,com.yodhaapp.dailyhoroscope,It's accurate,5,0,2026-01-25 21:24:14,6fd86a36-729e-44cb-8364-7f9144c156d6,4.8272057,"500,000+"
Yodha Daily,com.yodhaapp.dailyhoroscope,my favorite,5,0,2026-01-24 12:28:47,09d43fbb-404b-482a-902b-5597c5124cfd,4.8272057,"500,000+"
Yodha Daily,com.yodhaapp.dailyhoroscope,Great app - I love receiving my daily horoscope. No intrusive ads.,5,0,2026-01-23 18:10:02,f760c9c1-a0d0-4ad1-9e83-563a03f10a53,4.8272057,"500,000+"
Yodha Daily,com.yodhaapp.dailyhoroscope,"i have been using this app for almost 3 years and i find it so amazing for my day to day life ,the advices keeps me going and am glad to give it 5 stars",5,0,2026-01-21 21:47:13,83afdcf3-8fc3-494d-a6dd-c463ac712769,4.8272057,"500,000+"
Yodha Daily,com.yodhaapp.dailyhoroscope,Perfect prediction's.Excellent app..One must have it.,5,4,2026-01-21 11:47:14,cc75b52f-a886-4718-932a-1cc92932cad4,4.8272057,"500,000+"
Yodha Daily,com.yodhaapp.dailyhoroscope,BRAVO AND CONGRATULATIONS YODHA!! My Horoscope readings since I opened this application is just AWESOME! The readings are with increasing precision everyday. THANK YOU AND MORE GREASE TO YOUR ELBOWS 🙏🏿🙏🏿❤️,5,0,2026-01-20 21:57:54,1ce43a40-4880-42d0-a34e-01ee6ec729f3,4.8272057,"500,000+"
Yodha Daily,com.yodhaapp.dailyhoroscope,daily 100 %true,5,0,2026-01-19 18:19:00,529ef98a-aa8b-4bb1-a49b-eba48d37da7a,4.8272057,"500,000+"
Yodha Daily,com.yodhaapp.dailyhoroscope,beat app yet xoxo,5,0,2026-01-18 20:54:52,a1e64335-5088-40ee-8041-62acb999079c,4.8272057,"500,000+"
Yodha Daily,com.yodhaapp.dailyhoroscope,"Highly intriguing, highly motivational and just insightful. A must in your list of Applications ( APP ) . THANK YOU. 🌸🙏🏻.",5,0,2026-01-15 21:43:09,96ca53ab-a752-4665-aa08-8ed6c1d0df8b,4.8272057,"500,000+"
Yodha Daily,com.yodhaapp.dailyhoroscope,always to the point and correct,5,0,2026-01-15 15:57:50,9d1f7b25-15c0-4247-b16f-29231a3928dd,4.8272057,"500,000+"
Yodha Daily,com.yodhaapp.dailyhoroscope,Good. I just installed yesterday. Give me some time for a proper review.,5,0,2026-01-13 19:10:07,6e7ab0b6-4de2-4b2f-8ab1-1dcd7b0c6bfc,4.8272057,"500,000+"
Yodha Daily,com.yodhaapp.dailyhoroscope,I appreciate the daily insights. They give a perspective on how to mentally approach each day. I find that there is consistency and commitment to being as factual as possible which is most helpful. 10.1.2026 I am pleased with the clarity that the readings create for the day in question,4,1,2026-01-10 18:04:16,dbbb051a-6be0-4865-adc5-343ac85668e3,4.8272057,"500,000+"
Yodha Daily,com.yodhaapp.dailyhoroscope,A 10/10 app,5,0,2026-01-10 16:41:05,a936a61f-922d-484c-aca7-cf0ad0583cc0,4.8272057,"500,000+"
Yodha Daily,com.yodhaapp.dailyhoroscope,Pretty accurate readings. I even sometimes read them a day late and often are pretty spot on. A good app,4,0,2026-01-10 15:54:00,d57473c6-b1cd-4e9d-b6d4-e0497e3f9220,4.8272057,"500,000+"
Yodha Daily,com.yodhaapp.dailyhoroscope,You'd have team which is serving there subscribers in fact the nature is all n all but this team is helping the people with move of stars with there experience n calculations buck up Yodha,5,0,2026-01-07 04:59:37,cdec8b2e-160f-4540-ad86-82b3b45ed73d,4.8272057,"500,000+"
Yodha Daily,com.yodhaapp.dailyhoroscope,accurate and insightful,5,0,2026-01-06 09:56:00,de9116a7-0000-4770-bfe2-83aeef2c34be,4.8272057,"500,000+"
Yodha Daily,com.yodhaapp.dailyhoroscope,"right to the point, good program",5,0,2026-01-05 21:18:26,2c39c6ca-9593-4ede-9f47-24f44c130b1c,4.8272057,"500,000+"
Yodha Daily,com.yodhaapp.dailyhoroscope,great app with wonderful team,5,0,2026-01-04 10:44:48,f79a75a3-1f3e-41cf-b536-b34a9f36c87a,4.8272057,"500,000+"
Yodha Daily,com.yodhaapp.dailyhoroscope,"UPDATE 2026 (4 yrs later) .. still an Anazing app!! BEST!!! ✨️2022 Once you try it, this will be the only daily Astrology app you will ever use. It is, by far, the BEST!! 💖 Update: I've been using this app for a few years now. It's always been right on target with its HeartWarming advice & encouragement!! I equate it to opening a Beautiful Gift from the Universe every day!! Thank you Yodha Team 🌷🤗💖",5,14,2026-01-04 06:02:14,83082243-1170-4531-851d-e53e3d4cc227,4.8272057,"500,000+"
Yodha Daily,com.yodhaapp.dailyhoroscope,Very useful and good insight. I love it and appreciate it.,5,0,2026-01-04 03:48:36,1795ffde-8618-4c07-ae89-35530ab7ea5a,4.8272057,"500,000+"
Yodha Daily,com.yodhaapp.dailyhoroscope,Very a accurate,5,0,2026-01-03 02:07:54,e347ace0-4f81-4c59-bf1a-73f6ef821cd3,4.8272057,"500,000+"
Yodha Daily,com.yodhaapp.dailyhoroscope,always the best prediction... best accurate messages,5,0,2026-01-02 18:01:27,ae62e3ca-066a-4f58-a823-656d05b29c47,4.8272057,"500,000+"
Yodha Daily,com.yodhaapp.dailyhoroscope,Absolutely very encouraging. Every day it suggests implementing positivity in me. I look forward to reading it daily for positivity. Definitely recommend it. Thank you team members .,5,0,2026-01-01 09:30:02,a1911a0e-fd82-4319-8e48-0c32ecc1604a,4.8272057,"500,000+"
Yodha Daily,com.yodhaapp.dailyhoroscope,this App is the best,5,0,2025-12-31 15:31:40,ac2ee657-ea5f-43b9-b703-41325b736a53,4.8272057,"500,000+"
Yodha Daily,com.yodhaapp.dailyhoroscope,pretty on point messages.,5,0,2025-12-30 02:35:28,aa3b2e2c-58f8-43fa-bb18-2ae66aa50b3c,4.8272057,"500,000+"
Yodha Daily,com.yodhaapp.dailyhoroscope,This is hidden gem.,5,0,2025-12-29 22:14:18,74e72673-f7b5-4197-9348-c446fc6bbdc3,4.8272057,"500,000+"
Yodha Daily,com.yodhaapp.dailyhoroscope,very very accurate,5,0,2025-12-21 08:29:30,6830dc65-9429-491e-acc2-0c405be54d4a,4.8272057,"500,000+"
Yodha Daily,com.yodhaapp.dailyhoroscope,I like this perspective to reading horoscopes. It seems more thoughtful and thought provoking than the Western approach. Thank you.,5,0,2025-12-20 21:58:45,665923bd-ecb6-4e2b-8cad-aabb9c6d4ec4,4.8272057,"500,000+"
Yodha Daily,com.yodhaapp.dailyhoroscope,almost eerie how relevant these are to my daily life.. wonderful app,5,0,2025-12-20 06:06:57,fe1b630e-b9d0-4531-a99c-8b194882cbfb,4.8272057,"500,000+"
Yodha Daily,com.yodhaapp.dailyhoroscope,Very relevant and uncomplicated.,5,0,2025-12-16 09:03:29,02ec7d2e-ad94-4725-9e55-baf1b7fa8465,4.8272057,"500,000+"
Yodha Daily,com.yodhaapp.dailyhoroscope,very good app as well prediction that can help to proceed accordingly.,5,0,2025-12-13 13:37:27,d30e876b-ce86-4342-a44e-d27485b74bba,4.8272057,"500,000+"
Yodha Daily,com.yodhaapp.dailyhoroscope,Wonderful app! ☀️,5,0,2025-12-11 23:32:29,d2ee3688-4dc8-4835-9aa8-1d1cff4ab6a8,4.8272057,"500,000+"
Yodha Daily,com.yodhaapp.dailyhoroscope,75% accuracy...great app,5,0,2025-12-07 23:43:34,6b3784f8-b875-484c-a9ad-9fe91e05445d,4.8272057,"500,000+"
Yodha Daily,com.yodhaapp.dailyhoroscope,I've tried many places for my daily horoscope insights and yodha is by far the most accurate and meaningful. Thank you and your team and I'll see you tomorrow!,5,0,2025-12-05 06:06:50,0e917648-ea5d-4848-a609-9e84337fb630,4.8272057,"500,000+"
Yodha Daily,com.yodhaapp.dailyhoroscope,too general easy to use,4,0,2025-12-04 05:04:10,91b2ac7b-b9dc-4799-91c5-fd4165f0a438,4.8272057,"500,000+"
Yodha Daily,com.yodhaapp.dailyhoroscope,i love this app... useful for me.. it's working why don't you use ✨️✨️✨️,5,0,2025-12-03 19:45:46,63ba5435-5b65-4a74-a464-cd12a704b2e9,4.8272057,"500,000+"
Yodha Daily,com.yodhaapp.dailyhoroscope,They are always accurate. Thanks for encouraging me always,5,0,2025-12-01 23:49:52,ab6f464d-32c4-4421-8b64-11f8442aebe6,4.8272057,"500,000+"
Yodha Daily,com.yodhaapp.dailyhoroscope,Most intuitive,5,0,2025-12-01 13:35:00,4cab83cf-7a07-4778-8322-618738ebba43,4.8272057,"500,000+"
Yodha Daily,com.yodhaapp.dailyhoroscope,Absolutely Love this app!!!!!!,5,0,2025-12-01 07:36:28,e24962f0-35a6-426a-8003-af6cb15e3c45,4.8272057,"500,000+"
Yodha Daily,com.yodhaapp.dailyhoroscope,it guides my decision,5,0,2025-12-01 00:31:43,64639aeb-bc93-4309-8c40-84a38ffe728d,4.8272057,"500,000+"
Yodha Daily,com.yodhaapp.dailyhoroscope,Beautiful horoscopes. Eloquently written and very insightful.,5,0,2025-11-29 06:03:08,b5c8879c-1192-49c1-b5f5-2189fa718dc7,4.8272057,"500,000+"
Yodha Daily,com.yodhaapp.dailyhoroscope,Awesome predictions. Very accurate and precise.,5,0,2025-11-26 23:35:46,4ada960c-84d1-4654-8e48-cb5632f3ae3f,4.8272057,"500,000+"
Yodha Daily,com.yodhaapp.dailyhoroscope,very good app and it's easy to use,5,0,2025-11-26 07:37:15,cffaea61-66fc-46aa-9b72-1c7c4a226562,4.8272057,"500,000+"
Yodha Daily,com.yodhaapp.dailyhoroscope,I absolutely love this app! I enjoy reading my horoscope every day and there is always several to choose from on Google and different sites but then they differ hugely but so far every single one I have received while using this app has been 100% spot on! I would very highly recommend this app!,5,3,2025-11-24 08:51:41,06d7ce13-8c2d-4e0d-8e23-1efaad2e2a72,4.8272057,"500,000+"
Yodha Daily,com.yodhaapp.dailyhoroscope,i enjpy getting my horoscopes daily this brings me great insight i appreciate them doing this,5,0,2025-11-23 22:38:26,44d8ddb3-f44c-4733-963a-6fa595a0ee2b,4.8272057,"500,000+"
Yodha Daily,com.yodhaapp.dailyhoroscope,Always on point,5,0,2025-11-23 02:28:31,2097a15b-39c3-4fd4-b56a-d5fc86c809f8,4.8272057,"500,000+"
Yodha Daily,com.yodhaapp.dailyhoroscope,"Consul my horoscope every day for update, number and color....thanks The daily advice always seem to be on track with my experiences.",5,0,2025-11-21 22:24:43,844d8286-b06b-4b20-81d9-f7780d03fb42,4.8272057,"500,000+"
Yodha Daily,com.yodhaapp.dailyhoroscope,"Love this app and the people behind who are doing the most work, most of the predictions are accurate and encouraging. Thank you for your service.",5,0,2025-11-14 19:09:17,f5d4d067-d448-444f-a02a-3af9bf866724,4.8272057,"500,000+"
Yodha Daily,com.yodhaapp.dailyhoroscope,you are my motivator,5,0,2025-11-14 19:04:22,4bc04ee1-a8bd-46da-a612-8c4ba0fd3d12,4.8272057,"500,000+"
Yodha Daily,com.yodhaapp.dailyhoroscope,"Mostly accurate predictions in the past. Slowly, it turned out to be an ordinary app.",4,0,2025-11-12 19:05:24,5cb4aca8-7883-4b24-a10a-92e101c76417,4.8272057,"500,000+"
Yodha Daily,com.yodhaapp.dailyhoroscope,peacefull & spiritual.,5,0,2025-11-12 00:02:50,0e3f0f4a-e1ac-419b-a831-cb8c016ebf62,4.8272057,"500,000+"
Yodha Daily,com.yodhaapp.dailyhoroscope,Special 🌟🌟🌟🌟🌟,5,0,2025-11-11 23:49:44,33b1e848-e6cc-45b6-a5cd-963afe9672ce,4.8272057,"500,000+"
Yodha Daily,com.yodhaapp.dailyhoroscope,seems legit,4,0,2025-11-11 22:44:42,9dc7848f-6b1a-4fee-8335-042d602f83f6,4.8272057,"500,000+"
Yodha Daily,com.yodhaapp.dailyhoroscope,"Normally has sensible, useful advice",5,0,2025-11-11 05:49:42,c488a5f6-0bc8-4ae3-b42d-b62e68e0a482,4.8272057,"500,000+"
Yodha Daily,com.yodhaapp.dailyhoroscope,perfect app,5,0,2025-11-09 20:58:06,f551669e-cd12-4a0d-99e6-6fb0d04f83bf,4.8272057,"500,000+"
Yodha Daily,com.yodhaapp.dailyhoroscope,"Very sincere team of astrologers who listen to your problems and try to give the best possible solution. Daily update of astrological conditions is a plus point. The best part is that their daily horoscope is similar to someone reading your mind and giving you a solution to a problem you are going through. Very scary, but a welcome. Their forecast due to planetary changes/shifting is an eye opener.",5,1,2025-11-09 19:06:45,e71a18e0-eca6-4c01-97b9-5f4b0ebd6f9a,4.8272057,"500,000+"
Yodha Daily,com.yodhaapp.dailyhoroscope,Insightful and helpful,5,0,2025-11-07 08:41:22,b9bf78fe-d2f0-4d18-9e24-805be7780599,4.8272057,"500,000+"
Yodha Daily,com.yodhaapp.dailyhoroscope,very useful,5,0,2025-11-06 10:09:08,e7051b3a-676c-439e-8cf0-f3e90c35f6b0,4.8272057,"500,000+"
Yodha Daily,com.yodhaapp.dailyhoroscope,There is no other astrology app better than yodha,5,0,2025-11-05 19:09:01,47afb749-b0c4-4230-960b-ca02a34a9131,4.8272057,"500,000+"
Yodha Daily,com.yodhaapp.dailyhoroscope,It gives good vibes.,4,0,2025-11-02 18:13:54,c679ce0f-4de0-4c81-9b16-bf0d4de59ee9,4.8272057,"500,000+"
Yodha Daily,com.yodhaapp.dailyhoroscope,I give it a five star because you an incredible adviser and I love taking it thank you,5,0,2025-10-31 21:59:39,1a7b19e7-4bea-4ca0-958c-826fdba12377,4.8272057,"500,000+"
Yodha Daily,com.yodhaapp.dailyhoroscope,"So far, your predictions are okay. The teams are doing a nice job, thanks.",5,0,2025-10-27 00:03:34,b0ca22d6-57c0-4869-b16b-b43b2fe1cc21,4.8272057,"500,000+"
Yodha Daily,com.yodhaapp.dailyhoroscope,"I like this one. it's different from the other horoscope ones. I feel more accurate and tells more about what's inside the person and gives advice rather than predicts. I like the thought of the day, interesting thoughts to think about. This is one of the apps that I have redownloaded on my new phones and the 4th time I have done so, so it's a keeper for me.",5,4,2025-10-26 07:40:25,e558d860-b4f1-4db4-afcf-92986146c871,4.8272057,"500,000+"
Yodha Daily,com.yodhaapp.dailyhoroscope,very helpful. quite accurate. good advice thank you. :),5,0,2025-10-25 07:46:17,31eb3113-e3bc-47a1-a7b9-66e2e57ff6ea,4.8272057,"500,000+"
Yodha Daily,com.yodhaapp.dailyhoroscope,"Excellent and amazing. Your predictions are precise as if we are living in the same room, I must extend my gratitude to your team for all the advice support and guidance... May you remain blessed and safe in peace... Thank you so much.. I really appreciate. Thanks",5,0,2025-10-23 00:03:55,15848056-f951-4c8a-a22d-2c189e519cba,4.8272057,"500,000+"
Yodha Daily,com.yodhaapp.dailyhoroscope,very helpful app. must try ♥️♥️,5,0,2025-10-21 19:30:57,00a0b9ac-7bc7-4524-9a93-20ce6505db4e,4.8272057,"500,000+"
Yodha Daily,com.yodhaapp.dailyhoroscope,y Yodha's all aaps are fabulous 😍 I wait for daily horoscopes everyday,5,0,2025-10-18 19:04:13,04840907-aed4-48a3-82a6-cce292821d14,4.8272057,"500,000+"
Yodha Daily,com.yodhaapp.dailyhoroscope,love their daily and monthly messages. usually exactly what I need to hear. thks,5,0,2025-10-18 00:16:19,62609f55-4273-4ec7-9072-edf747ae6977,4.8272057,"500,000+"
Yodha Daily,com.yodhaapp.dailyhoroscope,why does payment is been made when I haven't pay for anything,2,0,2025-10-17 15:41:11,acba9c55-5fb3-449f-b9a6-95f38cfa16a8,4.8272057,"500,000+"
Yodha Daily,com.yodhaapp.dailyhoroscope,The best💯 Keep up the good work.,5,0,2025-10-15 22:47:57,8e87b941-19b8-436e-a619-73aefcc34dbe,4.8272057,"500,000+"
Yodha Daily,com.yodhaapp.dailyhoroscope,i have been using this since 2020...it's extremely good...daily horoscope are quietly true ..gives guidance too..,5,0,2025-10-15 19:38:49,04ca9c5a-ca57-4481-b390-5e0fa115b3e1,4.8272057,"500,000+"
Yodha Daily,com.yodhaapp.dailyhoroscope,amazing aap to better know yourself. must try,5,0,2025-10-14 21:55:08,7f60be2e-01c6-46c6-8b54-a0f1cb83ffb6,4.8272057,"500,000+"
Yodha Daily,com.yodhaapp.dailyhoroscope,correct prediction,5,0,2025-10-14 19:08:53,c06676b0-8a60-49ef-8d17-2f400fcdbc6d,4.8272057,"500,000+"
Yodha Daily,com.yodhaapp.dailyhoroscope,The best app I found for daily horoscopes. Vedic astrology is by far the best system which provides the most accurate results.,5,0,2025-10-13 22:48:54,311818bc-81b6-4d63-90bb-efbd4d3b5bd1,4.8272057,"500,000+"
Yodha Daily,com.yodhaapp.dailyhoroscope,"Most of the time you are spoton, thank you. How is it possible, whats going on in my life",5,0,2025-10-12 19:51:06,c4ab1523-6b88-4550-841a-8ed32dbab77f,4.8272057,"500,000+"
Yodha Daily,com.yodhaapp.dailyhoroscope,"Impressively Accurate and Insightful! I’m really impressed with this astrology app. The predictions often match my current emotions and situations so closely that it feels like it truly understands what I’m going through. The daily guidance gives a realistic sense of what’s coming, helping me stay mindful and prepared. It’s not just vague astrology talk — the insights are meaningful and often align with real-life experiences. I always check my next day Astrology posted at 7PM",5,0,2025-10-12 12:03:22,71c3b53b-5cef-46db-8b0c-f7147f22a82c,4.8272057,"500,000+"
Yodha Daily,com.yodhaapp.dailyhoroscope,It is a very good app so many things are accurate well worth down loading,5,0,2025-10-11 18:29:41,57e51380-72a3-4842-a1eb-e2abb0eb2777,4.8272057,"500,000+"
Yodha Daily,com.yodhaapp.dailyhoroscope,"Truly unique celestial guidance, divinely helpful. Yodha your prompt services are much valued & appreciated. May the good cosmic energy be with Yodha Astrologers & Pandits. Much Gratitude & Thanks",5,0,2025-10-11 05:17:39,9ea7012c-25be-4f9b-aa72-e2d8ed66a188,4.8272057,"500,000+"
Yodha Daily,com.yodhaapp.dailyhoroscope,Great app... I use it daily,5,0,2025-10-10 21:53:35,59a2a13c-948b-4a5b-a9d9-80f76be71d3c,4.8272057,"500,000+"
Yodha Daily,com.yodhaapp.dailyhoroscope,"I've tried lots of horoscope apps, and this is by far the best. It's so accurate, almost like having a personal reading every day, plus if you want a personal reading it is very affordable, especially when there is a special offer. Highly recommend!",5,3,2025-10-10 01:26:21,81e7cf67-a7f0-4b05-96eb-b76b1218f67d,4.8272057,"500,000+"
Yodha Daily,com.yodhaapp.dailyhoroscope,the best of the best app ever 😘,5,0,2025-10-10 00:52:52,712056dd-0651-4153-a2fb-5b864b996c90,4.8272057,"500,000+"
Yodha Daily,com.yodhaapp.dailyhoroscope,I've been using this app for about 3 yr s and I really like it. it offers not only daily horoscope but other daily options. I combine it with Yodha vedic astrology and between the two I couldn't be more satisfied!,5,0,2025-10-09 21:26:43,ed4854a4-f3f2-4fa3-bf9c-200bc9b1e73e,4.8272057,"500,000+"
Yodha Daily,com.yodhaapp.dailyhoroscope,"my daily bread, my defender, my guider , my inspector. infact this is the best ever horoscope app. it tells you about the past, present and the future.",5,0,2025-10-09 01:29:58,0611e157-caea-4be4-a058-22ef32a6fce2,4.8272057,"500,000+"
Yodha Daily,com.yodhaapp.dailyhoroscope,100% accurate .. I love it ❤👌👌👌. 👌👌 it is theeee best. Simply the best 🩷🩷💥,5,0,2025-10-08 22:50:15,1cc37dc9-8c7e-4e93-96d9-01cc215e81ff,4.8272057,"500,000+"
Yodha Daily,com.yodhaapp.dailyhoroscope,"Always at the point, very nice app",5,0,2025-10-06 01:57:54,4e1efcf2-38aa-47c9-b131-9e61bedc6df3,4.8272057,"500,000+"
Yodha Daily,com.yodhaapp.dailyhoroscope,They are a highly accomplished team.,5,0,2025-10-03 08:58:15,df70569c-34eb-4dd1-91d8-1082e0dda8f0,4.8272057,"500,000+"
Yodha Daily,com.yodhaapp.dailyhoroscope,"Their daily readings are always accurate, although sometimes it's what will happen to you at the current day that they may send for tomorrows reading. What I love most is that they guide you for all readings, tell you steps to overcome challenges. Much love yodah ♥️",5,0,2025-09-29 21:37:57,bfc2d8d2-7335-4f9a-b17e-d8fb08acf965,4.8272057,"500,000+"
Yodha Daily,com.yodhaapp.dailyhoroscope,Most accurate app ever highly recommended,5,0,2025-09-29 00:05:17,f77dec11-70d8-4a8f-b4ac-cdaace047a6f,4.8272057,"500,000+"
Yodha Daily,com.yodhaapp.dailyhoroscope,Very good horoscope keep it up love 😍 you All,5,0,2025-09-09 06:48:39,08a83d41-79a5-4acc-a99e-d46dbd35e268,4.8272057,"500,000+"
Yodha Daily,com.yodhaapp.dailyhoroscope,Great experience using the app,5,0,2025-09-07 04:21:02,79aae167-f696-4c9c-b076-40e51cf60135,4.8272057,"500,000+"
Yodha Daily,com.yodhaapp.dailyhoroscope,so accurate!!! I mean seriously spot on!!!!,5,0,2025-09-01 11:00:12,20afa61e-8cde-4b76-aa0e-e9a9215e9ab0,4.8272057,"500,000+"
Yodha Daily,com.yodhaapp.dailyhoroscope,It used to be true. But now it only comes true sometimes.,2,0,2025-08-25 20:48:21,4c229261-a881-409c-a51d-3ff455c53f43,4.8272057,"500,000+"
Yodha Daily,com.yodhaapp.dailyhoroscope,they are spot on with their predictions,5,0,2025-08-25 05:50:02,ea18cb94-f46b-4448-a5a7-cfe74fb8af91,4.8272057,"500,000+"
Yodha Daily,com.yodhaapp.dailyhoroscope,"great words, great guide",5,0,2025-08-21 07:19:59,8ccf4285-2e7e-444a-9294-c602eec847e2,4.8272057,"500,000+"
Yodha Daily,com.yodhaapp.dailyhoroscope,It's a great astrology app and has good daily predictions. A big thanks to the Yodha team for this app.,5,0,2025-08-18 20:44:17,ddbbd1c2-5350-421e-8a39-23b650becd45,4.8272057,"500,000+"
Yodha Daily,com.yodhaapp.dailyhoroscope,these guy are on point and very accurate,5,0,2025-08-12 14:59:38,636e1236-479e-43b6-a02b-e50a40130e77,4.8272057,"500,000+"
Yodha Daily,com.yodhaapp.dailyhoroscope,AMAZING insight,5,0,2025-08-11 05:32:25,f188f670-8378-4f50-b0e6-67a013848f99,4.8272057,"500,000+"
Yodha Daily,com.yodhaapp.dailyhoroscope,"this is my favorite astrology app.!!! I've been using it for years, it has always been correct for me and it has helped me get through some tough times with advice",5,0,2025-08-05 16:55:30,0efdd47f-ca10-4027-9917-15076d134ebe,4.8272057,"500,000+"
Yodha Daily,com.yodhaapp.dailyhoroscope,Always accurate keep motivated,4,0,2025-08-05 03:16:14,dc3a1399-a0ba-495c-ba80-b501786457ab,4.8272057,"500,000+"
Yodha Daily,com.yodhaapp.dailyhoroscope,"I love this app....I use it daily. When I need clarity on a specific issue, I ask a question, and they repond right away...",5,0,2025-07-27 22:17:09,f9478372-dc25-46e0-b9cf-e59467bba9a2,4.8272057,"500,000+"
Yodha Daily,com.yodhaapp.dailyhoroscope,This app is great. more often than not the predictions are seemingly perfect for whatever is happening in my life. It helps me stay mindful and I really enjoy the app.,5,0,2025-07-25 15:55:50,dc0f8a5c-a649-477f-ad1e-7fb7dd219a07,4.8272057,"500,000+"
Yodha Daily,com.yodhaapp.dailyhoroscope,It seems they read mind and heart too. I always get positivity after reading the daily horoscope. I am so thankful for getting positivity in my life.,5,0,2025-07-24 18:40:59,c0c5bc22-deb0-4fb2-ab1e-78da57bf151f,4.8272057,"500,000+"
Yodha Daily,com.yodhaapp.dailyhoroscope,Yodha My daily horoscope has inspired me alot.,5,0,2025-07-13 23:09:23,adef9915-4f73-484c-8f01-b3f0095ffb49,4.8272057,"500,000+"
Yodha Daily,com.yodhaapp.dailyhoroscope,"This app gives the correct prediction of past. And hints you future. but the prediction always looks like personalised and most of the cases it is true. I enjoy reading daily,, coz it is worth. unlike other apps I feel this doesn't give you the same random quote always. love it. I wrote this in 2019. I stand by it till date. yodha uplifts my mood whenever I am a bit shaken I go to yodha read the prediction then calm myself accordingly.",4,0,2025-07-12 20:59:12,db20f5a3-4968-48f0-982a-b47b26f7790d,4.8272057,"500,000+"
Yodha Daily,com.yodhaapp.dailyhoroscope,This app provides very accurate predictions. I like this app .,5,0,2025-07-10 21:09:38,2683888f-7fad-4e09-aa03-bee5a22755b2,4.8272057,"500,000+"
Yodha Daily,com.yodhaapp.dailyhoroscope,"So accurate.. Been using this for a while and love how it reads my natal chart, not just my sun sign. Feels personal and real",5,0,2025-07-08 22:46:22,4bd327c6-848d-43df-933c-6e820d17ee91,4.8272057,"500,000+"
Yodha Daily,com.yodhaapp.dailyhoroscope,The best jyotish query app,5,0,2025-07-08 09:56:00,54ddaf69-8929-4202-b690-86efb515c49d,4.8272057,"500,000+"
Yodha Daily,com.yodhaapp.dailyhoroscope,Totally accurate.,5,0,2025-07-06 05:07:43,a498269f-62e2-4691-a269-ea0a7312f7b5,4.8272057,"500,000+"
Yodha Daily,com.yodhaapp.dailyhoroscope,it's never true for me. they are more like motivation lectures than predictions,2,0,2025-07-05 19:13:20,ad78813f-b4e7-461c-9d02-f2e4371d360a,4.8272057,"500,000+"
Yodha Daily,com.yodhaapp.dailyhoroscope,"They are gold digger, don't go for it, search for another app for astrology service",1,1,2025-07-04 13:48:33,ca823f9c-46ca-4c2a-a88b-0af1a4f50a39,4.8272057,"500,000+"
Yodha Daily,com.yodhaapp.dailyhoroscope,wonderful app. very insightful information,5,0,2025-06-24 19:49:52,092c2051-4d4b-449f-811b-a930172216dc,4.8272057,"500,000+"
Yodha Daily,com.yodhaapp.dailyhoroscope,Thank you Yodha,5,0,2025-06-22 14:49:47,42617e9b-d4f8-4091-aaed-a1e78cb74ca6,4.8272057,"500,000+"
Yodha Daily,com.yodhaapp.dailyhoroscope,very accurate a lot of times,5,0,2025-06-21 22:36:30,c7414cef-9399-4c10-aefe-118952a739f8,4.8272057,"500,000+"
Yodha Daily,com.yodhaapp.dailyhoroscope,a good guide,5,0,2025-06-12 23:05:49,72de25a5-148f-4af4-bc94-b68c83a169f8,4.8272057,"500,000+"
Yodha Daily,com.yodhaapp.dailyhoroscope,"I enjoy the overall calming, positive vibe of this app and its daily horoscopes. They are pleasantly different from most I encounter which have a fierce sense of urgency as an undertone of their predictions and that makes me anxious and stressed! Total opposite of why I turn to my personal horoscope each day. The zen-sation from these help me to better reflect upon myself and any possible changes I may be facing rather than push me into a fearful fight or flight mode where and overreact.",4,0,2025-06-12 08:31:24,98ce1d1d-24a9-469a-a649-58945942a3a9,4.8272057,"500,000+"
Yodha Daily,com.yodhaapp.dailyhoroscope,wonderful and very precise information 👏,5,0,2025-06-09 07:36:43,98047ccd-96ac-4b2d-b405-4708495f66b5,4.8272057,"500,000+"
Yodha Daily,com.yodhaapp.dailyhoroscope,"I keep coming back to this app. Sometimes I don't want to rely on astrological predictions, but keep coming back to see what Yodha has to say..",5,0,2025-06-06 19:22:19,cd7955d8-4a18-4ce8-bfb4-ce68f8ad0354,4.8272057,"500,000+"
Yodha Daily,com.yodhaapp.dailyhoroscope,"I am very happy and surprised at how, on point this horoscope always seems to be. I mean, a lot of times, it tells me something about me that nobody I know would ever know about me. At first, I thought what they said was something that fit everyone in someway Thank you, Staci June 1st 2025 It's been about a year since I've rated this app last time and I feel just as good about it as I did B4 Thank you Staci",5,0,2025-06-02 06:51:09,14ed7da2-8bf8-41d1-80e6-e1c3534162ee,4.8272057,"500,000+"
Yodha Daily,com.yodhaapp.dailyhoroscope,Very accurate. Continue the good work,5,0,2025-06-02 00:47:09,56ed531b-4bd6-457c-88fe-c041e000177d,4.8272057,"500,000+"
Yodha Daily,com.yodhaapp.dailyhoroscope,"I've been with these Vedic astrologers and philosophers for years now and there's no expectations to sign in or build a digital profile that someone can abuse to get uplifted, informed, and enlightened with supportive and nurturing information. I've loved that I've gotten free and well written advice from these professionals that often reach me at my worst. Very valuable and worthy app for astrologers or even just someone seeking kind wisdom.",5,0,2025-06-01 00:03:12,c5e204fc-7164-4caf-8f29-1c376f5d86b5,4.8272057,"500,000+"
Yodha Daily,com.yodhaapp.dailyhoroscope,This app is amazing and it's tell who you i like this app,5,0,2025-05-29 10:46:28,67bd689d-4b41-433a-a559-00deb350f4aa,4.8272057,"500,000+"
Yodha Daily,com.yodhaapp.dailyhoroscope,"Good guide, free and reasonable daily horoscope that enable you to think straight. I recommend this application to everyone",5,0,2025-05-24 13:27:30,6c8c196c-fb8e-4718-ae85-eb0fe42ec4e0,4.8272057,"500,000+"
Yodha Daily,com.yodhaapp.dailyhoroscope,its prity accurate,5,0,2025-05-23 21:44:23,96733d90-8077-4867-997e-10be5316493d,4.8272057,"500,000+"
Yodha Daily,com.yodhaapp.dailyhoroscope,Very good app. 90 percent,4,0,2025-05-20 02:54:37,bf168847-98d0-4bb6-bcb0-096d66301e7b,4.8272057,"500,000+"
Yodha Daily,com.yodhaapp.dailyhoroscope,Useless. Completely illiterate on astrology. No direct response only description of meaningless and baseless.,1,1,2025-05-18 12:48:29,f882abde-d97f-4830-bcc4-12fe761bf33a,4.8272057,"500,000+"
Yodha Daily,com.yodhaapp.dailyhoroscope,Till now everything is excellent. No complaints.,5,0,2025-05-15 22:23:22,7063c6c4-0432-4abb-aa4f-1afc16321eb7,4.8272057,"500,000+"
Yodha Daily,com.yodhaapp.dailyhoroscope,Yodha daily horoscope is one of the best horoscope apps I've downloaded. I love it's detailed approach towards explaining a person's future with precision.,5,0,2025-05-15 04:16:57,61265b4e-16d0-40cb-b577-9f924a58b125,4.8272057,"500,000+"
Yodha Daily,com.yodhaapp.dailyhoroscope,An excellent app and perfect prediction for everyday,4,0,2025-05-13 16:23:36,83d583f0-b4fe-476b-afdc-829afa94df4d,4.8272057,"500,000+"
Yodha Daily,com.yodhaapp.dailyhoroscope,I read it regularly and find it precise,4,0,2025-05-12 23:17:15,04599bc0-09b3-408f-872f-a84491174dda,4.8272057,"500,000+"
Yodha Daily,com.yodhaapp.dailyhoroscope,makes my day. uplifting in the guidance given,5,0,2025-05-11 22:36:33,8279e854-196c-41f5-9eae-a5fa87929e50,4.8272057,"500,000+"
Yodha Daily,com.yodhaapp.dailyhoroscope,Technical issues identified after installation facing issues with the functioning of this site. after install the site isn't working showing technical issues and nothing is operational.please advise earliest.,5,0,2025-05-11 13:40:06,00870185-24a9-4099-af32-e69a0fb79579,4.8272057,"500,000+"
Yodha Daily,com.yodhaapp.dailyhoroscope,there's accuracy in every message,5,0,2025-05-10 23:53:37,16ff7767-ef23-449f-9e29-5389ba770074,4.8272057,"500,000+"
Yodha Daily,com.yodhaapp.dailyhoroscope,most definitely the best .,5,0,2025-05-10 10:46:33,a67949ad-0857-4ad3-85a2-94cbf372f8f2,4.8272057,"500,000+"
Yodha Daily,com.yodhaapp.dailyhoroscope,I am watching Since 4 to 5 years..much readings are accurate.. resembles my situation..so I love to watch...N eagerly waiting for everyday prediction..Thanks to Yodha Team..,5,0,2025-05-09 12:27:51,1dfa82d8-7e2f-49aa-9743-5b29ec692fd8,4.8272057,"500,000+"
Yodha Daily,com.yodhaapp.dailyhoroscope,Back to 5 stars now that I'm getting my daily horoscope again!😃,5,0,2025-05-09 10:41:05,c009bb14-986a-470e-96db-71837fb5e1cf,4.8272057,"500,000+"
Yodha Daily,com.yodhaapp.dailyhoroscope,started working.,4,0,2025-05-09 10:21:36,a1710dec-f446-41cc-aeaa-6d4d58fea1bb,4.8272057,"500,000+"
Yodha Daily,com.yodhaapp.dailyhoroscope,Thank you horoscope and for my daily updates..,5,0,2025-05-09 00:13:15,58983c05-2181-4ec1-bcf4-bcfa7c3fb860,4.8272057,"500,000+"
Yodha Daily,com.yodhaapp.dailyhoroscope,great app to know about everyday horoscopes,5,0,2025-05-08 19:56:44,17aae1df-66da-47cd-83f4-e1340018a130,4.8272057,"500,000+"
Yodha Daily,com.yodhaapp.dailyhoroscope,"facing the issue which says ""Something went wrong - please try again later"" Please help fixing this issue.",5,0,2025-05-08 19:45:08,a7baeef0-8f70-41dc-9f8b-f589e5eebd27,4.8272057,"500,000+"
Yodha Daily,com.yodhaapp.dailyhoroscope,mere me last 2 days se error aa raha hai try again later ka option aa raha hai esa kyu ho raha hai,1,0,2025-05-08 19:20:13,38393ca5-2bfa-4e57-bb15-abefd7777040,4.8272057,"500,000+"
Yodha Daily,com.yodhaapp.dailyhoroscope,Currently the app is not working.,1,0,2025-05-08 19:14:58,f7ff2eda-4d31-4d22-9d6e-30810dbe921a,4.8272057,"500,000+"
Yodha Daily,com.yodhaapp.dailyhoroscope,why the app has stopped working?,1,0,2025-05-08 18:42:29,15a86493-f394-43a4-b80c-3d7fcb19081d,4.8272057,"500,000+"
Yodha Daily,com.yodhaapp.dailyhoroscope,from yesterday onwards your app is not working....? what happened with it?,5,0,2025-05-08 18:11:45,2259ec43-1ee6-43f8-9fd8-8abe1e535693,4.8272057,"500,000+"
Yodha Daily,com.yodhaapp.dailyhoroscope,"my horoscope app doesn't work anymore, and I even don't know why.",5,0,2025-05-08 15:36:46,bd996b9c-403a-4292-858b-5fcecc98477c,4.8272057,"500,000+"
Yodha Daily,com.yodhaapp.dailyhoroscope,Seems accurate says instant connection with someone new hopefully soon may 7 2025 it won't give me a new horoscope even today when I hava wifi so update your app,5,0,2025-05-08 14:51:00,2b46b5f7-d2d4-4218-8f8c-462b76b2acac,4.8272057,"500,000+"
Yodha Daily,com.yodhaapp.dailyhoroscope,app is not working,1,0,2025-05-08 13:53:42,bfb858ba-fcda-41a3-bda0-4b23704cdcf7,4.8272057,"500,000+"
Yodha Daily,com.yodhaapp.dailyhoroscope,app is not opening since last 1day,2,0,2025-05-08 11:59:50,7495c3c8-c16a-4558-960b-0c4e779f9fe9,4.8272057,"500,000+"
Yodha Daily,com.yodhaapp.dailyhoroscope,"Not getting updated for daily horoscopes since 07May2025 evening, uninstalled and again installed but not crashing",1,0,2025-05-08 11:42:24,8c42d128-fbfc-415e-b9c9-7bd6b31d4e2c,4.8272057,"500,000+"
Yodha Daily,com.yodhaapp.dailyhoroscope,Hiya the app has a glitch not opening up..fix it quick 🙏🏻 I still love the app 😁,5,0,2025-05-08 11:19:50,3ba1af46-f20b-4fc9-8c2a-6a20f52a65af,4.8272057,"500,000+"
Yodha Daily,com.yodhaapp.dailyhoroscope,it's not working,1,0,2025-05-08 11:13:46,6e4f95b4-cb80-449d-95a5-f23a04198938,4.8272057,"500,000+"
Yodha Daily,com.yodhaapp.dailyhoroscope,"is it not working on android? recently it has stopped connecting yto internet, i tried reinstalling repeatedly and on different phone and tablet, it still isn't connecting.",4,0,2025-05-08 10:12:17,b5df03f8-2ea4-4edf-ab53-3a20d367b86d,4.8272057,"500,000+"
Yodha Daily,com.yodhaapp.dailyhoroscope,"doesn't work! it shows something went wrong, retry every time I open it! I uninstalled it, again installed it... doesn't work at all...",1,0,2025-05-08 09:13:33,584f5303-9040-431e-8f8c-be8895aa4f9c,4.8272057,"500,000+"
Yodha Daily,com.yodhaapp.dailyhoroscope,very relatable to your deep thoughts. Good app.,5,0,2025-05-08 08:59:57,848a3a64-01bc-4e64-a0bf-cdff25434785,4.8272057,"500,000+"
Yodha Daily,com.yodhaapp.dailyhoroscope,"Although the application is nice but for the last 2 days, it's not working on my phone at least! And I don't know where to report about this, so I'm writing it here... It's showing - ""Oops... Something went wrong :-( Please try again later!"" But, every time I'm trying, it's showing the same! (I'm using the updated version, and also, the network is smooth here)",4,4,2025-05-08 08:42:37,e1da67db-44f1-441c-b7ff-106fb9d75fef,4.8272057,"500,000+"
Yodha Daily,com.yodhaapp.dailyhoroscope,not working internet problem,1,0,2025-05-08 08:02:19,0dfefeff-d89e-4562-b6f2-147e7eb7fa63,4.8272057,"500,000+"
Yodha Daily,com.yodhaapp.dailyhoroscope,"The app is not working, as soon as I open it says something went wrong and retry connecting to the internet, even though I'm connected and given it all sorts of permission",1,0,2025-05-08 07:42:32,9a5d91ac-1c82-4a87-85b1-42d5625cd83b,4.8272057,"500,000+"
Yodha Daily,com.yodhaapp.dailyhoroscope,horoscope not updating,5,0,2025-05-08 00:19:39,7ad743b3-6ee0-47ae-a784-109e7d8eeaa3,4.8272057,"500,000+"
Yodha Daily,com.yodhaapp.dailyhoroscope,needs more work on the interface,2,0,2025-05-07 22:55:57,ae7ab175-2b6d-4632-b3c9-4a549e657e04,4.8272057,"500,000+"
Yodha Daily,com.yodhaapp.dailyhoroscope,Not Opening,1,0,2025-05-07 21:49:17,25dfa75a-f1bf-4ee3-bb29-f65abff0a403,4.8272057,"500,000+"
Yodha Daily,com.yodhaapp.dailyhoroscope,app is not working.. plz work on it.. this is my favourite app,1,0,2025-05-07 21:49:06,edef16a1-9bf9-43b3-ac34-df99554f7786,4.8272057,"500,000+"
Yodha Daily,com.yodhaapp.dailyhoroscope,predictions are often accurate and corresponding .. nice app 👍,4,0,2025-05-07 20:58:48,647699ad-4de9-42ce-942c-4e14f5b681c3,4.8272057,"500,000+"
Yodha Daily,com.yodhaapp.dailyhoroscope,"Earlier there used to be correct prediction, but from last few days it is not predicting as it used to",4,0,2025-05-07 20:50:23,61e4aa55-2626-490d-a63f-4ef38251f78a,4.8272057,"500,000+"
Yodha Daily,com.yodhaapp.dailyhoroscope,I've been using this and Yodha Pro since 2021 and love it so much.,5,1,2025-05-07 20:02:02,ef34bfc1-d683-4ff4-a680-f7c27813b640,4.8272057,"500,000+"
Yodha Daily,com.yodhaapp.dailyhoroscope,I use to read horoscope daily but from todays evening the app is not working well...it's not loading the prediction and showing try again page everytime..please fix this issue asap,4,1,2025-05-07 19:25:09,3b14833e-c7e7-410f-ba73-739a6bee5a24,4.8272057,"500,000+"
Yodha Daily,com.yodhaapp.dailyhoroscope,I find this astrology app to be quite accurate as to pertaining to my day.,5,1,2025-05-07 05:25:00,956d5324-9443-444c-a8a6-aa9e9976e809,4.8272057,"500,000+"
Yodha Daily,com.yodhaapp.dailyhoroscope,Is this real stuff,3,0,2025-05-01 14:04:14,21327f51-b850-49db-9888-4cc89b50bd61,4.8272057,"500,000+"
Yodha Daily,com.yodhaapp.dailyhoroscope,l trust this horoscope,5,0,2025-04-23 08:36:13,1a4a6be0-7ed5-4765-a81e-4d582dc5eee6,4.8272057,"500,000+"
Yodha Daily,com.yodhaapp.dailyhoroscope,it's awesome and predictions are very very accurate. keep up the great work THANKS,5,0,2025-04-21 11:25:59,cf7c8091-35dc-46bb-aa59-6ae4a5687141,4.8272057,"500,000+"
Yodha Daily,com.yodhaapp.dailyhoroscope,Very impractical and superficial predictions without purpose which not only difficult to understand but confuses us.,1,0,2025-04-21 09:52:06,25edac05-aed5-40d1-a393-d2d449bc9826,4.8272057,"500,000+"
Yodha Daily,com.yodhaapp.dailyhoroscope,Daily pridiction is not even close 1 % to the actual situations ☹️. Don't know what stories your astrologers write in the predictions 🤦. My advise is pls stop this app. don't make fun with us .☹️☹️☹️,1,0,2025-04-16 23:55:34,dae57a59-165a-44b6-84a8-b6844017745c,4.8272057,"500,000+"
Yodha Daily,com.yodhaapp.dailyhoroscope,very understanding i like it,5,0,2025-04-11 15:08:18,47e4e3d7-7852-40fa-8520-db8f7ee4714e,4.8272057,"500,000+"
Yodha Daily,com.yodhaapp.dailyhoroscope,quite accurate,4,0,2025-03-29 09:10:11,89cd1b7e-b27f-443a-aedf-25b6752956e5,4.8272057,"500,000+"
Yodha Daily,com.yodhaapp.dailyhoroscope,This app is very wonderful that can tell you accurate future happening and guidance to follows your days.,5,0,2025-03-29 02:46:06,aeab9dc2-051f-4b87-94e6-e5fb5401fd2a,4.8272057,"500,000+"
Yodha Daily,com.yodhaapp.dailyhoroscope,90% precise predictions,5,0,2025-03-28 08:59:30,8b1b0395-159d-4923-91bf-7cfa387bd2e0,4.8272057,"500,000+"
Yodha Daily,com.yodhaapp.dailyhoroscope,"absolutely, I absolutely love this app, so true and accurate by means possible. you'll enjoy it as much as I do. I promise. 💯",5,0,2025-03-28 01:44:34,51d2d11f-06fd-480a-b383-f35db6c742aa,4.8272057,"500,000+"
Yodha Daily,com.yodhaapp.dailyhoroscope,"I'm just starting, but it seems great!",5,0,2025-03-27 17:34:19,898d25ae-4a69-41f4-8396-2743de615be1,4.8272057,"500,000+"
Yodha Daily,com.yodhaapp.dailyhoroscope,"Whatever this happening on the particular day, without any mistakes, this app could predict it well 🎀",5,0,2025-03-17 07:01:00,873ac525-1c40-4316-a528-a831f5b7a3b2,4.8272057,"500,000+"
Yodha Daily,com.yodhaapp.dailyhoroscope,This is amazing and accurate. Thanks for your guidance.,5,0,2025-03-15 11:19:09,5b58bf89-4f76-4880-b228-6c52c462028a,4.8272057,"500,000+"
Yodha Daily,com.yodhaapp.dailyhoroscope,Provides good reading each day! I find it more of an advice rather than astrology but it helps both ways.,4,0,2025-03-12 05:45:54,f5076277-e788-486d-8213-75b7f09b2431,4.8272057,"500,000+"
Yodha Daily,com.yodhaapp.dailyhoroscope,I have following this app since 2017 and I still like to read daily prediction. Sometimes I don't get what is being said but sometimes it's like they are with me 25/7 and know everything about me. I really love those insights. Keep guiding me. Thank you to all the lovely souls who is in one way or other working out for my well being. Thank you.,5,0,2025-03-11 23:37:30,0b7d4084-2008-4d31-920f-aa398029db28,4.8272057,"500,000+"
Yodha Daily,com.yodhaapp.dailyhoroscope,Very accurate ❤️,5,0,2025-03-11 12:48:27,b8043c25-61da-40d7-ab71-f3710a13b213,4.8272057,"500,000+"
Yodha Daily,com.yodhaapp.dailyhoroscope,This app is real,5,0,2025-03-09 22:38:28,dd5cf770-2410-4974-91ee-113cc985be24,4.8272057,"500,000+"
Yodha Daily,com.yodhaapp.dailyhoroscope,"Very accurate, have used yodha for a while now as they seem to actually know what they are talking about. Would definitely recommend...",5,0,2025-03-09 06:22:31,2931be60-0f37-4070-bab9-60fefa2488bc,4.8272057,"500,000+"
Yodha Daily,com.yodhaapp.dailyhoroscope,One of the good app out of many. 🙌,5,0,2025-03-05 23:26:19,de3b039b-3055-42fb-be1f-abb122a8a3cb,4.8272057,"500,000+"
Yodha Daily,com.yodhaapp.dailyhoroscope,Just try to give the next horoscope reading my 12midnight it give more assurance to the world but the app is prefer,5,0,2025-03-05 16:02:07,c519f216-e467-4195-b4d7-9ecbc1dea7db,4.8272057,"500,000+"
Yodha Daily,com.yodhaapp.dailyhoroscope,"Great app and fairly accurate answers and predictions in response to the questions, I have a big problem and it's on me not the app and it's USA sanctions on my country Iran and hence I can't use the international banking platform to buy voucher and ask my one question and it's a huge blow and I wish they see this and help me because it's a defining moment for me and I kinda stuck on choosing between 2 opposite ways",5,0,2025-02-27 23:33:55,4e089a79-4f65-4b98-90fa-44a0f88642f2,4.8272057,"500,000+"
Yodha Daily,com.yodhaapp.dailyhoroscope,"I get general advice every day from experts, some vague, some helpful.",5,0,2025-02-24 18:40:43,9236dffa-9485-47c7-9423-37d9b3c2aa89,4.8272057,"500,000+"
Yodha Daily,com.yodhaapp.dailyhoroscope,"These guys making app to control psychologically to the people. It's fun , but not true at all . Dramebaz heroscop",5,0,2025-02-23 05:39:20,ec1fd9f4-ab87-4e7f-a60a-ed96699292e0,4.8272057,"500,000+"
Yodha Daily,com.yodhaapp.dailyhoroscope,It was lill accurate.,4,0,2025-02-12 11:15:17,74dee11c-720d-47c1-b2da-b6fb7fa573e4,4.8272057,"500,000+"
Yodha Daily,com.yodhaapp.dailyhoroscope,Very Authentic and Guiding,5,0,2025-02-08 20:46:52,f2b1d54a-1037-4feb-9156-13d7a88a4cfc,4.8272057,"500,000+"
Yodha Daily,com.yodhaapp.dailyhoroscope,Best forcast.. absolutely helpful in planning your day and behaviour..,5,0,2025-02-06 09:28:31,38a5ca44-479c-46f1-83c9-c6a66c8d8679,4.8272057,"500,000+"
Yodha Daily,com.yodhaapp.dailyhoroscope,The messages are always so true about me and thanks a lot .,5,0,2025-02-05 20:37:48,3ee5ecf2-a6fc-471e-bf7f-38b925c00835,4.8272057,"500,000+"
Yodha Daily,com.yodhaapp.dailyhoroscope,Very helpful,5,0,2025-02-02 18:20:52,b13403cd-de0d-41e0-b83a-38b68db0b6aa,4.8272057,"500,000+"
Yodha Daily,com.yodhaapp.dailyhoroscope,Good for future,4,0,2025-01-31 19:11:25,b2ccc9b9-e1da-4041-8c2b-b45e23b41023,4.8272057,"500,000+"
Yodha Daily,com.yodhaapp.dailyhoroscope,I love this great app. Thank you Yodha team. 🙏,5,0,2025-01-31 04:32:31,e741f674-09af-4138-9645-f0e6ba7c6ff7,4.8272057,"500,000+"
Yodha Daily,com.yodhaapp.dailyhoroscope,Most often the horoscope truly talks about my daily activities .,5,0,2025-01-25 11:50:39,3a17035b-608a-48d8-9b3d-2c9e53ce65e2,4.8272057,"500,000+"
Yodha Daily,com.yodhaapp.dailyhoroscope,so far it's a good app. prob the best one I've found so far. every one has been on point to my situations n daily life. love this app!!,5,0,2025-01-25 02:02:00,9dbcf2d0-43e1-4a90-ac06-903d933d1197,4.8272057,"500,000+"
Yodha Daily,com.yodhaapp.dailyhoroscope,Very good app like yodha pro. I recommend it.,5,0,2025-01-25 00:30:25,b2b83fbb-61c6-46da-af01-92badde7dbb0,4.8272057,"500,000+"
Yodha Daily,com.yodhaapp.dailyhoroscope,It is very good to read about your daily horoscope and I really love it.,5,0,2025-01-23 06:32:45,12b4ddf1-5bce-49b0-a4f5-1f5a260edacb,4.8272057,"500,000+"
Yodha Daily,com.yodhaapp.dailyhoroscope,I like this app because the readings can be accurate or close to it and it's got some good advice too. I enjoy it alot!,5,0,2025-01-22 15:03:42,890146fe-5fde-4b43-b1dd-53929d1ca401,4.8272057,"500,000+"
Yodha Daily,com.yodhaapp.dailyhoroscope,Very entertaining and quick responses,5,0,2025-01-21 04:34:46,895996eb-270f-4cd9-bc01-cfdae3cfd538,4.8272057,"500,000+"
Yodha Daily,com.yodhaapp.dailyhoroscope,It's become my habit to read it daily. Very inspiring and motivational words with guidance on how to deal with a situation that may be coming into our life.,5,0,2025-01-21 00:35:51,d4017cd5-e523-4326-8fe8-ce3097c27ea3,4.8272057,"500,000+"
Yodha Daily,com.yodhaapp.dailyhoroscope,Very good app,5,0,2025-01-20 18:41:04,a43864ab-e671-495a-ac9b-801791d96efc,4.8272057,"500,000+"
Yodha Daily,com.yodhaapp.dailyhoroscope,"Like it,love it.thanks.",5,0,2025-01-19 22:08:01,d86d5be3-6e1a-461d-926b-3a7cfe7f12dd,4.8272057,"500,000+"
Yodha Daily,com.yodhaapp.dailyhoroscope,Accurate forecast most of the time,5,0,2025-01-19 19:57:01,cf465ed3-b9bc-4723-ad70-6c11f6e6fed1,4.8272057,"500,000+"
Yodha Daily,com.yodhaapp.dailyhoroscope,These are spot on . Very true to what is happening right now. Strongly suggest this app to others.,5,0,2025-01-18 22:37:48,29259aeb-0d04-4f80-9df7-bfa5d4063c66,4.8272057,"500,000+"
Yodha Daily,com.yodhaapp.dailyhoroscope,This is really very helpful to understand that where it is need to control to your own emotions and action.,4,0,2025-01-16 20:07:59,de5d1a59-e219-46e0-8868-0645bc565730,4.8272057,"500,000+"
Yodha Daily,com.yodhaapp.dailyhoroscope,One of the best horoscope apps i found,5,0,2025-01-15 16:28:08,99482338-dffa-4e07-b6d7-6f1e2b569d9e,4.8272057,"500,000+"
Yodha Daily,com.yodhaapp.dailyhoroscope,Everything has been spot on. None of the cookie cutter readings. 2025 started off with a bang with so many changes so it's helpful to receive clarity on what to address first that resonates with me.,5,0,2025-01-15 03:38:22,20c5b438-d1da-4ab5-a569-3b13f19ee2af,4.8272057,"500,000+"
Yodha Daily,com.yodhaapp.dailyhoroscope,Not properly provided... Future of the day,1,0,2025-01-13 20:20:58,4b04c529-4d57-4d80-b939-851da38d240d,4.8272057,"500,000+"
Yodha Daily,com.yodhaapp.dailyhoroscope,"It's an okay app. It's not that great. Especially the fav color of the day they don't mention, but they just put the color in a circle. Their customer service do not get back to you if you reach out to them for any issue. Its almost the same horoscope I see for scorpio, every day.",3,0,2025-01-03 00:12:15,95ad9eab-d4af-4037-a238-3f282416960e,4.8272057,"500,000+"
Yodha Daily,com.yodhaapp.dailyhoroscope,Good day. I very much like this app. Most predictions though subtle are so encouraging and satisfying. Thank you,4,0,2024-12-31 12:27:10,985e1edd-37a4-4617-92c6-4ce93b43810e,4.8272057,"500,000+"
Yodha Daily,com.yodhaapp.dailyhoroscope,Nice app but confused about It's accuracy,5,0,2024-12-26 18:57:09,05e2b189-afd5-4d9e-9759-c023f68c43ed,4.8272057,"500,000+"
Yodha Daily,com.yodhaapp.dailyhoroscope,Inspiring and precise,5,0,2024-12-23 09:12:41,42dd5bac-6f5f-419a-b8ac-efadc3eb2b9c,4.8272057,"500,000+"
Yodha Daily,com.yodhaapp.dailyhoroscope,Fun especially for a free app.,5,0,2024-12-22 08:32:05,e0f7fe4c-d558-4c0d-82aa-3a18067c98b9,4.8272057,"500,000+"
Yodha Daily,com.yodhaapp.dailyhoroscope,"It is a great app for daily reflections. In a way, lowkey giving advice. My suggestion is can you guys make a widget for this one so that every day I can read the horoscope on my homescreen. Its a nice app to decorate my phone hehehehehe",5,0,2024-12-18 16:58:26,0ee1bf82-c1e0-470b-ac95-1e4f6e155f24,4.8272057,"500,000+"
Yodha Daily,com.yodhaapp.dailyhoroscope,I have been using this app since 2017 ...astologers are very knowledgeable.,5,0,2024-12-10 18:30:19,98a42739-e5ed-4217-bb1e-ec924dc5fbc1,4.8272057,"500,000+"
Yodha Daily,com.yodhaapp.dailyhoroscope,Seems to fit my life,4,0,2024-12-10 05:27:29,19dfa68f-16e8-4950-b278-cbea6a7a951f,4.8272057,"500,000+"
Yodha Daily,com.yodhaapp.dailyhoroscope,I'm really getting to enjoy the app and I do understand it. Danko➡️🫸🫷⬅️,5,0,2024-12-10 02:54:24,4bfe9c2e-0572-463b-8cb2-5a82431a6722,4.8272057,"500,000+"
Yodha Daily,com.yodhaapp.dailyhoroscope,Very Good app,5,0,2024-12-08 19:22:38,ce34c7c5-b489-4d65-bb35-5b9c419a2169,4.8272057,"500,000+"
Yodha Daily,com.yodhaapp.dailyhoroscope,My top go to for the celestial weather,5,0,2024-12-08 07:37:58,7a373f69-fee4-4112-adf3-683b0ce2a841,4.8272057,"500,000+"
Yodha Daily,com.yodhaapp.dailyhoroscope,everything i resonate and comes true .. thanks 😊,5,0,2024-12-05 08:46:14,d7d349b5-bb31-481f-ae00-d515949b0dfa,4.8272057,"500,000+"
Yodha Daily,com.yodhaapp.dailyhoroscope,Give best details of the day,5,0,2024-12-03 03:07:52,aeea6ef7-42ed-4502-b177-249d1bb468a6,4.8272057,"500,000+"
Yodha Daily,com.yodhaapp.dailyhoroscope,days of junks sentences for predictions.,1,0,2024-12-02 12:24:04,bf3ef19b-4b47-469e-a12b-cab1bf3214e4,4.8272057,"500,000+"
Yodha Daily,com.yodhaapp.dailyhoroscope,Useful except some just minor days of motiviation that doesn't mathes the event.,4,0,2024-12-01 18:51:34,02717c17-4c49-4119-b2ca-7658d682ea71,4.8272057,"500,000+"
Yodha Daily,com.yodhaapp.dailyhoroscope,"the accuracy is on point whether the horoscope of tomorrow was meant for today,the accuracy of each day shocks me..love the app",5,0,2024-11-28 22:39:30,b7af32fd-b3d3-4fb0-abc1-d742573e2569,4.8272057,"500,000+"
Yodha Daily,com.yodhaapp.dailyhoroscope,Good and helpful app,5,0,2024-11-17 22:08:39,e62f9f2d-9a82-4ab2-9f11-6c74737b5294,4.8272057,"500,000+"
Yodha Daily,com.yodhaapp.dailyhoroscope,Relatable predictions👍👍👍,4,0,2024-11-17 19:21:58,45293181-b31c-4b39-a300-c0dd53308bc3,4.8272057,"500,000+"
Yodha Daily,com.yodhaapp.dailyhoroscope,"Daily horoscope is truly helpful, my concern and I do arrange myself accordingly to avoid any misshaping . Great 👍",5,0,2024-11-17 01:26:26,4437d969-31a2-4400-89d5-392de6de2535,4.8272057,"500,000+"
Yodha Daily,com.yodhaapp.dailyhoroscope,I love this app and its prediction but sometimes I can't understand what it say so I give it 4star.. I don't know these horoscope is right or wrong but it is very impressive and motivating always spread a positive vibrates and after reading it feeling cool love this aap...❤️,5,0,2024-11-09 21:16:09,293287d5-8db6-4fc3-9a0b-35fe8c7ac68f,4.8272057,"500,000+"
Yodha Daily,com.yodhaapp.dailyhoroscope,"The kundali of mine which this app has created is not accurate. So I'm in confusion whether the horoscope they're showing will be accurate or not. But I can say the jyotishs here, are very talented and answers our questions accurately in comparison to other astrology apps. I find yodha and astroveda more accurate than other apps. Can you guys recheck my kundali? I'm having doubt.",3,0,2024-11-05 07:47:41,6a791e75-431b-4a91-8405-2836eea7a42d,4.8272057,"500,000+"
Yodha Daily,com.yodhaapp.dailyhoroscope,Simply Superb and 100% accurate predictions,5,0,2024-11-03 13:00:43,cd9440db-3c28-4814-bbff-c2c02c1c8059,4.8272057,"500,000+"
Yodha Daily,com.yodhaapp.dailyhoroscope,"Since day one this app has been on point about my horoscope, every single day. I've never come across one where I'm confused or unsure about what they are saying. It has helped me to navigate through my everyday, to know when and how to act or react and when not to.",5,0,2024-10-28 12:02:29,eea3040d-a862-4f89-8f92-143cb73e79e8,4.8272057,"500,000+"
Yodha Daily,com.yodhaapp.dailyhoroscope,My horoscope is always dead on with wats going on in my everyday life,5,0,2024-10-25 04:54:08,44691853-d00c-4125-88e0-25834c8f9081,4.8272057,"500,000+"
Yodha Daily,com.yodhaapp.dailyhoroscope,"If you can read between the lines of the astrologers prediction, then this app predicts perfectly",4,0,2024-10-22 22:08:32,17ab6e3b-fbf1-4df7-b0ec-e66ee8bbe25c,4.8272057,"500,000+"
Yodha Daily,com.yodhaapp.dailyhoroscope,Daily info is great,5,0,2024-10-21 16:39:45,1a365548-5003-41fd-8476-419e88b20119,4.8272057,"500,000+"
Yodha Daily,com.yodhaapp.dailyhoroscope,Very very good,5,0,2024-10-18 22:25:42,0fcaeb94-1839-4a56-85e9-cd1d4afc6ca0,4.8272057,"500,000+"
Yodha Daily,com.yodhaapp.dailyhoroscope,This is truly an exceptional app compared to any of the other astrology apps! The daily and periodical predictions they give are perfectly spot on and help in getting my mind set right and drive away all imagined fears.,5,0,2024-10-18 20:01:16,d06501b1-a3a3-4be1-bb12-bacfb76e1708,4.8272057,"500,000+"
Yodha Daily,com.yodhaapp.dailyhoroscope,Good prediction I like it,5,0,2024-10-17 18:35:18,5e4fbe39-5c13-4c8f-84f2-576ed4c4f584,4.8272057,"500,000+"
Yodha Daily,com.yodhaapp.dailyhoroscope,quite apt a lot of times,4,0,2024-10-16 22:59:13,d70048b2-0590-4e9f-9814-826ec6c8b980,4.8272057,"500,000+"
Yodha Daily,com.yodhaapp.dailyhoroscope,Excellent resonating,5,0,2024-10-16 16:15:20,918763c3-4002-44ce-befa-d6fb6d509f13,4.8272057,"500,000+"
Yodha Daily,com.yodhaapp.dailyhoroscope,Really pleased with the accuracy of this horoscope app!!!,5,0,2024-10-13 01:52:28,9cdb4bec-13b3-4b21-9009-f396d10d0a0a,4.8272057,"500,000+"
Yodha Daily,com.yodhaapp.dailyhoroscope,Great and on point,5,0,2024-10-12 09:15:24,64a82137-fe89-4c6f-a6fe-36bf4273eb23,4.8272057,"500,000+"
Yodha Daily,com.yodhaapp.dailyhoroscope,All my predictions are pretty spot on. Kinda blows me away!!,5,0,2024-10-08 05:53:26,62dab535-4d9e-40d3-a7c3-82b7eec99824,4.8272057,"500,000+"
Yodha Daily,com.yodhaapp.dailyhoroscope,Very good and excellent,5,0,2024-10-07 04:42:02,adae3595-68e9-45cd-9860-f6348434581e,4.8272057,"500,000+"
Yodha Daily,com.yodhaapp.dailyhoroscope,The best of,5,0,2024-10-05 06:31:04,9285e5d5-2eba-4b60-b826-df1ccd885004,4.8272057,"500,000+"
Yodha Daily,com.yodhaapp.dailyhoroscope,Best app ever,5,0,2024-10-04 23:32:45,a4af07ba-4469-4b03-b4b4-7e6aad313935,4.8272057,"500,000+"
Yodha Daily,com.yodhaapp.dailyhoroscope,Trustworthy,5,0,2024-10-03 19:23:19,3af8e832-b6ca-47af-a299-c26e748a4f1e,4.8272057,"500,000+"
Yodha Daily,com.yodhaapp.dailyhoroscope,I like the App. It's really guiding me through a lot.,4,0,2024-09-28 03:57:43,d7a59187-9892-405b-abc1-b89b08ad50f7,4.8272057,"500,000+"
Yodha Daily,com.yodhaapp.dailyhoroscope,Prophecies are real,5,0,2024-09-26 01:02:33,8ae871e8-2d45-40c6-b4c1-43a7d54717a3,4.8272057,"500,000+"
Yodha Daily,com.yodhaapp.dailyhoroscope,Love u guys,5,0,2024-09-25 23:38:47,be2fd410-7c7a-47b6-b698-7692d175004f,4.8272057,"500,000+"
Yodha Daily,com.yodhaapp.dailyhoroscope,Getting daily insights a day early helps us prepare for potential disruptions and stay on track,5,0,2024-09-25 09:45:24,718f96d6-1a59-4c3a-b568-b4c41939bb14,4.8272057,"500,000+"
Yodha Daily,com.yodhaapp.dailyhoroscope,Great. I'm feeling very lucky.,5,0,2024-09-24 12:51:36,f72ca538-1580-4d2b-94bd-db556e65f5cf,4.8272057,"500,000+"
Yodha Daily,com.yodhaapp.dailyhoroscope,This is very helpful app. I got horoscope daily which is actually related with my life,5,0,2024-09-23 08:08:34,83d67327-7aaa-4fc5-880d-44a63d3d69b5,4.8272057,"500,000+"
Yodha Daily,com.yodhaapp.dailyhoroscope,I love the Yoda horoscopes I feel confident they are super accurate and I have asked questions about my relationship and these guys were spot on and very helpful in providing me with good advice and a clear reason as to why they suggested their ideals. I highly recommend their apps I have all three on my phone! They are convenient they are not at all pushy with sales and they are only in your phone with alerts as much as you say they can be! I hope this info help!,5,0,2024-09-20 09:30:23,120568aa-e379-43b3-b349-41d4b041c0b5,4.8272057,"500,000+"
Yodha Daily,com.yodhaapp.dailyhoroscope,Nice experience with Yoddha. Using since 2016. Accurate predictions,5,0,2024-09-19 00:07:27,eff1086a-52d9-459a-b824-0aecba6e3964,4.8272057,"500,000+"
Yodha Daily,com.yodhaapp.dailyhoroscope,Really love reading the daily horoscopes. It ranges from random to somewhat accurate to scarily accurate. But one thing it definitely does is put me in a better mood when I'm done. It makes me introspect about certain things that I have never considered. One thing I'd suggest is to have the ability to backup and restore data. It's fine even if it's local.,4,18,2024-09-16 21:07:25,ef308f23-bdc8-48e2-83d5-4c2cb0f43b61,4.8272057,"500,000+"
Yodha Daily,com.yodhaapp.dailyhoroscope,Most accurate prediction I have ever experienced.,5,0,2024-09-13 19:33:25,2a066cc4-25f9-460c-99db-f99092cccc3e,4.8272057,"500,000+"
Yodha Daily,com.yodhaapp.dailyhoroscope,Such a great app ❤️❤️❤️❤️❤️,5,0,2024-09-11 04:44:30,9bce485a-1b10-41af-bc44-38812a2e4df1,4.8272057,"500,000+"
Yodha Daily,com.yodhaapp.dailyhoroscope,"Exceptional predictions. Good, hassle free app.",5,0,2024-09-08 19:10:32,ac64d2ca-5595-464c-8362-4887c3a62ddc,4.8272057,"500,000+"
Yodha Daily,com.yodhaapp.dailyhoroscope,Daily horoscopes are 70-80% accurate.,5,0,2024-09-05 19:24:38,1ac9fdaa-a859-43e4-a68f-cdd0e53cab35,4.8272057,"500,000+"
Yodha Daily,com.yodhaapp.dailyhoroscope,Extremely nonspecific nonsense,5,0,2024-09-05 03:18:32,edcbf839-5856-4938-8ee2-ec40429d1b2c,4.8272057,"500,000+"
Yodha Daily,com.yodhaapp.dailyhoroscope,My favourite horoscopes.,5,0,2024-09-04 03:05:39,0c075de6-cce4-47cf-8a1d-1b8531332a7e,4.8272057,"500,000+"
Yodha Daily,com.yodhaapp.dailyhoroscope,Very useful,5,0,2024-08-29 22:37:46,e05ecfcc-d639-4de5-b1a9-ae58f097c084,4.8272057,"500,000+"
Yodha Daily,com.yodhaapp.dailyhoroscope,Best app ever it's always a good look at myself and my current situation I encourage everyone to at least try this amazing app.,5,0,2024-08-29 09:25:39,57fe4e76-3758-4fca-a3a9-439b1bec0c7c,4.8272057,"500,000+"
Yodha Daily,com.yodhaapp.dailyhoroscope,"I've never used an astrology application like Yodha before. The app is incredibly user-friendly and easy to navigate, even for a beginner like me. The astrologer's insights were spot on and truly helpful. But what really impressed me was the customer care service they were responsive, friendly, and went above and beyond to address my queries. I've tried other apps before, but Yodha stands out from the rest.The entire experience was seamless and impressive. I would definitely recommended use this",5,2,2024-08-28 20:45:33,9013940a-4249-4aa0-b8b2-e12dffdd92c9,4.8272057,"500,000+"
Yodha Daily,com.yodhaapp.dailyhoroscope,Great app guys so give it a try.,5,0,2024-08-28 12:22:20,07531d5e-c43a-449f-a8bb-42619217e044,4.8272057,"500,000+"
Yodha Daily,com.yodhaapp.dailyhoroscope,overall nice,5,0,2024-08-27 18:25:12,0111272a-8e51-47c6-943b-343d0c446e62,4.8272057,"500,000+"
Yodha Daily,com.yodhaapp.dailyhoroscope,"This is the best app i ve seen so far, readings and predictions a accurate,thanks for your good work.",4,0,2024-08-23 04:07:53,840379ad-fb55-4a98-b3ce-1d9eec05cdf2,4.8272057,"500,000+"
Yodha Daily,com.yodhaapp.dailyhoroscope,I love this app,5,0,2024-08-20 23:23:40,e8e4cb55-95d3-4f6b-8fd2-3be146f5cc62,4.8272057,"500,000+"
Yodha Daily,com.yodhaapp.dailyhoroscope,Most of the things are true 👍✨,4,0,2024-08-16 19:16:02,1a36f730-8b39-4eda-b609-12b16ec9a34b,4.8272057,"500,000+"
Yodha Daily,com.yodhaapp.dailyhoroscope,Good platform and Good astrologer to guide us in life that you,5,0,2024-08-12 06:37:15,9dd8988e-6655-4348-ae5b-9ad12b927f23,4.8272057,"500,000+"
Yodha Daily,com.yodhaapp.dailyhoroscope,I like this app,5,0,2024-08-07 11:23:09,6e02914f-7205-4508-918b-5cf2a65ff920,4.8272057,"500,000+"
Yodha Daily,com.yodhaapp.dailyhoroscope,It's on the nose everyday and if I forget to read it that day I promise you it's right on the nose when you do read it it helps me understand myself because sometimes I don't understand,5,0,2024-08-07 05:42:51,dc28ea9e-e3b7-415e-8fe5-237ea26a2fe1,4.8272057,"500,000+"
Yodha Daily,com.yodhaapp.dailyhoroscope,I like this app.,5,0,2024-08-06 07:25:18,21a0d225-3393-4347-ba83-dcd310b8a9bd,4.8272057,"500,000+"
Yodha Daily,com.yodhaapp.dailyhoroscope,From many years am using this app excellent guide to my life now I addicted to this,5,0,2024-08-01 21:07:25,2400730e-b032-41af-b3bb-93666171bbf9,4.8272057,"500,000+"
Yodha Daily,com.yodhaapp.dailyhoroscope,Very enlightening! I definitely recommend this!,5,0,2024-07-30 11:22:18,cc101a81-f2c5-4d15-b8b0-287216ef49da,4.8272057,"500,000+"
Yodha Daily,com.yodhaapp.dailyhoroscope,Helpful app tnkss Yodha team,4,0,2024-07-29 22:09:38,935f653b-b4d7-4d48-af8f-541b85306cb8,4.8272057,"500,000+"
Yodha Daily,com.yodhaapp.dailyhoroscope,basic and user-friendly.,4,0,2024-07-27 00:23:21,6376b267-54e1-4246-9fc9-9759c1c50f5d,4.8272057,"500,000+"
Yodha Daily,com.yodhaapp.dailyhoroscope,Makes for a better day to know myself,5,0,2024-07-26 06:23:03,c9c5744e-b187-4673-aa39-42cef0f194ff,4.8272057,"500,000+"
Yodha Daily,com.yodhaapp.dailyhoroscope,"I love this app and they other app too, it been great experience using it 🤗",5,0,2024-07-25 23:56:15,a778addb-540e-4bfe-a2e2-e8970d8ee5ee,4.8272057,"500,000+"
Yodha Daily,com.yodhaapp.dailyhoroscope,Very insightful,5,0,2024-07-25 14:35:52,dbe3461d-4f3d-4736-9d60-4ba9a8a73e7c,4.8272057,"500,000+"
Yodha Daily,com.yodhaapp.dailyhoroscope,"I didn't believe it before but now I do. I tried to compare what it says with what's happening day to day, it's accurate.",5,0,2024-07-23 05:17:08,2c828b93-0729-4c97-bb4e-4c3f5d05386d,4.8272057,"500,000+"
Yodha Daily,com.yodhaapp.dailyhoroscope,Always accurate,5,0,2024-07-22 02:08:00,7b9ca15f-96c4-4590-9a99-1326a6e82621,4.8272057,"500,000+"
Yodha Daily,com.yodhaapp.dailyhoroscope,"**UPDATE** 2 years later, and I'm still enjoying the daily horoscope! I've found that most days, my horoscope is pretty spot on for what I'm going through at the time. These are not generic horoscopes that would apply to most people. They are specific enough to make me believe they are specifically for me. I've really enjoyed my daily horoscope. ☺️",5,1,2024-07-20 17:44:52,7ee50214-6b51-412b-a185-ed80986829bd,4.8272057,"500,000+"
Yodha Daily,com.yodhaapp.dailyhoroscope,I like reading my horoscope,5,0,2024-07-18 16:33:51,393be2a3-49d7-4dde-bcd3-bcd8fdc1735e,4.8272057,"500,000+"
Yodha Daily,com.yodhaapp.dailyhoroscope,I love you so much Good yodha team... You've helped me a lot in my career and life time. Bless you more,5,0,2024-07-18 00:05:34,cbd350b3-3fb1-46e4-bb47-17c4fa5cff4f,4.8272057,"500,000+"
Yodha Daily,com.yodhaapp.dailyhoroscope,"This apps is awesome, it exactly do what I want.",5,0,2024-07-13 13:21:08,8ac0bf3c-e182-4153-8bcf-d0e41f8f68cb,4.8272057,"500,000+"
Yodha Daily,com.yodhaapp.dailyhoroscope,Very useful app for our future decisions,5,0,2024-07-09 10:59:07,47f740fe-b9a8-428a-a12f-2761fba54261,4.8272057,"500,000+"
Yodha Daily,com.yodhaapp.dailyhoroscope,Very good experience with his app they are very accurate do use this and feel blessed enjoyed using this app,5,0,2024-07-06 13:47:56,af86f11f-fb3d-46f1-a778-88c9148e0fbd,4.8272057,"500,000+"
Yodha Daily,com.yodhaapp.dailyhoroscope,Yodha delivers the essence of vedic astrology in a succinct and practical manner. It presents not only the astrological condition but also articulates the impact of the present in a lucid manner. amazing. Very grateful. Guru,5,0,2024-07-03 00:09:40,d6345696-e1e1-4645-a47f-468e3123dadd,4.8272057,"500,000+"
Yodha Daily,com.yodhaapp.dailyhoroscope,I feel I relate really great.,5,0,2024-07-02 11:06:45,bb6dae9c-1054-4ed8-8787-c2e2f347c836,4.8272057,"500,000+"
Yodha Daily,com.yodhaapp.dailyhoroscope,Loved it .... Every time I read my horoscope it's feel like yes it's true it's really about me I really recommend it,5,0,2024-06-30 20:54:52,e6ad2e78-0bb8-485a-936d-4993ecb198bb,4.8272057,"500,000+"
Yodha Daily,com.yodhaapp.dailyhoroscope,Perfect match,5,0,2024-06-26 22:36:34,3b2169b0-1892-481a-bece-667a07b6e87a,4.8272057,"500,000+"
Yodha Daily,com.yodhaapp.dailyhoroscope,"Good app, works well",5,0,2024-06-25 04:47:19,9648b04d-49b1-4b30-9ad2-81dc9179c434,4.8272057,"500,000+"
Yodha Daily,com.yodhaapp.dailyhoroscope,Accurate predictions,5,0,2024-06-23 13:18:43,742fb987-3585-4ad1-89b9-65e6586e1e93,4.8272057,"500,000+"
Yodha Daily,com.yodhaapp.dailyhoroscope,Very accurate. Very generous. Good part of the day.,5,0,2024-06-23 11:09:52,fab59a86-6ce0-4cb8-ae62-2588cde2a550,4.8272057,"500,000+"
Yodha Daily,com.yodhaapp.dailyhoroscope,Love this app!,5,0,2024-06-23 08:57:56,b6c68727-cbb1-428a-a5b8-a61a139b50c0,4.8272057,"500,000+"
Yodha Daily,com.yodhaapp.dailyhoroscope,Yodha astrologers are like a mentor and guide at all times.,5,0,2024-06-22 19:07:03,e86116f8-b341-49de-bf12-acd3ba8bcfcc,4.8272057,"500,000+"
Yodha Daily,com.yodhaapp.dailyhoroscope,It been good for me. The experience is really good and I feel like 👍 is a bit better than all the sites I have been on gratis time.,5,0,2024-06-22 18:34:34,e22ec196-7801-4a22-98f9-a324d88acced,4.8272057,"500,000+"
Yodha Daily,com.yodhaapp.dailyhoroscope,some of your readings resonated with me and thanks for making this app 💜💜💜,5,0,2024-06-22 17:00:58,d29f7245-63e1-41b3-9c02-4e563a4bfb84,4.8272057,"500,000+"
Yodha Daily,com.yodhaapp.dailyhoroscope,Yyodha very nice app It is very helpful to me many many thanks,5,0,2024-06-20 16:00:15,d436806b-532e-4570-acef-a985c083a30c,4.8272057,"500,000+"
Yodha Daily,com.yodhaapp.dailyhoroscope,Very thorough!,5,0,2024-06-19 02:30:54,d614ca99-4beb-41ad-9958-42c4e1cca22f,4.8272057,"500,000+"
Yodha Daily,com.yodhaapp.dailyhoroscope,"Free complimentary question doesn't seem to be working, don't make any promise for any free question if you cannot fulfill it.",1,0,2024-06-17 23:12:23,b60dc454-b825-4f04-9126-f45c6e0e6697,4.8272057,"500,000+"
Yodha Daily,com.yodhaapp.dailyhoroscope,Its amazing how you are able to read m? Energy at every point,5,0,2024-06-15 21:19:37,f39c35ad-6436-4fb7-aadb-8cb76e731f7c,4.8272057,"500,000+"
Yodha Daily,com.yodhaapp.dailyhoroscope,Good helpful advice,5,0,2024-06-12 11:53:49,ba31bc00-f7b8-49eb-be47-af0604e7cf63,4.8272057,"500,000+"
Yodha Daily,com.yodhaapp.dailyhoroscope,Successful 😃,5,0,2024-06-12 02:00:08,4f132bc3-dbd2-4dc3-9d03-6078d7ec733d,4.8272057,"500,000+"
Yodha Daily,com.yodhaapp.dailyhoroscope,Accurate prediction.,5,0,2024-06-11 07:14:14,23ba5048-ab67-4a93-8245-681c737b79ef,4.8272057,"500,000+"
Yodha Daily,com.yodhaapp.dailyhoroscope,Absolutely amazing.,5,0,2024-06-10 23:49:35,9c2eee4a-8c1d-4a99-a650-91c1149fddc7,4.8272057,"500,000+"
Yodha Daily,com.yodhaapp.dailyhoroscope,"informative, accurate prediction",5,0,2024-06-04 09:12:59,d9e62408-b134-4957-abed-e44d9bd3f823,4.8272057,"500,000+"
Yodha Daily,com.yodhaapp.dailyhoroscope,Very unique and specialized prediction,5,0,2024-06-04 07:57:20,8e168535-0ee5-47b7-acc7-a2546724d544,4.8272057,"500,000+"
Yodha Daily,com.yodhaapp.dailyhoroscope,This is the best app,5,0,2024-06-03 12:32:43,87e55848-0d85-4b20-8bdd-c46d56447679,4.8272057,"500,000+"
Yodha Daily,com.yodhaapp.dailyhoroscope,It's worth it,5,0,2024-06-03 05:42:44,e5383581-efff-46c4-84dc-5e6e399decb3,4.8272057,"500,000+"
Yodha Daily,com.yodhaapp.dailyhoroscope,Excellent 👍,5,0,2024-05-31 19:15:08,3b682b53-ea14-464a-90a7-2688f4ae77d3,4.8272057,"500,000+"
Yodha Daily,com.yodhaapp.dailyhoroscope,Very good and trustful,5,0,2024-05-31 00:22:05,1f6bf8a7-7484-434b-ab10-7c666e993f94,4.8272057,"500,000+"
Yodha Daily,com.yodhaapp.dailyhoroscope,Good predictions,5,0,2024-05-17 19:15:09,cf709f8a-d698-4d13-844a-d7049d31b4ea,4.8272057,"500,000+"
Yodha Daily,com.yodhaapp.dailyhoroscope,Third class app,1,0,2024-05-14 13:30:51,48547616-fdbe-4fd8-95d3-57e15f5770e0,4.8272057,"500,000+"
Yodha Daily,com.yodhaapp.dailyhoroscope,"Very very very appropriate, to an extent that sometimes I feel my mobile is bugged as their horoscopes are so accurate to the minutest details. I feel they are using some algorithm to bug my mobile and brain. Like seriously it's an honest review. I have this app for 2 years or so now or even before can't remember. Must have.",5,1,2024-05-14 01:22:39,64505c72-1434-46cb-acaa-8c9a714d6c02,4.8272057,"500,000+"
Yodha Daily,com.yodhaapp.dailyhoroscope,Nice app and I love the daily predictions,4,0,2024-05-10 20:44:16,334735e9-17bd-4a9a-991a-b2f19356cc11,4.8272057,"500,000+"
Yodha Daily,com.yodhaapp.dailyhoroscope,"Update -5/7/24 = New phone so installed again. I still love the great advice and at the right time. 4/2/24 - Still loving this app. 2/6/23 - First of all, no ads. That is amazing. I have used this app for literally years and it is the most accurate one I have ever used. It has great advice and I think that everyone should try it to see how accurate the horoscopes are. It's very helpful. Thank you.",5,4,2024-05-07 12:08:05,2ea75ab6-f661-4156-95e2-7d6e2bb44a07,4.8272057,"500,000+"
Yodha Daily,com.yodhaapp.dailyhoroscope,Accurate Prediction. Love it.,5,0,2024-05-06 09:54:29,ff84b082-8da0-4215-ac56-41b60a0d8563,4.8272057,"500,000+"
Yodha Daily,com.yodhaapp.dailyhoroscope,Very good like it thanks,5,0,2024-05-03 02:12:36,4a2cd455-fc36-4a95-aafc-35bd0c86b590,4.8272057,"500,000+"
Yodha Daily,com.yodhaapp.dailyhoroscope,thank you sir,5,0,2024-05-01 06:21:16,6fc5af91-0508-4ad1-acca-0f0e323081f0,4.8272057,"500,000+"
Yodha Daily,com.yodhaapp.dailyhoroscope,I've never had my daily horoscope be this accurate before. I'm utterly shocked. By fat the pest app for daily horoscope prediction.,5,0,2024-04-29 18:58:37,2103e5d5-3b8b-425d-90cb-5c11ead33b65,4.8272057,"500,000+"
Yodha Daily,com.yodhaapp.dailyhoroscope,I look forward to my daily messages,5,0,2024-04-27 10:31:10,248fa796-da6e-4a7b-922c-b26b1e98d401,4.8272057,"500,000+"
Yodha Daily,com.yodhaapp.dailyhoroscope,"This is the best app I know so far, very lovely and very friendly, if possible I can add to the stars I will give 100 stars ⭐⭐⭐⭐⭐⭐⭐⭐⭐.",5,4,2024-04-27 07:28:28,f5d465d4-8287-4e73-9af5-c5b97a302a96,4.8272057,"500,000+"
Yodha Daily,com.yodhaapp.dailyhoroscope,Good app so accurate,5,0,2024-04-14 04:30:08,b3597a35-95f3-492c-8d23-da0c9578240e,4.8272057,"500,000+"
Yodha Daily,com.yodhaapp.dailyhoroscope,"I believe in this app, most times it's very accurate",5,0,2024-04-10 02:47:20,672f88a2-98b9-4c95-8b3b-5d3ae7119dcc,4.8272057,"500,000+"
Yodha Daily,com.yodhaapp.dailyhoroscope,Highly recommended app! Much moreliable than it's counterparts. Support this like I did.,5,0,2024-04-08 14:55:25,ef68afee-e69a-4fdd-a01a-efe45590bdf8,4.8272057,"500,000+"
Yodha Daily,com.yodhaapp.dailyhoroscope,Fairly accurate.,5,0,2024-04-05 16:49:24,9f49c5db-eb0e-4c0f-9c76-a09889128eaa,4.8272057,"500,000+"
Yodha Daily,com.yodhaapp.dailyhoroscope,Very wrong prediction by this app. Very disappointing,1,0,2024-04-05 04:19:53,3c9b7fc0-ad61-4f44-a3aa-510259fd69ab,4.8272057,"500,000+"
Yodha Daily,com.yodhaapp.dailyhoroscope,Worst prediction. Totally irrelevant to the present situation.,1,0,2024-04-04 05:41:20,78e572e1-0b4d-4cb2-9e6a-63014529d131,4.8272057,"500,000+"
Yodha Daily,com.yodhaapp.dailyhoroscope,Very accurate and to the point,5,0,2024-04-04 00:25:16,b6cf7ba0-ecf5-47be-a2de-7b432aa07a3f,4.8272057,"500,000+"
Yodha Daily,com.yodhaapp.dailyhoroscope,I love to accuracy of your work....there's no words for you guys....gr8 job,5,0,2024-04-03 20:29:35,e66a3e07-419a-45a6-8414-532da88206f5,4.8272057,"500,000+"
Yodha Daily,com.yodhaapp.dailyhoroscope,The best part of this app is that they give an appropriate solution which helps us to select the right path,5,0,2024-04-01 19:42:48,d2836696-ca42-4697-9c76-bd456a11c2b0,4.8272057,"500,000+"
Yodha Daily,com.yodhaapp.dailyhoroscope,Every info I get here is nothing but the truth. It helps me alot,5,0,2024-03-26 01:51:07,e59619d1-bef2-4595-9465-988ff0f2a9c1,4.8272057,"500,000+"
Yodha Daily,com.yodhaapp.dailyhoroscope,"Many of my horoscopes have been on target but most have been about the same type of things, I do like the but of wisdom I get everyday It makes me have something to see forward to",4,0,2024-03-25 23:29:09,975206dc-93ff-46ef-a32b-58f7642c4f20,4.8272057,"500,000+"
Yodha Daily,com.yodhaapp.dailyhoroscope,Very pleased with the information. This app is a great support.,5,0,2024-03-22 00:58:04,ef801af5-b839-4060-be51-0925625d4b75,4.8272057,"500,000+"
Yodha Daily,com.yodhaapp.dailyhoroscope,it's a great app!,5,0,2024-03-20 02:57:51,3a2f97bd-b86d-484e-a7a1-23abd7ba64c2,4.8272057,"500,000+"
Yodha Daily,com.yodhaapp.dailyhoroscope,Nice app. Predictions are very accurate and very detailed,5,0,2024-03-19 23:41:38,0de9c8bc-b639-49e3-b3d5-ab36595579e2,4.8272057,"500,000+"
Yodha Daily,com.yodhaapp.dailyhoroscope,"Seriously, such a amazing application of astrology. Which give insight to help to deal with reqular problem and give a direction in advanced to take good decisions.",5,0,2024-03-18 19:23:14,6a75f806-4c43-4fa5-b927-145ad984aecd,4.8272057,"500,000+"
Yodha Daily,com.yodhaapp.dailyhoroscope,It is indeed a really helpful app,5,0,2024-03-10 18:20:27,f767c1c4-8126-44a3-917f-9ef1d42fb6a9,4.8272057,"500,000+"
Yodha Daily,com.yodhaapp.dailyhoroscope,Very nice 👌,5,0,2024-03-05 19:53:46,38b63920-7bcd-4ec8-be11-417aecb124c6,4.8272057,"500,000+"
Yodha Daily,com.yodhaapp.dailyhoroscope,"Accurate predictions, simply superb. Keep it up 👍",5,0,2024-03-01 09:41:46,6cf3ddd8-6a0e-4088-9dd5-0f699839548a,4.8272057,"500,000+"
Yodha Daily,com.yodhaapp.dailyhoroscope,Outstanding predictions,5,0,2024-02-29 18:39:10,4969e8df-e576-4448-bba0-8a3b3c98fcec,4.8272057,"500,000+"
Yodha Daily,com.yodhaapp.dailyhoroscope,Feeling adviced,3,0,2024-02-25 18:46:37,243d3ffa-9536-47a6-92e9-e9faba77904f,4.8272057,"500,000+"
Yodha Daily,com.yodhaapp.dailyhoroscope,Nice app the predictions are very true,5,0,2024-02-23 21:48:40,5d8b0b9c-296d-4db8-861a-d47d3d9a4d7a,4.8272057,"500,000+"
Yodha Daily,com.yodhaapp.dailyhoroscope,They are trying,2,0,2024-02-22 04:09:30,267be01a-522c-402e-9611-44a872c5b052,4.8272057,"500,000+"
easyStars AI,co.stellarapp.stellar,application ludique,5,0,2026-04-20 14:00:30,81c9e240-1fb5-4898-aee2-8045358c53a6,3.64,"100,000+"
easyStars AI,co.stellarapp.stellar,this is great,4,0,2026-04-18 10:16:02,548c6d3e-b664-4e52-95ff-3b64e2784935,3.64,"100,000+"
easyStars AI,co.stellarapp.stellar,very interesting !,4,0,2026-04-12 08:56:24,4b20bd4c-4088-4c4f-979e-c92df9315f57,3.64,"100,000+"
easyStars AI,co.stellarapp.stellar,have to pay,1,0,2026-04-08 15:14:34,5d6c21cd-388c-4d2f-a61f-01d83a9475e6,3.64,"100,000+"
easyStars AI,co.stellarapp.stellar,It's worth having,5,0,2026-03-24 19:20:50,2b41010f-856e-4bd0-8f15-b91f65d425ce,3.64,"100,000+"
easyStars AI,co.stellarapp.stellar,best at start,5,0,2026-03-07 08:46:12,2a873f75-bf16-4929-a1d4-89b81c8dd106,3.64,"100,000+"
easyStars AI,co.stellarapp.stellar,Accuracy Check ✔️ ✅️ 💯 👌,5,0,2026-03-06 15:49:23,84156250-9777-476c-9989-1df2059c2d79,3.64,"100,000+"
easyStars AI,co.stellarapp.stellar,so good app,5,0,2026-03-06 09:28:28,ea129efb-0943-49af-95bf-d87054d8f7ea,3.64,"100,000+"
easyStars AI,co.stellarapp.stellar,It's easy to read and understand what the app says about you.,5,2,2026-03-06 02:21:01,feda3885-0ce3-451a-ba20-189e3fa07390,3.64,"100,000+"
easyStars AI,co.stellarapp.stellar,todo es pagado venden un falso comercial,1,0,2026-02-03 11:15:04,092f6226-a191-4852-966a-d6de3ce0deb7,3.64,"100,000+"
easyStars AI,co.stellarapp.stellar,I like this even it was true,5,0,2026-01-26 10:12:48,bcad900c-b33e-40e3-bb45-c919de9e0640,3.64,"100,000+"
easyStars AI,co.stellarapp.stellar,u have to buy everything,1,0,2026-01-26 09:51:39,ea06d68a-9788-4003-a507-bbe1956adb59,3.64,"100,000+"
easyStars AI,co.stellarapp.stellar,can figure out how to cancel,1,0,2026-01-26 06:21:06,7c7f5105-c63c-4ce6-89c6-8107f119a2ca,3.64,"100,000+"
easyStars AI,co.stellarapp.stellar,u hv to pay,1,0,2025-12-31 23:11:04,6f6f590f-5bb3-4c6c-a891-c8f056c2e3e2,3.64,"100,000+"
easyStars AI,co.stellarapp.stellar,Y do i need to pay for literally everything,1,0,2025-12-28 04:47:56,b4eee494-a451-4ec8-a6a6-277c83a7fd91,3.64,"100,000+"
easyStars AI,co.stellarapp.stellar,I have to pay just to use it and I don't want to waste my money on that when I only wanted to check it out today to see how good it was.,1,1,2025-12-25 15:52:05,78bb42a4-d9c5-4f18-a5c0-458c29a9c308,3.64,"100,000+"
easyStars AI,co.stellarapp.stellar,"If I could give it 0 stars- I would. what can I possibly do with a free plan? I downloaded it because of the viral ,,soulmate drawings,, but I discovered you need to pay for that, actually you need to pay for everything on this app. not worth it.",1,7,2025-12-25 15:25:55,324ae3a2-cc3e-4666-8a20-808bd779cdd6,3.64,"100,000+"
easyStars AI,co.stellarapp.stellar,thb they don't have much south African hospitals and that made it quite difficult to use,3,0,2025-12-24 00:05:42,e0e752f5-bda5-497b-a163-26e473c9c25b,3.64,"100,000+"
easyStars AI,co.stellarapp.stellar,makes you pay and gives weirdly inaccurate info. waste of money and time.,1,7,2025-12-09 06:25:42,7b4e15d7-73e3-431a-8459-7252be99eae5,3.64,"100,000+"
easyStars AI,co.stellarapp.stellar,I'm not paying for this app,1,3,2025-10-14 16:13:25,cf8a0874-f5bb-41d0-9424-03961bf456cb,3.64,"100,000+"
easyStars AI,co.stellarapp.stellar,high prices you have to pay to anything,1,0,2025-10-09 17:22:50,314ad8e3-2561-4354-a147-aec9c766a0af,3.64,"100,000+"
easyStars AI,co.stellarapp.stellar,Not available in my city,1,1,2025-10-06 23:10:03,2a1d5cb9-ed54-49d9-9221-34f1437cf812,3.64,"100,000+"
easyStars AI,co.stellarapp.stellar,you have to pay to use most of it,1,2,2025-10-06 13:11:08,995688d1-1fc6-4fc3-a97a-be8b3980cebe,3.64,"100,000+"
easyStars AI,co.stellarapp.stellar,you can't do anything unless you pay,1,2,2025-10-02 20:09:24,3ceedd37-bac4-47a3-8bef-7609e57893bf,3.64,"100,000+"
easyStars AI,co.stellarapp.stellar,Seriously you have to pay that much what a scam,1,2,2025-09-14 22:56:47,d5cff323-7589-419b-9381-4d632c3ef949,3.64,"100,000+"
easyStars AI,co.stellarapp.stellar,got me feeling good after a couple of minutes,5,0,2025-09-11 22:17:04,3563f4d5-da17-4277-b1c5-9a985ea5eed3,3.64,"100,000+"
easyStars AI,co.stellarapp.stellar,it's the best,2,0,2025-08-29 22:39:11,1fb8eb81-a6b7-4ea9-a1bf-5b7a820a7cb6,3.64,"100,000+"
easyStars AI,co.stellarapp.stellar,it's dumb how u have to pay for stuff,1,2,2025-08-07 18:01:18,d43761e4-ff9f-4a20-bd3c-3788fc63f294,3.64,"100,000+"
easyStars AI,co.stellarapp.stellar,hope it's work,4,0,2025-08-07 09:32:23,c907670e-7429-471e-846a-a6a28d3f625c,3.64,"100,000+"
easyStars AI,co.stellarapp.stellar,EVERYTHING wants money☺️☺️ such a scam,1,2,2025-07-29 05:45:57,fc794c35-8d9b-4cfe-b51f-4b792c01d7fa,3.64,"100,000+"
easyStars AI,co.stellarapp.stellar,One word. Paywall. Keep scrolling.,1,1,2025-07-27 21:16:26,7fc97448-5234-412b-8acc-fc12c630e4d2,3.64,"100,000+"
easyStars AI,co.stellarapp.stellar,nice to use simple and effective,5,0,2025-07-22 02:04:53,31fbd0c0-2651-4e57-8437-e1cdbed97b7e,3.64,"100,000+"
easyStars AI,co.stellarapp.stellar,you have to pay to pretty much do anything. all you're able to do for free is 1 compatibility chart. you're genuinely able to only do one and only one from the moment you get the app til you decide to pay for premium.,1,5,2025-07-21 14:36:27,3269560d-a81d-494b-8f33-baeff26cc941,3.64,"100,000+"
easyStars AI,co.stellarapp.stellar,wont let me creat account,5,0,2025-07-18 02:50:39,9e9c0243-0052-40d1-9148-45137768176a,3.64,"100,000+"
easyStars AI,co.stellarapp.stellar,you have to pay to do anything,1,4,2025-07-16 18:47:11,67b8fd1e-eb7c-4bc2-943b-6397934d418f,3.64,"100,000+"
easyStars AI,co.stellarapp.stellar,"unfortunately I'm unable to rate my experience as I haven't had one! Despite it stating there is a free trial, there isn't an option for this. It's definitely something I would be prepared to pay for (I already pay for a similar app) but without being able to use it, I cannot know if it's worthwhile. A shame as it could be. There is nothing to do unless one subscribes so will be deleting.",1,0,2025-06-18 21:11:35,078fc674-ca4b-4702-a6ba-a67ee4960334,3.64,"100,000+"
easyStars AI,co.stellarapp.stellar,"I've downloaded the app with no issues during download and installment. However, when I pull up the app, everything is great for, literally, about 2.5 seconds. then my screen goes totally grey, and nothing happens. At all.",1,3,2025-06-03 01:52:36,88b28c81-e68c-4538-9b1c-fbdb673a70ab,3.64,"100,000+"
easyStars AI,co.stellarapp.stellar,good stuff. works well. lotsa details.,5,0,2025-05-27 10:18:41,3688121d-6f44-49a0-8d07-3ed47a7e3bcc,3.64,"100,000+"
easyStars AI,co.stellarapp.stellar,"On the app, it literally says AI love coach, but there is no coach, all it ISIS affirmations and other stuff. It's no one to talk to. It's none of that.",1,3,2025-05-07 01:41:09,99391563-223c-4e2b-9d18-77ad5e11cfd9,3.64,"100,000+"
easyStars AI,co.stellarapp.stellar,Really great app! Highly recommend,5,0,2025-02-26 18:45:01,004d580c-1ed8-4b42-b404-5e3a03b023c1,3.64,"100,000+"
easyStars AI,co.stellarapp.stellar,Wonderful and very smooth running. Would definitely recommend,5,1,2025-02-18 22:18:47,1996435a-4df7-439d-9f92-659f4a48d93b,3.64,"100,000+"
easyStars AI,co.stellarapp.stellar,A great app!,5,0,2025-02-18 15:49:31,8d630f9e-1b11-48e0-a59d-66e1bcbd978e,3.64,"100,000+"
easyStars AI,co.stellarapp.stellar,Loved using the app!,5,0,2025-02-18 15:19:57,96b16c9e-722a-4a1d-b1ce-5834ed1cbb30,3.64,"100,000+"
easyStars AI,co.stellarapp.stellar,"The app is ok. A little buggy, keeps crashing a lot. Edit 02/14- The developers are great with reaching out and fixing the app bugs! Updated my review from 3 to 5 stars!",5,3,2025-02-14 21:16:03,30c27d88-913a-4316-b64b-66e88658e6d5,3.64,"100,000+"
easyStars AI,co.stellarapp.stellar,Haven't had the opportunity to use. Didn't add this.,1,2,2024-05-16 02:18:02,f51d46bf-59b2-4eaa-97b9-5470a01af627,3.64,"100,000+"
easyStars AI,co.stellarapp.stellar,हहहसजदम्मज़ककसंब,5,0,2024-04-25 08:21:29,4788178b-f030-40b3-abe9-2695967e66e6,3.64,"100,000+"
easyStars AI,co.stellarapp.stellar,It doesn't logon with any of my email ids. Doesn't work. West of time.,1,2,2024-04-23 09:57:19,00c74012-e200-44cf-a79c-cb3cc05ff13e,3.64,"100,000+"
easyStars AI,co.stellarapp.stellar,"Literally got the app for a friend of mine and when I tried to use it was told I needed to have ""Stardust"" which costs real money to do. I happily put my information into the app to purchase the package I needed to do the compatibility feature thing and was charged for the package but did not receive the stardust I was paying for. So could not use app feature as wanted",1,10,2023-11-27 16:58:59,36620ff8-f026-4bfd-9a66-b2c8652e23e5,3.64,"100,000+"
