review_id,app_name,category,wtp_signal_text,wtp_classification,associated_feature,market_region
cf593edb-00cb-45fd-a1fe-68943e606840,Astrotalk,astrology,loot,negative_wtp,,india
a384ad02-581c-4dec-a912-d4e8c3c546d5,Astrotalk,astrology,scam,negative_wtp,,india
a79dbe6d-8bf4-470a-98e8-ae5ddd9e205a,Astrotalk,astrology,scam,negative_wtp,,india
21f4ee2f-37c8-4421-89af-0a9f82e7703c,Astrotalk,astrology,scam,negative_wtp,,india
16ea737f-1a85-4f4c-98a3-568f39acdf9c,Astrotalk,astrology,scam,negative_wtp,,india
bd2043b1-50e7-44ec-aaa3-9237edb33fba,Astrotalk,astrology,waste of money,negative_wtp,,india
81353040-39b5-4c02-b3fd-1cf0732e018f,Astrotalk,astrology,loot,negative_wtp,,india
74aaffcb-5abd-4957-bbed-75241a366995,Astrotalk,astrology,scam,negative_wtp,,india
e2aa9abb-fcbe-4cd5-a0a3-596911297d53,Astrotalk,astrology,loot,negative_wtp,,india
30153c2d-77f8-49e8-ab8d-be1d923d835f,Astrotalk,astrology,scam,negative_wtp,,india
d2bec25d-75ed-414d-9308-5ba983cfee9f,Astrotalk,astrology,scam,negative_wtp,,india
f6e23ddc-d031-473c-a528-5c4a3b8582f4,Astrotalk,astrology,loot,negative_wtp,,india
0ec5d278-fd3c-4e49-918f-eaa40b4121f3,Astrotalk,astrology,scam,negative_wtp,,india
97e3fef3-7c41-4b93-8c1b-eb589e92dc0a,Astrotalk,astrology,scam,negative_wtp,,india
fbf318e5-8e0b-4ee4-8e5c-46c2bba2cbd9,Astrotalk,astrology,scam,negative_wtp,,india
7f1d5987-d2f3-48bb-95e5-533c1250cb40,Astrotalk,astrology,scam,negative_wtp,,india
671d81aa-21ee-45e0-8422-3ee3b36202b6,Astrotalk,astrology,loot,negative_wtp,,india
6c9e4406-759a-4bf1-9a46-538aa2880aa9,Astrotalk,astrology,value for money,positive_wtp,,india
1681031e-b7b8-4480-a192-66ae8325a4d2,Astrotalk,astrology,scam,negative_wtp,,india
1681031e-b7b8-4480-a192-66ae8325a4d2,Astrotalk,astrology,scam,negative_wtp,,india
1681031e-b7b8-4480-a192-66ae8325a4d2,Astrotalk,astrology,paisa barbaad,negative_wtp,,india
36736c6b-2150-4f8a-b575-21f436549ddc,Astrotalk,astrology,loot,negative_wtp,,india
16dc2a32-5185-4440-bdfb-91503f027820,Astrotalk,astrology,Scam,negative_wtp,,india
9fc4b1fc-a341-4558-962d-e8154755f29a,Astrotalk,astrology,waste of money,negative_wtp,,india
9ec28ab8-e69e-46e8-8959-c08286e37ba2,Astrotalk,astrology,scam,negative_wtp,,india
9ec28ab8-e69e-46e8-8959-c08286e37ba2,Astrotalk,astrology,scam,negative_wtp,,india
de69ee5d-465d-4a1b-ad8a-afd95572b094,Astrotalk,astrology,scam,negative_wtp,,india
12c9f3de-c4da-4807-a0ce-ac8a0132a1a4,Astrotalk,astrology,scam,negative_wtp,,india
8a2237fb-c009-42d1-a80f-ee1c1ced3daa,Astrotalk,astrology,scam,negative_wtp,,india
8a2237fb-c009-42d1-a80f-ee1c1ced3daa,Astrotalk,astrology,SCAM,negative_wtp,,india
4aeff5ca-5af9-4427-b680-e87b38547c6a,Astrotalk,astrology,scam,negative_wtp,,india
40b8fde7-e3ed-43db-a649-9690c1de073e,Astrotalk,astrology,scam,negative_wtp,,india
12d82c73-f0f7-4fc1-b314-5b73390f609f,Astrotalk,astrology,scam,negative_wtp,,india
55c7887f-f82e-4449-ba80-a9666f050da1,Astrotalk,astrology,waste of money,negative_wtp,,india
124cc562-2a5d-44ab-bcc6-99c8016cda0b,Astrotalk,astrology,worth the money,positive_wtp,,india
124cc562-2a5d-44ab-bcc6-99c8016cda0b,Astrotalk,astrology,not worth,negative_wtp,,india
a989162c-8231-4bbb-a9fa-a38269b7bac8,Astrotalk,astrology,scam,negative_wtp,,india
a989162c-8231-4bbb-a9fa-a38269b7bac8,Astrotalk,astrology,scam,negative_wtp,,india
a989162c-8231-4bbb-a9fa-a38269b7bac8,Astrotalk,astrology,scam,negative_wtp,,india
8dd12d18-ea91-48e5-8a25-074dad103227,Astrotalk,astrology,scam,negative_wtp,,india
9290e928-cfc1-4424-96a4-d2e5f688c8a2,Astrotalk,astrology,waste of money,negative_wtp,,india
6ee18ecd-880d-45dc-a509-0dc1c58b3d7d,Astrotalk,astrology,scam,negative_wtp,,india
6ee18ecd-880d-45dc-a509-0dc1c58b3d7d,Astrotalk,astrology,scam,negative_wtp,,india
bf3dbe21-3c49-47a1-808e-3147b3a98572,Astrotalk,astrology,waste of money,negative_wtp,,india
282c77be-6a8d-4faf-b53d-e34750ba724b,Astrotalk,astrology,scam,negative_wtp,,india
282c77be-6a8d-4faf-b53d-e34750ba724b,Astrotalk,astrology,loot,negative_wtp,,india
eee70b19-072c-4468-9902-b61170aae0e8,Astrotalk,astrology,waste of money,negative_wtp,,india
8d7ea432-655b-4194-b180-08aad9c18600,Astrotalk,astrology,waste of money,negative_wtp,,india
4c9d9e7e-3e21-4fc4-b2b7-e948c25d7b63,Astrotalk,astrology,scam,negative_wtp,,india
9f99eb77-5b78-4ff1-9000-c4b3885a84ec,Astrotalk,astrology,Scam,negative_wtp,,india
9f99eb77-5b78-4ff1-9000-c4b3885a84ec,Astrotalk,astrology,scam,negative_wtp,,india
301c765a-55eb-4138-99e8-07524e29ca2f,Astrotalk,astrology,scam,negative_wtp,,india
d7fe668d-03b4-4523-8a10-757cb91c5f9b,Astrotalk,astrology,waste of money,negative_wtp,,india
de5ed9b2-fb16-4177-984d-d11ed662ecf7,Astrotalk,astrology,scam,negative_wtp,,india
b14fd1e3-4690-4982-a46e-346ffab8d9a9,Astrotalk,astrology,scam,negative_wtp,,india
b14fd1e3-4690-4982-a46e-346ffab8d9a9,Astrotalk,astrology,loot,negative_wtp,,india
568e3ffb-8ce7-412f-a51e-dba2c0c51b30,Astrotalk,astrology,scam,negative_wtp,,india
568e3ffb-8ce7-412f-a51e-dba2c0c51b30,Astrotalk,astrology,scam,negative_wtp,,india
568e3ffb-8ce7-412f-a51e-dba2c0c51b30,Astrotalk,astrology,scam,negative_wtp,,india
568e3ffb-8ce7-412f-a51e-dba2c0c51b30,Astrotalk,astrology,scam,negative_wtp,,india
ff520eab-477c-44a3-a03c-1ffa1c7a19c1,Astrotalk,astrology,scam,negative_wtp,,india
9dc8100a-a222-4d8a-849f-cfc7dcacbe54,Astrotalk,astrology,scam,negative_wtp,,india
2f595e72-5399-44c3-978f-76b8fcda2d93,Astrotalk,astrology,SCAM,negative_wtp,,india
76faf961-eeac-4bef-af7d-6a797543d46b,Astrotalk,astrology,scam,negative_wtp,,india
b748559a-eb77-4e64-8cf7-15bb32c402dd,Astrotalk,astrology,loot,negative_wtp,,india
93216ebe-9d7d-43e7-baa7-e9cdb1b3724e,Astrotalk,astrology,not worth,negative_wtp,,india
93216ebe-9d7d-43e7-baa7-e9cdb1b3724e,Astrotalk,astrology,scam,negative_wtp,,india
66a321d4-405a-49db-b56e-388fe4613f0c,Astrotalk,astrology,waste of money,negative_wtp,,india
ea5e6f18-78bb-49b0-ad63-68ae3810e035,Astrotalk,astrology,loot,negative_wtp,,india
2ec7d8b4-877d-4a0c-8af2-b211edec5299,Astrotalk,astrology,scam,negative_wtp,,india
03f1bd41-7b02-43cc-81b9-509bd337658c,Astrotalk,astrology,waste of money,negative_wtp,,india
4597b930-6886-4a49-bd53-16a24dbd954a,Astrotalk,astrology,scam,negative_wtp,,india
8ab87cc5-7545-4d1b-9851-b8d5444ae03e,Astrotalk,astrology,loot,negative_wtp,,india
04558cd9-de06-43d8-b9b6-a6f443cd3bb3,Astrotalk,astrology,loot,negative_wtp,,india
10e1c4f2-7b2f-4af2-bb98-4f5365c6ff2d,Astrotalk,astrology,Waste of money,negative_wtp,,india
25aa11d3-4967-443d-8287-aaa8d561d79b,Astrotalk,astrology,scam,negative_wtp,,india
d2d8a28f-4daf-4daa-91ef-db55144718da,Astrotalk,astrology,scam,negative_wtp,,india
43741783-3f3d-466b-854f-27dfeac3ef68,Astrotalk,astrology,Not worth,negative_wtp,,india
5559e485-36b8-45d5-8c7b-98db57ab9094,Astrotalk,astrology,waste of money,negative_wtp,,india
5559e485-36b8-45d5-8c7b-98db57ab9094,Astrotalk,astrology,scam,negative_wtp,,india
4350a940-4d65-45c8-a1d1-91af66e7ef69,Astrotalk,astrology,waste of money,negative_wtp,remedies,india
d9b19379-5cd0-4723-80ea-d5587e080883,Astrotalk,astrology,loot,negative_wtp,,india
8eb95735-6508-4eba-b7db-24a101e76a11,Astrotalk,astrology,waste of money,negative_wtp,,india
9c85bcf3-11a4-4e71-acb9-6c88088ca5e1,Astrotalk,astrology,scam,negative_wtp,,india
9c85bcf3-11a4-4e71-acb9-6c88088ca5e1,Astrotalk,astrology,scam,negative_wtp,,india
b93fc0f3-a44f-4a2e-a0ad-9c60f91d5122,Astrotalk,astrology,scam,negative_wtp,,india
b93fc0f3-a44f-4a2e-a0ad-9c60f91d5122,Astrotalk,astrology,scam,negative_wtp,,india
b93fc0f3-a44f-4a2e-a0ad-9c60f91d5122,Astrotalk,astrology,scam,negative_wtp,,india
65721266-d25f-42da-b0df-04fb5b3e7f90,Astrotalk,astrology,scam,negative_wtp,,india
64c64057-d482-47f6-8358-c60a83141c03,Astrotalk,astrology,scam,negative_wtp,,india
60f539c7-6f01-42bf-85e3-8356caa1ec01,Astrotalk,astrology,scam,negative_wtp,,india
b0dc8a6d-48bc-4445-9504-be194a0651a7,Astrotalk,astrology,scam,negative_wtp,,india
6675660c-e555-4ffa-9dde-7de281e9ab45,Astrotalk,astrology,waste of money,negative_wtp,,india
8e40813c-2fdc-49bb-8058-00a9799c2f2e,Astrotalk,astrology,waste of money,negative_wtp,,india
a8d666e0-a787-40b5-abb3-57e29981ef73,Astrotalk,astrology,loot,negative_wtp,,india
e842e549-9f47-455f-9d23-19efc5285aee,Astrotalk,astrology,scam,negative_wtp,,india
82b1264e-b619-42a3-aae7-f71004c020ac,Astrotalk,astrology,waste of money,negative_wtp,,india
bdef234f-5538-484d-8d53-0b9aca6b5371,Astrotalk,astrology,waste of money,negative_wtp,,india
73ce99c5-0c8e-40e9-89cd-c4bd411376bf,Astrotalk,astrology,scam,negative_wtp,,india
73ce99c5-0c8e-40e9-89cd-c4bd411376bf,Astrotalk,astrology,scam,negative_wtp,,india
18c413f0-9b79-4dc8-bfb7-00d0f971cb67,Astrotalk,astrology,scam,negative_wtp,,india
10234dab-22f1-4ff3-97df-fb994183593a,Astrotalk,astrology,waste of money,negative_wtp,,india
ef65adf2-94bd-44a3-a5c5-00ad7159a2ad,Astrotalk,astrology,scam,negative_wtp,,india
b8b7466b-6191-42ac-9ffc-dfc0f29b4b24,Astrotalk,astrology,waste of money,negative_wtp,,india
eb2e8f7f-74c5-4119-9369-0f8bf763df0e,Astrotalk,astrology,waste of money,negative_wtp,,india
9576d69a-b0e5-4b17-bdb8-3f123538edfb,Astrotalk,astrology,scam,negative_wtp,,india
f3c23486-31e1-429c-a584-a63f851261af,Astrotalk,astrology,scam,negative_wtp,,india
f3c23486-31e1-429c-a584-a63f851261af,Astrotalk,astrology,scam,negative_wtp,,india
ebe0c0b7-b647-43ee-8eb9-97e30099c353,Astrotalk,astrology,scam,negative_wtp,,india
6c63f3c1-d7b1-41a4-9a16-dad0b44f28db,Astrotalk,astrology,waste of money,negative_wtp,,india
3a595f2d-bac5-4933-855d-85cd36a96dd8,Astrotalk,astrology,waste of money,negative_wtp,,india
d12f59fd-52ed-441c-a1e8-b2868fa2f947,Astrotalk,astrology,scam,negative_wtp,,india
50c42fd6-2733-4a4e-977e-35687de72797,Astrotalk,astrology,loot,negative_wtp,,india
514fed3f-fd93-4602-984b-854db2b4c2c7,Astrotalk,astrology,scam,negative_wtp,,india
514fed3f-fd93-4602-984b-854db2b4c2c7,Astrotalk,astrology,scam,negative_wtp,,india
9f8144b1-a50b-4bd4-af48-b6368ffd8b18,Astrotalk,astrology,waste of money,negative_wtp,,india
8b5aab2b-1ef7-4f60-8dc4-d7e5dd7a67cb,Astrotalk,astrology,scam,negative_wtp,,india
5231bb14-d887-4237-8b25-d9de66d7d1b6,Astrotalk,astrology,not worth,negative_wtp,,india
f0910eb6-f7c1-4239-b85c-c82ec6a0df27,Astrotalk,astrology,waste of money,negative_wtp,,india
1a6930fe-8360-45cf-b10d-1a50b10e2aa1,Astrotalk,astrology,scam,negative_wtp,,india
0c735355-14a4-443f-bf8a-de49d947fa3c,Astrotalk,astrology,Waste Of Money,negative_wtp,,india
4b042b52-ef1c-43e1-97e9-41aff10bbb27,Astrotalk,astrology,waste of money,negative_wtp,,india
09a0b05f-eb1c-4a44-a6fa-524b40c0feab,Astrotalk,astrology,scam,negative_wtp,,india
09a0b05f-eb1c-4a44-a6fa-524b40c0feab,Astrotalk,astrology,loot,negative_wtp,,india
bf8cce3c-88df-4baf-83d8-aa422a6add10,Astrotalk,astrology,waste of money,negative_wtp,,india
cb51575d-4abb-46af-b8b5-fba87adce220,Astrotalk,astrology,scam,negative_wtp,,india
c3590124-a818-4ad3-8d3c-bf44407c5a68,Astrotalk,astrology,scam,negative_wtp,,india
184df605-4d97-46a8-ad35-eee83c0b8813,Astrotalk,astrology,waste of money,negative_wtp,,india
dbc0dbe9-4299-4326-9b49-117d42c98ce2,Astrotalk,astrology,not worth,negative_wtp,,india
95d40b02-125f-49df-8269-cdc16e58d00f,Astrotalk,astrology,waste of money,negative_wtp,,india
bd48ce30-b25d-4358-9584-c5c874f46d0a,Astrotalk,astrology,scam,negative_wtp,,india
bd48ce30-b25d-4358-9584-c5c874f46d0a,Astrotalk,astrology,scam,negative_wtp,,india
8f594e5a-4aa6-4a68-94a8-ebec74384392,Astrotalk,astrology,waste of money,negative_wtp,,india
46fd2e32-a769-41a3-b094-ee992a30204d,Astrotalk,astrology,loot,negative_wtp,,india
98425fc6-baf2-4b8d-8639-51266142d3ee,Astrotalk,astrology,waste of money,negative_wtp,,india
6271a427-999e-48f3-a35c-244a08ea1c41,Astrotalk,astrology,waste of money,negative_wtp,,india
8c91d53e-7365-4796-b46b-530e5695e137,Astrotalk,astrology,worth the money,positive_wtp,,india
8c91d53e-7365-4796-b46b-530e5695e137,Astrotalk,astrology,not worth,negative_wtp,,india
9effe443-eaf7-4782-9f7b-a144927bcaa4,Astrotalk,astrology,waste of money,negative_wtp,,india
ecbd83c9-a6a8-42fe-ae8a-76235d294aef,Astrotalk,astrology,scam,negative_wtp,,india
cd8ee8f5-0291-4e0b-93e2-afc6342dc64a,Astrotalk,astrology,scam,negative_wtp,,india
1d3d0bab-beb9-4fd8-a007-b7c9ce429def,Astrotalk,astrology,scam,negative_wtp,,india
768263c6-06dd-4f70-af00-d4e20fc52f77,Astrotalk,astrology,scam,negative_wtp,,india
c55dfe5c-a763-46ec-b560-ee324d08b35e,Astrotalk,astrology,scam,negative_wtp,,india
940d1ec2-b3f0-41c1-ad32-274edbd9ee1c,Astrotalk,astrology,scam,negative_wtp,,india
7656f15d-aac3-4b69-96ce-a7366b292308,Astrotalk,astrology,Scam,negative_wtp,,india
57948223-6066-4dc9-bd7c-6883bde565e3,Astrotalk,astrology,would pay,positive_wtp,,india
57948223-6066-4dc9-bd7c-6883bde565e3,Astrotalk,astrology,would pay if,conditional_wtp,,india
1f1818f5-6705-4569-af76-0adf499af21d,Astrotalk,astrology,scam,negative_wtp,,india
026525df-c353-4076-a325-9e428ffb31dd,Astrotalk,astrology,scam,negative_wtp,,india
f63fb0ee-4e02-449d-abd5-ccf7827a3563,Astrotalk,astrology,scam,negative_wtp,,india
902f2e17-bfcb-4adb-9b30-4976c2e6260f,Astrotalk,astrology,waste of money,negative_wtp,,india
90846f35-aaf8-4f7b-ad87-d06ce2e68ad2,Astrotalk,astrology,scam,negative_wtp,,india
ff73ab42-fa72-4c9e-8e13-6cf4ef739e90,Astrotalk,astrology,waste of money,negative_wtp,,india
8a21d6b5-00cd-49ee-972b-fd5477b09676,Astrotalk,astrology,scam,negative_wtp,,india
4577daa5-6761-4421-8e2c-cdadc373dd26,Astrotalk,astrology,scam,negative_wtp,,india
b2e122ea-c473-4fee-a49b-9942160918c8,Astrotalk,astrology,paisa barbaad,negative_wtp,,india
0d38b69f-dd8b-48d8-9e7a-04e3b810d31a,Astrotalk,astrology,Scam,negative_wtp,,india
86619320-6af4-44e5-8826-c812c78b006f,Astrotalk,astrology,rip off,negative_wtp,,india
1ebe4b3a-1216-4468-8c7b-efa96432f67c,Astrotalk,astrology,waste of money,negative_wtp,,india
d7cfaf82-21fa-4543-bf84-4a013933afe5,Astrotalk,astrology,too expensive,negative_wtp,,india
f1daaf2c-9785-4d1c-8c36-3f9ecccc795d,Astrotalk,astrology,scam,negative_wtp,,india
da2bfe3e-92a9-4d20-8a33-3e3e08600538,Astrotalk,astrology,scam,negative_wtp,,india
da2bfe3e-92a9-4d20-8a33-3e3e08600538,Astrotalk,astrology,loot,negative_wtp,,india
210d4164-8e95-43e6-82d9-6529619ed3a6,Astrotalk,astrology,scam,negative_wtp,,india
157f3fb1-11ce-4896-9079-1d5991f67e6b,Astrotalk,astrology,scam,negative_wtp,,india
157f3fb1-11ce-4896-9079-1d5991f67e6b,Astrotalk,astrology,scam,negative_wtp,,india
97cf6b67-766f-4ee5-a34f-216f61426f2b,Astrotalk,astrology,loot,negative_wtp,remedies,india
edaa57bc-7b13-4e1e-9018-ea7f16e8fb57,Astrotalk,astrology,Paisa vasool,positive_wtp,,india
b19e07a6-0c1e-4bff-9faf-3effae976f45,Astrotalk,astrology,waste of money,negative_wtp,,india
ae3a3681-3409-4645-93c1-be2efefcdbf4,Astrotalk,astrology,loot,negative_wtp,,india
836faf41-2079-4efc-91d4-5a7c7804fa9d,Astrotalk,astrology,loot,negative_wtp,,india
7806b538-84e6-48dc-9b55-565361aa0d20,Astrotalk,astrology,waste of money,negative_wtp,,india
14c784b6-c91a-4c2c-98f9-4f679c508a68,Astrotalk,astrology,loot,negative_wtp,pooja,india
ec24a422-7238-4fcb-aa95-f4c1c29f5035,Astrotalk,astrology,waste of money,negative_wtp,,india
a6d9e6f0-b909-408f-b67e-ad51064f18a5,Astrotalk,astrology,scam,negative_wtp,,india
a6d9e6f0-b909-408f-b67e-ad51064f18a5,Astrotalk,astrology,scam,negative_wtp,,india
7e60456c-3bd3-419b-8f25-0010972230a4,Astrotalk,astrology,scam,negative_wtp,,india
e09cbf75-9a95-46e9-8fbf-7fa2239b6e68,Astrotalk,astrology,not worth,negative_wtp,,india
0325d050-61ea-4cb4-a1c3-31ffc9d28d95,Astrotalk,astrology,loot,negative_wtp,,india
a1d6b94d-9cfa-404e-9754-a6234aab0d12,Astrotalk,astrology,scam,negative_wtp,,india
a1d6b94d-9cfa-404e-9754-a6234aab0d12,Astrotalk,astrology,scam,negative_wtp,,india
0dfc4678-dafb-44ec-8de1-6cb000c6fec9,Astrotalk,astrology,not worth,negative_wtp,,india
cfccdb0f-65d9-403a-aaea-f7b59b2707cf,Astrotalk,astrology,scam,negative_wtp,,india
796e0bfd-f4a2-437a-9e27-c37e05d98a36,Astrotalk,astrology,scam,negative_wtp,,india
a09aaa06-d622-4d52-88a3-0fae27a1d320,Astrotalk,astrology,Waste of money,negative_wtp,,india
0df23732-b77c-420b-9b24-f5b9d31b9f74,Astrotalk,astrology,waste of money,negative_wtp,,india
0df23732-b77c-420b-9b24-f5b9d31b9f74,Astrotalk,astrology,scam,negative_wtp,,india
684e054d-8ec5-44c0-8c74-48ce3f55c362,Astrotalk,astrology,scam,negative_wtp,,india
684e054d-8ec5-44c0-8c74-48ce3f55c362,Astrotalk,astrology,scam,negative_wtp,,india
63fa1298-3754-48eb-ac2d-66c07f09881f,Astrotalk,astrology,scam,negative_wtp,,india
e9e6e2f1-31fb-401a-b25c-3fa79ee2aec1,Astrotalk,astrology,scam,negative_wtp,,india
e9e6e2f1-31fb-401a-b25c-3fa79ee2aec1,Astrotalk,astrology,scam,negative_wtp,,india
4f603740-bebe-406e-8b24-574da0b85126,Astrotalk,astrology,scam,negative_wtp,,india
059c23a1-4481-45e6-a680-0b35afe5f314,Astrotalk,astrology,SCAM,negative_wtp,,india
510e4b23-956b-47cf-bf87-26fad25f9c9e,Astrotalk,astrology,loot,negative_wtp,,india
34f475e4-68ef-42fa-bfc1-454f36e58451,Astrotalk,astrology,scam,negative_wtp,,india
3da81728-0782-480a-b286-5e0669bc5a7e,Astrotalk,astrology,Scam,negative_wtp,,india
e81e32c2-c46d-46d1-8c25-29e0c71ef54f,Astrotalk,astrology,scam,negative_wtp,,india
d61ae4a4-3740-4140-b3c4-035954889c64,Astrotalk,astrology,worth the money,positive_wtp,,india
7f998aa7-ba4b-4cb9-ab0f-be4c12d47f3f,Astrotalk,astrology,waste of money,negative_wtp,,india
b11eb76f-ebc1-4b47-8fd4-82719689b6c5,Astrotalk,astrology,loot,negative_wtp,,india
16c7dd06-5453-43ed-82c5-54214264159e,Astrotalk,astrology,loot,negative_wtp,,india
28a4870f-2ed3-46bc-bdca-65ec93c4ec8c,Astrotalk,astrology,scam,negative_wtp,,india
d9c5e204-65c5-4076-bc8b-9aacceaa0085,Astrotalk,astrology,loot,negative_wtp,,india
76c2a0c4-cf53-4578-a77a-3a1a8e45c19f,Astrotalk,astrology,waste of money,negative_wtp,,india
4ff99856-f631-4592-a9e1-5d8965324c79,Astrotalk,astrology,scam,negative_wtp,,india
df238bce-8ec2-4981-95f3-a8fe5c0301e1,Astrotalk,astrology,loot,negative_wtp,,india
b54dc9f1-fba9-40b9-a16f-a45b56c783f6,Astrotalk,astrology,scam,negative_wtp,,india
7819ad16-88c7-4de7-b188-3dd6b5424802,Astrotalk,astrology,not worth,negative_wtp,,india
9ee96114-9437-42a2-9003-8949e8eb1f1d,Astrotalk,astrology,scam,negative_wtp,,india
9fe636bd-12ba-447b-af9e-59ebc5bf8de3,Astrotalk,astrology,waste of money,negative_wtp,,india
7387df19-e830-4d76-bb95-1b8d9e8d988c,Astrotalk,astrology,waste of money,negative_wtp,,india
a2055feb-2e6f-4bc0-9584-677610dcafb2,Astrotalk,astrology,scam,negative_wtp,,india
497e2b05-4f0d-4585-933f-4d34da85855e,Astrotalk,astrology,Waste of money,negative_wtp,,india
45cdb1e4-cabd-4839-a002-f0cc10cbe0c5,Astrotalk,astrology,waste of money,negative_wtp,,india
15203d1b-134b-4822-afcd-1b4bd0bb4ea2,Astrotalk,astrology,waste of money,negative_wtp,,india
58d9e4b7-7de4-4869-a3d5-d9ad0f7added,Astrotalk,astrology,loot,negative_wtp,remedies,india
93171e79-29be-43e5-9b3c-ae8d33fe6535,Astrotalk,astrology,scam,negative_wtp,,india
a4d51716-5bc2-4a77-9a5c-e688e2fdeef9,Astrotalk,astrology,loot,negative_wtp,,india
7ae0243a-d88b-4cd0-b29f-aa02640c38f5,Astrotalk,astrology,loot,negative_wtp,,india
fa5bfb32-9b80-4033-bdd6-198a48c4d1dd,Astrotalk,astrology,scam,negative_wtp,,india
ebee4a27-af6e-4b8c-83c5-2a3d79496279,Astrotalk,astrology,scam,negative_wtp,,india
0b5920b4-daac-4bcd-885b-3f13b8f1ca7e,Astrotalk,astrology,loot,negative_wtp,,india
cfa98355-37b7-45bb-ac21-8dc7b20f0d51,Astrotalk,astrology,scam,negative_wtp,,india
8c557436-bb89-4fa1-bb47-bcd9eac411c8,Astrotalk,astrology,scam,negative_wtp,,india
70e13cd1-d826-4fde-badf-49495e3f6f94,Astrotalk,astrology,scam,negative_wtp,,india
cffa44b7-1091-4c02-b1a2-02487a2d418b,Astrotalk,astrology,scam,negative_wtp,,india
d0c7577e-b086-4e87-8e23-40a63542539c,Astrotalk,astrology,scam,negative_wtp,,india
7a08fe24-915d-476c-926e-f9936142274d,Astrotalk,astrology,waste of money,negative_wtp,,india
c92f732e-ca74-456d-80bc-cd417a021263,Astrotalk,astrology,scam,negative_wtp,,india
2331b49d-9aee-4659-8c06-a738e9ae4af0,Astrotalk,astrology,waste of money,negative_wtp,,india
e4717d54-c40c-4234-b6d4-8ccda21576bd,Astrotalk,astrology,waste of money,negative_wtp,,india
7ff324aa-39dc-44e6-ab56-ef7a64bd72ce,Astrotalk,astrology,WASTE OF MONEY,negative_wtp,,india
24eefb8f-664d-4c3e-bb8c-3b3b39080e1f,Astrotalk,astrology,scam,negative_wtp,,india
3ece7ddc-a921-4161-a05d-5303dc2dfb10,Astrotalk,astrology,scam,negative_wtp,,india
7bf12727-4e26-45f9-93ee-21ea5f9e4815,Astrotalk,astrology,loot,negative_wtp,,india
e7a05834-ae73-43a6-844d-f592371f20ab,Astrotalk,astrology,scam,negative_wtp,,india
5a10ca4d-e799-4306-b03e-59e48382cd89,Astrotalk,astrology,scam,negative_wtp,,india
452c16f1-a969-43e3-b050-bdc36b4803d4,Astrotalk,astrology,scam,negative_wtp,,india
0ac5a664-bbc2-492e-90d3-f5d8a70c2817,Astrotalk,astrology,scam,negative_wtp,,india
e884fea8-2f4e-4bf4-894a-4111fa2028c8,Astrotalk,astrology,loot,negative_wtp,,india
2465eb98-c405-4522-a6c3-60b97d588d5d,Astrotalk,astrology,waste of money,negative_wtp,,india
38928951-37f7-42aa-a431-0bf48335b291,Astrotalk,astrology,not worth,negative_wtp,,india
6891a88f-fb87-4d98-b511-5d186d3ce0fc,Astrotalk,astrology,waste of money,negative_wtp,,india
ac52c9a8-c603-496e-9221-0c4ddee1bda3,Astrotalk,astrology,scam,negative_wtp,,india
981ccbae-cae9-4740-8e81-8ffb83929458,Astrotalk,astrology,loot,negative_wtp,,india
c946ece9-c941-4cc2-ae64-fecc8506e1d2,Astrotalk,astrology,too expensive,negative_wtp,,india
f55ae3d7-8eb1-4fcc-98a2-3ae22c3cf771,Astrotalk,astrology,scam,negative_wtp,,india
94ed6237-7dff-43e6-af99-8555dc672675,Astrotalk,astrology,scam,negative_wtp,,india
94ed6237-7dff-43e6-af99-8555dc672675,Astrotalk,astrology,scam,negative_wtp,,india
c9139646-233d-4b0f-bd21-bd5836ac52c6,Astrotalk,astrology,waste of money,negative_wtp,,india
04776cdd-1b2e-45f5-98a0-cc215e5e380b,Astrotalk,astrology,scam,negative_wtp,,india
76eb3477-0cb0-4bec-aa4f-d22c0daae208,Astrotalk,astrology,scam,negative_wtp,,india
fe410d18-c3aa-44db-ae8e-f532186c74e2,Astrotalk,astrology,scam,negative_wtp,,india
dd340ba3-5833-4d07-95ca-b383e52c16d3,Astrotalk,astrology,scam,negative_wtp,,india
4a1bd7d7-12b6-429f-87b2-13750aee23cc,Astrotalk,astrology,scam,negative_wtp,,india
ed1cb5d6-2a72-44c1-b4c6-bf03f67e69a6,Astrotalk,astrology,loot,negative_wtp,,india
5532a352-7c16-438d-a8db-04fa5181b873,Astrotalk,astrology,scam,negative_wtp,,india
eaf651d9-f031-4264-becd-ba09469eaa85,Astrotalk,astrology,scam,negative_wtp,,india
84434439-4d2b-42dd-994f-ad42dbae40e2,Astrotalk,astrology,scam,negative_wtp,,india
e8326348-1d26-4d94-b0a2-edcf9740a98c,Astrotalk,astrology,scam,negative_wtp,,india
98bba3ad-ffd4-4731-9ee3-62f88f4bfc45,Astrotalk,astrology,scam,negative_wtp,,india
f963df47-4874-4b2a-b630-9fd9b17f28ea,Astrotalk,astrology,scam,negative_wtp,,india
5782cb9c-d733-47ff-b0c1-7d8e2c743cae,Astrotalk,astrology,waste of money,negative_wtp,,india
80c995a0-e2ea-4971-94ee-10a0ed7602a2,Astrotalk,astrology,scam,negative_wtp,,india
d655a2f4-f27d-4ad0-858e-b49e06641803,Astrotalk,astrology,scam,negative_wtp,,india
01d8ce7c-eccb-42d6-9fd0-00b19d62d54d,Astrotalk,astrology,scam,negative_wtp,,india
df94f10b-5775-445d-b3ce-f9f6ee386308,Astrotalk,astrology,waste of money,negative_wtp,,india
6672c5cb-fecd-4067-a745-9df7c31c52b2,Astrotalk,astrology,scam,negative_wtp,,india
ac3ec1bf-b8d4-4e8b-9a03-774cda222934,Astrotalk,astrology,scam,negative_wtp,,india
c32111ac-d48a-488d-9d8e-5b6098f8a629,Astrotalk,astrology,Waste of money,negative_wtp,,india
c38634a3-f99a-4746-8b7e-e0553de7f8a4,Astrotalk,astrology,scam,negative_wtp,,india
e595fdcb-3f74-44b8-a4a2-db8479648f9b,Astrotalk,astrology,loot,negative_wtp,,india
91b2a94d-3aad-4813-bd5f-ec07b4bc9c67,Astrotalk,astrology,loot,negative_wtp,,india
d529a1ae-88b7-44fa-87bb-a70149622653,Astrotalk,astrology,waste of money,negative_wtp,,india
46af36f0-2557-4edb-8bf9-7595bca73dfc,Astrotalk,astrology,waste of money,negative_wtp,,india
8ae1e597-8ece-4461-9200-1935b9345845,Astrotalk,astrology,subscribed,positive_wtp,,india
b099c814-d39a-45d3-97dc-251452f11818,Astrotalk,astrology,loot,negative_wtp,,india
f542f28d-e5df-428c-8bd2-930b68234a78,Astrotalk,astrology,scam,negative_wtp,horoscope,india
438c96b7-dbc9-40ee-b13f-3f2cc30fa526,Astrotalk,astrology,loot,negative_wtp,,india
4a362f03-1051-40c7-a83d-4dd337cea3ef,Astrotalk,astrology,scam,negative_wtp,,india
4288040a-e675-463f-a640-1c017809c1bc,Astrotalk,astrology,Waste of Money,negative_wtp,,india
4288040a-e675-463f-a640-1c017809c1bc,Astrotalk,astrology,Scam,negative_wtp,,india
4288040a-e675-463f-a640-1c017809c1bc,Astrotalk,astrology,scam,negative_wtp,,india
4288040a-e675-463f-a640-1c017809c1bc,Astrotalk,astrology,loot,negative_wtp,,india
75e842cd-d86a-49ac-bde5-c7465a53afbb,Astrotalk,astrology,waste of money,negative_wtp,,india
44e181e4-55f1-4e5e-98a8-91c713aa4769,Astrotalk,astrology,scam,negative_wtp,,india
44e181e4-55f1-4e5e-98a8-91c713aa4769,Astrotalk,astrology,loot,negative_wtp,,india
44e181e4-55f1-4e5e-98a8-91c713aa4769,Astrotalk,astrology,loot,negative_wtp,,india
ae399923-a9d0-462c-977b-9989063d6dc6,Astrotalk,astrology,scam,negative_wtp,,india
d34d6cf1-78eb-44f9-b5ba-f5e996a8f22f,Astrotalk,astrology,loot,negative_wtp,,india
6807d3c6-75c8-4852-9ef5-202cebc4ef64,Astrotalk,astrology,waste of money,negative_wtp,,india
22ee82a3-ed92-412f-a402-ca8f98032318,Astrotalk,astrology,waste of money,negative_wtp,,india
8def1787-3754-484d-8175-2b6a91eb213b,Astrotalk,astrology,waste of money,negative_wtp,,india
89dfda56-1fd6-4ccb-972a-db64d9382d83,Astrotalk,astrology,waste of money,negative_wtp,,india
2dd5c10e-2a2a-4f86-a986-62193c6d18e7,Astrotalk,astrology,scam,negative_wtp,,india
b1a2b97d-99cc-4a37-9fba-82fbb7fab7fb,Astrotalk,astrology,Waste of money,negative_wtp,,india
9e31aeca-1b16-4bce-bc10-1c556800d839,Astrotalk,astrology,not worth,negative_wtp,,india
3538fd92-9bf0-447b-bfbe-a51ae8575218,Astrotalk,astrology,waste of money,negative_wtp,,india
70b073a7-00af-4a11-8ddc-bee3a3b33070,Astrotalk,astrology,loot,negative_wtp,,india
8a9055c5-6664-4414-931b-c8e37a2c88d8,Astrotalk,astrology,scam,negative_wtp,,india
e1f7c032-622b-466d-a982-9d53908096be,Astrotalk,astrology,scam,negative_wtp,,india
e1f7c032-622b-466d-a982-9d53908096be,Astrotalk,astrology,scam,negative_wtp,,india
e1f7c032-622b-466d-a982-9d53908096be,Astrotalk,astrology,loot,negative_wtp,,india
0eaec59c-75f1-449a-b2cf-2e172295693f,Astrotalk,astrology,scam,negative_wtp,,india
80431030-7fcc-43cf-9512-319381ee1848,Astrotalk,astrology,waste of money,negative_wtp,,india
f1c3e70b-13f4-4382-8cfd-372046a34863,Astrotalk,astrology,not worth,negative_wtp,,india
660a603a-fbd2-438c-91f6-12644cc51ab5,Astrotalk,astrology,loot,negative_wtp,,india
691032c3-46d0-4807-a2ac-8b678911bda8,Astrotalk,astrology,scam,negative_wtp,,india
1d3a7512-de3e-49e9-a394-c4680bcb4868,Astrotalk,astrology,scam,negative_wtp,,india
3a8ac8f3-5922-49b4-a33d-b16f628d1495,Astrotalk,astrology,scam,negative_wtp,,india
39cfdc2f-32de-4bbc-9cce-ca9fbc26d0c0,Astrotalk,astrology,scam,negative_wtp,,india
ffea8a2a-20d2-43d8-a555-483ea805558b,Astrotalk,astrology,value for money,positive_wtp,,india
03343a7d-46a4-4ec8-a908-b78c82d47f83,Astrotalk,astrology,scam,negative_wtp,,india
e3bdbd9b-58b5-48c9-a609-5fe11be6ea24,Astrotalk,astrology,waste of money,negative_wtp,,india
e3bdbd9b-58b5-48c9-a609-5fe11be6ea24,Astrotalk,astrology,scam,negative_wtp,,india
cb556232-a5ad-458e-8bab-7c6f7828fdfb,Astrotalk,astrology,loot,negative_wtp,,india
f69c2a07-e5db-4330-8323-db3e44064573,Astrotalk,astrology,worth every penny,positive_wtp,,india
f6872e06-2c49-42d7-b249-0789a88fe87d,Astrotalk,astrology,loot,negative_wtp,,india
ba5efcf2-c958-4c92-af85-2a061dcb23a8,Astrotalk,astrology,loot,negative_wtp,,india
ba5efcf2-c958-4c92-af85-2a061dcb23a8,Astrotalk,astrology,paisa barbaad,negative_wtp,,india
add957a6-e301-41ab-87e8-a3d2ab804d1a,Astrotalk,astrology,loot,negative_wtp,,india
cfeca31d-f283-4d89-9b9e-9aa6f5690ad2,Astrotalk,astrology,waste of money,negative_wtp,,india
56349a27-3138-440b-8d40-a37ab944b92e,Astrotalk,astrology,scam,negative_wtp,,india
23998ca3-43b0-4f73-9476-ba63af0668f5,Astrotalk,astrology,not worth,negative_wtp,,india
d8897802-be60-45ea-a035-cb5faee84e33,Astrotalk,astrology,scam,negative_wtp,,india
03cb85cb-b78e-48bc-9817-6bd5a2ce7447,Astrotalk,astrology,scam,negative_wtp,,india
7cc89990-799d-4c91-950a-829e7ba862bb,Astrotalk,astrology,waste of money,negative_wtp,,india
636d4362-942e-4835-bc0d-f46e13f48ea2,Astrotalk,astrology,loot,negative_wtp,,india
6295d85f-4dcc-4087-99e8-aae73bb69c5b,Astrotalk,astrology,scam,negative_wtp,,india
eb65df85-c361-4f08-be5d-2a793f88a436,Astrotalk,astrology,scam,negative_wtp,,india
36776ee4-fd2c-4a07-aa09-614d3bb1b0ef,Astrotalk,astrology,scam,negative_wtp,,india
1ade3a0a-9972-4364-a8a4-6ad56fb74b8e,Astrotalk,astrology,scam,negative_wtp,,india
875a7884-2a82-4d5f-b247-478cb3655d53,Astrotalk,astrology,not worth,negative_wtp,,india
b3ce1757-06ac-4049-8331-fe7077efe1af,Astrotalk,astrology,scam,negative_wtp,,india
6c9fde51-18ee-4124-91d4-0aa906390e8e,Astrotalk,astrology,scam,negative_wtp,,india
ae4f2150-e331-448c-8365-9d572df07991,Astrotalk,astrology,loot,negative_wtp,,india
665cbcf1-57e9-4b20-bf6c-1ef7bbba2ecd,Astrotalk,astrology,scam,negative_wtp,,india
664b4d29-caca-4958-8678-bfe6916c7db4,Astrotalk,astrology,take my money,positive_wtp,,india
47023831-104f-44f0-9c86-9b680df4fadc,Astrotalk,astrology,scam,negative_wtp,,india
aab58138-d88b-4a55-b4d8-382ac2a04d74,Astrotalk,astrology,waste of money,negative_wtp,,india
8349999d-1dd1-47bb-b1ca-4f14d0ba7c36,Astrotalk,astrology,LOOT,negative_wtp,,india
8a278c8b-ea13-4533-8d8f-de89360e1387,Astrotalk,astrology,scam,negative_wtp,,india
8a278c8b-ea13-4533-8d8f-de89360e1387,Astrotalk,astrology,scam,negative_wtp,,india
8a278c8b-ea13-4533-8d8f-de89360e1387,Astrotalk,astrology,scam,negative_wtp,,india
a021a6f0-9c44-4c6f-8e0e-1b62081d3926,Astrotalk,astrology,Waste of Money,negative_wtp,,india
7b5b5602-a55c-4cf0-ac0b-3e7612a37e91,Astrotalk,astrology,scam,negative_wtp,,india
404719da-a10a-481e-b8ad-450ff2f11ba8,Astrotalk,astrology,waste of money,negative_wtp,,india
d230917c-5622-4de4-9988-ac277787893c,Astrotalk,astrology,loot,negative_wtp,,india
2e634866-2475-46c5-a5c7-56b20f6f6e73,Astrotalk,astrology,scam,negative_wtp,,india
9b49cf03-20f2-4e84-ba24-741c89648349,Astrotalk,astrology,scam,negative_wtp,,india
3013b7dd-a469-4cbd-a6f6-09f3a137d51c,Astrotalk,astrology,scam,negative_wtp,,india
be666b67-55cf-463b-b153-01a7d0d3b220,Astrotalk,astrology,should be free,negative_wtp,,india
d00ad849-b8b1-40c8-998c-dfe9d6542b61,Astrotalk,astrology,waste of Money,negative_wtp,,india
6057b465-5953-4bb0-9822-aa6ac2372229,Astrotalk,astrology,scam,negative_wtp,,india
f3520ce5-ce21-4e04-99fe-2aa46ecaf100,Astrotalk,astrology,scam,negative_wtp,,india
3452331b-65b5-44e3-ae1e-fa15f1dc7527,Astrotalk,astrology,scam,negative_wtp,,india
84d6a9df-dce3-4e08-b927-9f1cb377eae7,Astrotalk,astrology,scam,negative_wtp,,india
d8f9d01b-dab0-4dd5-b9b6-26410450ba63,Astrotalk,astrology,Scam,negative_wtp,,india
e6fdba07-8fe9-4841-b593-3a76a4a72100,Astrotalk,astrology,scam,negative_wtp,,india
21c28ecb-8456-42f9-a9c9-3446b51e52bc,Astrotalk,astrology,waste of money,negative_wtp,,india
83e405b3-3296-4748-aefc-4f052aa314bf,Astrotalk,astrology,scam,negative_wtp,,india
e4733795-2258-4399-9f48-b7c6dbae2d96,Astrotalk,astrology,loot,negative_wtp,,india
f82adcb9-0691-4322-8112-d80008544947,Astrotalk,astrology,Scam,negative_wtp,,india
d116309e-a90f-4b81-a2af-d914f0ded3a2,Astrotalk,astrology,waste of money,negative_wtp,,india
31a762e0-4b9f-4e9f-a7cd-91da3c7f489e,Astrotalk,astrology,scam,negative_wtp,,india
fe9bf956-0e4e-48c6-b579-3228cd6a1459,Astrotalk,astrology,waste of money,negative_wtp,,india
a15f21e4-f14f-4e39-a966-89e49fcad48e,Astrotalk,astrology,loot,negative_wtp,,india
b6f7a498-b671-46fe-badd-991753fb4940,Astrotalk,astrology,waste of money,negative_wtp,,india
85092075-7ead-4a45-8e8e-5abffc48d3d2,Astrotalk,astrology,loot,negative_wtp,,india
fecc5264-89a4-4b01-8d51-2777ee3d0807,Astrotalk,astrology,loot,negative_wtp,,india
38ad46f1-b7c6-4f85-92ef-d1562c85f543,Astrotalk,astrology,scam,negative_wtp,,india
86cec001-f7de-49d2-ac5f-6d34242c12bd,Astrotalk,astrology,loot,negative_wtp,,india
ca55e357-1bde-4613-a055-f3053551f82c,Astrotalk,astrology,scam,negative_wtp,,india
297d72c8-f3d1-44aa-a3cc-8b206f6c80af,Astrotalk,astrology,loot,negative_wtp,,india
d68347bd-2d61-4c54-8f9b-2e7888d58959,Astrotalk,astrology,scam,negative_wtp,,india
94acbe0e-794c-40f7-9853-ff2241fbef58,Astrotalk,astrology,loot,negative_wtp,,india
d3d9f185-02ee-4cb9-902e-a04825fbc879,Astrotalk,astrology,waste of money,negative_wtp,,india
bcbe2ad7-3147-4f05-b7f1-eb54344d7f54,Astrotalk,astrology,loot,negative_wtp,,india
d711e276-1d8a-4a4f-be4a-29a5740fdab7,Astrotalk,astrology,scam,negative_wtp,,india
84620063-fa8c-4134-8726-05f6daeeb27a,Astrotalk,astrology,too expensive,negative_wtp,,india
586f5fb8-7947-48e6-b28f-b7f70638a178,Astrotalk,astrology,waste of money,negative_wtp,,india
c3563136-6eff-48a4-a525-735ea14da698,Astrotalk,astrology,scam,negative_wtp,,india
3f49df71-3af5-4a8c-98da-6e692c17d2f4,Astrotalk,astrology,loot,negative_wtp,,india
1015d00e-5edd-445e-a3fe-15f520aa19d6,Astrotalk,astrology,loot,negative_wtp,,india
595e62b0-ac44-415a-8a26-86b66909ed4c,Astrotalk,astrology,scam,negative_wtp,,india
eb0dadaf-6331-4bf8-8fa0-be2850163a75,Astrotalk,astrology,scam,negative_wtp,,india
6ad072a2-7101-43c5-9ed0-8e43b8054b14,Astrotalk,astrology,too costly,negative_wtp,remedies,india
14fe3328-18f2-4b6e-bd9b-229ac5eb79f8,Astrotalk,astrology,scam,negative_wtp,,india
0ad51425-a9e0-4509-9365-3b63a3a2a482,Astrotalk,astrology,scam,negative_wtp,,india
49c2d0c8-6f8a-46f0-b2e0-c0b913d07cab,Astrotalk,astrology,scam,negative_wtp,,india
3ba9dec1-c74c-4919-afaf-d4e96654c66f,Astrotalk,astrology,waste of money,negative_wtp,,india
3ba9dec1-c74c-4919-afaf-d4e96654c66f,Astrotalk,astrology,waste of money,negative_wtp,,india
b3cb809c-49f3-4831-a9cc-6eb624d361c0,Astrotalk,astrology,scam,negative_wtp,,india
b3cb809c-49f3-4831-a9cc-6eb624d361c0,Astrotalk,astrology,scam,negative_wtp,,india
9ca621b1-37f1-4efd-8dce-6cd2f96244ca,Astrotalk,astrology,scam,negative_wtp,,india
9ca621b1-37f1-4efd-8dce-6cd2f96244ca,Astrotalk,astrology,scam,negative_wtp,,india
8746adc8-c8b8-4161-99c5-456ac8ffb7b1,Astrotalk,astrology,loot,negative_wtp,,india
36cb8985-156f-45a2-82be-744346966789,Astrotalk,astrology,scam,negative_wtp,,india
4b5b4a1f-c992-4ff2-8414-7b0622b864a3,Astrotalk,astrology,scam,negative_wtp,,india
8318bd01-99c4-49af-93f4-61f2dad80f68,Astrotalk,astrology,scam,negative_wtp,,india
8283424a-45d6-4a7d-9319-23ee2a76384d,Astrotalk,astrology,too expensive,negative_wtp,,india
758416a8-6f0c-4281-b154-b5edf354d84b,Astrotalk,astrology,not worth,negative_wtp,,india
758416a8-6f0c-4281-b154-b5edf354d84b,Astrotalk,astrology,not worth,negative_wtp,,india
e0d290e3-d11b-4452-9426-709abd9cc25c,Astrotalk,astrology,loot,negative_wtp,,india
357a0689-3083-4116-99f8-2df4dee97e21,Astrotalk,astrology,SCAM,negative_wtp,,india
c367613c-45f5-45d5-b7e0-68f76194dd5d,Astrotalk,astrology,scam,negative_wtp,,india
efae4347-95bc-4e2a-a461-332e5a162daf,Astrotalk,astrology,scam,negative_wtp,,india
c6dc706d-d7fd-4c04-97ee-f75095c50324,Astrotalk,astrology,waste of money,negative_wtp,,india
55e8e150-11b6-4aa0-9005-ae4bec2521f7,Astrotalk,astrology,scam,negative_wtp,,india
e729f4e0-762e-44b8-9c78-37835183bfab,Astrotalk,astrology,waste of money,negative_wtp,,india
aaafeab9-156d-4492-b7b2-bef7a190ee5e,Astrotalk,astrology,not worth,negative_wtp,,india
fb648003-31ff-4afb-ab72-16fdd89176d8,Astrotalk,astrology,scam,negative_wtp,,india
1cad6565-2a41-4e41-aa7c-be4fc9d1b3d3,Astrotalk,astrology,loot,negative_wtp,,india
471da53f-5885-4002-aa9c-f8bebdf90d12,Astrotalk,astrology,scam,negative_wtp,,india
22e28a08-e787-4deb-b323-50afe3d39c16,Astrotalk,astrology,waste of money,negative_wtp,,india
086b0ded-91a5-483e-a045-65f3a514c2fb,Astrotalk,astrology,rip off,negative_wtp,,india
ac7de2f9-898c-4375-9372-2e6d9abed6a8,Astrotalk,astrology,loot,negative_wtp,,india
0752146e-8595-46da-ad5b-0e93049ec8c4,Astrotalk,astrology,loot,negative_wtp,,india
952d9ca4-7379-4160-a592-92a038beb0f6,Astrotalk,astrology,scam,negative_wtp,,india
952d9ca4-7379-4160-a592-92a038beb0f6,Astrotalk,astrology,loot,negative_wtp,,india
642495d4-2d6f-4d48-8ad6-14dc78749b0b,Astrotalk,astrology,scam,negative_wtp,,india
f2f7941e-7ce3-4cb0-a8e1-bbd8b6b85d98,Astrotalk,astrology,loot,negative_wtp,,india
882c7184-117b-4f63-bb27-2648b9d12c10,Astrotalk,astrology,scam,negative_wtp,,india
882c7184-117b-4f63-bb27-2648b9d12c10,Astrotalk,astrology,scam,negative_wtp,,india
140fb1c5-8c9f-4a04-aaf4-19ad45782182,Astrotalk,astrology,scam,negative_wtp,,india
339491eb-a4e0-486f-9fa7-5d34d3f1bee0,Astrotalk,astrology,loot,negative_wtp,,india
7b148706-6c2c-4b0e-af91-7290fa9a06de,Astrotalk,astrology,waste of money,negative_wtp,,india
65f32e79-5bf8-417a-9189-70dc3071040d,Astrotalk,astrology,waste of money,negative_wtp,,india
86ae87cc-6ae9-4897-9bd7-5a6cb34d334f,Astrotalk,astrology,Waste of money,negative_wtp,,india
139008a0-5290-42eb-a70b-808e23268599,Astrotalk,astrology,waste of money,negative_wtp,,india
aacde199-7bfb-44b2-9b01-bf3cd80e0dbb,Astrotalk,astrology,scam,negative_wtp,,india
589dd388-5f53-48e8-a4f4-ef16d6829b70,Astrotalk,astrology,loot,negative_wtp,,india
d50e20d8-5a8d-4a85-951a-e12e0eb26c51,Astrotalk,astrology,waste of money,negative_wtp,,india
0a739ed9-72a7-4433-8846-ae0b70b82388,Astrotalk,astrology,waste of money,negative_wtp,,india
a722a320-15e9-43b7-9ef1-6506203330cb,Astrotalk,astrology,loot,negative_wtp,,india
ca16dc6e-6ae1-428a-8c5a-84f13fbc0ac9,Astrotalk,astrology,scam,negative_wtp,,india
b6ceaee2-ca58-45e3-b7e0-30b7013ec49b,Astrotalk,astrology,scam,negative_wtp,,india
616176d2-bd2a-4154-929c-9ebdb6993b92,Astrotalk,astrology,waste of money,negative_wtp,tarot,india
56274852-0dfa-4545-8ffc-ad9845c385d9,Astrotalk,astrology,waste of money,negative_wtp,,india
9dff72ce-8e4b-4641-bf46-54497bdf8df7,Astrotalk,astrology,waste of money,negative_wtp,,india
c2eeee3e-1386-4d1a-9c51-439de40496c0,Astrotalk,astrology,loot,negative_wtp,,india
9f6cc93d-2d39-40c1-ad22-7efbf391eec5,Astrotalk,astrology,scam,negative_wtp,,india
31d6ccb3-4e72-4b9d-8e27-7eb61e1db323,Astrotalk,astrology,not worth,negative_wtp,,india
ba59545a-562e-4015-97d5-7551ce673a83,Astrotalk,astrology,scam,negative_wtp,,india
ca7d6e69-1890-453a-85b6-84b3966a197e,Astrotalk,astrology,scam,negative_wtp,,india
ca81eb02-2374-4fb9-b8cf-31769bdb3782,Astrotalk,astrology,worth the money,positive_wtp,,india
ca81eb02-2374-4fb9-b8cf-31769bdb3782,Astrotalk,astrology,not worth,negative_wtp,,india
49b4bc85-3ed8-473a-903f-5a5d67b65cb7,Astrotalk,astrology,too costly,negative_wtp,,india
17e7c0a5-914e-48cf-af47-a9a392afd038,Astrotalk,astrology,waste of money,negative_wtp,,india
0e7959ff-6681-412d-bf84-fb95ba4a5b06,Astrotalk,astrology,scam,negative_wtp,,india
0121a87b-3337-4255-9264-e0503d89786c,Astrotalk,astrology,waste of money,negative_wtp,,india
fb96cb00-794c-4042-ac45-933d081c4dfe,Astrotalk,astrology,scam,negative_wtp,,india
e377ea51-c28b-49ae-bbdd-10a30dba3084,Astrotalk,astrology,scam,negative_wtp,,india
5c7efa8c-1b39-4a43-8914-fa7c44c3f209,Astrotalk,astrology,loot,negative_wtp,,india
39f637d2-3d60-424b-b464-73b2228df16a,Astrotalk,astrology,scam,negative_wtp,,india
d014b351-8802-4cb4-99d1-171b522f331c,Astrotalk,astrology,paisa barbaad,negative_wtp,,india
4212f0de-c2b3-42f5-b2b6-39c28acd0e34,Astrotalk,astrology,loot,negative_wtp,,india
f86bf027-c751-4463-bca2-f10540aa8bfc,Astrotalk,astrology,scam,negative_wtp,,india
544b1ecb-b9a2-4f09-841c-6a8fdf8d8c31,Astrotalk,astrology,not worth,negative_wtp,,india
660bfa0e-7ae0-4736-a2aa-b74ab6fff46a,Astrotalk,astrology,scam,negative_wtp,,india
bb656107-7c32-4483-9942-a5f37d646eb3,Astrotalk,astrology,scam,negative_wtp,,india
bb656107-7c32-4483-9942-a5f37d646eb3,Astrotalk,astrology,scam,negative_wtp,,india
bb656107-7c32-4483-9942-a5f37d646eb3,Astrotalk,astrology,SCAM,negative_wtp,,india
55a0323a-6d19-47a1-a37b-10d8f8697909,Astrotalk,astrology,loot,negative_wtp,,india
03dffb5d-0707-4583-a276-8c7273d2676d,Astrotalk,astrology,waste of money,negative_wtp,,india
7fbb897c-a95b-45aa-a224-77de22e4180e,Astrotalk,astrology,scam,negative_wtp,,india
540480ea-7dc9-4bc2-9809-3fc81116e7a2,Astrotalk,astrology,Loot,negative_wtp,,india
75595d99-8a0a-4ae7-96f9-0fbfb3497f4b,Astrotalk,astrology,scam,negative_wtp,,india
f0d8c9d8-1bcb-4173-ac6a-1693709937ae,Astrotalk,astrology,scam,negative_wtp,,india
ccdee608-cff8-43cc-bdfa-b9b976e7571f,Astrotalk,astrology,scam,negative_wtp,,india
ccdee608-cff8-43cc-bdfa-b9b976e7571f,Astrotalk,astrology,scam,negative_wtp,,india
d65c087c-ec66-406c-9b2f-65fb74a0f65c,Astrotalk,astrology,scam,negative_wtp,,india
3109fbc5-be80-4f20-9704-b6a7c6b1e6cc,Astrotalk,astrology,loot,negative_wtp,,india
5d99426d-677f-48e7-b9b7-626f558d33da,Astrotalk,astrology,scam,negative_wtp,,india
5d99426d-677f-48e7-b9b7-626f558d33da,Astrotalk,astrology,scam,negative_wtp,,india
590b1349-9f4c-49ed-b90d-9157682f8ccb,Astrotalk,astrology,waste of money,negative_wtp,,india
5c2626f9-ddaa-4b9e-b95d-48d7f1c00e37,Astrotalk,astrology,Scam,negative_wtp,,india
cdef14e6-ab87-4ea8-9dde-12f3f65be8d6,Astrotalk,astrology,waste of money,negative_wtp,,india
d15d5451-851e-4f59-881b-15f0ff4f4396,Astrotalk,astrology,loot,negative_wtp,,india
a9d3889b-7c8c-40b8-81c9-5eb4c8f04f9c,Astrotalk,astrology,scam,negative_wtp,,india
27bb647b-d9e2-456d-a598-7df2deb80ec9,Astrotalk,astrology,loot,negative_wtp,,india
27bb647b-d9e2-456d-a598-7df2deb80ec9,Astrotalk,astrology,loot,negative_wtp,,india
8d5c98ca-aa9a-4c06-9b98-d9bec4e48235,Astrotalk,astrology,scam,negative_wtp,,india
48188371-2be3-4a6f-a496-c6ba6fda90ba,Astrotalk,astrology,SCAM,negative_wtp,,india
3d4a9a65-f619-4c15-a7d8-e6240eae387e,Astrotalk,astrology,loot,negative_wtp,,india
aee377b8-e747-45fe-9872-8fa3348922e1,Astrotalk,astrology,scam,negative_wtp,,india
8c20de5a-6611-4cd0-b42e-834ebcde6274,Astrotalk,astrology,scam,negative_wtp,,india
1d6d077d-3ec4-4f1a-a48f-dbfc325255c2,Astrotalk,astrology,scam,negative_wtp,,india
a314d053-f0dc-489a-a98a-84fcef102d52,Astrotalk,astrology,scam,negative_wtp,,india
4956fcb4-4737-489b-ad20-4addac0532e6,Astrotalk,astrology,scam,negative_wtp,,india
1e41e4a3-bc28-47fd-8dbb-b6cf5d5902e6,Astrotalk,astrology,scam,negative_wtp,,india
cbb4046e-8352-47cb-a215-b0dfc657471f,Astrotalk,astrology,loot,negative_wtp,,india
27e6590c-0aaa-4ccd-b772-f5660283e8ff,Astrotalk,astrology,scam,negative_wtp,,india
27e6590c-0aaa-4ccd-b772-f5660283e8ff,Astrotalk,astrology,scam,negative_wtp,,india
dbcf1715-8315-4986-a1ae-3d201f8634e9,Astrotalk,astrology,scam,negative_wtp,,india
a9f13f8b-666c-4d7d-88d0-20078c61005f,Astrotalk,astrology,Paisa barbaad,negative_wtp,,india
68b5d95b-560b-4304-a5e8-87dcaefde32a,Astrotalk,astrology,SCAM,negative_wtp,,india
b6dd1e2b-e508-4371-8e14-d0c47517b787,Astrotalk,astrology,scam,negative_wtp,,india
118701a0-a43c-469a-88ab-0a3842da492f,Astrotalk,astrology,scam,negative_wtp,,india
7026c931-cc05-443a-a946-46760950724b,Astrotalk,astrology,not paying,negative_wtp,,india
fefc20db-1bec-405a-8018-9838898a50a8,Astrotalk,astrology,loot,negative_wtp,,india
cd0fbc6d-b28c-4b10-a240-8bde4d169b6e,Astrotalk,astrology,scam,negative_wtp,,india
24566360-ead1-488d-bf05-4f9be14a693f,Astrotalk,astrology,scam,negative_wtp,,india
f3e1fc9a-7051-4d42-a273-3a6430e107de,Astrotalk,astrology,scam,negative_wtp,,india
78e48433-0f1d-44fe-9ce0-9c300f2f1325,Astrotalk,astrology,loot,negative_wtp,,india
78e48433-0f1d-44fe-9ce0-9c300f2f1325,Astrotalk,astrology,loot,negative_wtp,,india
4710fce1-af13-4a66-aa50-f52bf0e4a2fe,Astrotalk,astrology,waste of money,negative_wtp,,india
4710fce1-af13-4a66-aa50-f52bf0e4a2fe,Astrotalk,astrology,loot,negative_wtp,,india
d8eed08a-0205-428b-af7c-c0fd5b709696,Astrotalk,astrology,waste of Money,negative_wtp,,india
06fabbd3-d0fb-440b-9574-f19d1240f7b1,Astrotalk,astrology,waste of money,negative_wtp,,india
fcbe730b-5af0-4523-b49d-d31f6ad7e932,Astrotalk,astrology,loot,negative_wtp,,india
e4fd1ec8-a132-43a2-89e1-ce6eeb6055ae,Astrotalk,astrology,scam,negative_wtp,,india
e4fd1ec8-a132-43a2-89e1-ce6eeb6055ae,Astrotalk,astrology,loot,negative_wtp,,india
6849191d-a713-4211-a2ff-be2e46a63657,Astrotalk,astrology,loot,negative_wtp,,india
edfb67f8-05f1-4386-b547-0b24ce333218,Astrotalk,astrology,scam,negative_wtp,,india
47cef4ec-f8fd-4c1c-86d5-7c16d3c6321e,Astrotalk,astrology,scam,negative_wtp,,india
b22c8353-044e-486a-9e74-f50c0977967d,Astrotalk,astrology,scam,negative_wtp,,india
30408ab8-b85b-4f95-a157-df7de4a250d3,Astrotalk,astrology,loot,negative_wtp,,india
8410a1fb-cf38-4a63-a105-f6f2088dbba3,Astrotalk,astrology,waste of money,negative_wtp,,india
abe4a614-4209-4b2c-b3e3-e8f0929be720,Astrotalk,astrology,loot,negative_wtp,,india
99e61d70-955e-49a9-93f7-e446d8f197b2,Astrotalk,astrology,not worth,negative_wtp,,india
83ae2535-313d-4145-9480-9c81ac70eec9,Astrotalk,astrology,waste of money,negative_wtp,,india
85ea7acc-cc2b-4784-92a1-628413035fe9,Astrotalk,astrology,scam,negative_wtp,,india
85ea7acc-cc2b-4784-92a1-628413035fe9,Astrotalk,astrology,scam,negative_wtp,,india
b8652fc8-e604-403b-bbff-3bbf51c2d41c,Astrotalk,astrology,waste of money,negative_wtp,,india
504a7426-cf71-4d50-a31f-47fd6003bf47,Astrotalk,astrology,not worth,negative_wtp,,india
4fedeebe-d04c-4c1d-af48-e0a0bd65b49a,Astrotalk,astrology,scam,negative_wtp,,india
6f0fd00c-45ca-4b3d-9472-887277d6a440,Astrotalk,astrology,not worth,negative_wtp,,india
28580417-42d6-4172-8970-cbdfcccdc1a3,Astrotalk,astrology,loot,negative_wtp,,india
309acdad-4a68-46f4-b657-db27393b79bc,Astrotalk,astrology,LOOT,negative_wtp,,india
336b8429-261a-4d7e-b5c5-7249718686a6,Astrotalk,astrology,scam,negative_wtp,,india
0913e74c-d464-4c9f-8c49-de0b22d89736,Astrotalk,astrology,SCAM,negative_wtp,,india
556f3db0-8dff-4295-ac1f-dc5f35bdc7dd,Astrotalk,astrology,scam,negative_wtp,,india
3cf1d47c-0807-4039-a214-e19c0fc4501e,Astrotalk,astrology,scam,negative_wtp,,india
3cf1d47c-0807-4039-a214-e19c0fc4501e,Astrotalk,astrology,scam,negative_wtp,,india
306aa863-9498-4d69-b731-9d214c522bb4,Astrotalk,astrology,scam,negative_wtp,,india
ce2b36cb-97e9-44de-9694-bfa97fe7e044,Astrotalk,astrology,scam,negative_wtp,,india
5dfa139d-7781-4d8a-a851-d1f31239f468,Astrotalk,astrology,waste of money,negative_wtp,,india
572bb6fb-4bc2-4fc2-88b4-4af9552d21b0,Astrotalk,astrology,scam,negative_wtp,,india
06117e5c-b242-4a03-a0c6-e6a248330963,Astrotalk,astrology,waste of money,negative_wtp,,india
f2f5ea48-1be3-463d-a9a0-71fb544bfd3b,Astrotalk,astrology,scam,negative_wtp,,india
f2f5ea48-1be3-463d-a9a0-71fb544bfd3b,Astrotalk,astrology,scam,negative_wtp,,india
6e5c7860-b684-4baf-bbfb-52673aa9fdcb,Astrotalk,astrology,loot,negative_wtp,,india
eda28fc1-b39a-426b-95a0-d32f1cccae25,Astrotalk,astrology,waste of money,negative_wtp,,india
15ec5d40-3ab8-486b-b30b-28a23290f7ef,Astrotalk,astrology,scam,negative_wtp,,india
e0dae636-3c6f-4c07-adff-3c604b302369,Astrotalk,astrology,scam,negative_wtp,,india
adc498b4-9ec6-45aa-985e-b671784c0259,Astrotalk,astrology,waste of money,negative_wtp,,india
0f452039-91c2-4d33-9418-355ac9dd5564,Astrotalk,astrology,scam,negative_wtp,,india
877fa849-93e0-4b6f-bea3-29fdf47c831b,Astrotalk,astrology,loot,negative_wtp,,india
c247edc4-9e40-4ca7-ac59-8ffdb8972b3c,Astrotalk,astrology,loot,negative_wtp,,india
be9ac777-a3ae-4d39-82d6-12888fdad68d,Astrotalk,astrology,scam,negative_wtp,,india
3a3a8abc-5cc7-48f4-b718-bb53f05da007,Astrotalk,astrology,scam,negative_wtp,,india
8d4b68ec-11e2-408a-8c71-801d6ff99fd3,Astrotalk,astrology,scam,negative_wtp,,india
8d4b68ec-11e2-408a-8c71-801d6ff99fd3,Astrotalk,astrology,scam,negative_wtp,tarot,india
dc4e8d60-6d45-44ea-b8bc-cabdfaf512e3,Astrotalk,astrology,scam,negative_wtp,,india
d7fa8f2e-92e5-4995-92f2-78c803ece325,Astrotalk,astrology,scam,negative_wtp,,india
f959e686-8b3b-4f76-b235-4f5aa8416c31,Astrotalk,astrology,scam,negative_wtp,,india
f959e686-8b3b-4f76-b235-4f5aa8416c31,Astrotalk,astrology,scam,negative_wtp,,india
f959e686-8b3b-4f76-b235-4f5aa8416c31,Astrotalk,astrology,scam,negative_wtp,,india
b4cfa90a-e2b6-41e5-beb8-c37a5470b6bc,Astrotalk,astrology,good value,positive_wtp,,india
b3be4817-cc28-4b00-9158-3daa42deb988,Astrotalk,astrology,scam,negative_wtp,,india
3c053ff0-bd8b-4bf1-9290-efa466b37df5,Astrotalk,astrology,scam,negative_wtp,,india
94833059-4bc4-40b1-bcd9-72ae39f5c4a6,Astrotalk,astrology,scam,negative_wtp,,india
94833059-4bc4-40b1-bcd9-72ae39f5c4a6,Astrotalk,astrology,scam,negative_wtp,,india
94833059-4bc4-40b1-bcd9-72ae39f5c4a6,Astrotalk,astrology,scam,negative_wtp,,india
cf7f357a-9167-4d96-b0a4-eddc0cbde3b5,Astrotalk,astrology,value for money,positive_wtp,,india
6c10c94a-5429-4cae-82ee-cb0af63a82b2,Astrotalk,astrology,scam,negative_wtp,,india
bc27a79c-e01d-45c3-a7e9-05b5e3fb8354,Astrotalk,astrology,waste of money,negative_wtp,,india
150d82a0-4645-429e-90ea-b1b712d0ec54,Astrotalk,astrology,scam,negative_wtp,,india
565d00cd-2d3e-4cdc-9cec-03be22026c57,Astrotalk,astrology,waste of money,negative_wtp,,india
94d25d79-e9ec-4dc7-9a1a-5a74580f26d9,Astrotalk,astrology,scam,negative_wtp,,india
a4574f0d-5fa5-4cfa-8bbb-c339f7389bc7,Astrotalk,astrology,Waste of money,negative_wtp,,india
ef52a9a1-660d-4ab9-863a-c1338b3f1514,Astrotalk,astrology,loot,negative_wtp,,india
068bbd80-aab2-44a0-862c-098ab90ec576,Astrotalk,astrology,scam,negative_wtp,,india
068bbd80-aab2-44a0-862c-098ab90ec576,Astrotalk,astrology,scam,negative_wtp,,india
eeae7f62-d918-42c5-ad0c-3f3cc9f23257,Astrotalk,astrology,waste of money,negative_wtp,,india
fd9bc064-4921-452b-874c-ef32f5756620,Astrotalk,astrology,scam,negative_wtp,,india
fd9bc064-4921-452b-874c-ef32f5756620,Astrotalk,astrology,scam,negative_wtp,,india
242749b8-369b-431c-9cd5-72ed25ebbf12,Astrotalk,astrology,scam,negative_wtp,,india
242749b8-369b-431c-9cd5-72ed25ebbf12,Astrotalk,astrology,scam,negative_wtp,,india
fa326b41-b4ed-45ae-a7eb-6834f1efc55c,Astrotalk,astrology,SCAM,negative_wtp,,india
fa326b41-b4ed-45ae-a7eb-6834f1efc55c,Astrotalk,astrology,SCAM,negative_wtp,,india
fa326b41-b4ed-45ae-a7eb-6834f1efc55c,Astrotalk,astrology,SCAM,negative_wtp,,india
fa326b41-b4ed-45ae-a7eb-6834f1efc55c,Astrotalk,astrology,Scam,negative_wtp,,india
00baa397-793d-47a9-9a31-be67fb1ae01a,Astrotalk,astrology,loot,negative_wtp,,india
8146a444-ee4a-48d0-bf89-3512e0dee720,Astrotalk,astrology,scam,negative_wtp,,india
8e9e6e7b-63b3-40e6-8e2e-59016e3b88f5,Astrotalk,astrology,loot,negative_wtp,,india
ccaab8fb-ff29-4a13-a8b3-75b885bf9f17,Astrotalk,astrology,scam,negative_wtp,,india
19fb6fd0-c917-46e7-915c-e4640cb98747,Astrotalk,astrology,paisa barbaad,negative_wtp,,india
8c5bb31c-b924-4f04-90a8-8bfd913bad8a,Astrotalk,astrology,too costly,negative_wtp,,india
5dc3e20e-85ae-4097-9b23-3586f5f3d223,Astrotalk,astrology,scam,negative_wtp,,india
1c0f55db-0862-4225-abbe-b378a63201a0,Astrotalk,astrology,loot,negative_wtp,,india
09e8624c-47dc-48b4-8d1a-167542fe8f79,Astrotalk,astrology,scam,negative_wtp,,india
e20412d6-4646-4950-8cac-730e86d0e0c9,Astrotalk,astrology,SCAM,negative_wtp,,india
3088cf8e-f173-4eba-b80b-fd7c35fecaca,Astrotalk,astrology,money grab,negative_wtp,,india
e1ab6dc5-d09a-47d3-acb2-b13094673658,Astrotalk,astrology,Loot,negative_wtp,,india
8260e8cf-de62-4956-860f-7cb610e146d0,Astrotalk,astrology,scam,negative_wtp,,india
3dbb2b01-51be-4cdb-a998-9ca9fe5bd308,Astrotalk,astrology,loot,negative_wtp,,india
4c1b7ad5-fb72-4a02-8a60-d4ef7fdd0b5b,Astrotalk,astrology,loot,negative_wtp,,india
848402ab-4e9d-4753-b178-6d3c5ac1caa9,Astrotalk,astrology,scam,negative_wtp,,india
a102d286-a4f8-4e89-944d-1c3f63d6bc48,Astrotalk,astrology,loot,negative_wtp,,india
a79718d8-ca83-4864-97d2-a381b3878691,Astrotalk,astrology,loot,negative_wtp,,india
21bbd63f-4952-404e-b7c5-e791cdd3d1ee,Astrotalk,astrology,loot,negative_wtp,,india
06ad2a62-7dee-4ccf-bb49-a7e9b07961e2,Astrotalk,astrology,loot,negative_wtp,,india
7b79d5d7-538b-4977-92e3-0eb4467fe413,Astrotalk,astrology,scam,negative_wtp,,india
563055dd-4fb0-4877-8907-f3bb8d2db46a,Astrotalk,astrology,waste of money,negative_wtp,,india
54873a5a-987a-40ff-858c-ba3870441a20,Astrotalk,astrology,scam,negative_wtp,,india
a3643e91-b2b2-46c4-8051-7b6331bc95e4,Astrotalk,astrology,scam,negative_wtp,,india
a85c4f12-cfd2-4f00-af51-a709476937eb,Astrotalk,astrology,scam,negative_wtp,,india
e0ca9575-e608-45cf-8902-98fc0bfd2f6c,Astrotalk,astrology,loot,negative_wtp,,india
2fe25b25-6dd9-4c2d-b044-e6dee11430c4,Astrotalk,astrology,waste of money,negative_wtp,,india
d454e799-4201-44b2-8018-f05e6f2a9307,Astrotalk,astrology,Scam,negative_wtp,,india
69573f59-9f26-4326-922a-d52cf5ed44e6,Astrotalk,astrology,scam,negative_wtp,,india
69573f59-9f26-4326-922a-d52cf5ed44e6,Astrotalk,astrology,loot,negative_wtp,,india
efd3c67d-ee9d-4c9c-80b7-8dbf8ab77dbb,Astrotalk,astrology,scam,negative_wtp,,india
705210e6-d3b0-46da-82b4-a31397848ae2,Astrotalk,astrology,loot,negative_wtp,,india
c5981e17-b91f-4abb-bc2d-90893c31b3d3,Astrotalk,astrology,scam,negative_wtp,,india
d14fe72e-9a5b-4ddf-b8cd-2af0d73bccaa,Astrotalk,astrology,scam,negative_wtp,,india
4f83a648-708f-41ba-9ed3-fb9a5f010807,Astrotalk,astrology,waste of money,negative_wtp,,india
4f83a648-708f-41ba-9ed3-fb9a5f010807,Astrotalk,astrology,scam,negative_wtp,,india
d701844c-c9f1-4f79-b417-ad84e1eb046f,Astrotalk,astrology,not worth,negative_wtp,,india
ab45dd00-61d7-4d1a-b959-3f0a2b281597,Astrotalk,astrology,scam,negative_wtp,,india
2a24e49b-d8a2-45f8-9cce-886c1cdc669a,Astrotalk,astrology,scam,negative_wtp,,india
2863e287-c0be-4eb5-a339-e9ca6999f595,Astrotalk,astrology,scam,negative_wtp,,india
25bda74c-9b08-4997-a4fa-3c9c32009374,Astrotalk,astrology,SCAM,negative_wtp,,india
5ee07472-01a6-4d08-880c-27e6bca661ac,Astrotalk,astrology,scam,negative_wtp,,india
5ee07472-01a6-4d08-880c-27e6bca661ac,Astrotalk,astrology,scam,negative_wtp,,india
380cb021-5311-4d6e-b095-1c8c344bde85,Astrotalk,astrology,scam,negative_wtp,,india
d5fe46c9-d5e8-4138-85c7-896ee18ccff9,Astrotalk,astrology,loot,negative_wtp,,india
0ccc01b1-050a-4eeb-aba5-1dc79b01a22d,Astrotalk,astrology,waste of money,negative_wtp,,india
5140dfa5-490e-4662-a748-532e3101d673,Astrotalk,astrology,scam,negative_wtp,,india
76a3f588-d4f9-4257-8c6e-6bdfb301a220,Astrotalk,astrology,Scam,negative_wtp,,india
9025d211-8f53-47c8-9553-f5f457c35d5e,Astrotalk,astrology,loot,negative_wtp,,india
b6fd8372-4ee0-4a9d-ae22-56d5c387b092,Astrotalk,astrology,scam,negative_wtp,,india
b6fd8372-4ee0-4a9d-ae22-56d5c387b092,Astrotalk,astrology,scam,negative_wtp,,india
b6fd8372-4ee0-4a9d-ae22-56d5c387b092,Astrotalk,astrology,scam,negative_wtp,,india
d71c0fe3-2a7b-4c50-b802-2353ac5e2d3f,Astrotalk,astrology,Loot,negative_wtp,,india
16ed0a07-06c5-428d-8435-980ca95f4667,Astrotalk,astrology,scam,negative_wtp,,india
9e13002f-fcc4-41a5-9ac5-93ab9115c33f,Astrotalk,astrology,scam,negative_wtp,,india
c3874f37-a421-4a77-9cc1-46a65dbd133a,Astrotalk,astrology,scam,negative_wtp,,india
ec173c5c-5a98-430f-9851-f236c329c429,Astrotalk,astrology,scam,negative_wtp,,india
d4f995dc-4c50-4637-b765-8af3c52d6b61,Astrotalk,astrology,scam,negative_wtp,,india
f29617a7-e326-4681-b280-9028251e6ecf,Astrotalk,astrology,scam,negative_wtp,,india
90c52e6c-750c-4866-b255-34d6c871a0d9,Astrotalk,astrology,loot,negative_wtp,,india
a59171b5-2907-470c-b192-277813344446,Astrotalk,astrology,worth every penny,positive_wtp,,india
179b18e9-de7c-4db3-a423-9a4a74310e72,Astrotalk,astrology,not worth,negative_wtp,,india
179b18e9-de7c-4db3-a423-9a4a74310e72,Astrotalk,astrology,waste of money,negative_wtp,,india
a61a8f99-c690-424f-b7c2-777171e246a1,Astrotalk,astrology,scam,negative_wtp,,india
726807e9-2ecc-4129-8c6d-ca29de3f57e8,Astrotalk,astrology,Paisa barbaad,negative_wtp,,india
b4b1b3a4-5225-48bd-84cf-27272009bc41,Astrotalk,astrology,waste of money,negative_wtp,,india
189cf37a-a531-46d3-8a5f-3f4668b9f0a6,Astrotalk,astrology,scam,negative_wtp,,india
189cf37a-a531-46d3-8a5f-3f4668b9f0a6,Astrotalk,astrology,scam,negative_wtp,,india
4daffabe-c02f-4cf9-9c51-c609991769ec,Astrotalk,astrology,loot,negative_wtp,,india
7e9f9102-cfb2-48ad-a366-85f22da3f2a7,Astrotalk,astrology,scam,negative_wtp,,india
ed9929bb-d364-4653-aa12-68ce27e96aad,Astrotalk,astrology,scam,negative_wtp,,india
8a4a40d3-b558-44f2-88ad-4657920fe9bf,Astrotalk,astrology,waste of money,negative_wtp,,india
1409ba34-7acf-479e-9188-dda6b0698e6b,Astrotalk,astrology,Scam,negative_wtp,,india
4c8de15e-45ce-4b0a-8cc1-893ed92fa86f,Astrotalk,astrology,loot,negative_wtp,,india
04226e6c-3dd8-4e09-8808-338414441d0b,Astrotalk,astrology,waste of money,negative_wtp,,india
bb35e154-c14b-4e3e-af1f-88fd13aee68f,Astrotalk,astrology,scam,negative_wtp,,india
1fd17588-dc30-41a2-a97d-eb56b816e295,Astrotalk,astrology,scam,negative_wtp,,india
4b8cd4d1-21a5-46be-bada-cba1c5170210,Astrotalk,astrology,loot,negative_wtp,,india
e65fc368-87a7-4445-8358-a497401269da,Astrotalk,astrology,scam,negative_wtp,,india
c65cc80d-0640-4a74-9a60-004d408aa221,Astrotalk,astrology,waste of money,negative_wtp,,india
4317402b-1282-4964-b432-33c6685f824c,Astrotalk,astrology,Scam,negative_wtp,,india
ef713299-c659-4cda-99b0-a3908bb0ba8d,Astrotalk,astrology,scam,negative_wtp,,india
ef713299-c659-4cda-99b0-a3908bb0ba8d,Astrotalk,astrology,loot,negative_wtp,,india
b133463b-50d4-441d-a0ca-91ac5decadc7,Astrotalk,astrology,scam,negative_wtp,,india
930777e8-dd13-4804-870d-0e9bab02d525,Astrotalk,astrology,LOOT,negative_wtp,,india
c398bfb8-8a16-4267-9e0f-e89ca357fa04,Astrotalk,astrology,scam,negative_wtp,,india
25ee16f5-3b55-498c-8c05-bf136cc3530a,Astrotalk,astrology,scam,negative_wtp,,india
25ee16f5-3b55-498c-8c05-bf136cc3530a,Astrotalk,astrology,scam,negative_wtp,,india
cd6ce99e-7888-452e-a41c-39adacaa0ff2,Astrotalk,astrology,scam,negative_wtp,,india
c550e96e-c8a8-4c21-b377-667396afe554,Astrotalk,astrology,scam,negative_wtp,,india
cba28f05-1870-4aa2-8f45-c08b514f9a47,Astrotalk,astrology,scam,negative_wtp,,india
cba28f05-1870-4aa2-8f45-c08b514f9a47,Astrotalk,astrology,scam,negative_wtp,,india
cba28f05-1870-4aa2-8f45-c08b514f9a47,Astrotalk,astrology,scam,negative_wtp,,india
55212acf-1ce6-402b-a392-e370d07ce97a,Astrotalk,astrology,loot,negative_wtp,,india
64f99cbb-124c-40f2-9f4b-af4f738c67d3,Astrotalk,astrology,scam,negative_wtp,,india
9a938b51-1a25-425a-8ef6-3f775209902f,Astrotalk,astrology,scam,negative_wtp,,india
9a938b51-1a25-425a-8ef6-3f775209902f,Astrotalk,astrology,scam,negative_wtp,,india
65e8a1ba-f449-4280-b20a-b21f29b9837c,Astrotalk,astrology,scam,negative_wtp,,india
72c7e41b-bd9c-42fc-88bb-989deea11b6a,Astrotalk,astrology,loot,negative_wtp,,india
bf14050f-3a64-4181-ab53-f3440c11aad3,Astrotalk,astrology,scam,negative_wtp,,india
e1eaa2ea-6997-4f80-b08d-25b87a6b6575,Astrotalk,astrology,loot,negative_wtp,remedies,india
63f999f4-7e19-48ed-8384-6faf627103df,Astrotalk,astrology,scam,negative_wtp,,india
210e6152-0d21-4052-b73d-fbf93ab4955c,Astrotalk,astrology,scam,negative_wtp,,india
383e630c-ee95-44b7-b18b-fada14ad250b,Astrotalk,astrology,waste of money,negative_wtp,,india
01316b68-f124-4e8a-b215-f564c17b949c,Astrotalk,astrology,scam,negative_wtp,,india
ca36a6d5-ccbd-47c6-b8ab-5f1a2f05bda8,Astrotalk,astrology,scam,negative_wtp,,india
5572ee90-f9f4-4536-bae3-0954d0bb74f6,Astrotalk,astrology,scam,negative_wtp,,india
5572ee90-f9f4-4536-bae3-0954d0bb74f6,Astrotalk,astrology,loot,negative_wtp,,india
cecb86ab-4638-493c-9b3c-9ceabbbaadee,Astrotalk,astrology,scam,negative_wtp,,india
ae366954-e2b5-4970-ac47-199c1d4ddfef,Astrotalk,astrology,scam,negative_wtp,,india
57c04a0b-45aa-493e-8a8b-71ed39de0f83,Astrotalk,astrology,scam,negative_wtp,,india
4916e182-c467-4f82-ad05-737e60eb5d89,Astrotalk,astrology,not worth,negative_wtp,,india
4916e182-c467-4f82-ad05-737e60eb5d89,Astrotalk,astrology,scam,negative_wtp,,india
11613a0b-04b3-49ec-9d46-a8cc2e341491,Astrotalk,astrology,scam,negative_wtp,,india
b57604f9-2de6-47c0-aead-fe6895f334cc,Astrotalk,astrology,scam,negative_wtp,,india
a6a107ef-b50a-41c7-b64e-94f5622e6489,Astrotalk,astrology,scam,negative_wtp,,india
af38fc0c-34c1-4bcb-8106-1b8a06f762c3,Astrotalk,astrology,worth the money,positive_wtp,,india
af38fc0c-34c1-4bcb-8106-1b8a06f762c3,Astrotalk,astrology,not worth,negative_wtp,,india
af38fc0c-34c1-4bcb-8106-1b8a06f762c3,Astrotalk,astrology,waste of money,negative_wtp,,india
546fa412-38a8-46e7-8a06-9c9a431c54c9,Astrotalk,astrology,scam,negative_wtp,,india
c935fb91-576f-43b5-acab-44f9e6882566,Astrotalk,astrology,scam,negative_wtp,,india
8a2065ca-eda1-4b27-9813-d333d5c606e2,Astrotalk,astrology,scam,negative_wtp,,india
9e9a7775-9200-49aa-85a6-44529b284195,Astrotalk,astrology,waste of money,negative_wtp,,india
58f9d2ca-b65c-4489-b7b5-e1050d8e70ed,Astrotalk,astrology,scam,negative_wtp,,india
58f9d2ca-b65c-4489-b7b5-e1050d8e70ed,Astrotalk,astrology,scam,negative_wtp,,india
58f9d2ca-b65c-4489-b7b5-e1050d8e70ed,Astrotalk,astrology,scam,negative_wtp,,india
a31e9312-b9ee-46c3-9d65-346cbfcdb7e2,Astrotalk,astrology,loot,negative_wtp,,india
a31e9312-b9ee-46c3-9d65-346cbfcdb7e2,Astrotalk,astrology,loot,negative_wtp,,india
03d2f332-2a23-4861-922c-c56e53d07739,Astrotalk,astrology,waste of money,negative_wtp,,india
1d505e78-77a5-408d-a638-0a300a026d04,Astrotalk,astrology,scam,negative_wtp,,india
1d505e78-77a5-408d-a638-0a300a026d04,Astrotalk,astrology,scam,negative_wtp,,india
81027709-754b-4f78-81af-d07176634ffd,Astrotalk,astrology,scam,negative_wtp,,india
4ba31c50-7181-4ce3-9058-9ce0229cdd8e,Astrotalk,astrology,waste of money,negative_wtp,,india
0e27f5bb-3b75-4ee1-8811-fa0fe8f41917,Astrotalk,astrology,scam,negative_wtp,,india
1fa0a0b9-94ea-4282-8e17-d0d0b097d232,Astrotalk,astrology,waste of money,negative_wtp,,india
c00b97b6-9b2b-4020-ab30-4e4c62be5771,Astrotalk,astrology,waste of money,negative_wtp,,india
954b7340-fead-4287-b600-6efcb8e71a52,Astrotalk,astrology,loot,negative_wtp,,india
d837d381-9062-4a7a-ae2d-d21068200556,Astrotalk,astrology,loot,negative_wtp,,india
f0ec11e4-4961-43f1-80f0-0296ea73f35a,Astrotalk,astrology,scam,negative_wtp,,india
003746cb-248d-49b5-892f-ac9bc78eb63b,Astrotalk,astrology,scam,negative_wtp,,india
fd2c1eb5-81f6-4bc9-8d47-2c70dba6ca1f,Astrotalk,astrology,loot,negative_wtp,,india
698583be-ae67-4721-ada6-8ccd83991abb,Astrotalk,astrology,loot,negative_wtp,,india
28ba16b5-7eae-41dd-b2f0-c6746c2c5ed7,Astrotalk,astrology,loot,negative_wtp,,india
7db46600-00a7-46db-b099-3d195b7a488a,Astrotalk,astrology,money grab,negative_wtp,,india
0e3e320a-883f-48b5-9d97-6df38e29fe84,Astrotalk,astrology,waste of money,negative_wtp,,india
7db71b97-7de1-43f5-8d00-24e678e1318e,Astrotalk,astrology,scam,negative_wtp,,india
d2260eb3-13e1-4ded-a94c-779609e33beb,Astrotalk,astrology,scam,negative_wtp,,india
d1dbff8b-6181-4289-94f6-f87b53f632ac,Astrotalk,astrology,scam,negative_wtp,,india
35a343a4-ee50-461c-a767-d79ea1cc8364,Astrotalk,astrology,loot,negative_wtp,,india
c6e00e9a-63f8-4721-910d-c4edfd5f16f2,Astrotalk,astrology,waste of money,negative_wtp,,india
5a236f4d-7776-4002-9736-68a8d4bb050e,Astrotalk,astrology,loot,negative_wtp,remedies,india
5147bd39-9d96-4260-896d-90cf9fcbc2c9,Astrotalk,astrology,Scam,negative_wtp,,india
1d9f83cd-a377-4137-9a80-d040ff22ce61,Astrotalk,astrology,scam,negative_wtp,,india
fd83378c-2601-4c06-9a40-5bf7f6f67c6f,Astrotalk,astrology,scam,negative_wtp,,india
fed38c58-fd62-4938-93a2-d15384c2877c,Astrotalk,astrology,scam,negative_wtp,,india
fed38c58-fd62-4938-93a2-d15384c2877c,Astrotalk,astrology,scam,negative_wtp,,india
76165aa3-75cf-465a-b63e-aeb46e388266,Astrotalk,astrology,waste of money,negative_wtp,,india
8b309439-0984-4ddf-86f5-ea94fea6024d,Astrotalk,astrology,loot,negative_wtp,,india
53e77bad-b24a-4c69-8a73-599d7f06fd84,Astrotalk,astrology,scam,negative_wtp,,india
79a333a1-2f2a-4901-907a-c8a3e1af7eb2,Astrotalk,astrology,loot,negative_wtp,,india
9ec36348-3d2a-4c34-bc72-5ff65617736f,Astrotalk,astrology,scam,negative_wtp,,india
24b26edf-57ac-44fa-b099-1b5e6079cafb,Astrotalk,astrology,loot,negative_wtp,,india
8eec8779-5c8f-47ef-80f9-152b375e278c,Astrotalk,astrology,loot,negative_wtp,,india
8eec8779-5c8f-47ef-80f9-152b375e278c,Astrotalk,astrology,Loot,negative_wtp,,india
98b26add-0b25-4ceb-a788-2bffaedf27a4,Astrotalk,astrology,scam,negative_wtp,,india
1f9f76d4-8045-4dd3-ade0-e60911b62254,Astrotalk,astrology,scam,negative_wtp,,india
fdcbd067-e938-41ad-ab07-44657a73da84,Astrotalk,astrology,waste of money,negative_wtp,,india
83de9734-7e22-4d86-88c4-4d79168ac66d,Astrotalk,astrology,scam,negative_wtp,,india
43983dff-78a8-4c8b-b840-dd214ba8ede9,Astrotalk,astrology,waste of money,negative_wtp,,india
9961a51b-be80-4776-9d88-80f5039a331b,Astrotalk,astrology,take my money,positive_wtp,,india
72e7ef42-36f4-4f98-a108-031ddacce1d1,Astrotalk,astrology,scam,negative_wtp,,india
72e7ef42-36f4-4f98-a108-031ddacce1d1,Astrotalk,astrology,loot,negative_wtp,,india
eebd7c18-49db-40dd-8b3d-95bf39504945,Astrotalk,astrology,scam,negative_wtp,,india
21493a5e-6521-4a61-bf89-159c2bf08b7f,Astrotalk,astrology,scam,negative_wtp,,india
07afe890-32c7-4cac-8d53-a293f6b89473,Astrotalk,astrology,too costly,negative_wtp,,india
21eeecf7-92d8-4c62-ba40-380e433a0dd3,Astrotalk,astrology,scam,negative_wtp,,india
21eeecf7-92d8-4c62-ba40-380e433a0dd3,Astrotalk,astrology,scam,negative_wtp,,india
0fbc1d90-3182-4ce9-9a58-3ba5b2869874,Astrotalk,astrology,loot,negative_wtp,,india
9656b634-b57b-4149-9ed6-198e23da5b7a,Astrotalk,astrology,waste of money,negative_wtp,,india
9656b634-b57b-4149-9ed6-198e23da5b7a,Astrotalk,astrology,scam,negative_wtp,,india
4f53d9e1-7528-476b-bf80-aaba62e923d4,Astrotalk,astrology,loot,negative_wtp,remedies,india
4f53d9e1-7528-476b-bf80-aaba62e923d4,Astrotalk,astrology,loot,negative_wtp,remedies,india
10c45884-280d-4bf7-a082-1589c096bc9b,Astrotalk,astrology,never pay,negative_wtp,,india
10c45884-280d-4bf7-a082-1589c096bc9b,Astrotalk,astrology,loot,negative_wtp,,india
21e91f68-259a-4cde-ac25-f4d7ed950713,Astrotalk,astrology,scam,negative_wtp,,india
0f641699-cdd6-4cee-a718-555e5cf7c734,Astrotalk,astrology,loot,negative_wtp,,india
2ed65e6f-0207-4f22-b4c7-83883711c6af,Astrotalk,astrology,scam,negative_wtp,,india
aeb0808e-0ba5-4ad4-8cf9-d10d2d7a8916,Astrotalk,astrology,loot,negative_wtp,,india
aeb0808e-0ba5-4ad4-8cf9-d10d2d7a8916,Astrotalk,astrology,loot,negative_wtp,,india
aeb0808e-0ba5-4ad4-8cf9-d10d2d7a8916,Astrotalk,astrology,loot,negative_wtp,,india
0b0d6268-6d61-41c2-8c2e-3b624810da6b,Astrotalk,astrology,loot,negative_wtp,,india
0b0d6268-6d61-41c2-8c2e-3b624810da6b,Astrotalk,astrology,loot,negative_wtp,,india
e02a4823-4fd4-4efb-8488-a449120e9995,Astrotalk,astrology,loot,negative_wtp,,india
86273f75-fd0b-4f70-920c-0f7b385a9d73,Astrotalk,astrology,waste of money,negative_wtp,,india
85d0d6d6-cc8f-4d4c-ab98-543330200be4,Astrotalk,astrology,waste of money,negative_wtp,,india
b5343a79-dd97-461e-8300-120f4b01dbc4,Astrotalk,astrology,scam,negative_wtp,,india
5e1675e8-6c23-41e1-8234-e846ce6acf1f,Astrotalk,astrology,scam,negative_wtp,,india
5e1675e8-6c23-41e1-8234-e846ce6acf1f,Astrotalk,astrology,scam,negative_wtp,,india
d0326e77-2ec4-405f-b811-67d71c073c8a,Astrotalk,astrology,waste of money,negative_wtp,,india
2c2cc2a6-cf48-47eb-b9d9-1aa5987f24d6,Astrotalk,astrology,scam,negative_wtp,,india
a578cb54-1323-4ccb-b3e8-9ba9138d5971,Astrotalk,astrology,scam,negative_wtp,,india
cb5b9dc3-8101-4a08-984c-5776a76dc9e6,Astrotalk,astrology,money well spent,positive_wtp,,india
a722a7a3-736d-4a63-bca5-e08286be7e43,Astrotalk,astrology,Scam,negative_wtp,,india
9fe3a3dc-8ab9-487e-8869-27109ce61d7b,Astrotalk,astrology,scam,negative_wtp,,india
c061b0eb-8678-48eb-8b3f-13626399b045,Astrotalk,astrology,loot,negative_wtp,,india
c38bcd1c-fdc1-4537-b9eb-84aa1422562b,Astrotalk,astrology,scam,negative_wtp,,india
c76ddc21-acf3-4cde-ae33-ad73f1e400a9,Astrotalk,astrology,loot,negative_wtp,,india
a5a5fe92-73e7-4f46-b809-0f9432e43c3a,Astrotalk,astrology,scam,negative_wtp,,india
b2e63289-69c9-4c36-ae0c-44c86a0a257b,Astrotalk,astrology,scam,negative_wtp,,india
78408164-7726-4e2b-be8d-11eccd727249,Astrotalk,astrology,Paisa vasool,positive_wtp,,india
78408164-7726-4e2b-be8d-11eccd727249,Astrotalk,astrology,loot,negative_wtp,,india
39f68411-ad44-4d64-978f-c48228f74e2b,Astrotalk,astrology,scam,negative_wtp,,india
105e7e3b-a552-439e-b91e-73ac39d81fec,Astrotalk,astrology,scam,negative_wtp,,india
4a51d8ab-49ea-4273-b3d6-fd086467cd80,Astrotalk,astrology,scam,negative_wtp,,india
0362792c-6132-492e-8142-4fc24c9cad61,Astrotalk,astrology,scam,negative_wtp,,india
0362792c-6132-492e-8142-4fc24c9cad61,Astrotalk,astrology,loot,negative_wtp,,india
71f6f468-188b-4606-aa36-30686471b05e,Astrotalk,astrology,scam,negative_wtp,,india
5cc236cf-1346-4e8a-9df0-04194cd8c851,Astrotalk,astrology,scam,negative_wtp,,india
2e136ece-1a94-4fd9-a876-90801b98c480,Astrotalk,astrology,loot,negative_wtp,,india
042a2816-ebee-4077-b48b-14a7d5005f25,Astrotalk,astrology,waste of money,negative_wtp,,india
afbf555e-9246-47e3-8cc3-d510863a44a7,Astrotalk,astrology,scam,negative_wtp,,india
acbeb264-1c3e-4f20-acfd-ca2c25df8bc9,Astrotalk,astrology,loot,negative_wtp,,india
7c6e6631-1036-4663-8cb8-60e079e0e927,Astrotalk,astrology,scam,negative_wtp,,india
7c6e6631-1036-4663-8cb8-60e079e0e927,Astrotalk,astrology,scam,negative_wtp,,india
1e0f2937-6979-4c80-a176-db75e60c7ebb,Astrotalk,astrology,scam,negative_wtp,,india
0b270d20-34db-447c-a0f1-823893a2003c,Astrotalk,astrology,value for money,positive_wtp,,india
f224eec7-82e0-49c7-b323-9e99431b7644,Astrotalk,astrology,scam,negative_wtp,,india
9c160112-3bf6-44fe-823c-fcb94317d340,Astrotalk,astrology,loot,negative_wtp,,india
78dfdb75-762b-4fd0-90ff-eebedae41fe7,Astrotalk,astrology,loot,negative_wtp,,india
5fae7026-284e-46b8-8330-b232d50c986d,Astrotalk,astrology,waste of money,negative_wtp,,india
9fa94797-64c2-49fe-95db-77c818c762da,Astrotalk,astrology,scam,negative_wtp,,india
2f1ca2f8-c7b0-4ead-a365-71aac305f61e,Astrotalk,astrology,waste of money,negative_wtp,,india
6741abb7-9932-4215-ad02-cc85a1ca9ecc,Astrotalk,astrology,scam,negative_wtp,,india
8596ff72-6442-4c5e-8b0a-3eaa28f2e956,Astrotalk,astrology,scam,negative_wtp,,india
97898a1b-caef-40af-a5d3-3085cc051c3e,Astrotalk,astrology,scam,negative_wtp,,india
8eece9f8-8442-4b27-9f61-5f6386615788,Astrotalk,astrology,scam,negative_wtp,,india
50280765-f173-40d5-a16c-79164d53b81e,Astrotalk,astrology,scam,negative_wtp,,india
043992fb-daaa-414e-9511-1d781a8bbb35,Astrotalk,astrology,Loot,negative_wtp,,india
f54b122f-0654-400d-9af7-2b2ced6c1bf4,Astrotalk,astrology,scam,negative_wtp,,india
6b938a73-dffe-41f1-ad2a-bc13d621b635,Astrotalk,astrology,waste of money,negative_wtp,,india
6b938a73-dffe-41f1-ad2a-bc13d621b635,Astrotalk,astrology,loot,negative_wtp,,india
3e68f1fa-a544-43a7-8150-6923f3a3c320,Astrotalk,astrology,scam,negative_wtp,,india
efc3e8e4-4e8b-467c-90f5-6421c6f3863a,Astrotalk,astrology,scam,negative_wtp,,india
03c1e3c6-b136-4789-b368-ff5c3bc45123,Astrotalk,astrology,scam,negative_wtp,,india
3fb9498a-2528-488b-ac4d-3f248a82c490,Astrotalk,astrology,scam,negative_wtp,,india
560fed92-cdbb-4020-b00a-5b63d952e70b,Astrotalk,astrology,scam,negative_wtp,,india
e84bbb15-cd94-4285-a121-7097c92c9678,Astrotalk,astrology,money well spent,positive_wtp,,india
d5c250a7-5d95-4bd4-8e1d-01f38defcc8e,Astrotalk,astrology,scam,negative_wtp,,india
f9d3312f-27b7-4ef3-8f35-b876211c684d,Astrotalk,astrology,scam,negative_wtp,,india
21f8991d-c2f3-4cf0-8190-a1d49fc5cbb1,Astrotalk,astrology,waste of money,negative_wtp,,india
0be36544-5728-41eb-83da-d8bc81272cc1,Astrotalk,astrology,scam,negative_wtp,,india
0be36544-5728-41eb-83da-d8bc81272cc1,Astrotalk,astrology,scam,negative_wtp,,india
57b6f3b8-1129-4d78-8fd6-8076b2e273fa,Astrotalk,astrology,scam,negative_wtp,,india
2a35f82c-6429-41b3-aeb4-707fac16e81d,Astrotalk,astrology,scam,negative_wtp,,india
0d9d4ff1-4ae1-400f-b6cd-2c999917f368,Astrotalk,astrology,scam,negative_wtp,,india
324baf84-f4e5-45b0-bbe5-c6f3c82d54d6,Astrotalk,astrology,SCAM,negative_wtp,,india
39548fd6-a36a-43a5-a154-07c6e4063334,Astrotalk,astrology,waste of money,negative_wtp,,india
440cdcf0-a93a-42fa-93be-d9e6b66d7dd1,Astrotalk,astrology,loot,negative_wtp,,india
a2e23d41-4b8b-4431-bf2f-48a9f80e102a,Astrotalk,astrology,scam,negative_wtp,,india
ea25f839-7936-44d6-9f8e-c460441e8531,Astrotalk,astrology,scam,negative_wtp,,india
65f4e090-6ea7-4e17-b1e4-b47eab21db8f,Astrotalk,astrology,scam,negative_wtp,,india
01d7ecca-4450-4c43-95cc-3cfd8693cbee,Astrotalk,astrology,loot,negative_wtp,,india
9d0686ec-9ee3-40a0-9d0d-7d296b683062,Astrotalk,astrology,scam,negative_wtp,,india
9d0686ec-9ee3-40a0-9d0d-7d296b683062,Astrotalk,astrology,scam,negative_wtp,,india
9ab0a4c3-5220-450c-b0cc-52105d0a04fb,Astrotalk,astrology,waste of money,negative_wtp,,india
7ead85b2-aaa4-4152-8fe1-9eae95eeb47d,Astrotalk,astrology,scam,negative_wtp,,india
30b75e6d-5603-42c5-ae4d-b7c7a9f2209a,Astrotalk,astrology,Waste of Money,negative_wtp,,india
fa927638-e480-40b5-983a-0e10d4b045d7,Astrotalk,astrology,not worth,negative_wtp,,india
0c1cde7e-88aa-411e-a738-0b4829eb83f1,Astrotalk,astrology,scam,negative_wtp,,india
55556c49-75e7-400f-bd91-afb5d3b5c8aa,Astrotalk,astrology,Scam,negative_wtp,,india
55556c49-75e7-400f-bd91-afb5d3b5c8aa,Astrotalk,astrology,Scam,negative_wtp,,india
1ec96b89-409e-4e6c-bebe-15b9578c303b,Astrotalk,astrology,waste of money,negative_wtp,,india
869328bd-a039-48fe-9d9a-ea79c4bf9ec8,Astrotalk,astrology,loot,negative_wtp,,india
bbc57545-ee12-48bb-a0ef-dc625daf2e97,Astrotalk,astrology,scam,negative_wtp,,india
82b4c21f-fa5b-4e81-9a49-650164fdc482,Astrotalk,astrology,scam,negative_wtp,,india
520166d6-4447-40f3-bc48-de4b31dde23f,Astrotalk,astrology,scam,negative_wtp,,india
4188b30c-afc0-49ec-b23a-4b3ae575f4d8,Astrotalk,astrology,scam,negative_wtp,,india
c5ab6d11-cfd6-4d70-9a6a-6f8b2a983edc,Astrotalk,astrology,scam,negative_wtp,,india
c5ab6d11-cfd6-4d70-9a6a-6f8b2a983edc,Astrotalk,astrology,loot,negative_wtp,,india
1c95162e-3036-49f7-82cc-b2df794bbef5,Astrotalk,astrology,loot,negative_wtp,,india
09dc8367-56cb-4d82-9a77-c4f504928aa5,Astrotalk,astrology,loot,negative_wtp,,india
9cfe361e-ea70-435a-b4ca-6115ee61ffee,Astrotalk,astrology,SCAM,negative_wtp,,india
385cbb3e-13cd-4c1c-9feb-0a13ac15606a,Astrotalk,astrology,worth the money,positive_wtp,,india
92ba82d2-3101-42f6-82a6-ab38d221bf9a,Astrotalk,astrology,worth the money,positive_wtp,,india
4ff11982-2a63-45f6-aef9-2ef2dc86e77b,Astrotalk,astrology,scam,negative_wtp,,india
c072e004-778e-4596-86df-945a2d49337f,Astrotalk,astrology,scam,negative_wtp,,india
c21448e4-1c3c-48fa-a676-608da3d93e48,Astrotalk,astrology,scam,negative_wtp,,india
cbe4307e-0108-4f2f-bfd0-7c5f4c016f9b,Astrotalk,astrology,loot,negative_wtp,,india
3275555a-4a61-4566-95ca-42bd5f670950,Astrotalk,astrology,scam,negative_wtp,,india
0101d985-2664-40ba-b6fb-38a889ff9481,Astrotalk,astrology,scam,negative_wtp,,india
997f1a0a-7637-44e2-acf6-5acbd8068b42,Astrotalk,astrology,Scam,negative_wtp,,india
6100c391-66dd-4daf-a9fe-8e2b5a93d7b3,Astrotalk,astrology,waste of money,negative_wtp,,india
93e4eea1-994e-413f-a220-5c2f20a7b4e5,Astrotalk,astrology,scam,negative_wtp,,india
93e4eea1-994e-413f-a220-5c2f20a7b4e5,Astrotalk,astrology,loot,negative_wtp,,india
64f838aa-f20b-448a-ac3c-d70a0fcb078d,Astrotalk,astrology,scam,negative_wtp,,india
2a22f0c5-d2a6-4cc8-be69-58fbc9de9733,Astrotalk,astrology,loot,negative_wtp,,india
47b2b4c3-43b7-4507-9a27-4bf17def29fb,Astrotalk,astrology,scam,negative_wtp,,india
74f64a1b-5d9a-43fd-b7f6-ebfe7711adb8,Astrotalk,astrology,waste of money,negative_wtp,,india
06a74946-9250-4171-96e3-600197f00baf,Astrotalk,astrology,scam,negative_wtp,,india
b21f72ea-f3b4-4b0f-bf0e-6fba9fbf9a28,Astrotalk,astrology,loot,negative_wtp,,india
3a50d117-461d-4ee3-b922-0b0599d0ba51,Astrotalk,astrology,scam,negative_wtp,,india
978001a6-c2a2-4fcd-80f2-e07d3cb3a562,Astrotalk,astrology,waste of money,negative_wtp,,india
77830b5f-998b-4310-8981-666e68771c4f,Astrotalk,astrology,scam,negative_wtp,,india
6e67d154-0f0e-4987-8aea-d8b3e0c29714,Astrotalk,astrology,waste of money,negative_wtp,,india
29adecfe-dfac-4107-8595-99a261ae7b1e,Astrotalk,astrology,scam,negative_wtp,,india
7265cd73-a672-4163-ab97-f992054c5be5,Astrotalk,astrology,Not worth,negative_wtp,,india
e4c808ce-1a57-4595-be04-ef9d25dd8324,Astrotalk,astrology,scam,negative_wtp,,india
ee02b5a4-489a-4a96-b35f-3af93bd73e38,Astrotalk,astrology,waste of money,negative_wtp,,india
b83c4a15-6398-428d-bb09-f8f737b0f251,Astrotalk,astrology,loot,negative_wtp,,india
bb53ed86-3f93-4543-a82a-8a146465144d,Astrotalk,astrology,scam,negative_wtp,,india
42036b36-5cb0-4f4c-b8a8-ea1d30946567,Astrotalk,astrology,scam,negative_wtp,,india
a760f022-fa99-4d49-bcb2-94faf9b57642,Astrotalk,astrology,scam,negative_wtp,,india
1f7a6b6f-086d-4de6-b7c4-93e7bc879421,Astrotalk,astrology,scam,negative_wtp,,india
90ec6c4a-7370-4147-a60d-f4ad112cf244,Astrotalk,astrology,loot,negative_wtp,,india
90ec6c4a-7370-4147-a60d-f4ad112cf244,Astrotalk,astrology,loot,negative_wtp,,india
1a7893b5-6f24-4e4f-a2b3-50327632aa47,Astrotalk,astrology,Waste of money,negative_wtp,,india
a3860e61-d60d-429b-aee4-f4f4d5d35000,Astrotalk,astrology,scam,negative_wtp,,india
b4559877-549f-4b67-bda6-44b463479293,Astrotalk,astrology,should be free,negative_wtp,,india
7a8b37ec-abb4-441c-9d4a-c444c563dfc0,Astrotalk,astrology,waste of money,negative_wtp,,india
03bb672e-d282-4530-9bde-0896ed729eff,Astrotalk,astrology,Value for money,positive_wtp,,india
93ff50b2-baa8-40a2-90b1-5536e6f8f9c5,Astrotalk,astrology,scam,negative_wtp,,india
93ff50b2-baa8-40a2-90b1-5536e6f8f9c5,Astrotalk,astrology,scam,negative_wtp,,india
32fc04e3-ad75-4dcd-bace-89ceddd5316f,Astrotalk,astrology,loot,negative_wtp,,india
a8b4b616-5005-4a87-9f08-74ac10af364b,Astrotalk,astrology,scam,negative_wtp,,india
dfb9eedf-5361-43ef-b07b-f58b4591b4ea,Astrotalk,astrology,loot,negative_wtp,,india
2f025e6e-af4b-44b4-876d-04354b91597f,Astrotalk,astrology,scam,negative_wtp,,india
c0c364f8-c649-4e33-813a-bc9ca2a9b498,Astrotalk,astrology,scam,negative_wtp,,india
fad9eaca-08b5-4070-ab41-738887e7939b,Astrotalk,astrology,scam,negative_wtp,,india
8b81963f-2b2a-472c-9134-1816e332a15b,Astrotalk,astrology,waste of money,negative_wtp,,india
00c26043-aaa6-4502-9a29-39c5755d7fd3,Astrotalk,astrology,waste of money,negative_wtp,,india
c767ac97-6131-4728-bb63-20c51cef9f69,Astrotalk,astrology,scam,negative_wtp,,india
1abc4bae-18ec-4196-99c1-53042e044f03,Astrotalk,astrology,loot,negative_wtp,,india
0d340656-150e-4e33-80a0-82ffd6d40294,Astrotalk,astrology,scam,negative_wtp,,india
86380b15-9353-4199-b77c-8b7b9d856e00,Astrotalk,astrology,scam,negative_wtp,,india
e49f27c2-e3a8-486e-be49-2bbd4c177959,Astrotalk,astrology,Scam,negative_wtp,,india
e49f27c2-e3a8-486e-be49-2bbd4c177959,Astrotalk,astrology,scam,negative_wtp,,india
e49f27c2-e3a8-486e-be49-2bbd4c177959,Astrotalk,astrology,loot,negative_wtp,,india
c76a95e1-0d81-4a49-a974-3fec559d0443,Astrotalk,astrology,scam,negative_wtp,,india
ce3ce88c-dd44-43ed-b126-860d71921f28,Astrotalk,astrology,scam,negative_wtp,,india
6e77fe38-5fa3-4bb4-8a68-76b2aa94a879,Astrotalk,astrology,scam,negative_wtp,,india
6e77fe38-5fa3-4bb4-8a68-76b2aa94a879,Astrotalk,astrology,loot,negative_wtp,,india
23a81245-8ea5-4056-8e62-8731986a2329,Astrotalk,astrology,scam,negative_wtp,,india
23a81245-8ea5-4056-8e62-8731986a2329,Astrotalk,astrology,scam,negative_wtp,,india
5c23f513-3e3e-47a0-bebc-1cb336731b9e,Astrotalk,astrology,loot,negative_wtp,,india
02f67f11-296f-450b-9148-865f0dc6e6a0,Astrotalk,astrology,scam,negative_wtp,,india
e3a220cc-3ef8-4351-8748-f4519a74df20,Astrotalk,astrology,waste of money,negative_wtp,,india
e3a220cc-3ef8-4351-8748-f4519a74df20,Astrotalk,astrology,waste of money,negative_wtp,,india
f3323464-0a45-4636-96cd-fce484a2ab5f,Astrotalk,astrology,scam,negative_wtp,,india
8ead124e-29ad-4d66-9f99-e773971b1070,Astrotalk,astrology,scam,negative_wtp,,india
77a1b2eb-b0db-4fa9-bf51-c508b96cb294,Astrotalk,astrology,scam,negative_wtp,,india
ef6f7d68-0d05-4bee-97d1-b3450fbf663f,Astrotalk,astrology,scam,negative_wtp,,india
0e7fe0f1-0688-4755-be19-c0ad4ebf4d88,Astrotalk,astrology,scam,negative_wtp,,india
35cae470-e6c5-4c04-9dc4-fa4589369e6d,Astrotalk,astrology,scam,negative_wtp,,india
2592a112-1768-47aa-ba17-094c8e363ad8,Astrotalk,astrology,scam,negative_wtp,,india
bd6f0c7d-7356-4117-af2c-80f5622c038d,Astrotalk,astrology,scam,negative_wtp,,india
7dbf00f2-9859-4a94-8fe7-302b5542e676,Astrotalk,astrology,scam,negative_wtp,,india
cb340d00-2a0c-4beb-90b0-1a0c8014d541,Astrotalk,astrology,scam,negative_wtp,,india
48d2dfd7-1ae7-437b-a4ce-7d3b8ab45ba6,Astrotalk,astrology,scam,negative_wtp,,india
48d2dfd7-1ae7-437b-a4ce-7d3b8ab45ba6,Astrotalk,astrology,loot,negative_wtp,,india
d8cdc826-92a0-449e-a24d-ad9722a4d628,Astrotalk,astrology,loot,negative_wtp,,india
67e3eade-f7b7-4832-98a3-179d7a2d6546,Astrotalk,astrology,Scam,negative_wtp,,india
7cefb282-1d99-413f-bb7e-1f446fc6c077,Astrotalk,astrology,waste of money,negative_wtp,,india
6b1bc136-100e-4195-8319-ffa67e5a16ec,Astrotalk,astrology,scam,negative_wtp,,india
43debcd5-5aeb-461a-a384-844a58bc4e07,Astrotalk,astrology,scam,negative_wtp,,india
43debcd5-5aeb-461a-a384-844a58bc4e07,Astrotalk,astrology,scam,negative_wtp,,india
cedc07f1-4407-4ecf-99b4-805c0867749d,Astrotalk,astrology,scam,negative_wtp,,india
2f5082cd-cdee-48cd-a77f-dffc304a3022,Astrotalk,astrology,waste of money,negative_wtp,,india
8e1ae5d0-e0cb-46b8-b155-ccb8392c20ff,Astrotalk,astrology,waste of money,negative_wtp,,india
aad2caee-ceef-4370-8e42-e104d5c33041,Astrotalk,astrology,scam,negative_wtp,,india
aad2caee-ceef-4370-8e42-e104d5c33041,Astrotalk,astrology,scam,negative_wtp,,india
0788e8b4-f72d-4877-b6e0-7f8fac9aebf9,Astrotalk,astrology,scam,negative_wtp,,india
df6cd7b4-1232-4581-bb3d-4a8898b2e933,Astrotalk,astrology,waste of money,negative_wtp,,india
b2361e07-7bf4-4972-a02d-10f8f7ecba91,Astrotalk,astrology,scam,negative_wtp,,india
0e762ba0-d41f-4366-ad68-f39d3482b925,Astrotalk,astrology,loot,negative_wtp,,india
fb6b6a55-58c0-4793-a4f5-b1f3c9791b50,Astrotalk,astrology,scam,negative_wtp,,india
8c3a5174-72ef-4031-8383-abd12217f7a4,Astrotalk,astrology,scam,negative_wtp,,india
c41eef7e-0169-4d9a-88fc-802b60bcdf70,Astrotalk,astrology,loot,negative_wtp,,india
2083446a-1e7f-4975-b182-e9ab7f8b8b78,Astrotalk,astrology,scam,negative_wtp,,india
5419d10d-eb73-4e1f-b852-f616b899655a,Astrotalk,astrology,scam,negative_wtp,,india
b027a0fc-0755-4460-88b7-2091e14b752f,Astrotalk,astrology,Scam,negative_wtp,,india
97dfc1c1-49a9-4432-b9a3-798328972e8e,Astrotalk,astrology,scam,negative_wtp,,india
97dfc1c1-49a9-4432-b9a3-798328972e8e,Astrotalk,astrology,scam,negative_wtp,,india
ca7e3e45-7195-46ac-a688-9ec75b30c4bc,Astrotalk,astrology,scam,negative_wtp,,india
7b5f4a9d-1ad9-4fda-b03d-593446f8dafd,Astrotalk,astrology,scam,negative_wtp,,india
824cf8bd-5804-4085-a69a-dabd345eb592,Astrotalk,astrology,waste of money,negative_wtp,,india
de168636-b927-4a60-b7ba-01cb7d074a49,Astrotalk,astrology,scam,negative_wtp,,india
04756c91-6449-4a8a-a4da-935aafac402a,Astrotalk,astrology,not worth,negative_wtp,,india
08847ea2-5e9a-49ab-a402-d002e2582a06,Astrotalk,astrology,waste of money,negative_wtp,,india
cb9bff80-42b6-4412-8d40-59a667cc70c3,Astrotalk,astrology,scam,negative_wtp,,india
cb9bff80-42b6-4412-8d40-59a667cc70c3,Astrotalk,astrology,scam,negative_wtp,,india
20784ec0-657d-450a-b0af-f33c2470ff70,Astrotalk,astrology,loot,negative_wtp,,india
de4459a7-f884-43f7-a010-1dbc94da43d7,Astrotalk,astrology,loot,negative_wtp,,india
85535f72-0474-4654-ab41-10a4ee1d6f74,Astrotalk,astrology,waste of money,negative_wtp,,india
0dcc0c0d-18ae-49b2-a23f-500873704b08,Astrotalk,astrology,scam,negative_wtp,,india
e7597922-49ea-4d46-9c93-ad9415cbdab2,Astrotalk,astrology,scam,negative_wtp,,india
a97ddeff-f9c0-47dd-8d07-71885fde29bb,Astrotalk,astrology,waste of money,negative_wtp,,india
28832430-f5c0-4f4c-bc8f-2c0edd9f3ce8,Astrotalk,astrology,loot,negative_wtp,,india
956b3124-20fd-40d9-be02-eda529eb4f1d,Astrotalk,astrology,scam,negative_wtp,,india
789fb73a-67e4-44dd-967a-4cf4e9f7d2fa,Astrotalk,astrology,scam,negative_wtp,,india
b2e4ee51-1950-4cb7-b9cb-777e1305ab95,Astrotalk,astrology,scam,negative_wtp,,india
785b8177-4bc3-4c86-a402-8376b0aac683,Astrotalk,astrology,scam,negative_wtp,,india
57965d31-4ef5-4620-9e2a-e5a3086f55ab,Astrotalk,astrology,scam,negative_wtp,,india
8166af44-ec21-4d41-a789-31b8f15c31c2,Astrotalk,astrology,loot,negative_wtp,marriage_compatibility,india
9bae6f50-ad8a-4fd8-b49a-558d43787e16,Astrotalk,astrology,scam,negative_wtp,,india
9bae6f50-ad8a-4fd8-b49a-558d43787e16,Astrotalk,astrology,scam,negative_wtp,,india
52fc9162-b0c5-4b35-b923-e07a574477a9,Astrotalk,astrology,scam,negative_wtp,,india
7aca6852-642f-4fe1-9223-bd5cd10f6ce2,Astrotalk,astrology,scam,negative_wtp,,india
1ed83a2e-34f1-400e-9b38-2ef59e9549a3,Astrotalk,astrology,waste of money,negative_wtp,,india
1804d321-e815-4241-943e-b5c353ea1f90,Astrotalk,astrology,subscribed,positive_wtp,,india
1cec4f59-eee0-45ae-8b29-055821371b21,Astrotalk,astrology,loot,negative_wtp,,india
aea67204-2e5e-4062-95d6-2871b298b9db,Astrotalk,astrology,loot,negative_wtp,,india
0725ee8c-e03e-4eff-884f-7be19db246d1,Astrotalk,astrology,scam,negative_wtp,,india
cf052e88-4cad-4345-82f7-ce573cdc4f5e,Astrotalk,astrology,scam,negative_wtp,,india
69186870-dbfc-4459-be7b-66a903fda4e5,Astrotalk,astrology,scam,negative_wtp,,india
d22e0382-01ac-4372-a4b4-fc45ba8bc786,Astrotalk,astrology,scam,negative_wtp,,india
4d39e3ab-ed36-4bd7-8c9b-bf67db8fd623,Astrotalk,astrology,loot,negative_wtp,,india
54486e49-8fa2-4b5c-80a6-052cc527da71,Astrotalk,astrology,scam,negative_wtp,,india
173dd4b9-f2a2-4de8-a4b0-643639f29fd5,Astrotalk,astrology,waste of money,negative_wtp,,india
f6c97199-9804-4a3c-aad8-c14ee515bdaf,Astrotalk,astrology,scam,negative_wtp,,india
5ac2b2f0-36fd-4a75-87ec-190e0e1c93d3,Astrotalk,astrology,loot,negative_wtp,,india
28ceae37-4f58-4de3-aeaa-a624e89f0ae2,Astrotalk,astrology,scam,negative_wtp,,india
28ceae37-4f58-4de3-aeaa-a624e89f0ae2,Astrotalk,astrology,scam,negative_wtp,,india
d947d5c2-6208-42fe-b582-728756c37a1a,Astrotalk,astrology,scam,negative_wtp,,india
37bdad5c-db3b-47ac-9a0e-38415d039500,Astrotalk,astrology,scam,negative_wtp,,india
4c186b7c-fd10-40ae-8e5b-b1fdd383efb8,Astrotalk,astrology,scam,negative_wtp,,india
7be830f1-88c6-4d16-a715-1b80fc0ac307,Astrotalk,astrology,loot,negative_wtp,,india
56c41bd7-5880-4588-bafe-2211aec8eb1d,Astrotalk,astrology,scam,negative_wtp,,india
e4a0cdd1-b40a-47d3-abca-5947c7c03733,Astrotalk,astrology,scam,negative_wtp,,india
1d66f5df-4de8-41d4-8847-f051c43bf934,Astrotalk,astrology,waste of money,negative_wtp,,india
ee176aa4-7643-4135-9f15-5ecef51a2ee4,Astrotalk,astrology,scam,negative_wtp,,india
caed114a-b580-4714-91ef-821985e5187e,Astrotalk,astrology,loot,negative_wtp,,india
dc3b9069-858f-4487-a68c-a81288b94553,Astrotalk,astrology,Waste of money,negative_wtp,,india
69ac341d-93dc-433e-8f78-e2ec953222de,Astrotalk,astrology,loot,negative_wtp,,india
0b1380ac-8bad-4889-8707-41cd98d54191,Astrotalk,astrology,scam,negative_wtp,,india
874435c8-a73e-4694-93ea-ffe47be5901f,Astrotalk,astrology,scam,negative_wtp,,india
58425342-622c-4241-b20e-ecd20ff0f979,Astrotalk,astrology,loot,negative_wtp,kundli,india
653f2516-c42f-4a64-a4e7-0e7b6a7bb16c,Astrotalk,astrology,scam,negative_wtp,,india
7af17aba-2a06-4aec-bca4-277b5741f155,Astrotalk,astrology,scam,negative_wtp,,india
38fbaa0a-2335-45c0-863d-3d421c743f31,Astrotalk,astrology,loot,negative_wtp,,india
165b3fbd-79a1-4756-8fc5-212119f1436c,Astrotalk,astrology,worth it if,conditional_wtp,,india
89201cfa-adab-414e-99b9-41e6ef4c18c7,Astrotalk,astrology,paisa barbaad,negative_wtp,,india
2eb63673-e834-43ed-b0b1-9585c0430290,Astrotalk,astrology,Waste Of Money,negative_wtp,,india
368162b6-b92d-4439-97fb-14cb83932e44,Astrotalk,astrology,should be free,negative_wtp,,india
5578a4ee-431c-412b-972f-baf1284aedf7,Astrotalk,astrology,loot,negative_wtp,,india
fe8c9cfd-975c-461a-a0ed-340244433286,Astrotalk,astrology,scam,negative_wtp,,india
4484b507-28a7-447d-93a0-5c003c0049f8,Astrotalk,astrology,waste of money,negative_wtp,kundli,india
b169c1fd-37d6-44ab-8a81-12122c5779dc,Astrotalk,astrology,loot,negative_wtp,,india
5d7479b5-d264-405c-a11d-e68bd4aa4646,Astrotalk,astrology,scam,negative_wtp,,india
9115e68b-a9c0-496c-b35d-5017d371b45a,Astrotalk,astrology,scam,negative_wtp,,india
59a3a60b-c355-4e7c-ad54-bc6e41e1dce2,Astrotalk,astrology,scam,negative_wtp,,india
9c9eff5f-905f-42bc-b6f2-f02abc3c5d15,Astrotalk,astrology,scam,negative_wtp,,india
154e4ae5-eefb-43b9-b05c-c63eefb48f5d,Astrotalk,astrology,waste of money,negative_wtp,,india
1802a606-a366-4683-9f8a-668d203209dd,Astrotalk,astrology,waste of money,negative_wtp,,india
834ed9a8-ee9b-47bc-988a-201ff5522456,Astrotalk,astrology,waste of money,negative_wtp,kundli,india
834ed9a8-ee9b-47bc-988a-201ff5522456,Astrotalk,astrology,waste of money,negative_wtp,,india
834ed9a8-ee9b-47bc-988a-201ff5522456,Astrotalk,astrology,waste of money,negative_wtp,,india
834ed9a8-ee9b-47bc-988a-201ff5522456,Astrotalk,astrology,waste of money,negative_wtp,,india
834ed9a8-ee9b-47bc-988a-201ff5522456,Astrotalk,astrology,waste of money,negative_wtp,,india
834ed9a8-ee9b-47bc-988a-201ff5522456,Astrotalk,astrology,loot,negative_wtp,,india
ac4cfe80-9ad6-471a-9a8d-a753af87b0b6,Astrotalk,astrology,scam,negative_wtp,,india
ac4cfe80-9ad6-471a-9a8d-a753af87b0b6,Astrotalk,astrology,scam,negative_wtp,,india
bdc1b334-c963-4ecb-92dc-66a07e4ca20a,Astrotalk,astrology,loot,negative_wtp,,india
17a959b6-0eb8-417e-b86e-0a97a7731aa4,Astrotalk,astrology,scam,negative_wtp,,india
7b2fdfc7-d324-4176-84b2-af05d2db27c9,Astrotalk,astrology,waste of money,negative_wtp,,india
a0ced51e-3205-4619-a022-58ac12b71ba5,Astrotalk,astrology,value for money,positive_wtp,,india
a0ced51e-3205-4619-a022-58ac12b71ba5,Astrotalk,astrology,waste of money,negative_wtp,,india
fc500189-f262-4a55-a46a-d45fdac6e486,Astrotalk,astrology,scam,negative_wtp,,india
c6589cc9-9a50-4e5c-b954-a17a0efba2a6,Astrotalk,astrology,scam,negative_wtp,,india
089c3362-c9d7-44f8-93bc-84ffad02eb17,Astrotalk,astrology,scam,negative_wtp,,india
3ba3bf94-a04a-403a-a92f-60079b1a3b09,Astrotalk,astrology,not worth,negative_wtp,,india
1a5fed4c-bfda-4f93-9003-44b5eeba1f21,Astrotalk,astrology,loot,negative_wtp,,india
1af649e2-55c0-4144-aef4-8292826ad519,Astrotalk,astrology,loot,negative_wtp,,india
84b06a05-69c7-4cac-8005-839b5379b1e9,Astrotalk,astrology,scam,negative_wtp,,india
d4f07355-52f0-4e30-9aed-14e600efcd9a,Astrotalk,astrology,scam,negative_wtp,,india
d4f07355-52f0-4e30-9aed-14e600efcd9a,Astrotalk,astrology,scam,negative_wtp,,india
1f996326-c99c-4558-9a79-8a13833edac0,Astrotalk,astrology,waste of money,negative_wtp,,india
2687c44f-8c32-4b31-b0ef-eb8ee6549f64,Astrotalk,astrology,scam,negative_wtp,,india
ea3d6827-7bab-4297-9501-d71e371d0ffd,Astrotalk,astrology,paisa vasool,positive_wtp,,india
f6f2ec5c-76d6-44bf-91ad-ebce4627ce11,Astrotalk,astrology,scam,negative_wtp,,india
daffc5c1-6a9c-44b9-899a-934347b1afc7,Astrotalk,astrology,waste of money,negative_wtp,,india
daffc5c1-6a9c-44b9-899a-934347b1afc7,Astrotalk,astrology,waste of money,negative_wtp,,india
8f49922f-7c41-481a-840d-d850acb0241e,Astrotalk,astrology,value for money,positive_wtp,,india
c03b3a4c-8cbc-405c-bb2a-4362bea04b05,Astrotalk,astrology,loot,negative_wtp,,india
159c10d1-5271-4d9b-b63d-140f7b47fd6a,Astrotalk,astrology,waste of money,negative_wtp,,india
2a7a2fc9-d365-4dc6-8028-0c54a64e15fb,Astrotalk,astrology,loot,negative_wtp,,india
f435fb5e-59f9-45f7-8667-ce578ac7cec6,Astrotalk,astrology,scam,negative_wtp,,india
317cf981-7063-4a1b-8a8d-6e315becd777,Astrotalk,astrology,scam,negative_wtp,,india
14a8328f-d7e4-4c5d-8937-b72b645c2dc4,Astrotalk,astrology,scam,negative_wtp,,india
88467cf1-c2d3-4111-9cc5-4263b08060ea,Astrotalk,astrology,waste of money,negative_wtp,remedies,india
b035295a-9a1f-4905-9bff-2118686f6adc,Astrotalk,astrology,scam,negative_wtp,,india
b19c69c0-6576-4039-8649-7f5cc4c1e484,Astrotalk,astrology,loot,negative_wtp,,india
f86fd26a-892b-4b4e-90b7-421b3623265c,Astrotalk,astrology,scam,negative_wtp,,india
48c440cf-e292-4485-aa64-d2935f80198f,Astrotalk,astrology,loot,negative_wtp,,india
f472cabd-a5b9-4bd3-a796-ca460fd88c5a,Astrotalk,astrology,waste of money,negative_wtp,,india
5ddf68bb-417f-4114-bcef-5dc510274b5f,Astrotalk,astrology,Scam,negative_wtp,,india
ab20f556-31f2-4d57-9633-650fa139b07c,Astrotalk,astrology,scam,negative_wtp,,india
a83d9589-c35d-4af2-9b5f-c714468c7752,Astrotalk,astrology,scam,negative_wtp,,india
7fe7b92b-f2e8-4c7c-8094-27333a9f5fac,Astrotalk,astrology,scam,negative_wtp,,india
6c60827f-c2fa-4ee8-a1d2-dd1293a38b23,Astrotalk,astrology,loot,negative_wtp,,india
758ddf42-7aec-4147-977b-b9b8cf4a8aed,Astrotalk,astrology,waste of money,negative_wtp,,india
ee96e92a-f046-46ca-85dc-57ff4293be63,Astrotalk,astrology,waste of money,negative_wtp,,india
02fc624c-9775-48ff-9e55-87cf956bb96f,Astrotalk,astrology,scam,negative_wtp,,india
f1d8df32-e368-46dc-8177-1c7d5d64fe60,Astrotalk,astrology,Scam,negative_wtp,,india
075dc5ad-ca03-4287-b911-68a2855caf39,Astrotalk,astrology,waste of money,negative_wtp,,india
bb524c1f-5b80-40fd-9fd6-727d74c47c23,Astrotalk,astrology,scam,negative_wtp,,india
6c9f2510-a73f-4b1f-94c0-1adbf363182a,Astrotalk,astrology,waste of money,negative_wtp,,india
6c9f2510-a73f-4b1f-94c0-1adbf363182a,Astrotalk,astrology,loot,negative_wtp,,india
88e65178-0353-4a25-9403-20b5cc18eecb,Astrotalk,astrology,loot,negative_wtp,,india
5a2e35f7-26dd-4b1e-8c0d-141833e79a49,Astrotalk,astrology,Waste of money,negative_wtp,,india
b87ff5fa-089a-42f8-a683-97a166430ac9,Astrotalk,astrology,waste of money,negative_wtp,,india
81de3b69-a616-4e41-91ba-8b7c4268682f,Astrotalk,astrology,scam,negative_wtp,,india
7724cf39-ad8c-43a4-84cb-1e58caf0240c,Astrotalk,astrology,loot,negative_wtp,,india
510df95c-95da-4815-b0cc-282a393a80e5,Astrotalk,astrology,scam,negative_wtp,,india
e10a2d9d-8ea4-4c96-a7f4-8687d5890dcf,Astrotalk,astrology,waste of money,negative_wtp,,india
398227e2-db7a-4d71-bc0e-e8c2f81a6803,Astrotalk,astrology,scam,negative_wtp,,india
b7c253cd-011d-433f-a090-3f2a33c70eb2,Astrotalk,astrology,Scam,negative_wtp,,india
b7c253cd-011d-433f-a090-3f2a33c70eb2,Astrotalk,astrology,scam,negative_wtp,,india
b52e9ece-f16c-45a3-8096-231ed81b3261,Astrotalk,astrology,loot,negative_wtp,remedies,india
15f21512-cd91-4432-9dd1-05d1c153d18e,Astrotalk,astrology,waste of money,negative_wtp,,india
655b31db-567d-4bbd-82ef-41da7ea3f759,Astrotalk,astrology,scam,negative_wtp,,india
2d5b9e6f-f4d8-47c8-a411-4a1ae3bf43ea,Astrotalk,astrology,waste of money,negative_wtp,,india
21c77af3-1ba1-4d94-b076-89312752bd69,Astrotalk,astrology,scam,negative_wtp,,india
21c77af3-1ba1-4d94-b076-89312752bd69,Astrotalk,astrology,scam,negative_wtp,,india
ecea0260-0141-4d8a-9508-342cd383e537,Astrotalk,astrology,never pay,negative_wtp,,india
52cf0ede-04d9-4686-af66-28855a0aab2a,Astrotalk,astrology,worth the money,positive_wtp,,india
efd71be4-b665-437e-b653-4736e212efe9,Astrotalk,astrology,great investment,positive_wtp,,india
efd71be4-b665-437e-b653-4736e212efe9,Astrotalk,astrology,worth every penny,positive_wtp,,india
789b55f8-9733-4ed1-a6e3-b193b6930ef0,Astrotalk,astrology,worth the money,positive_wtp,,india
2157abc3-0930-49a4-9da4-09ce345f7fdc,Astrotalk,astrology,loot,negative_wtp,,india
6c013e27-d1d0-4d14-876a-2373f810ea99,Astrotalk,astrology,Loot,negative_wtp,,india
633c5d0b-dac9-4e49-8c74-5e33c8fc7ae7,Astrotalk,astrology,scam,negative_wtp,,india
6ea5e604-08ab-42cc-90d9-1cc82dc6215e,Astrotalk,astrology,waste of money,negative_wtp,,india
dbf34447-639e-4ec9-a5d9-ce02d608f545,Astrotalk,astrology,scam,negative_wtp,,india
3337db8c-d5e6-4d21-9d9e-178880973bde,Astrotalk,astrology,waste of money,negative_wtp,,india
fc3587ae-e381-449b-be44-10c39cad0c94,Astrotalk,astrology,waste of Money,negative_wtp,,india
fc3587ae-e381-449b-be44-10c39cad0c94,Astrotalk,astrology,scam,negative_wtp,,india
fc3587ae-e381-449b-be44-10c39cad0c94,Astrotalk,astrology,loot,negative_wtp,,india
1b1f3338-5522-4a54-a67c-667a63ebfa58,Astrotalk,astrology,Worth every penny,positive_wtp,,india
77589900-998b-4926-bc7c-c13517921e06,Astrotalk,astrology,Scam,negative_wtp,,india
418f5d22-132a-4dec-87ac-3b69a4194fb9,Astrotalk,astrology,loot,negative_wtp,,india
34d0cad6-037e-4f76-8b19-97e5eb3ce258,Astrotalk,astrology,scam,negative_wtp,,india
c89d9e1e-2b24-4bd1-9510-91e98bd74207,Astrotalk,astrology,waste of money,negative_wtp,,india
d4168a19-ba7e-4134-ae32-4b3704f1ae93,Astrotalk,astrology,waste of money,negative_wtp,,india
31145b7c-8389-42d6-ac28-bd66e89c7fd7,Astrotalk,astrology,loot,negative_wtp,,india
f3309b4e-4aca-4d90-a647-09db5b694070,Astrotalk,astrology,too expensive,negative_wtp,,india
9c59fbeb-7a83-45a1-b6ba-d1c4bc264a23,Astrotalk,astrology,scam,negative_wtp,,india
77a1665a-3c24-4cc4-ae34-e36dbd38f3d8,Astrotalk,astrology,loot,negative_wtp,,india
bc29d2ef-4f4d-4c2e-a19d-46f6cbf4daf1,Astrotalk,astrology,scam,negative_wtp,,india
b8b104f1-0144-4b84-8eee-7c04c25a99d2,Astrotalk,astrology,loot,negative_wtp,,india
d0726b2f-a39d-48f9-8afc-d72d9ae184fe,Astrotalk,astrology,not worth,negative_wtp,,india
d2582912-1ca9-4746-9160-fbc232baf1aa,Astrotalk,astrology,scam,negative_wtp,,india
a8a955d2-83fb-420c-bd2a-b2f436ec27ba,Astrotalk,astrology,scam,negative_wtp,,india
57a77daa-8eed-42ee-89ca-385c70beaffc,Astrotalk,astrology,Scam,negative_wtp,,india
57a77daa-8eed-42ee-89ca-385c70beaffc,Astrotalk,astrology,Scam,negative_wtp,,india
7f2fe4ba-ae76-4d2f-a868-cf9262b6d972,Astrotalk,astrology,overpriced,negative_wtp,,india
7f2fe4ba-ae76-4d2f-a868-cf9262b6d972,Astrotalk,astrology,scam,negative_wtp,,india
90a344bf-b4b7-4f94-a7e0-e5293ad368db,Astrotalk,astrology,waste of money,negative_wtp,,india
70eb830c-3a9c-4118-9839-7c3258c6faed,Astrotalk,astrology,loot,negative_wtp,,india
70eb830c-3a9c-4118-9839-7c3258c6faed,Astrotalk,astrology,loot,negative_wtp,,india
71ddfa2a-8f2e-48b8-b5eb-63edc319e563,Astrotalk,astrology,scam,negative_wtp,,india
dccabc78-ae55-4796-b859-32efadd11d54,Astrotalk,astrology,waste of money,negative_wtp,,india
2905f2e9-96d7-40d1-9a7a-2582bc02f31b,Astrotalk,astrology,scam,negative_wtp,,india
34be713e-3847-48ba-bb37-97ea20925ac8,Astrotalk,astrology,scam,negative_wtp,,india
9a0e5fa5-add6-4762-9d6d-b85a56804421,Astrotalk,astrology,waste of money,negative_wtp,,india
6705047d-3f63-4125-ac39-3548b5c02095,Astrotalk,astrology,waste of money,negative_wtp,,india
6d55cce6-4996-4a52-bec2-1255bd39de76,Astrotalk,astrology,Scam,negative_wtp,,india
6d55cce6-4996-4a52-bec2-1255bd39de76,Astrotalk,astrology,Scam,negative_wtp,,india
6d55cce6-4996-4a52-bec2-1255bd39de76,Astrotalk,astrology,scam,negative_wtp,,india
7a71eebe-3366-4343-9d08-667424bc740f,Astrotalk,astrology,loot,negative_wtp,,india
12e1e291-1f3b-4869-830a-6cc657b11ca2,Astrotalk,astrology,waste of money,negative_wtp,,india
48f0c16c-bc44-4610-bd31-ee213b181b1f,Astrotalk,astrology,scam,negative_wtp,,india
48f0c16c-bc44-4610-bd31-ee213b181b1f,Astrotalk,astrology,scam,negative_wtp,,india
5ea11c5f-e4a7-4059-98b2-1148d77211a6,Astrotalk,astrology,scam,negative_wtp,,india
8a2c8883-a2f8-4cfa-9578-55daadab6525,Astrotalk,astrology,waste of money,negative_wtp,,india
5ab2f920-2ebd-4e58-a762-007d59490630,Astrotalk,astrology,waste of money,negative_wtp,,india
c2d62cc4-314a-4a21-a52d-0bfe96516b9d,Astrotalk,astrology,scam,negative_wtp,,india
da5f7832-e03a-44ff-8a65-f9566018cb65,Astrotalk,astrology,scam,negative_wtp,,india
d85735ba-5e80-4bd3-9fc9-44ab770aa1d8,Astrotalk,astrology,waste of money,negative_wtp,,india
0fdce046-10ae-48a7-bc38-b925b93ef889,Astrotalk,astrology,loot,negative_wtp,,india
28ba3958-4355-4690-afa8-61477e2f5225,Astrotalk,astrology,scam,negative_wtp,,india
e6fbd441-2d7d-4799-8c51-e909935e42c0,Astrotalk,astrology,scam,negative_wtp,,india
3affdc7d-7084-4891-853d-8654c2b525d5,Astrotalk,astrology,scam,negative_wtp,,india
d3a83ebb-b574-4aaf-b114-df5d55ee0fb9,Astrotalk,astrology,scam,negative_wtp,,india
176a5cbb-4601-4d24-b553-189f93def430,Astrotalk,astrology,scam,negative_wtp,,india
7ba8faa6-f977-4f13-b65d-ff6820402782,Astrotalk,astrology,paisa barbaad,negative_wtp,,india
07cdb55e-9e5d-4f7c-b3e8-7b2580058666,Astrotalk,astrology,waste of money,negative_wtp,,india
e526d860-748a-4d46-a1ec-ec695b198ec5,Astrotalk,astrology,scam,negative_wtp,,india
a2f112c7-d693-431a-909f-edc5170f02bc,Astrotalk,astrology,waste of money,negative_wtp,,india
3fc9c83d-c7b6-4e78-963c-bb1d23292234,Astrotalk,astrology,scam,negative_wtp,,india
f2ed67ea-18e5-44b6-bc18-9ab67781c32a,Astrotalk,astrology,waste of money,negative_wtp,,india
9de76235-4761-46ad-8eca-1a13e3a53423,Astrotalk,astrology,scam,negative_wtp,,india
1044a897-21cb-42c9-b477-595c6d225e13,Astrotalk,astrology,scam,negative_wtp,,india
cc736772-5ee9-4887-bda4-98c9ada9b89c,Astrotalk,astrology,scam,negative_wtp,,india
32a40535-406e-4335-a10a-a0de40f36dc7,Astrotalk,astrology,loot,negative_wtp,,india
32a40535-406e-4335-a10a-a0de40f36dc7,Astrotalk,astrology,loot,negative_wtp,,india
0ce1d739-1325-4316-9d5a-782f688e2415,Astrotalk,astrology,waste of money,negative_wtp,,india
e28fc6b2-967c-4b3f-b8e9-ec0fdfd0ce89,Astrotalk,astrology,waste of money,negative_wtp,,india
e28fc6b2-967c-4b3f-b8e9-ec0fdfd0ce89,Astrotalk,astrology,scam,negative_wtp,,india
7f5e6532-7243-4a7e-b826-fc8796cc78f3,Astrotalk,astrology,scam,negative_wtp,,india
78cdaeff-cce1-4d83-bd7d-c9972b052a90,Astrotalk,astrology,loot,negative_wtp,,india
fe7424c7-4c4a-49aa-a842-b75235b1600d,Astrotalk,astrology,scam,negative_wtp,,india
b88eb247-2907-4da6-93b0-0ce769d59220,Astrotalk,astrology,loot,negative_wtp,,india
b3a8be16-885a-421d-a574-97ec4b546284,Astrotalk,astrology,scam,negative_wtp,,india
b3a8be16-885a-421d-a574-97ec4b546284,Astrotalk,astrology,scam,negative_wtp,,india
437495cf-89ca-4bc3-97b9-da868f309db4,Astrotalk,astrology,scam,negative_wtp,,india
e615babb-1c7f-4624-bb2a-d1c52c1b320c,Astrotalk,astrology,scam,negative_wtp,,india
b2cbe7cc-4b63-4ddb-ad92-586685d19ab3,Astrotalk,astrology,scam,negative_wtp,,india
72727e12-8e0b-40bb-9074-e8627d3aa902,Astrotalk,astrology,loot,negative_wtp,,india
72727e12-8e0b-40bb-9074-e8627d3aa902,Astrotalk,astrology,loot,negative_wtp,,india
462dcacc-2136-4238-a304-0b20f1419f0e,Astrotalk,astrology,loot,negative_wtp,,india
a67da479-3227-4822-9935-100ef1dae7af,Astrotalk,astrology,waste of money,negative_wtp,,india
c6d4da58-885b-4514-aee4-6f2ea24b13ba,Astrotalk,astrology,waste of money,negative_wtp,,india
969cf6aa-977e-43c6-b52b-bfd475e92892,Astrotalk,astrology,scam,negative_wtp,,india
969cf6aa-977e-43c6-b52b-bfd475e92892,Astrotalk,astrology,scam,negative_wtp,,india
a3728172-3670-4f5c-8336-1e3285e010d0,Astrotalk,astrology,scam,negative_wtp,,india
a3728172-3670-4f5c-8336-1e3285e010d0,Astrotalk,astrology,Scam,negative_wtp,,india
7bb8543f-31d0-40e2-94f2-f1d7bda7cfc5,Astrotalk,astrology,loot,negative_wtp,,india
94694010-7fce-4f59-acf4-2c10c4016919,Astrotalk,astrology,scam,negative_wtp,,india
ba95950d-fb0b-4161-bce2-8ded3c12312a,Astrotalk,astrology,loot,negative_wtp,,india
aa96f9ed-0deb-440f-8afb-e2bb3203d6cf,Astrotalk,astrology,waste of money,negative_wtp,,india
c34083b1-f695-4ee1-997c-bb46e1831a9c,Astrotalk,astrology,loot,negative_wtp,kundli,india
0ceb61de-86bb-42fb-8a81-0513804f81ee,Astrotalk,astrology,Scam,negative_wtp,,india
d48de70d-da7b-421b-8c75-c6c8dd195e46,Astrotalk,astrology,loot,negative_wtp,,india
ad019813-8bfd-42db-acb7-e8e87cf49319,Astrotalk,astrology,scam,negative_wtp,kundli,india
59459765-6e66-4230-bdb5-6e34a722f7e4,Astrotalk,astrology,loot,negative_wtp,,india
95bc557e-c71d-4ac1-bf8c-97586c19dbc9,Astrotalk,astrology,scam,negative_wtp,,india
e0264537-6712-4dde-9b14-a29f73fefc46,Astrotalk,astrology,loot,negative_wtp,,india
6c9c48b6-5b69-4693-a2d4-a480ee084b80,Astrotalk,astrology,scam,negative_wtp,,india
5908e616-c4a7-4f6d-bb2c-067443376e7a,Astrotalk,astrology,Scam,negative_wtp,,india
062306dd-cff8-4cfd-9308-a0af186e34fe,Astrotalk,astrology,waste of money,negative_wtp,,india
2ca672df-fb1c-486f-ac23-ff541d987d65,Astrotalk,astrology,scam,negative_wtp,,india
5f5f6fc8-dcf7-4161-afc8-202876e7d048,Astrotalk,astrology,scam,negative_wtp,,india
1576a711-b5bc-4308-a7c2-6a443c9b3b97,Astrotalk,astrology,scam,negative_wtp,,india
2369b178-9c33-4732-bc42-72692269a5e2,Astrotalk,astrology,loot,negative_wtp,,india
24a0b072-e38a-4302-a9e2-29c3c7d9bbba,Astrotalk,astrology,scam,negative_wtp,,india
6899fbbf-2486-457f-aa96-5ea5148dbfb4,Astrotalk,astrology,waste of money,negative_wtp,,india
1e99c7e8-86bc-400c-bde3-9bf626d95572,Astrotalk,astrology,waste of money,negative_wtp,,india
d5f97f31-b997-4eb1-9bba-b7b700ceca55,Astrotalk,astrology,loot,negative_wtp,,india
553e4e9b-fa26-40c8-9564-80ad15a80095,Astrotalk,astrology,scam,negative_wtp,,india
1e74aa29-59b6-4761-9998-22793b8d9077,Astrotalk,astrology,loot,negative_wtp,,india
4e62ac39-b114-4b24-aa1d-ce4155ed8baf,Astrotalk,astrology,not worth,negative_wtp,,india
5a358e1b-f29a-4515-a685-0d9c6dc3e40a,Astrotalk,astrology,scam,negative_wtp,,india
797411d6-9c0f-4d18-88d2-a0e2cf78e057,Astrotalk,astrology,waste of money,negative_wtp,,india
e0a7d3f6-b47e-4d1f-9b54-6bb15cf84efa,Astrotalk,astrology,paisa barbaad,negative_wtp,,india
86525af8-e8a8-494f-898b-1f6707113f09,Astrotalk,astrology,scam,negative_wtp,,india
a3329047-5de5-4a02-aa59-201249bc81f6,Astrotalk,astrology,scam,negative_wtp,,india
8ac9cf42-241e-41aa-97a9-dc2a2524e26f,Astrotalk,astrology,waste of money,negative_wtp,,india
9a82d81e-6513-42c2-927b-c2b1eceb4e8b,Astrotalk,astrology,scam,negative_wtp,,india
e2fcec01-e89a-4144-a49d-1006bb6f2616,Astrotalk,astrology,waste of money,negative_wtp,,india
f4d88924-8fa0-49ab-bed5-83f69c80f7f0,Astrotalk,astrology,too expensive,negative_wtp,,india
f4d88924-8fa0-49ab-bed5-83f69c80f7f0,Astrotalk,astrology,loot,negative_wtp,,india
52b38c99-e0fe-4250-9e69-44041fe7ca13,Astrotalk,astrology,scam,negative_wtp,,india
52b38c99-e0fe-4250-9e69-44041fe7ca13,Astrotalk,astrology,loot,negative_wtp,,india
d59e35c9-e82d-4308-825b-b4535bee495d,Astrotalk,astrology,loot,negative_wtp,,india
d59e35c9-e82d-4308-825b-b4535bee495d,Astrotalk,astrology,loot,negative_wtp,,india
357cfde6-6f15-4d98-a01b-e5e51d89d7dc,Astrotalk,astrology,scam,negative_wtp,,india
357cfde6-6f15-4d98-a01b-e5e51d89d7dc,Astrotalk,astrology,scam,negative_wtp,,india
138ccc90-ffc5-4762-95db-6ea04596c593,Astrotalk,astrology,paisa barbaad,negative_wtp,,india
5b7505ed-c5e4-414a-907f-640f363e4cc7,Astrotalk,astrology,scam,negative_wtp,,india
2a4f80b1-fe1a-44bf-856b-630fc49a0ce1,Astrotalk,astrology,Scam,negative_wtp,,india
12177dd2-5916-41e5-afe1-b50c2bca8cfa,Astrotalk,astrology,loot,negative_wtp,,india
0869a179-ac75-4754-9e7b-052e211c8ee0,Astrotalk,astrology,loot,negative_wtp,,india
a9669135-dd60-4ad8-8e15-3fbfd2892d4c,Astrotalk,astrology,scam,negative_wtp,,india
2f246b79-2be7-46dc-980d-dbc019c22a2f,Astrotalk,astrology,waste of money,negative_wtp,,india
758ee6b3-ed07-4594-81bb-b3bade30f7e6,Astrotalk,astrology,scam,negative_wtp,,india
41363648-c61c-4e49-b80d-e0e8374bebbf,Astrotalk,astrology,scam,negative_wtp,,india
1c731f99-22a7-4be1-b467-0030b04914bd,Astrotalk,astrology,loot,negative_wtp,,india
dfe99918-d2ae-4176-bfba-2f69b6423112,Astrotalk,astrology,waste of money,negative_wtp,,india
fad69428-67b7-45e7-a1ad-d53bbdbd6adb,Astrotalk,astrology,scam,negative_wtp,,india
4cd4a2e7-8805-40ce-90de-4966af3eab86,Astrotalk,astrology,scam,negative_wtp,,india
5736b243-859f-47a1-9806-1773f2da1f3e,Astrotalk,astrology,loot,negative_wtp,,india
3b856ca6-86be-4471-904c-f36b42fe4eb4,Astrotalk,astrology,waste of money,negative_wtp,,india
23305bf9-19eb-4126-a0b8-32c1a6a4333b,Astrotalk,astrology,loot,negative_wtp,remedies,india
9416188f-e3d6-4e05-a123-550a00cdc41c,Astrotalk,astrology,waste of money,negative_wtp,,india
6817ccd1-43e0-44bc-8025-4dcb258e1d4d,Astrotalk,astrology,loot,negative_wtp,,india
9edaacea-8e86-4e23-bb1c-4a6e0023360c,Astrotalk,astrology,scam,negative_wtp,,india
44f03c66-56fe-4b3e-a667-dfccf032088a,Astrotalk,astrology,waste of money,negative_wtp,,india
c60715d4-c7c3-4d67-852e-6966789cf53a,Astrotalk,astrology,loot,negative_wtp,,india
c60715d4-c7c3-4d67-852e-6966789cf53a,Astrotalk,astrology,loot,negative_wtp,,india
86524968-340d-46b2-9cc5-5f747877b07d,Astrotalk,astrology,waste of money,negative_wtp,,india
70c34e6f-4f27-4bd1-8a6b-b3bab2ec0473,Astrotalk,astrology,scam,negative_wtp,,india
ba71e6a3-372b-499f-80ad-0eaab017bae9,Astrotalk,astrology,loot,negative_wtp,,india
ebbcbd87-c4f0-4829-a153-cadb0cf49f13,Astrotalk,astrology,scam,negative_wtp,,india
3f5e891b-82c4-442a-9ea1-0037fb5cec6b,Astrotalk,astrology,loot,negative_wtp,,india
ada0c34d-15d1-40dc-aea0-df7029c07b8d,Astrotalk,astrology,scam,negative_wtp,,india
da24eda7-693b-4de4-8e21-f259e9e98238,Astrotalk,astrology,not worth,negative_wtp,,india
da24eda7-693b-4de4-8e21-f259e9e98238,Astrotalk,astrology,loot,negative_wtp,,india
ef4593a5-c6ea-4797-b4b6-b0aad79ff3ad,Astrotalk,astrology,loot,negative_wtp,,india
27ab6e57-5480-4d94-acb2-f85f2247620f,Astrotalk,astrology,scam,negative_wtp,remedies,india
17f5110f-65f4-4c92-a8c9-8a9af5294b50,Astrotalk,astrology,waste of money,negative_wtp,,india
6794bc03-5da5-4881-a4c6-0a8ee405ee10,Astrotalk,astrology,scam,negative_wtp,,india
36f6551b-6a12-45c7-b55a-6da642ec6f6f,Astrotalk,astrology,not paying,negative_wtp,,india
36f6551b-6a12-45c7-b55a-6da642ec6f6f,Astrotalk,astrology,SCAM,negative_wtp,,india
36f6551b-6a12-45c7-b55a-6da642ec6f6f,Astrotalk,astrology,SCAM,negative_wtp,,india
31ed1935-7332-4551-b770-9ac727715aab,Astrotalk,astrology,waste of money,negative_wtp,,india
ca0a6948-574a-489a-9ce5-363166e8b273,Astrotalk,astrology,scam,negative_wtp,,india
12f1cc05-eaf7-4493-b48c-55ac36bc6e10,Astrotalk,astrology,scam,negative_wtp,,india
557e9bd0-65cc-45b1-bd08-2483f35d32b0,Astrotalk,astrology,loot,negative_wtp,,india
efd76280-59c5-4e06-81ab-968fd6491dc4,Astrotalk,astrology,waste of money,negative_wtp,,india
04f1b527-6683-403b-a5da-bfe66c8d33ca,Astrotalk,astrology,scam,negative_wtp,,india
8c0e9d49-9941-44e6-bbe4-ffc48319d9b1,Astrotalk,astrology,scam,negative_wtp,,india
597a03f4-d67b-4271-825f-432962560d88,Astrotalk,astrology,loot,negative_wtp,pooja,india
e8c8c611-8b0f-4219-aa24-d57141dc32a7,Astrotalk,astrology,should be free,negative_wtp,,india
8c62aec2-469d-4399-9a0a-d1821c1528c8,Astrotalk,astrology,waste of money,negative_wtp,,india
34d1a3af-e872-49ce-b5f7-df590a93d199,Astrotalk,astrology,loot,negative_wtp,,india
19112361-bceb-4bc8-86d7-b6c9e446e5c0,Astrotalk,astrology,scam,negative_wtp,,india
1225324d-c89d-4362-8b7d-0ccbbfd6445c,Astrotalk,astrology,scam,negative_wtp,,india
800c395a-e810-47b4-b6a8-04cab69b5796,Astrotalk,astrology,Scam,negative_wtp,,india
7c4ee9e6-8089-40f1-8c95-3bdc08868791,Astrotalk,astrology,scam,negative_wtp,,india
6d16cde4-362e-4cb5-9276-7605a667c0b6,Astrotalk,astrology,value for money,positive_wtp,,india
59376350-2cfc-44ff-a661-f23e137fe30b,Astrotalk,astrology,waste of money,negative_wtp,,india
a639edcf-5704-4566-a47b-e557972953be,Astrotalk,astrology,waste of money,negative_wtp,,india
cd6faa9d-f39c-4880-8f6b-83b00230c79c,Astrotalk,astrology,loot,negative_wtp,,india
cbdcfdcc-e8fb-4f17-96d2-510e572163dc,Astrotalk,astrology,waste of money,negative_wtp,,india
527ba4a8-3b24-40b9-bcd2-68369ef7c3e4,Astrotalk,astrology,scam,negative_wtp,,india
8e440bae-554b-4905-830f-18a49efb7f7c,Astrotalk,astrology,waste of money,negative_wtp,,india
9f3eeef4-c583-40bb-a842-5c19a72351e7,Astrotalk,astrology,waste of money,negative_wtp,,india
6f96fc27-db0e-4113-a479-7fa0468242b2,Astrotalk,astrology,scam,negative_wtp,,india
a6b151a3-9016-4dcc-aad6-ee19931590da,Astrotalk,astrology,scam,negative_wtp,,india
8102b81a-b5ec-4b79-8596-34298a047cc8,Astrotalk,astrology,loot,negative_wtp,,india
3fe3463f-3cae-4c2a-b953-c3865ef5ddad,Astrotalk,astrology,scam,negative_wtp,,india
5934ad1b-d8e0-4bc9-a03d-1f4177f7b227,Astrotalk,astrology,waste of money,negative_wtp,,india
f9e04d85-d072-4611-9c29-cb13953daedb,Astrotalk,astrology,Scam,negative_wtp,,india
67e4bc02-04b9-48c6-afb2-4cee3e03207d,Astrotalk,astrology,loot,negative_wtp,,india
30c1002d-d292-415e-950c-c63b3448ab4b,Astrotalk,astrology,waste of money,negative_wtp,,india
9d80fc62-decb-4965-aba0-a7e5cf76fe73,Astrotalk,astrology,loot,negative_wtp,,india
a75af271-ea79-4327-88c2-1df7f3bf1467,Astrotalk,astrology,scam,negative_wtp,,india
2c3f110a-7da6-41f6-87d2-8017e8f0ab45,Astrotalk,astrology,scam,negative_wtp,,india
2c3f110a-7da6-41f6-87d2-8017e8f0ab45,Astrotalk,astrology,scam,negative_wtp,,india
fbefab1e-da3b-43ed-9ead-209f6c158b15,Astrotalk,astrology,loot,negative_wtp,,india
0b4de12c-2901-443b-962b-8e3cff028e5b,Astrotalk,astrology,waste of money,negative_wtp,,india
642d0fec-2316-4ee8-8bae-2af671cfb16d,Astrotalk,astrology,waste of money,negative_wtp,,india
5177222c-2f92-465a-a57d-b73506fb5298,Astrotalk,astrology,scam,negative_wtp,,india
0db84a3e-4035-49de-a8e4-cd87bb9166cf,Astrotalk,astrology,loot,negative_wtp,,india
991d219b-1e0c-4392-98cb-63c6500c82d6,Astrotalk,astrology,scam,negative_wtp,,india
f40db926-f96b-4d78-9547-37300382bf7e,Astrotalk,astrology,Scam,negative_wtp,,india
f40db926-f96b-4d78-9547-37300382bf7e,Astrotalk,astrology,scam,negative_wtp,,india
f40db926-f96b-4d78-9547-37300382bf7e,Astrotalk,astrology,loot,negative_wtp,,india
1d25bfb7-5307-43d1-9ae2-604f18085430,Astrotalk,astrology,scam,negative_wtp,,india
a50bf39a-fa41-48bf-a943-ed1c48df698b,Astrotalk,astrology,scam,negative_wtp,,india
69ffa60b-2d9e-401d-b214-58b994e9e317,Astrotalk,astrology,scam,negative_wtp,,india
69ffa60b-2d9e-401d-b214-58b994e9e317,Astrotalk,astrology,scam,negative_wtp,,india
69ffa60b-2d9e-401d-b214-58b994e9e317,Astrotalk,astrology,loot,negative_wtp,,india
77ed807b-3d7a-4feb-a1d3-f9be27355f74,Astrotalk,astrology,waste of money,negative_wtp,,india
123ed2ee-27f6-4a74-875f-c5e70d415e1e,Astrotalk,astrology,waste of money,negative_wtp,,india
cd9c4249-0188-42e0-855c-2a9e8908528d,Astrotalk,astrology,waste of money,negative_wtp,,india
e04094aa-bd54-41b1-b7ec-c2b391fdd541,Astrotalk,astrology,scam,negative_wtp,,india
e04094aa-bd54-41b1-b7ec-c2b391fdd541,Astrotalk,astrology,scam,negative_wtp,,india
f204f0d2-2423-49cf-bacc-7081582a84ed,Astrotalk,astrology,waste of money,negative_wtp,,india
8fb9e886-1e2f-43df-b47a-f8419be267b8,Astrotalk,astrology,scam,negative_wtp,,india
b73e427b-4c3b-4cc3-bb6a-0422277dd69a,Astrotalk,astrology,scam,negative_wtp,,india
875193c7-d96e-45f0-b190-1b15ed2c25e2,Astrotalk,astrology,loot,negative_wtp,,india
14c15af1-4dc8-4b0c-b929-b54565ae3b9a,Astrotalk,astrology,worth the money,positive_wtp,,india
14c15af1-4dc8-4b0c-b929-b54565ae3b9a,Astrotalk,astrology,not worth,negative_wtp,,india
cad8bc0a-d4c1-4045-8429-e71383573217,Astrotalk,astrology,scam,negative_wtp,,india
3c9e3b16-19f3-4834-99f8-ffb48d558e4d,Astrotalk,astrology,scam,negative_wtp,,india
ed712703-4e06-47c2-95b3-c649f14dea17,Astrotalk,astrology,Not worth,negative_wtp,,india
5e429503-22c4-4934-b35f-154609d9251c,Astrotalk,astrology,SCAM,negative_wtp,,india
c5fbbf2e-6b7d-4d96-8b33-0cf56f2b4a01,Astrotalk,astrology,loot,negative_wtp,,india
5428f5d8-5eca-4433-b6f4-92e785941b85,Astrotalk,astrology,scam,negative_wtp,,india
3ee7e19d-a676-454a-8ddb-f9d50a8f1738,Astrotalk,astrology,loot,negative_wtp,,india
dd1350e9-fb27-4d8a-b0e4-7da7d5fb9321,Astrotalk,astrology,scam,negative_wtp,,india
958e04b0-1eb5-4e7a-b497-f197e76711d3,Astrotalk,astrology,scam,negative_wtp,,india
44d98f5c-75a1-47ae-b8c3-f756d1811336,Astrotalk,astrology,loot,negative_wtp,,india
f1c17162-e9cf-4574-b7a4-554813138b11,Astrotalk,astrology,loot,negative_wtp,,india
10863756-503d-47e5-8f0d-5700561c976c,Astrotalk,astrology,loot,negative_wtp,,india
ad5f84c1-e1c5-404e-83d5-fdb216e7e428,Astrotalk,astrology,Scam,negative_wtp,,india
548cc342-fef6-40d8-9307-c07cb78b4aa0,Astrotalk,astrology,waste of money,negative_wtp,,india
e4265f27-d48d-41d5-b65f-c0ac8b072669,Astrotalk,astrology,loot,negative_wtp,,india
6b7263e4-c835-4faf-a189-f3983254280f,Astrotalk,astrology,waste of money,negative_wtp,,india
2807288e-bec6-4899-ae3e-0d7204c792cf,Astrotalk,astrology,scam,negative_wtp,,india
fa8aa808-50ce-40d0-9a00-e26fb9e27259,Astrotalk,astrology,scam,negative_wtp,,india
1c003541-74fd-4233-ac82-b57af7cd5693,Astrotalk,astrology,scam,negative_wtp,,india
8381925f-37aa-4476-9d92-21fce92bc267,Astrotalk,astrology,scam,negative_wtp,,india
8381925f-37aa-4476-9d92-21fce92bc267,Astrotalk,astrology,scam,negative_wtp,,india
8ca0cb97-755a-4c98-ac05-2dc4c468330b,Astrotalk,astrology,scam,negative_wtp,,india
fa3f1f6c-e9eb-4403-84a9-9a3899cdf93e,Astrotalk,astrology,waste of money,negative_wtp,,india
667730d5-18ad-4929-a800-f15b7830f282,Astrotalk,astrology,scam,negative_wtp,,india
5222b509-0ffe-4916-bf44-c235353d7673,Astrotalk,astrology,loot,negative_wtp,,india
0eeb63d8-93a3-4166-9e84-793ae7f79c4e,Astrotalk,astrology,loot,negative_wtp,,india
4a573ac3-ea88-40c2-bdb2-f759a85e5578,Astrotalk,astrology,not worth,negative_wtp,,india
4a573ac3-ea88-40c2-bdb2-f759a85e5578,Astrotalk,astrology,Waste of money,negative_wtp,,india
4febe28b-5160-4f5a-affb-b91a76a0a31a,Astrotalk,astrology,waste of money,negative_wtp,,india
c451bf15-cc85-437c-9b7d-4898275cf10d,Astrotalk,astrology,loot,negative_wtp,,india
3f686607-052b-4669-b4c7-16143590c19f,Astrotalk,astrology,loot,negative_wtp,,india
38410abc-9e92-4387-9d76-68512084d3ff,Astrotalk,astrology,waste of money,negative_wtp,,india
6b453073-4e35-4a60-94cb-f8e06c3a22ec,Astrotalk,astrology,scam,negative_wtp,,india
42d7f69f-0984-4e61-8b39-739693a2efdd,Astrotalk,astrology,scam,negative_wtp,,india
35419967-f474-41db-b53d-9ee70799e53d,Astrotalk,astrology,scam,negative_wtp,,india
d9980208-d2be-4018-906a-223c32e06c41,Astrotalk,astrology,never pay,negative_wtp,,india
9062a13d-1f8d-4a17-bdef-7560d0394a50,Astrotalk,astrology,scam,negative_wtp,,india
bcaf3e80-c20e-41f2-843f-80e052a615e7,Astrotalk,astrology,not worth,negative_wtp,,india
0f93a162-c185-41f3-a947-52db6998e846,Astrotalk,astrology,Waste of money,negative_wtp,,india
c8df8769-ce19-4763-9758-22a18a9b35c3,Astrotalk,astrology,loot,negative_wtp,,india
a8830eff-5d7e-4a4d-b530-38757dcdc7fe,Astrotalk,astrology,scam,negative_wtp,,india
b3ff35cd-eadd-4df2-9955-45bb5bad5eb5,Astrotalk,astrology,loot,negative_wtp,,india
299bdfd4-5355-48ca-bba1-e1375d1fdf65,Astrotalk,astrology,scam,negative_wtp,,india
299bdfd4-5355-48ca-bba1-e1375d1fdf65,Astrotalk,astrology,scam,negative_wtp,,india
299bdfd4-5355-48ca-bba1-e1375d1fdf65,Astrotalk,astrology,scam,negative_wtp,,india
5d7e0fa4-a0b3-4f54-b7b4-617ba406222b,Astrotalk,astrology,paisa barbaad,negative_wtp,,india
67c2751a-f1e0-427f-a253-79565c0c8fa8,Astrotalk,astrology,waste of money,negative_wtp,,india
333142e4-3b59-43e1-bd97-418df80f94a3,Astrotalk,astrology,scam,negative_wtp,,india
333142e4-3b59-43e1-bd97-418df80f94a3,Astrotalk,astrology,scam,negative_wtp,,india
333142e4-3b59-43e1-bd97-418df80f94a3,Astrotalk,astrology,scam,negative_wtp,,india
39b70789-9391-43e6-a64b-063a56ba3a3f,Astrotalk,astrology,loot,negative_wtp,,india
29b72932-1f84-498d-ac59-8c731be7d7ec,Astrotalk,astrology,scam,negative_wtp,,india
41fdef76-1197-4bad-87d1-af519249f9f3,Astrotalk,astrology,worth the price,positive_wtp,,india
eac37478-762c-4735-a5a6-7b91e410e7cd,Astrotalk,astrology,scam,negative_wtp,pooja,india
eac37478-762c-4735-a5a6-7b91e410e7cd,Astrotalk,astrology,loot,negative_wtp,pooja,india
74686f58-9e18-4f3a-8ddd-9285a7c2a4c3,Astrotalk,astrology,scam,negative_wtp,,india
b1a2feed-f108-41be-bca9-0eb193ac670e,Astrotalk,astrology,loot,negative_wtp,,india
b1a2feed-f108-41be-bca9-0eb193ac670e,Astrotalk,astrology,loot,negative_wtp,,india
ba0dac9f-51e7-4473-b319-31813530ceac,Astrotalk,astrology,worth the price,positive_wtp,,india
53d8142a-9519-457b-a21f-8a720fc82185,Astrotalk,astrology,scam,negative_wtp,,india
53d8142a-9519-457b-a21f-8a720fc82185,Astrotalk,astrology,scam,negative_wtp,,india
53d8142a-9519-457b-a21f-8a720fc82185,Astrotalk,astrology,scam,negative_wtp,,india
f22e5d6e-7433-461b-8275-0b8fec094e56,Astrotalk,astrology,loot,negative_wtp,,india
6480fa8f-aeca-4ece-bb75-cb720c8837ce,Astrotalk,astrology,scam,negative_wtp,,india
900e4415-0a9e-4e85-b175-4f18056bb2eb,Astrotalk,astrology,scam,negative_wtp,,india
c61007e6-2fa5-4aea-8dd1-a30c53b13f63,Astrotalk,astrology,scam,negative_wtp,,india
54552442-336f-44d7-ae9c-e2aa858ff275,Astrotalk,astrology,loot,negative_wtp,,india
9a647e42-677d-475f-8f05-6ccf97e65eae,Astrotalk,astrology,scam,negative_wtp,,india
dd74d012-4404-4d11-80a1-cdeba9bec797,Astrotalk,astrology,waste of money,negative_wtp,,india
a8f9247d-a9d8-4b53-bf02-fddb0a042f84,Astrotalk,astrology,waste of money,negative_wtp,,india
3609e18b-42e4-4414-9760-2e7b0dacc485,Astrotalk,astrology,waste of money,negative_wtp,,india
85552cf1-52a9-4437-bb74-c749d21bf127,Astrotalk,astrology,scam,negative_wtp,,india
7384bd23-78f6-40d1-a3af-eb96a0081acb,Astrotalk,astrology,scam,negative_wtp,,india
fcae08b7-22ae-4bcb-b995-1eb348ffdc43,Astrotalk,astrology,scam,negative_wtp,,india
fcae08b7-22ae-4bcb-b995-1eb348ffdc43,Astrotalk,astrology,scam,negative_wtp,,india
8201284f-cfad-49e4-a16a-adc48361fd2f,Astrotalk,astrology,waste of money,negative_wtp,,india
09f4e94b-ec8d-4808-82bd-43af00415a66,Astrotalk,astrology,scam,negative_wtp,,india
a7af68bd-2135-4983-8cc1-5c29152e3c33,Astrotalk,astrology,loot,negative_wtp,,india
f9ae8831-e9e7-48ce-ab36-c7a423f0127a,Astrotalk,astrology,scam,negative_wtp,,india
96595937-9e93-4b87-9210-bb0b9b9d81a3,Astrotalk,astrology,loot,negative_wtp,,india
7389094a-0802-4103-bd2c-c23a5c9206a6,Astrotalk,astrology,Scam,negative_wtp,,india
7f701c98-a852-4a87-be14-762dd9a2a9cd,Astrotalk,astrology,scam,negative_wtp,,india
5ea16c33-0858-455d-b20d-7ba01459336c,Astrotalk,astrology,scam,negative_wtp,,india
15efd6bc-9ce2-4843-8f75-4f7665f9584b,Astrotalk,astrology,loot,negative_wtp,,india
5cc63f39-43dd-47c4-bd23-4b91d3839f92,Astrotalk,astrology,loot,negative_wtp,,india
5cc63f39-43dd-47c4-bd23-4b91d3839f92,Astrotalk,astrology,loot,negative_wtp,,india
5452c880-074b-4c43-8cd8-a1f718df4ca2,Astrotalk,astrology,not worth,negative_wtp,,india
5452c880-074b-4c43-8cd8-a1f718df4ca2,Astrotalk,astrology,waste of money,negative_wtp,,india
5452c880-074b-4c43-8cd8-a1f718df4ca2,Astrotalk,astrology,scam,negative_wtp,,india
3dadec08-3c59-4e33-84a2-56584c7d7198,Astrotalk,astrology,scam,negative_wtp,,india
b32ed268-8af6-4438-9cbd-cf918cbae1c4,Astrotalk,astrology,scam,negative_wtp,,india
b0d71435-8a78-423c-96c9-ea4adac1d650,Astrotalk,astrology,scam,negative_wtp,,india
a2e6c85c-cb11-4bf8-8d80-bda3be06e747,Astrotalk,astrology,scam,negative_wtp,,india
8f70f6f2-0f35-4e02-9481-8daf79c04995,Astrotalk,astrology,Scam,negative_wtp,,india
7d4d30da-7a9a-4352-9af2-c283a6164c21,Astrotalk,astrology,scam,negative_wtp,,india
d979f3b7-0e51-400b-8113-b31118320c22,Astrotalk,astrology,SCAM,negative_wtp,,india
3a2d24a7-82b2-4f9f-9974-f8e08e430d20,Astrotalk,astrology,scam,negative_wtp,,india
ea3a72b2-9f65-4daf-b66d-de68b8de6eee,Astrotalk,astrology,waste of money,negative_wtp,,india
d94829a3-e8c7-4259-8528-0c1f19517b4e,Astrotalk,astrology,loot,negative_wtp,,india
b8bf2555-46d1-4f77-a99d-ea5c1fced6db,Astrotalk,astrology,loot,negative_wtp,,india
3c31120d-e5d2-40f7-b23f-7db875d87dfe,Astrotalk,astrology,scam,negative_wtp,,india
d2daebca-2a09-4d1e-9906-e72b8f57489b,Astrotalk,astrology,loot,negative_wtp,,india
8d445803-710f-4a28-a1f2-7aa9bdd3e329,Astrotalk,astrology,scam,negative_wtp,,india
48fccdd7-ed1e-4159-a7a6-8f99d3e38bd8,Astrotalk,astrology,loot,negative_wtp,,india
8a9e407b-8b8e-43e4-baff-4e3d64836df0,Astrotalk,astrology,loot,negative_wtp,,india
9cefefa6-e386-4970-bb14-5b74e5f81c68,Astrotalk,astrology,waste of money,negative_wtp,,india
0e2f6cfc-7e97-4dc1-b99d-c6a4d173acb3,Astrotalk,astrology,waste of money,negative_wtp,,india
d345bc67-2d4a-4bab-a20e-5f61a2eae1d2,Astrotalk,astrology,waste of money,negative_wtp,,india
ead3eb93-e6f0-4574-b395-4838dca78e0c,Astrotalk,astrology,waste of money,negative_wtp,,india
7212d921-2353-41c7-8403-0d6591b0faae,Astrotalk,astrology,loot,negative_wtp,,india
58c40dc3-b34a-4a0c-96ff-6d5a299dc4b8,Astrotalk,astrology,loot,negative_wtp,,india
6e60d2f4-5dd0-477a-bb98-d79055f17802,Astrotalk,astrology,waste of money,negative_wtp,,india
0a8d7485-49e3-4725-bcf3-419e1db92ab9,Astrotalk,astrology,Scam,negative_wtp,,india
8872fd0d-c55f-4c84-b650-a6c6e992d366,Astrotalk,astrology,Scam,negative_wtp,,india
8872fd0d-c55f-4c84-b650-a6c6e992d366,Astrotalk,astrology,SCAM,negative_wtp,,india
8872fd0d-c55f-4c84-b650-a6c6e992d366,Astrotalk,astrology,Scam,negative_wtp,,india
8d5aa1f8-1adf-4628-bfdf-685e7e851657,Astrotalk,astrology,waste of money,negative_wtp,,india
68db717a-be6a-40dc-8716-b2347018e3c5,Astrotalk,astrology,scam,negative_wtp,,india
5668b51b-eca2-4fc2-9e48-93b93c41d914,Astrotalk,astrology,scam,negative_wtp,,india
64e5988f-2a7d-4f37-b86f-627eb2629696,Astrotalk,astrology,SCAM,negative_wtp,,india
b99e988e-a7e5-416c-a9e6-8b991ed39cc7,Astrotalk,astrology,scam,negative_wtp,,india
b7faa09c-f0db-47cc-9a29-fead4f45810a,Astrotalk,astrology,scam,negative_wtp,,india
6d10fb23-f35f-4acd-89d7-59f1d67c998b,Astrotalk,astrology,loot,negative_wtp,,india
da116b84-d0d5-4dce-86f4-f2ad45b39774,Astrotalk,astrology,waste of money,negative_wtp,,india
62257ad3-8f88-4579-9d08-ee45d959307f,Astrotalk,astrology,waste of money,negative_wtp,,india
72e4c261-6db1-47e8-9ed6-8e925772fc56,Astrotalk,astrology,loot,negative_wtp,,india
fd23ec40-e05f-4ce7-93d2-c2f82e4fba25,Astrotalk,astrology,waste of money,negative_wtp,,india
ffe9eae8-040e-477e-ac1e-6721fcdd10dc,Astrotalk,astrology,waste of money,negative_wtp,,india
aa78cf3e-0797-4047-8568-03914765cba7,Astrotalk,astrology,not worth,negative_wtp,,india
1fcf43c0-ee4d-4920-af5a-5f6e7d7f92e6,Astrotalk,astrology,waste of money,negative_wtp,,india
1fcf43c0-ee4d-4920-af5a-5f6e7d7f92e6,Astrotalk,astrology,scam,negative_wtp,,india
5fcdf94c-9091-4e79-a522-ef5083b7d58a,Astrotalk,astrology,scam,negative_wtp,,india
36c13d72-69a8-4805-bee7-4cdd4ed99311,Astrotalk,astrology,should be free,negative_wtp,,india
1e49c070-7f6d-4e0f-8299-aba8c12dfea1,Astrotalk,astrology,scam,negative_wtp,,india
0357b1f5-6f16-4782-9140-c6bbb8d4d684,Astrotalk,astrology,waste of money,negative_wtp,,india
67d0ea0a-d9b1-4946-aa1b-0aa95784774e,Astrotalk,astrology,scam,negative_wtp,,india
67d0ea0a-d9b1-4946-aa1b-0aa95784774e,Astrotalk,astrology,scam,negative_wtp,,india
66b1a07c-df59-4742-9458-ea056927c6aa,Astrotalk,astrology,loot,negative_wtp,,india
d8a1a400-2d21-4687-af9c-69a5f3bb86e6,Astrotalk,astrology,scam,negative_wtp,,india
f3737576-4c70-4289-bc52-22e29b5170cd,Astrotalk,astrology,scam,negative_wtp,,india
cde951bd-2a86-4a3a-9ab3-62f7f63cb379,Astrotalk,astrology,scam,negative_wtp,,india
b9563254-a3fd-4077-b2ed-d0bf2e6cfd44,Astrotalk,astrology,scam,negative_wtp,,india
b9563254-a3fd-4077-b2ed-d0bf2e6cfd44,Astrotalk,astrology,scam,negative_wtp,,india
57a69d83-7e43-4191-ab66-d7fd963ee475,Astrotalk,astrology,waste of money,negative_wtp,,india
bafde8f6-ec02-4039-b634-185af951e1b0,Astrotalk,astrology,waste of money,negative_wtp,,india
bafde8f6-ec02-4039-b634-185af951e1b0,Astrotalk,astrology,scam,negative_wtp,,india
3d70cf4c-a3ea-4b35-88e9-f853dd01aca9,Astrotalk,astrology,waste of money,negative_wtp,,india
16304b8b-6029-4fd1-a449-c03a855df784,Astrotalk,astrology,scam,negative_wtp,,india
16304b8b-6029-4fd1-a449-c03a855df784,Astrotalk,astrology,scam,negative_wtp,,india
0ba963c6-2e31-4764-a36f-f3f19986843a,Astrotalk,astrology,scam,negative_wtp,,india
be8eed04-b696-4b0e-8184-8503b21a0b76,Astrotalk,astrology,loot,negative_wtp,,india
1cff7fdc-096d-4f99-b189-6ee7c5e65200,Astrotalk,astrology,scam,negative_wtp,,india
2a430b15-6f3e-4be5-88b9-10b0923487d6,Astrotalk,astrology,Too costly,negative_wtp,,india
f3c0410a-b807-4d90-9cf9-b488e4ee5886,Astrotalk,astrology,loot,negative_wtp,,india
fa103816-a7ce-4f5a-8b1c-53352065483e,Astrotalk,astrology,scam,negative_wtp,,india
9f4f759a-533e-4f16-9030-46a526209763,Astrotalk,astrology,Scam,negative_wtp,,india
a7104956-a38b-4ef9-88b0-f3f48c81ced3,Astrotalk,astrology,scam,negative_wtp,,india
87b11bf6-ad6f-43e7-a811-5cf27eb36ea5,Astrotalk,astrology,scam,negative_wtp,,india
6165b85c-6e51-4db5-b8f8-c6b148771a34,Astrotalk,astrology,waste of money,negative_wtp,,india
d89f0a1f-f3fa-4a8b-ba0a-5c135c3a6955,Astrotalk,astrology,scam,negative_wtp,,india
429a45d4-7fd3-4ea7-833c-4339b31edb3b,Astrotalk,astrology,scam,negative_wtp,,india
cd9dade5-f927-4f43-9544-6f880cf9876e,Astrotalk,astrology,scam,negative_wtp,,india
d476cced-756e-4ec4-b657-587031ee20a7,Astrotalk,astrology,waste of money,negative_wtp,,india
9f1b2c59-7b7d-4885-a4b6-c86c042727df,Astrotalk,astrology,scam,negative_wtp,,india
8e925d9e-9221-4e7c-8592-18ee98e128a3,Astrotalk,astrology,scam,negative_wtp,,india
e7deb36e-cf74-42a0-8d9a-03a2a772fa16,Astrotalk,astrology,scam,negative_wtp,,india
e9b40090-e735-4609-bbc2-a7667b9f58d5,Astrotalk,astrology,scam,negative_wtp,,india
96d3f00a-688e-4401-88ea-28928d075743,Astrotalk,astrology,scam,negative_wtp,,india
058c9c8c-7dd6-40c1-898a-728999f84368,Astrotalk,astrology,scam,negative_wtp,,india
61a5b4ca-6cb0-4243-9da0-e757783860e0,Astrotalk,astrology,scam,negative_wtp,,india
6cb5e91d-5dbb-48da-96b7-1f3d64f98027,Astrotalk,astrology,scam,negative_wtp,,india
3fdbecbc-ebfd-402f-ae21-285f003031d7,Astrotalk,astrology,waste of money,negative_wtp,,india
7ef8816f-589a-49af-8eb5-c7cb000ccba2,Astrotalk,astrology,should be free,negative_wtp,,india
bbaf06d8-3dee-4079-afa9-f80ce53f8601,Astrotalk,astrology,waste of money,negative_wtp,,india
8af7bef2-157b-4b30-9930-708180cdf556,Astrotalk,astrology,loot,negative_wtp,,india
f4478b5d-57a5-4790-89b4-c202f66098bc,Astrotalk,astrology,Worth every penny,positive_wtp,,india
cdeaff23-6c1b-492e-9c9c-dc9ccf6b36f9,Astrotalk,astrology,scam,negative_wtp,,india
abca5907-9b66-4e3d-bba6-c515878c3a3f,Astrotalk,astrology,waste of money,negative_wtp,,india
b85e97af-e438-4538-84d7-25f17f5ba884,Astrotalk,astrology,waste of money,negative_wtp,,india
6929a22c-96bd-4b70-a6a9-40f290aea575,Astrotalk,astrology,value for money,positive_wtp,,india
6929a22c-96bd-4b70-a6a9-40f290aea575,Astrotalk,astrology,scam,negative_wtp,,india
a63da41b-638c-4b9c-a483-cb2b9f6b2cda,Astrotalk,astrology,scam,negative_wtp,,india
6122f9a9-80a9-4ebf-a68d-542e5b3fa6b7,Astrotalk,astrology,loot,negative_wtp,,india
2de9cce3-ce4e-4d46-9bb2-84112b8127db,Astrotalk,astrology,loot,negative_wtp,,india
0eff63a2-7c8f-4c97-a5b6-3e4e86d7b338,Astrotalk,astrology,scam,negative_wtp,,india
0eff63a2-7c8f-4c97-a5b6-3e4e86d7b338,Astrotalk,astrology,loot,negative_wtp,,india
58284041-7195-491d-94d5-7cf5f9f2f016,Astrotalk,astrology,scam,negative_wtp,,india
d99d1bbe-6608-4216-a8b6-e9e27482eec8,Astrotalk,astrology,waste of money,negative_wtp,remedies,india
d8f2e3cb-e4bf-4eda-8476-29b0e1828283,Astrotalk,astrology,waste of money,negative_wtp,,india
f4c6c3af-2d70-41ce-99e6-774d8718f3be,Astrotalk,astrology,scam,negative_wtp,,india
f1cb49d3-7a2e-4d00-be79-2e1ce0a22078,Astrotalk,astrology,loot,negative_wtp,,india
12c490af-e6ca-4169-9ff6-2ac4b2bd374c,Astrotalk,astrology,waste of money,negative_wtp,,india
e9752225-4f10-46eb-8c58-a435e6c3011e,Astrotalk,astrology,loot,negative_wtp,,india
89411324-bb66-403c-bb69-63773d8e6ad9,Astrotalk,astrology,scam,negative_wtp,,india
a3e6dfac-84d6-416d-9fd0-96b4cc59249b,Astrotalk,astrology,waste of money,negative_wtp,,india
d27e966a-df83-4ba1-ae02-40c9c9bfa223,Astrotalk,astrology,loot,negative_wtp,remedies,india
46176e3b-404a-434f-9fad-b9baefc7ce5c,Astrotalk,astrology,too costly,negative_wtp,,india
a0f96f70-21c5-4a9a-9837-7957ad288239,Astrotalk,astrology,loot,negative_wtp,,india
ff1b6bf0-cde5-4607-a337-f3c543e8beba,Astrotalk,astrology,Worth every penny,positive_wtp,,india
fda1b000-8ce4-48d5-a394-ac046acc3f4b,Astrotalk,astrology,Paisa barbaad,negative_wtp,,india
e3353d5f-f338-4159-8a49-214c5b881d39,Astrotalk,astrology,scam,negative_wtp,,india
c590700f-2f05-44d2-a38c-799aa77005c3,Astrotalk,astrology,scam,negative_wtp,,india
aaca86a8-0fd2-497d-968f-3fed6ce0f09c,Astrotalk,astrology,loot,negative_wtp,,india
6bfd4992-287e-4219-8568-5bc3f3c2fdf8,Astrotalk,astrology,Overpriced,negative_wtp,,india
b2bc71d5-6a8f-489d-ae13-497078ea19ff,Astrotalk,astrology,value for money,positive_wtp,,india
3366aaee-ae7d-43fc-a517-5c89f4cb5530,Astrotalk,astrology,too costly,negative_wtp,,india
536a6051-216e-4399-b93a-b82c012e8db0,Astrotalk,astrology,loot,negative_wtp,,india
156e690a-a0fb-4b62-bc83-30f73f708f37,Astrotalk,astrology,loot,negative_wtp,,india
6dc09ac7-f5cf-4d8a-8aeb-b91210646df3,Astrotalk,astrology,scam,negative_wtp,,india
965bba92-38f7-4dfa-a17c-a0d8b7af827b,Astrotalk,astrology,waste of money,negative_wtp,,india
93320a76-59ac-4a56-ae7e-5de8fd74f0a6,Astrotalk,astrology,scam,negative_wtp,,india
93320a76-59ac-4a56-ae7e-5de8fd74f0a6,Astrotalk,astrology,paisa barbaad,negative_wtp,,india
b0d3b635-3dd1-4d7a-95fc-d367aff62b67,Astrotalk,astrology,scam,negative_wtp,,india
b5ae17e4-ec8c-4ab2-9d2e-d14d7133de9e,Astrotalk,astrology,scam,negative_wtp,,india
d6b8dc50-8993-42a6-a5bd-c89602eb33fb,Astrotalk,astrology,scam,negative_wtp,,india
4c19c42a-b04d-4b66-98c0-e507afeb09d3,Astrotalk,astrology,loot,negative_wtp,,india
31d6d1c0-3f1f-4b02-81f1-c0494d3dfa60,Astrotalk,astrology,scam,negative_wtp,,india
3d4620c7-6bcc-46ee-a9c3-d842c027f84d,Astrotalk,astrology,scam,negative_wtp,,india
0ba3c994-ae4c-47ea-aa86-3c3c218e2a59,Astrotalk,astrology,waste of money,negative_wtp,,india
4c82c1eb-2a0e-4b46-afa8-9f45432cb754,Astrotalk,astrology,waste of money,negative_wtp,,india
36770c26-d4a4-420b-b6b2-fc8055634777,Astrotalk,astrology,loot,negative_wtp,,india
7d5a11f7-4cf0-43dc-88b5-92e4822f5fdb,Astrotalk,astrology,scam,negative_wtp,,india
f5dbe067-00a9-4d82-8073-9fe24510349b,Astrotalk,astrology,scam,negative_wtp,,india
d2d428b5-639f-4159-a97a-566ba9a5cd65,Astrotalk,astrology,scam,negative_wtp,,india
d2d428b5-639f-4159-a97a-566ba9a5cd65,Astrotalk,astrology,loot,negative_wtp,,india
b05cfc62-e640-4a13-8cae-60438aa0a5d5,Astrotalk,astrology,scam,negative_wtp,,india
acbd09bd-40ef-4146-ad35-bf604aad6f9d,Astrotalk,astrology,loot,negative_wtp,,india
fca532a6-4628-4b12-8fad-40caf0fe5438,Astrotalk,astrology,Scam,negative_wtp,,india
5ad872ce-48d1-4e9b-bd59-47d20771fa68,Astrotalk,astrology,scam,negative_wtp,,india
5ad872ce-48d1-4e9b-bd59-47d20771fa68,Astrotalk,astrology,scam,negative_wtp,,india
5ad872ce-48d1-4e9b-bd59-47d20771fa68,Astrotalk,astrology,scam,negative_wtp,,india
e31de480-4942-4b8b-8ba1-915b593ee2fe,Astrotalk,astrology,scam,negative_wtp,,india
34fed3aa-d79b-4a1d-a345-15ac83cebcc7,Astrotalk,astrology,Waste of Money,negative_wtp,,india
34fed3aa-d79b-4a1d-a345-15ac83cebcc7,Astrotalk,astrology,scam,negative_wtp,,india
bc288cfe-aa0e-4c71-997c-cd0ba04ae650,Astrotalk,astrology,paisa barbaad,negative_wtp,,india
0f719bea-94ef-4c6c-918a-2d3f864c46a7,Astrotalk,astrology,scam,negative_wtp,,india
5d0536c6-cb01-4620-b650-6de24ec6d940,Astrotalk,astrology,scam,negative_wtp,,india
f0b1ed2a-4c16-4281-8947-7075e5841976,Astrotalk,astrology,loot,negative_wtp,,india
24894d5e-e855-4ccd-9339-63f1b9dd8093,Astrotalk,astrology,waste of money,negative_wtp,,india
c6389d4c-656c-42d7-bea3-cfb8303aea56,Astrotalk,astrology,Waste of money,negative_wtp,,india
c6389d4c-656c-42d7-bea3-cfb8303aea56,Astrotalk,astrology,scam,negative_wtp,,india
f771c4b5-b421-410c-82cf-80acf48a0467,Astrotalk,astrology,scam,negative_wtp,,india
4ea15a73-414d-4bca-9adc-0b4fef9ec2cf,Astrotalk,astrology,waste of money,negative_wtp,,india
32e063d8-879e-4a15-9170-fb77e87eca1e,Astrotalk,astrology,loot,negative_wtp,,india
d49587e4-6ef4-4d15-934d-78ffc5a7c1ad,Astrotalk,astrology,scam,negative_wtp,,india
7530b701-88e5-4030-a651-6de84b6ee607,Astrotalk,astrology,waste of money,negative_wtp,,india
7530b701-88e5-4030-a651-6de84b6ee607,Astrotalk,astrology,loot,negative_wtp,,india
15a8f9af-74c6-443c-a51e-9a1ced25ab5a,Astrotalk,astrology,scam,negative_wtp,,india
486e37d6-e6b7-4e35-8245-ce17a5f46f4a,Astrotalk,astrology,scam,negative_wtp,,india
315b14bf-39ac-4b0a-b50f-6a2e85036580,Astrotalk,astrology,waste of money,negative_wtp,,india
f25dc550-3ffd-45cd-9482-49094db1a37c,Astrotalk,astrology,scam,negative_wtp,,india
0f72c76e-4e04-41ba-b417-dd68147659b9,Astrotalk,astrology,loot,negative_wtp,,india
0f72c76e-4e04-41ba-b417-dd68147659b9,Astrotalk,astrology,loot,negative_wtp,,india
6c84f591-3f33-46d3-a572-8b440de8fe36,Astrotalk,astrology,scam,negative_wtp,,india
afa86a61-a543-4bc7-9733-0d1cb68df61f,Astrotalk,astrology,scam,negative_wtp,,india
21403ff1-b719-43fb-b573-b0662519288b,Astrotalk,astrology,loot,negative_wtp,,india
88bb8612-a771-452c-8136-f166159ec4c6,Astrotalk,astrology,scam,negative_wtp,,india
4a4f24ec-32a8-44ea-b911-243964cb4a8f,Astrotalk,astrology,paisa barbaad,negative_wtp,,india
aee3f41c-79aa-4e96-a99d-5af93bfdd178,Astrotalk,astrology,not worth,negative_wtp,,india
9881b0df-7bc8-4aca-b980-215791d0d834,Astrotalk,astrology,scam,negative_wtp,,india
0e51f0c5-77d1-4434-8bd2-c357d145898d,Astrotalk,astrology,scam,negative_wtp,,india
21e41377-7d30-458e-b503-dbf4bce3ba62,Astrotalk,astrology,scam,negative_wtp,,india
c60c19bc-87dd-4718-a5fc-114b93c20d00,Astrotalk,astrology,scam,negative_wtp,,india
9b6b0cec-7ab0-4276-b0ca-1231511e4d6b,Astrotalk,astrology,scam,negative_wtp,,india
9b6b0cec-7ab0-4276-b0ca-1231511e4d6b,Astrotalk,astrology,scam,negative_wtp,,india
9b6b0cec-7ab0-4276-b0ca-1231511e4d6b,Astrotalk,astrology,scam,negative_wtp,,india
097ec81f-07ea-4085-b8bb-335a15799e2b,Astrotalk,astrology,scam,negative_wtp,,india
40ad8930-cb60-4b40-873e-5da961125b09,Astrotalk,astrology,loot,negative_wtp,,india
7c01d66e-b468-4db1-94e2-1d220f58e2e2,Astrotalk,astrology,loot,negative_wtp,,india
0e422844-e2ca-43ac-a138-60f440c8cada,Astrotalk,astrology,scam,negative_wtp,,india
667be5d2-c925-45a9-8961-68df23c6eb8a,Astrotalk,astrology,loot,negative_wtp,,india
aaf08a4b-fb2d-48db-a1fb-7337d674b8c0,Astrotalk,astrology,scam,negative_wtp,,india
aa01e9d4-e4f5-46a1-8415-fd775bf42ebc,Astrotalk,astrology,scam,negative_wtp,,india
cecdc929-82c3-483b-854f-8181fb902de7,Astrotalk,astrology,scam,negative_wtp,,india
7468b5ca-959d-46d8-a90a-f218deb42355,Astrotalk,astrology,scam,negative_wtp,,india
7468b5ca-959d-46d8-a90a-f218deb42355,Astrotalk,astrology,loot,negative_wtp,,india
66c6c2a8-e59b-480b-bcb3-457cf1e01f42,Astrotalk,astrology,scam,negative_wtp,,india
960776c1-586a-4ca5-bfca-1569d8f6c4a7,Astrotalk,astrology,scam,negative_wtp,,india
960776c1-586a-4ca5-bfca-1569d8f6c4a7,Astrotalk,astrology,loot,negative_wtp,,india
1a623fd3-3c14-45cb-a246-09cb11d6aa9a,Astrotalk,astrology,waste of money,negative_wtp,,india
81a3503b-bad9-48f1-af1a-ff926cf08233,Astrotalk,astrology,scam,negative_wtp,,india
7fe64e90-edb4-4c77-9c9d-24a5b966a2da,Astrotalk,astrology,loot,negative_wtp,,india
294d201d-b16f-4c70-b8d5-2058287d1c65,Astrotalk,astrology,scam,negative_wtp,,india
3f2ae086-268e-4746-b0b8-baddd71a31b6,Astrotalk,astrology,waste of money,negative_wtp,,india
6eee94c4-5fdb-45e1-8bb9-af8b6beccaf4,Astrotalk,astrology,scam,negative_wtp,,india
f83848b1-f7d3-4dff-87f1-53ac3fa3d5f9,Astrotalk,astrology,loot,negative_wtp,,india
e1e7d39c-ea29-4569-9028-c69ef19365e7,Astrotalk,astrology,waste of money,negative_wtp,,india
1ac448b9-d2eb-47c6-b73e-fdd7d3db9bc0,Astrotalk,astrology,scam,negative_wtp,,india
841e2e99-71a3-4d64-b2f9-5e35d103ba88,Astrotalk,astrology,scam,negative_wtp,,india
3d666564-69ae-49d4-b41d-fbd829f043fb,Astrotalk,astrology,Scam,negative_wtp,,india
bf5d13c4-265e-4db6-8f9c-8b9234eb3086,Astrotalk,astrology,scam,negative_wtp,,india
9ffa5b40-76b3-450c-9434-d6e308f6743a,Astrotalk,astrology,scam,negative_wtp,,india
f4b41e8a-a538-422e-bd34-be4607797247,Astrotalk,astrology,SCAM,negative_wtp,,india
ca314d1c-b36c-4859-be48-1f1f2de00691,Astrotalk,astrology,scam,negative_wtp,,india
51c13221-4971-404e-8e4c-68314ebac0bd,Astrotalk,astrology,scam,negative_wtp,,india
8c3bf7ad-17ad-45be-83ed-675ed476fa8f,Astrotalk,astrology,waste of money,negative_wtp,,india
0dbb967b-0096-47a6-b5d9-fa993c8641f1,Astrotalk,astrology,scam,negative_wtp,,india
fbbd3d21-698a-4c18-885e-f626dc861e40,Astrotalk,astrology,scam,negative_wtp,,india
cbc63c8c-0057-416c-91a7-7d771ebf210b,Astrotalk,astrology,loot,negative_wtp,,india
96e26902-23c8-4bc9-a097-6973832289d2,Astrotalk,astrology,scam,negative_wtp,,india
96e26902-23c8-4bc9-a097-6973832289d2,Astrotalk,astrology,scam,negative_wtp,,india
96e26902-23c8-4bc9-a097-6973832289d2,Astrotalk,astrology,scam,negative_wtp,,india
96e26902-23c8-4bc9-a097-6973832289d2,Astrotalk,astrology,scam,negative_wtp,,india
96e26902-23c8-4bc9-a097-6973832289d2,Astrotalk,astrology,scam,negative_wtp,,india
cb56059a-c5d6-413d-99db-873a22e6843f,Astrotalk,astrology,scam,negative_wtp,,india
c278b484-2303-4cea-948c-53a9cfc77cb3,Astrotalk,astrology,loot,negative_wtp,,india
93888969-2bc4-4546-9db7-02d04752bc8f,Astrotalk,astrology,scam,negative_wtp,,india
93888969-2bc4-4546-9db7-02d04752bc8f,Astrotalk,astrology,loot,negative_wtp,,india
67e6e581-84bb-4e51-901b-f61897dbc65f,Astrotalk,astrology,scam,negative_wtp,,india
67e6e581-84bb-4e51-901b-f61897dbc65f,Astrotalk,astrology,scam,negative_wtp,,india
ce664140-7bf7-412c-b999-a4d6cb013189,Astrotalk,astrology,overpriced,negative_wtp,,india
ce664140-7bf7-412c-b999-a4d6cb013189,Astrotalk,astrology,waste of money,negative_wtp,,india
ea94dae4-d508-42c7-a3c7-d45c38d34359,Astrotalk,astrology,scam,negative_wtp,,india
c7ed9a7d-3a97-474a-b5d5-808452680384,Astrotalk,astrology,waste of money,negative_wtp,,india
fad2b812-3018-454a-9975-5a052a5f44df,Astrotalk,astrology,scam,negative_wtp,,india
5df768a0-96b9-40b6-a582-7618fb1b446e,Astrotalk,astrology,waste of money,negative_wtp,,india
5867f61e-517b-40a3-9fe8-2c987550d65c,Astrotalk,astrology,Scam,negative_wtp,,india
94d5fdfc-136d-40dd-be03-8d7a6068737a,Astrotalk,astrology,loot,negative_wtp,,india
bb33a220-471b-4c67-8c69-ee9556fd1d90,Astrotalk,astrology,scam,negative_wtp,,india
abaa34cc-0c94-4638-a310-4872ed0d7802,Astrotalk,astrology,too expensive,negative_wtp,,india
cf12480a-1010-4134-ac5b-46d8835c21ec,Astrotalk,astrology,not worth,negative_wtp,,india
e825e655-cb21-424e-82b7-3f1ddfdebf85,Astrotalk,astrology,waste of money,negative_wtp,,india
16912d30-4256-41f4-a31b-c391737614dc,Astrotalk,astrology,scam,negative_wtp,,india
c9854f39-6e82-46d7-8cea-12437d7d970e,Astrotalk,astrology,scam,negative_wtp,,india
1df02f8a-b5af-4148-b883-34b733ad2291,Astrotalk,astrology,waste of money,negative_wtp,,india
9b0bdd7f-ec95-4d7b-8cae-540a6f6dc700,Astrotalk,astrology,scam,negative_wtp,,india
8a81263d-cda5-4bb5-bf71-294845d22e2d,Astrotalk,astrology,loot,negative_wtp,kundli,india
e72aa344-c262-429f-8454-fbaf17fbcf81,Astrotalk,astrology,scam,negative_wtp,,india
0cf4275d-b10c-4822-90a0-ece966612a16,Astrotalk,astrology,waste of money,negative_wtp,,india
595e8495-2def-4d81-b13b-7f8d35ae95b8,Astrotalk,astrology,waste of money,negative_wtp,,india
ab257948-497c-430f-a76e-9dc960511aaf,Astrotalk,astrology,loot,negative_wtp,,india
2f6b929e-6ffa-4ca3-9060-0fc21ce348f7,Astrotalk,astrology,loot,negative_wtp,,india
c3b1d3b8-e18b-4893-9c36-3009f3090cf2,Astrotalk,astrology,scam,negative_wtp,,india
54117fcd-ddb8-4a28-9a8b-6d842b048d9a,Astrotalk,astrology,scam,negative_wtp,,india
f324590f-f38c-4445-83d9-7ce5d1267a9a,Astrotalk,astrology,scam,negative_wtp,,india
1166ff20-a148-470c-9769-01744d268994,Astrotalk,astrology,loot,negative_wtp,,india
e75d2fe2-d4ed-454f-83b8-f99e90611039,Astrotalk,astrology,scam,negative_wtp,,india
d8f590df-818a-4909-97e9-6b8cdcb10c67,Astrotalk,astrology,Scam,negative_wtp,,india
1aef5eee-16bb-467c-b53e-c7f618761df2,Astrotalk,astrology,scam,negative_wtp,,india
4a849541-1854-4e66-a977-0ba873de4ef3,Astrotalk,astrology,scam,negative_wtp,,india
6c6ba492-43c8-4379-a928-6145ed6bb254,Astrotalk,astrology,waste of money,negative_wtp,,india
9a4f0e9f-b2ef-4e05-bd92-c9581ae10328,Astrotalk,astrology,scam,negative_wtp,,india
ace5510e-1c50-4125-bf7e-554eeff53b34,Astrotalk,astrology,scam,negative_wtp,,india
398f8b0b-9526-4e48-95b7-3088a100665e,Astrotalk,astrology,waste of money,negative_wtp,,india
398f8b0b-9526-4e48-95b7-3088a100665e,Astrotalk,astrology,scam,negative_wtp,,india
398f8b0b-9526-4e48-95b7-3088a100665e,Astrotalk,astrology,scam,negative_wtp,,india
a211efbb-bf06-4d2d-85d8-108b91471e69,Astrotalk,astrology,not worth,negative_wtp,,india
f05b14b7-939d-4201-8e17-feed2806f32e,Astrotalk,astrology,scam,negative_wtp,,india
3119d6b9-bf08-4fb4-b61c-999139fb28f1,Astrotalk,astrology,waste of money,negative_wtp,,india
8389f509-4cf5-4e1e-afb6-4308434d3e8b,Astrotalk,astrology,Scam,negative_wtp,,india
22b59b51-92f6-488d-a39d-39c85651972c,Astrotalk,astrology,waste of money,negative_wtp,,india
6cf916f1-17d0-47b6-96cf-1a93fbeae0cb,Astrotalk,astrology,take my money,positive_wtp,,india
620ba1fe-e67c-4b73-b214-8c9d1d6750b4,Astrotalk,astrology,waste of money,negative_wtp,,india
59799e3a-32b9-47e4-b781-080a891db301,Astrotalk,astrology,scam,negative_wtp,tarot,india
bd728118-25f5-4185-b04c-c69ac6b86542,Astrotalk,astrology,scam,negative_wtp,,india
bd728118-25f5-4185-b04c-c69ac6b86542,Astrotalk,astrology,scam,negative_wtp,,india
6f596c43-75bb-47fa-ae51-d2f1d7754230,Astrotalk,astrology,loot,negative_wtp,,india
8338308c-dc90-4ade-be6e-8b1058f0a9b3,Astrotalk,astrology,waste of money,negative_wtp,,india
1c359086-2c93-4935-af7e-a45051910b80,Astrotalk,astrology,loot,negative_wtp,,india
cf5dc59b-cb3c-4a9e-8234-5e7b77d3949c,Astrotalk,astrology,worth the money,positive_wtp,,india
516489c7-5f5f-411f-b15f-f7a9f5491045,Astrotalk,astrology,waste of money,negative_wtp,horoscope,india
8060900f-e63a-4844-a5a6-b962263d1663,Astrotalk,astrology,scam,negative_wtp,,india
9bb3185c-a540-4fe1-b753-0a9f0667a66d,Astrotalk,astrology,loot,negative_wtp,,india
608548a5-bd08-496c-89c2-39b2cde813b8,Astrotalk,astrology,scam,negative_wtp,,india
841399c8-2e9f-42ac-b327-5191dcf9d510,Astrotalk,astrology,scam,negative_wtp,,india
65cfdcce-4505-4a20-b4e0-df81230757fd,Astrotalk,astrology,waste of money,negative_wtp,,india
65cfdcce-4505-4a20-b4e0-df81230757fd,Astrotalk,astrology,scam,negative_wtp,,india
315dc03c-6017-411e-b6b8-0563fedc7675,Astrotalk,astrology,Not worth,negative_wtp,,india
bbecdc25-2355-42fa-aaca-38e2bfdd2c34,Astrotalk,astrology,scam,negative_wtp,,india
01404941-7b76-4d5a-82ad-92ce6ef0c4ac,Astrotalk,astrology,scam,negative_wtp,,india
3e6b4fdc-7b86-474f-8345-43754217acf3,Astrotalk,astrology,worth the money,positive_wtp,,india
3e6b4fdc-7b86-474f-8345-43754217acf3,Astrotalk,astrology,money well spent,positive_wtp,,india
51de55b0-1aa5-4388-8f8d-96eee58e3b93,Astrotalk,astrology,scam,negative_wtp,,india
16eb0da0-94df-4bef-94a1-ee0fd9862cd4,Astrotalk,astrology,loot,negative_wtp,,india
dd0d9479-07d7-4a00-9568-74a97e5db859,Astrotalk,astrology,waste of money,negative_wtp,,india
dd0d9479-07d7-4a00-9568-74a97e5db859,Astrotalk,astrology,scam,negative_wtp,,india
ea5f9576-7609-47b3-8078-013a7d06de34,Astrotalk,astrology,scam,negative_wtp,,india
ea6cbf3d-7f12-44a3-8c02-a81063697fc4,Astrotalk,astrology,waste of money,negative_wtp,,india
03e7bae1-a5d5-4d7e-b6f5-7128aebd1209,Astrotalk,astrology,scam,negative_wtp,,india
c21ed31b-4047-43ff-b933-c1de25c65ad4,Astrotalk,astrology,scam,negative_wtp,,india
11ec8215-c956-42fa-a6b5-a552c33484e7,Astrotalk,astrology,loot,negative_wtp,,india
d00294d4-9594-4f06-8276-60a1ad185201,Astrotalk,astrology,scam,negative_wtp,,india
d00294d4-9594-4f06-8276-60a1ad185201,Astrotalk,astrology,loot,negative_wtp,,india
c6c929b5-4e3e-425a-84b5-daf5d20eefb2,Astrotalk,astrology,scam,negative_wtp,kundli,india
6c7abd6d-4987-40e5-8471-4b594f2800b1,Astrotalk,astrology,scam,negative_wtp,,india
f03827f9-eafa-4cb0-b57d-43f259681a31,Astrotalk,astrology,waste of money,negative_wtp,,india
c366aefd-612b-4946-942d-fdeebba17f20,Astrotalk,astrology,scam,negative_wtp,,india
1f660860-6197-4a29-9d7c-b15cd0068393,Astrotalk,astrology,scam,negative_wtp,,india
5a4d9d7d-1af9-4275-92b9-2b5be926d825,Astrotalk,astrology,scam,negative_wtp,,india
9def8bbe-9155-428c-a2ec-144f0515d884,Astrotalk,astrology,scam,negative_wtp,,india
326f2eef-2f95-4f96-86ec-fdd2525fb4cc,Astrotalk,astrology,scam,negative_wtp,,india
d9a03833-deb9-4f7d-9efa-1274b355d1ac,Astrotalk,astrology,waste of money,negative_wtp,,india
e12821b1-6e7a-4c55-b312-9365b48bba66,Astrotalk,astrology,scam,negative_wtp,zodiac,india
73a5b3c7-4ea4-4f1d-8231-bd4e200f325f,Astrotalk,astrology,money grab,negative_wtp,,india
ae001b3f-27d0-4ba7-960f-bef3b5314736,Astrotalk,astrology,Waste of money,negative_wtp,,india
553d5031-93c5-49d9-ac37-bc8ac0dd767a,Astrotalk,astrology,scam,negative_wtp,,india
a0022ef5-394f-43ec-87bd-486d8e77fb9d,Astrotalk,astrology,scam,negative_wtp,,india
80ed3056-bb03-4a6c-adec-40f52624ce52,Astrotalk,astrology,scam,negative_wtp,,india
29fe00e6-e33b-42ca-a6ed-0f04e52495c0,Astrotalk,astrology,Waste of money,negative_wtp,,india
4e1dd229-0425-4708-b669-4defd57b6638,Astrotalk,astrology,scam,negative_wtp,,india
4e1dd229-0425-4708-b669-4defd57b6638,Astrotalk,astrology,loot,negative_wtp,,india
77c6e286-6dea-408c-a469-fdad591d7acd,Astrotalk,astrology,waste of money,negative_wtp,,india
099a70ff-0bf4-4f2e-872e-1d191af0e90b,Astrotalk,astrology,if they add,conditional_wtp,,india
5582484f-f0b4-4650-b9ce-0f95f5ae4836,Astrotalk,astrology,Scam,negative_wtp,,india
6b0f53e7-fe2f-4804-a0c1-e14c4dc3fd79,Astrotalk,astrology,waste of money,negative_wtp,,india
697ac9e1-4a4a-4bab-96ab-aea4019d9863,Astrotalk,astrology,scam,negative_wtp,,india
8d502dbd-9f45-46cc-9ba1-df382f2278f0,Astrotalk,astrology,scam,negative_wtp,,india
0a20d0ba-0a6b-4dd9-b074-510fd87bcc9f,Astrotalk,astrology,not worth,negative_wtp,,india
0a20d0ba-0a6b-4dd9-b074-510fd87bcc9f,Astrotalk,astrology,scam,negative_wtp,,india
996de303-e678-49c5-9bcc-45d0a5278c4c,Astrotalk,astrology,Scam,negative_wtp,,india
0ce4c75b-75ad-426d-a6a2-cf4bd78095f0,Astrotalk,astrology,scam,negative_wtp,,india
0ce4c75b-75ad-426d-a6a2-cf4bd78095f0,Astrotalk,astrology,scam,negative_wtp,,india
0ce4c75b-75ad-426d-a6a2-cf4bd78095f0,Astrotalk,astrology,scam,negative_wtp,,india
0ce4c75b-75ad-426d-a6a2-cf4bd78095f0,Astrotalk,astrology,scam,negative_wtp,,india
4f7eac6c-18bc-4313-90f3-3a8df1eec144,Astrotalk,astrology,loot,negative_wtp,,india
2642c1f2-db7a-4b64-b13b-6e67058318ca,Astrotalk,astrology,waste of money,negative_wtp,,india
1d0bfe15-269c-4376-a4b2-1702e93a45d2,Astrotalk,astrology,loot,negative_wtp,,india
e4284eed-157c-4471-b3ce-cbd3955d0545,Astrotalk,astrology,scam,negative_wtp,,india
09165f40-0aad-43f8-8736-ac6c2cae6782,Astrotalk,astrology,waste of money,negative_wtp,,india
64889edc-5a46-4996-9c1c-9e6186b23760,Astrotalk,astrology,scam,negative_wtp,,india
48b8c9a4-fe93-40f7-812d-25da56926bec,Astrotalk,astrology,scam,negative_wtp,,india
cca7e2f9-897c-43c1-9b80-2a5fb1ab9f5a,Astrotalk,astrology,scam,negative_wtp,,india
e09b9b43-3772-49af-b1d0-f16fe8381b08,Astrotalk,astrology,scam,negative_wtp,,india
bb19f222-8769-459b-98af-46cdfd0d05f1,Astrotalk,astrology,scam,negative_wtp,,india
9869e157-d0ae-4d1f-be6f-75ae33bedda7,Astrotalk,astrology,scam,negative_wtp,,india
b30b88a2-26f6-4b93-b542-72e872a77e1b,Astrotalk,astrology,scam,negative_wtp,,india
be251199-403b-4a89-89ee-d674289cd7d1,Astrotalk,astrology,too expensive,negative_wtp,,india
be251199-403b-4a89-89ee-d674289cd7d1,Astrotalk,astrology,waste of money,negative_wtp,,india
95061ecd-82ae-40f0-8c8a-83203f5d4a26,Astrotalk,astrology,loot,negative_wtp,remedies,india
03925661-7799-4538-a6ab-bf84f446f7e8,Astrotalk,astrology,waste of money,negative_wtp,,india
3d1be5b4-e829-42b2-a5f2-c0f7930a9296,Astrotalk,astrology,scam,negative_wtp,,india
4ceaff6d-2ec3-4c7e-94a0-4bb80fd074a5,Astrotalk,astrology,worth the price,positive_wtp,,india
4ceaff6d-2ec3-4c7e-94a0-4bb80fd074a5,Astrotalk,astrology,not worth,negative_wtp,,india
4ceaff6d-2ec3-4c7e-94a0-4bb80fd074a5,Astrotalk,astrology,waste of money,negative_wtp,,india
c394ead0-8ffd-44fd-87da-d338148a98b3,Astrotalk,astrology,scam,negative_wtp,,india
cb3f34f4-f7c8-44f0-8682-1d68f8ccfa03,Astrotalk,astrology,waste of money,negative_wtp,,india
dda71729-091a-456a-8eca-35bc99b7c3f6,Astrotalk,astrology,loot,negative_wtp,,india
9f9de703-9177-4009-8597-5cf721037445,Astrotalk,astrology,waste of money,negative_wtp,,india
536afad9-6a5d-46ee-8231-061a5d190524,Astrotalk,astrology,scam,negative_wtp,,india
2eed44aa-5d0a-4ab6-9d99-ad37abea8a3d,Astrotalk,astrology,scam,negative_wtp,,india
b686fefa-7cb0-42ad-84fc-24aff1b1446c,Astrotalk,astrology,scam,negative_wtp,,india
575aa040-d683-4d39-9ac5-43cf228435f5,Astrotalk,astrology,scam,negative_wtp,,india
6b47b210-c385-42b6-8a33-1dde558d13bb,Astrotalk,astrology,scam,negative_wtp,,india
e0f4d897-ca20-4a7b-aa15-e1e9336f787f,Astrotalk,astrology,loot,negative_wtp,,india
a6629f65-e561-4c0d-b74e-37015c02d33a,Astrotalk,astrology,loot,negative_wtp,,india
7aa0e946-ef0b-4ff6-b2f0-d257e1864772,Astrotalk,astrology,waste of money,negative_wtp,,india
21537602-7995-49e1-b369-6df82ac3a036,Astrotalk,astrology,scam,negative_wtp,,india
bf2a9f9d-1827-4db6-b651-a57abe2e5c4a,Astrotalk,astrology,waste of money,negative_wtp,,india
3fd0e498-82ec-43c4-a35a-7c3c63f999bf,Astrotalk,astrology,LOOT,negative_wtp,,india
977f9382-8a5a-46d8-a445-02448487bd43,Astrotalk,astrology,loot,negative_wtp,,india
50b57b6c-1a56-4333-979f-f7905e94daca,Astrotalk,astrology,scam,negative_wtp,,india
d6876aac-2ac3-4ee9-ad72-80e53e5a3ca6,Astrotalk,astrology,scam,negative_wtp,,india
3f85ac28-c808-4cd2-a718-35ccd608a825,Astrotalk,astrology,paisa barbaad,negative_wtp,,india
dc7efa84-9428-4b71-921b-6305c3470b75,Astrotalk,astrology,scam,negative_wtp,,india
66201416-d9ff-4f97-a9b8-7cc7b115d9aa,Astrotalk,astrology,scam,negative_wtp,,india
5a3e4faa-5df3-4be9-9957-2ce8a761a7b6,Astrotalk,astrology,loot,negative_wtp,,india
c1c9211f-9f95-4704-abc3-a245f9d26452,Astrotalk,astrology,waste of money,negative_wtp,,india
79fcfdfa-ebfa-4138-a680-d488c52004a7,Astrotalk,astrology,loot,negative_wtp,,india
5dd7ab79-ef18-490f-acbb-26be4ab033b4,Astrotalk,astrology,loot,negative_wtp,,india
0b51f629-237f-4462-9c5c-ba66a12d2c3c,Astrotalk,astrology,SCAM,negative_wtp,,india
ed0e3685-d199-4ea1-bcdb-2564a7c5eb5e,Astrotalk,astrology,loot,negative_wtp,,india
5c3e80b5-b1ec-4bc5-86ab-04adc4d00b35,Astrotalk,astrology,scam,negative_wtp,,india
c941bce4-5486-4328-aded-c1025007d32a,Astrotalk,astrology,scam,negative_wtp,,india
c941bce4-5486-4328-aded-c1025007d32a,Astrotalk,astrology,loot,negative_wtp,,india
3d5bbbe5-9a3b-45d8-9191-bebb970e107a,Astrotalk,astrology,loot,negative_wtp,,india
515b0d8c-c350-4c48-8b2b-f50c1e7b8dbe,Astrotalk,astrology,loot,negative_wtp,,india
b10c2e23-6ae9-41bc-927a-692d54b5512f,Astrotalk,astrology,scam,negative_wtp,,india
eba08db7-5e5d-4fe3-9eca-1f79e16c656a,Astrotalk,astrology,scam,negative_wtp,,india
eba08db7-5e5d-4fe3-9eca-1f79e16c656a,Astrotalk,astrology,scam,negative_wtp,,india
eba08db7-5e5d-4fe3-9eca-1f79e16c656a,Astrotalk,astrology,scam,negative_wtp,,india
4828d36d-feee-46c0-a9e3-4f9fae02ee12,Astrotalk,astrology,Paisa barbaad,negative_wtp,,india
526784e1-f015-4148-8baf-f0312054bb77,Astrotalk,astrology,loot,negative_wtp,,india
a545dc15-c0c3-4a8f-8701-ca3e13ee0647,Astrotalk,astrology,scam,negative_wtp,,india
ea60b66f-1b99-49db-8ca4-9eafd92a346a,Astrotalk,astrology,scam,negative_wtp,,india
ea60b66f-1b99-49db-8ca4-9eafd92a346a,Astrotalk,astrology,scam,negative_wtp,,india
67bd8ea0-b20a-46cc-9da8-04b1946d45d9,Astrotalk,astrology,waste of money,negative_wtp,,india
defd530d-7cea-46ac-b359-2f267438f08d,Astrotalk,astrology,scam,negative_wtp,,india
73d266a0-26b7-484e-ae98-be05022fa3d6,Astrotalk,astrology,scam,negative_wtp,,india
d6647bf1-a2b6-49e2-bf89-3a549b7e5da1,Astrotalk,astrology,loot,negative_wtp,,india
d6647bf1-a2b6-49e2-bf89-3a549b7e5da1,Astrotalk,astrology,paisa barbaad,negative_wtp,,india
651c4899-3e75-49b4-a038-15cb6fd41a8a,Astrotalk,astrology,loot,negative_wtp,,india
d57fa77a-1b8b-49f2-a281-2be6d5ecc268,Astrotalk,astrology,scam,negative_wtp,,india
e4a17d39-cc14-4047-8d2e-64c9a6e75b85,Astrotalk,astrology,could pay,conditional_wtp,,india
ec1b19a9-0c07-43db-9af8-d76e532c1367,Astrotalk,astrology,overpriced,negative_wtp,,india
ec1b19a9-0c07-43db-9af8-d76e532c1367,Astrotalk,astrology,scam,negative_wtp,,india
e56c789a-769c-4925-b9e9-8e53327b214e,Astrotalk,astrology,loot,negative_wtp,,india
5ef8158d-50fe-45ec-9f95-2e2169f31a2a,Astrotalk,astrology,should be free,negative_wtp,,india
cde66786-edbd-4f4e-854d-ca9e2556e2a1,Astrotalk,astrology,scam,negative_wtp,,india
e071da2a-8b44-42f3-8678-ce7552fa0f53,Astrotalk,astrology,scam,negative_wtp,,india
d94645cc-92a0-46e8-b835-ad18476812cd,Astrotalk,astrology,waste of money,negative_wtp,,india
d0203c6d-a472-4998-a05a-5d4146405393,Astrotalk,astrology,scam,negative_wtp,,india
6309bc5a-9c82-4ba2-97b0-7805f0c44afe,Astrotalk,astrology,scam,negative_wtp,,india
6d4574ac-ef3f-4592-bc4a-2f5dbc2b672d,Astrotalk,astrology,loot,negative_wtp,,india
d7886d13-f43c-4cf8-a762-b1be47531ea3,Astrotalk,astrology,scam,negative_wtp,,india
2cc5a63c-8609-493a-9600-1915a5ef8134,Astrotalk,astrology,waste of money,negative_wtp,,india
0d8feba5-04a4-482f-b659-9bb2ba379e9d,Astrotalk,astrology,scam,negative_wtp,,india
0d8feba5-04a4-482f-b659-9bb2ba379e9d,Astrotalk,astrology,loot,negative_wtp,,india
1f93b8ff-5e57-4df2-9b94-347a5983d871,Astrotalk,astrology,loot,negative_wtp,,india
829f1307-9f0b-4aff-a6ef-83f15c73f6eb,Astrotalk,astrology,waste of money,negative_wtp,,india
60ff5be9-9f35-4a90-9033-289a48464f09,Astrotalk,astrology,scam,negative_wtp,,india
14c8d9b0-a428-4bfa-ae45-8c9b6b391e59,Astrotalk,astrology,waste of money,negative_wtp,,india
c8cd71b8-3c3d-4047-8ff0-4342fc9dd60f,Astrotalk,astrology,loot,negative_wtp,,india
411c590a-d801-4651-9054-80a218984b22,Astrotalk,astrology,scam,negative_wtp,,india
689441fa-42c0-4e76-807f-f8a77b5f4985,Astrotalk,astrology,not worth,negative_wtp,,india
69e1cc26-f120-47ce-a481-6fe7182b5419,Astrotalk,astrology,scam,negative_wtp,,india
5e918f5d-53d2-4ae5-8b3b-810130698a1f,Astrotalk,astrology,waste of money,negative_wtp,,india
0d9804c7-3006-469c-883c-dabc09b09c28,Astrotalk,astrology,waste of money,negative_wtp,,india
1b561283-1908-4dd9-b06f-326ed736b4e3,Astrotalk,astrology,too expensive,negative_wtp,,india
cf3dc079-e20b-411c-93ab-f2bdc8ac147d,Astrotalk,astrology,waste of money,negative_wtp,,india
49f4a995-bcc4-4e5d-8798-6b30965a29d7,Astrotalk,astrology,Value for Money,positive_wtp,,india
68a60e22-e829-4b4e-bb37-d4c55a63d570,Astrotalk,astrology,loot,negative_wtp,,india
4fa76310-c720-496f-8d13-76edaa1de975,Astrotalk,astrology,scam,negative_wtp,,india
0a21c2c6-c553-4333-bc1a-23715fb10965,Astrotalk,astrology,Waste of money,negative_wtp,,india
ce0d7896-b126-45e3-a07f-10fac1eb6b7f,Astrotalk,astrology,Not worth,negative_wtp,,india
37b54344-31bf-452e-bbac-19d69531d50c,Astrotalk,astrology,scam,negative_wtp,,india
706c9071-aaee-488e-8a2b-cc876522eeff,Astrotalk,astrology,scam,negative_wtp,,india
e3e27c94-1231-46c5-8e70-6578a37b6056,Astrotalk,astrology,Worth every penny,positive_wtp,,india
7dec7f85-7d7f-48c9-8c9b-d3017f61ef9b,Astrotalk,astrology,Scam,negative_wtp,,india
b86f63d2-80e8-4fb4-a7d5-8033c6c16503,Astrotalk,astrology,scam,negative_wtp,,india
3fdcf8c0-6fa5-42c6-a582-91da6c3c67b0,Astrotalk,astrology,Loot,negative_wtp,,india
b2a711b5-b73e-4ac6-805e-dbec21696802,Astrotalk,astrology,waste of money,negative_wtp,,india
f8c2a960-03a0-49e0-84a8-9b9ebb5f5502,Astrotalk,astrology,Waste of money,negative_wtp,,india
b410436b-91c9-4c9f-90f3-73a99911c7f6,Astrotalk,astrology,waste of money,negative_wtp,,india
a26e282c-adbd-40a3-ab89-83db9a0ef7eb,Astrotalk,astrology,Paisa barbaad,negative_wtp,,india
7c0d666e-1dc9-49a0-b129-b15a32dc4f7c,Astrotalk,astrology,waste of money,negative_wtp,,india
2232cf6d-28b7-4954-8ffe-2599ea35f27c,Astrotalk,astrology,waste of money,negative_wtp,,india
d63ca019-458e-443b-bf96-59d8a1bcfc01,Astrotalk,astrology,Paisa barbaad,negative_wtp,,india
70e00022-f4fa-44e9-9511-4d2d93602ede,Astrotalk,astrology,scam,negative_wtp,,india
bc76547b-7607-4072-ae82-149014ead132,Astrotalk,astrology,take my money,positive_wtp,,india
bc76547b-7607-4072-ae82-149014ead132,Astrotalk,astrology,not worth,negative_wtp,,india
ec4f4d44-47cb-4e35-98be-6b9184d6bb68,Astrotalk,astrology,Scam,negative_wtp,,india
1798d0d6-393f-4384-a210-49284189ca6b,Astrotalk,astrology,scam,negative_wtp,,india
81866085-f591-4f67-b3b9-053c8d836349,Astrotalk,astrology,scam,negative_wtp,,india
9f3d7e35-a0dd-401c-a362-3375912848ab,Astrotalk,astrology,scam,negative_wtp,,india
88c09018-1cfc-43e4-afa1-57c2f345b1b8,Astrotalk,astrology,scam,negative_wtp,,india
81cdab26-de8a-4d86-8363-e84ad8c52497,Astrotalk,astrology,loot,negative_wtp,,india
c0361252-c90d-4684-9e66-9996ef8ed4ae,Astrotalk,astrology,scam,negative_wtp,,india
bf80c287-ac78-4cfa-8e71-13d7191f0c6a,Astrotalk,astrology,scam,negative_wtp,,india
bf80c287-ac78-4cfa-8e71-13d7191f0c6a,Astrotalk,astrology,scam,negative_wtp,,india
bf80c287-ac78-4cfa-8e71-13d7191f0c6a,Astrotalk,astrology,scam,negative_wtp,,india
dd37cd50-2b04-4a13-ae85-7d68154157e1,Astrotalk,astrology,should be free,negative_wtp,,india
3b90a44d-1893-4d50-8b8c-b95a7778b9ab,Astrotalk,astrology,scam,negative_wtp,,india
286ec7f6-1aee-4f9d-a22c-df03e7e0532a,Astrotalk,astrology,scam,negative_wtp,,india
e11c9494-b39e-4775-9c2a-46bb3ad48308,Astrotalk,astrology,scam,negative_wtp,,india
2cc5600f-1e1d-4ec6-af86-3fe81bddd8ff,Astrotalk,astrology,scam,negative_wtp,,india
1e0b1971-f6ef-47cf-aa54-652caec8a274,Astrotalk,astrology,Waste of money,negative_wtp,,india
acb1dd1d-48a0-4815-9861-e772f4fa8ffe,Astrotalk,astrology,waste of money,negative_wtp,,india
5d155011-b83c-4b7d-8e1e-9da43dcab898,Astrotalk,astrology,loot,negative_wtp,,india
321a834d-0ef7-4d47-8fcd-c835f909ffa2,Astrotalk,astrology,Waste of money,negative_wtp,,india
78678d68-e644-48a1-9ca8-b26b7b1e389f,Astrotalk,astrology,waste of money,negative_wtp,,india
d993c1ea-b1fb-4f75-a365-aeb71afd492d,Astrotalk,astrology,scam,negative_wtp,,india
b6c27ca7-26da-4781-b6d9-771a3981968c,Astrotalk,astrology,Scam,negative_wtp,,india
d149aad3-2b29-45b1-9261-6d65ad4fb89b,Astrotalk,astrology,Waste of money,negative_wtp,,india
b139b173-c60c-45f4-9e44-e3d203251047,Astrotalk,astrology,scam,negative_wtp,,india
2c57d5c9-b827-4407-8626-199d32560a22,Astrotalk,astrology,waste of money,negative_wtp,,india
4db0174f-7970-48e2-a080-18b8cac86030,Astrotalk,astrology,loot,negative_wtp,,india
f8f46a00-7b4e-42df-a847-9c8a6f341f7f,Astrotalk,astrology,scam,negative_wtp,,india
f8f46a00-7b4e-42df-a847-9c8a6f341f7f,Astrotalk,astrology,Scam,negative_wtp,,india
f8f46a00-7b4e-42df-a847-9c8a6f341f7f,Astrotalk,astrology,scam,negative_wtp,,india
f8f46a00-7b4e-42df-a847-9c8a6f341f7f,Astrotalk,astrology,scam,negative_wtp,,india
cb0ac8dd-3fb0-4a91-8153-3dab6c7e69c9,Astrotalk,astrology,Scam,negative_wtp,,india
98be389e-c401-4500-9ca4-3f064ab0f351,Astrotalk,astrology,loot,negative_wtp,,india
eeb8cc4a-116f-4d5a-aa8b-4768ff793b28,Astrotalk,astrology,waste of money,negative_wtp,,india
a21e14d1-25d1-4747-8dcf-9cfd59563971,Astrotalk,astrology,loot,negative_wtp,,india
0a6400b7-e024-4c6f-bb00-562dfa7474ac,Astrotalk,astrology,scam,negative_wtp,,india
d53e3e17-10f2-47e5-94e6-1fe15dc92e9d,Astrotalk,astrology,scam,negative_wtp,,india
38b1fbd8-20fc-4510-8b89-4241878fab74,Astrotalk,astrology,scam,negative_wtp,,india
3cf31ef8-8dd1-424a-8587-941a92314e96,Astrotalk,astrology,scam,negative_wtp,,india
53dc4052-086a-4dbe-a050-324f1f9ff8df,Astrotalk,astrology,scam,negative_wtp,,india
2de0511f-03dc-4946-8283-ea18edcf50b9,Astrotalk,astrology,scam,negative_wtp,,india
3fba5abb-ba3d-4769-b75f-92a1c2bb7707,Astrotalk,astrology,scam,negative_wtp,,india
3fba5abb-ba3d-4769-b75f-92a1c2bb7707,Astrotalk,astrology,loot,negative_wtp,,india
25cb0abb-5056-487a-afb0-6f3e36812509,Astrotalk,astrology,scam,negative_wtp,,india
25cb0abb-5056-487a-afb0-6f3e36812509,Astrotalk,astrology,SCAM,negative_wtp,,india
5c69b5f0-7d05-41c3-bcd1-4053ba218a57,Astrotalk,astrology,Not worth,negative_wtp,,india
846288b7-5f11-4ee3-8c91-1f12f61a6faa,Astrotalk,astrology,scam,negative_wtp,,india
34322c64-3161-4746-b64e-af8e1a770d00,Astrotalk,astrology,loot,negative_wtp,,india
3863c187-fe64-4272-bb90-3ae35d2f197b,Astrotalk,astrology,waste of money,negative_wtp,,india
3863c187-fe64-4272-bb90-3ae35d2f197b,Astrotalk,astrology,waste of money,negative_wtp,,india
21c6e02d-44d3-4017-83f9-cfe78d913ab3,Astrotalk,astrology,loot,negative_wtp,,india
acc6285b-e9f8-4186-81f5-7dc38bcccdd6,Astrotalk,astrology,scam,negative_wtp,,india
3c54cd33-9d10-4f4c-9eae-73d64f5eac63,Astrotalk,astrology,loot,negative_wtp,,india
51ca0751-2910-4a94-abed-7fcb77010009,Astrotalk,astrology,scam,negative_wtp,,india
51ca0751-2910-4a94-abed-7fcb77010009,Astrotalk,astrology,scam,negative_wtp,,india
289fdf63-ed57-4d15-9a68-2657f726c109,Astrotalk,astrology,scam,negative_wtp,,india
289fdf63-ed57-4d15-9a68-2657f726c109,Astrotalk,astrology,loot,negative_wtp,,india
d269df78-2923-43c7-8c84-e40d19a66654,Astrotalk,astrology,loot,negative_wtp,,india
6efa690c-7707-4683-97a6-d3e8e8b8a509,Astrotalk,astrology,scam,negative_wtp,,india
0365d9b2-cab8-4f17-81a8-41b900b8d80e,Astrotalk,astrology,waste of money,negative_wtp,,india
0365d9b2-cab8-4f17-81a8-41b900b8d80e,Astrotalk,astrology,Scam,negative_wtp,,india
b41de74d-a6d9-4f04-97f5-2c4e553fdd7f,Astrotalk,astrology,waste of money,negative_wtp,,india
162bf0e8-6b33-493f-8815-8eee2e0b9a75,Astrotalk,astrology,scam,negative_wtp,,india
aac69943-722d-4cb9-bcd0-76ff6fb36aa8,Astrotalk,astrology,Scam,negative_wtp,,india
562caff5-06f8-41ac-8a54-426e2477b0e7,Astrotalk,astrology,loot,negative_wtp,,india
f89113e7-8b99-4fa1-8aed-4f6f57cd9138,Astrotalk,astrology,Not worth,negative_wtp,,india
54b04b65-5ac8-4c06-8962-ba0fa20f4e53,Astrotalk,astrology,loot,negative_wtp,,india
27fa4ab5-5670-4c23-9910-1391be11750c,Astrotalk,astrology,scam,negative_wtp,,india
a72dbad5-0bec-4c04-90fb-6837ed67afb4,Astrotalk,astrology,Waste of money,negative_wtp,,india
ce71ef31-5bf1-41d3-8bd7-fe05240f554c,Astrotalk,astrology,scam,negative_wtp,,india
a02db5ab-9499-4aae-b591-37e7672944e0,Astrotalk,astrology,loot,negative_wtp,,india
33f03454-3769-4c0f-bea5-21d393243a47,Astrotalk,astrology,loot,negative_wtp,,india
26afbbd8-e6a1-4453-bad0-e9b7cea36cec,Astrotalk,astrology,scam,negative_wtp,,india
87dcabe5-7acf-4fbe-92bf-a34482cd6aeb,Astrotalk,astrology,scam,negative_wtp,,india
4f5cbcd3-0917-4a52-85b8-e9f6a38c7b71,Astrotalk,astrology,scam,negative_wtp,,india
e9d86595-f4c3-429f-94ba-50ee38a2241e,Astrotalk,astrology,too costly,negative_wtp,,india
8ed4383e-2f4b-4fba-851f-83a5c1f40762,Astrotalk,astrology,scam,negative_wtp,,india
8ed4383e-2f4b-4fba-851f-83a5c1f40762,Astrotalk,astrology,scam,negative_wtp,,india
5bbac7b3-2730-4800-ab61-e88a03aca314,Astrotalk,astrology,Scam,negative_wtp,,india
e188e1da-f8f7-4e67-89b4-3b3dcaf8e825,Astrotalk,astrology,loot,negative_wtp,,india
734f10a3-a1f1-4276-b0c1-b051b1f302da,Astrotalk,astrology,scam,negative_wtp,,india
06e1e996-d02d-43be-839b-9801648ecd20,Astrotalk,astrology,scam,negative_wtp,,india
aeedcc06-6e0d-442a-a009-c6cef9cc79a9,Astrotalk,astrology,scam,negative_wtp,,india
6992afe4-d401-43aa-a33d-21c913252228,Astrotalk,astrology,Scam,negative_wtp,,india
8a3f95b7-6a2d-408d-bf41-ee98b883671d,Astrotalk,astrology,scam,negative_wtp,,india
b3a290b0-21e1-4f5f-967a-b45ced8b2204,Astrotalk,astrology,scam,negative_wtp,,india
21e9adf6-59c2-49fc-a445-f01b97d9c5df,Astrotalk,astrology,scam,negative_wtp,,india
21e9adf6-59c2-49fc-a445-f01b97d9c5df,Astrotalk,astrology,loot,negative_wtp,,india
36750ce6-dc18-44e5-b867-bcf2b6d63202,Astrotalk,astrology,scam,negative_wtp,,india
36750ce6-dc18-44e5-b867-bcf2b6d63202,Astrotalk,astrology,scam,negative_wtp,,india
306423ee-3303-49ee-9478-8703685a2501,Astrotalk,astrology,not worth,negative_wtp,,india
306423ee-3303-49ee-9478-8703685a2501,Astrotalk,astrology,loot,negative_wtp,,india
0fd130ee-115a-4c66-a141-2d52df31b6ac,Astrotalk,astrology,scam,negative_wtp,,india
0fd130ee-115a-4c66-a141-2d52df31b6ac,Astrotalk,astrology,scam,negative_wtp,,india
9e3d44c2-b96a-4dc1-8364-8962a1d16c19,Astrotalk,astrology,scam,negative_wtp,,india
47ebcc50-f225-4c9c-bf10-db85b6fdb1c4,Astrotalk,astrology,scam,negative_wtp,,india
cefaf57e-39d3-408d-bb19-e4c47b63c92c,Astrotalk,astrology,waste of money,negative_wtp,,india
10ef9eb8-0c09-4494-9e3f-2071d8293a5e,Astrotalk,astrology,waste of money,negative_wtp,,india
8a2790f9-3800-478f-8c60-006b54f9c997,Astrotalk,astrology,scam,negative_wtp,,india
1871ddfd-84db-4625-a386-458df76586f0,Astrotalk,astrology,not worth,negative_wtp,,india
96fdf980-883a-47f5-ae90-240b4e276878,Astrotalk,astrology,scam,negative_wtp,,india
96fdf980-883a-47f5-ae90-240b4e276878,Astrotalk,astrology,scam,negative_wtp,,india
9c552d95-2cce-4722-ae08-6b604bfecb1f,Astrotalk,astrology,scam,negative_wtp,,india
32202a64-5bb1-4a2e-90e3-ad5d8faf9145,Astrotalk,astrology,Loot,negative_wtp,,india
d03d762a-4219-448c-9bcc-d5f73c277f78,Astrotalk,astrology,scam,negative_wtp,,india
36a8a428-d381-444c-b5b2-428198b5377e,Astrotalk,astrology,scam,negative_wtp,,india
aafa71ef-d607-4f21-9a7e-87b609763698,Astrotalk,astrology,Not worth,negative_wtp,,india
b97e5b91-fe1e-4cf1-a033-c04156166984,Astrotalk,astrology,scam,negative_wtp,,india
a5a7d836-948e-47b9-b5d9-933d55c18b3a,Astrotalk,astrology,scam,negative_wtp,,india
fd8c4229-f9b8-4187-a6f4-5b34d6403630,Astrotalk,astrology,waste of money,negative_wtp,,india
58f2dbec-0041-45df-a846-33cf8d06a534,Astrotalk,astrology,scam,negative_wtp,,india
afa051de-3f3c-44f7-9501-5e8e5c014e62,Astrotalk,astrology,scam,negative_wtp,,india
afa051de-3f3c-44f7-9501-5e8e5c014e62,Astrotalk,astrology,scam,negative_wtp,,india
afa051de-3f3c-44f7-9501-5e8e5c014e62,Astrotalk,astrology,loot,negative_wtp,,india
b6227953-2e2a-4d02-b54a-3745538ec6fe,Astrotalk,astrology,Waste of money,negative_wtp,,india
69577d97-9ae6-45b3-8ac2-69b937af74a1,Astrotalk,astrology,loot,negative_wtp,,india
2c1a10ba-d9bd-4dde-a62e-08864acd8dc4,Astrotalk,astrology,loot,negative_wtp,,india
53ce69c4-4a1e-44c1-8174-c7f8d23fc9a9,Astrotalk,astrology,scam,negative_wtp,,india
dad9a00e-b069-4dfd-bd8d-79b608acab13,Astrotalk,astrology,waste of money,negative_wtp,,india
f7aae37f-ecf5-482d-a339-434f0248b042,Astrotalk,astrology,SCAM,negative_wtp,,india
c5e793ae-36e3-4675-b316-8f8773351b35,Astrotalk,astrology,worth every penny,positive_wtp,,india
8c40d289-a958-4184-8e9b-48b305f8bb19,Astrotalk,astrology,scam,negative_wtp,,india
8c40d289-a958-4184-8e9b-48b305f8bb19,Astrotalk,astrology,loot,negative_wtp,,india
1186d0a2-7d25-4f22-b347-046472587cbf,Astrotalk,astrology,loot,negative_wtp,,india
0254bcac-e34c-4876-8117-e43663230fff,Astrotalk,astrology,waste of money,negative_wtp,,india
15002f43-9436-448c-b7d3-2eba3cd15d3a,Astrotalk,astrology,waste of money,negative_wtp,,india
28543fdd-62b4-4540-a4e8-6c976b413ec7,Astrotalk,astrology,scam,negative_wtp,,india
fc7da721-9601-4402-afdc-80f901502eed,Astrotalk,astrology,scam,negative_wtp,,india
842c755d-e96f-47c0-b45a-2ba6fa34fe46,Astrotalk,astrology,scam,negative_wtp,,india
c24e99b4-310f-462a-99e6-4e76e069f01c,Astrotalk,astrology,scam,negative_wtp,,india
696a32c5-7aee-4ec6-bec5-0c20bdac34f1,Astrotalk,astrology,Waste of money,negative_wtp,,india
8bf14726-0385-495a-a4d4-f02c5eeec227,Astrotalk,astrology,Scam,negative_wtp,,india
ed631957-2a3d-4077-bbe3-6bb651e803b8,Astrotalk,astrology,Waste of money,negative_wtp,,india
c510cabe-3756-4d30-b641-82da267a061e,Astrotalk,astrology,scam,negative_wtp,,india
93ee06d2-7c80-4411-9d18-007762993a49,Astrotalk,astrology,scam,negative_wtp,,india
722055de-6621-47db-b3f0-a43f56238ac9,Astrotalk,astrology,scam,negative_wtp,,india
722055de-6621-47db-b3f0-a43f56238ac9,Astrotalk,astrology,loot,negative_wtp,,india
e0de6828-585b-49fa-923e-4ea7511989f9,Astrotalk,astrology,scam,negative_wtp,,india
376a555e-5712-489e-8e89-7e4c10f51ac1,Astrotalk,astrology,scam,negative_wtp,,india
0770c1e7-fdea-490d-8dd4-eab5cec49427,Astrotalk,astrology,loot,negative_wtp,,india
f5fc1f1f-58c8-4b3e-b0b5-4709c8032985,Astrotalk,astrology,Waste of money,negative_wtp,,india
e4f8dea4-77ae-420c-9066-9c4ccf0f3a1f,Astrotalk,astrology,not worth,negative_wtp,,india
5598e541-a032-4d8e-8666-0453617edc6a,Astrotalk,astrology,worth every penny,positive_wtp,,india
56370143-44ca-4ae2-b4c1-388134cd4b1e,Astrotalk,astrology,Scam,negative_wtp,,india
aa60b385-adb4-418f-bbe9-f4ba37c52402,Astrotalk,astrology,Scam,negative_wtp,,india
f16146ed-192b-4540-aebf-907c1935bb31,Astrotalk,astrology,scam,negative_wtp,,india
35fc3201-ad2f-473d-8ed5-57440e8f4579,Astrotalk,astrology,Loot,negative_wtp,,india
0f87b016-b621-4cd1-8b65-7d507b19642e,Astrotalk,astrology,worth every penny,positive_wtp,,india
f7084b10-410f-44ca-b626-9efc38c534b4,Astrotalk,astrology,waste of money,negative_wtp,,india
3b9d30b8-7ea8-48ad-a2ce-3dba3fe80d6f,Astrotalk,astrology,scam,negative_wtp,,india
13b9d94f-421f-423b-a763-5a9ff04c81c6,Astrotalk,astrology,waste of money,negative_wtp,,india
495f5150-a5d6-4818-b465-227ff2228da7,Astrotalk,astrology,scam,negative_wtp,,india
31b76199-5895-4ad8-bf5a-e033e86bf16b,Astrotalk,astrology,scam,negative_wtp,,india
2ca81bed-c7ac-4965-a5e2-8cee437f592e,Astrotalk,astrology,Scam,negative_wtp,,india
2ca81bed-c7ac-4965-a5e2-8cee437f592e,Astrotalk,astrology,Paisa barbaad,negative_wtp,,india
8ce62aca-52be-4b4f-b398-d7bc436e460a,Astrotalk,astrology,scam,negative_wtp,,india
fe3c83a3-7d04-4fbc-88d3-217af24b3291,Astrotalk,astrology,scam,negative_wtp,,india
83465c12-f9b6-4f35-8b8b-7d769840b649,Astrotalk,astrology,scam,negative_wtp,,india
d6c58bd0-6047-4975-a381-e12b5805a139,Astrotalk,astrology,scam,negative_wtp,,india
753a5072-2a36-4eae-962a-01ef0a315e24,Astrotalk,astrology,loot,negative_wtp,,india
3c4bfea7-8093-443b-ad39-a8e40658c14a,Astrotalk,astrology,loot,negative_wtp,,india
d925520e-fb2c-4bfc-a8f2-185d87e3cc22,Astrotalk,astrology,scam,negative_wtp,,india
fe69884a-1c74-465e-8e24-e3028a7299da,Astrotalk,astrology,scam,negative_wtp,,india
d8cda225-bb13-49d4-b522-3a7707975625,Astrotalk,astrology,loot,negative_wtp,,india
180e81d2-eda3-43b7-9f7c-268e26adc689,Astrotalk,astrology,scam,negative_wtp,,india
99bccc29-514e-4cf9-95bc-44f7c4e62f25,Astrotalk,astrology,worth every penny,positive_wtp,,india
7c4e452e-fee7-4814-ab7e-4d3cea9aefc1,Astrotalk,astrology,scam,negative_wtp,,india
b61527ff-3a8c-487e-9f3b-4abea9f34a46,Astrotalk,astrology,Scam,negative_wtp,,india
35bad8b1-8514-43d4-ab4b-b23f094fc3e0,Astrotalk,astrology,scam,negative_wtp,,india
3f598d99-9e72-43d3-8394-aa0ccb987572,Astrotalk,astrology,Waste of money,negative_wtp,,india
5f6fad02-d1e8-4cab-9494-94134f04320a,Astrotalk,astrology,scam,negative_wtp,,india
5f6fad02-d1e8-4cab-9494-94134f04320a,Astrotalk,astrology,scam,negative_wtp,,india
e1b53ed8-3502-42d5-b712-518622ecfc30,Astrotalk,astrology,Waste of money,negative_wtp,,india
f303b2b7-683b-4670-8df9-7d25589d0374,Astrotalk,astrology,loot,negative_wtp,,india
b4bf2c17-7d17-4a58-a22b-49c8bdaa1b39,Astrotalk,astrology,scam,negative_wtp,,india
b4bf2c17-7d17-4a58-a22b-49c8bdaa1b39,Astrotalk,astrology,scam,negative_wtp,,india
2fd43a0d-35ad-48eb-a218-ec758dda817c,Astrotalk,astrology,scam,negative_wtp,,india
3afa9a3e-9bb9-4dc7-80e8-2d65620dbf09,Astrotalk,astrology,scam,negative_wtp,,india
3afa9a3e-9bb9-4dc7-80e8-2d65620dbf09,Astrotalk,astrology,scam,negative_wtp,,india
8744d4c3-5951-410f-ad39-fb6587ea42b0,Astrotalk,astrology,loot,negative_wtp,,india
91e491dd-12cd-44b9-9eba-410b54ab16a8,Astrotalk,astrology,loot,negative_wtp,,india
91e491dd-12cd-44b9-9eba-410b54ab16a8,Astrotalk,astrology,loot,negative_wtp,,india
91e491dd-12cd-44b9-9eba-410b54ab16a8,Astrotalk,astrology,loot,negative_wtp,,india
cf221a1f-583f-442a-9008-dea8a7a2e7cd,Astrotalk,astrology,loot,negative_wtp,,india
e60628a7-603a-4561-932c-0329efb01b6a,Astrotalk,astrology,waste of money,negative_wtp,,india
85511da8-370b-45d0-acf4-a7b65f492583,Astrotalk,astrology,loot,negative_wtp,,india
5c8e0f7f-3737-4147-b210-19b1e80294a3,Astrotalk,astrology,scam,negative_wtp,,india
41092876-7bd5-413e-a307-79040d63b37c,Astrotalk,astrology,scam,negative_wtp,remedies,india
d8dba478-cd0e-4125-a1d2-0048c1e6727f,Astrotalk,astrology,loot,negative_wtp,,india
b25ea560-422d-428c-bfdb-ebb2b3e1f21e,Astrotalk,astrology,scam,negative_wtp,,india
be44ec83-7f53-4a55-b6bf-eed6bf8be155,Astrotalk,astrology,scam,negative_wtp,,india
c1c251d0-4204-4133-9737-babcc9f70a82,Astrotalk,astrology,loot,negative_wtp,,india
8116b80b-421c-4d83-be26-f66c13d4c1e9,Astrotalk,astrology,loot,negative_wtp,,india
7336f5a7-3809-4f9c-8e3b-9b4c83d6bb72,Astrotalk,astrology,Not worth,negative_wtp,,india
662f6c4b-0f2b-40ba-af79-7de3cc30f113,Astrotalk,astrology,waste of money,negative_wtp,,india
39134d4c-92aa-4f9a-b99b-e1dde455be96,Astrotalk,astrology,waste of money,negative_wtp,,india
15331507-f0f5-4fab-a780-f75c5f496e9e,Astrotalk,astrology,scam,negative_wtp,,india
cc163b8b-6f16-401a-8ebe-5d4efefd03e2,Astrotalk,astrology,scam,negative_wtp,,india
bc9631be-7bea-4814-a816-dd080aabce8f,Astrotalk,astrology,scam,negative_wtp,,india
44318fcd-4040-4317-8f8a-ef8a62ad28e7,Astrotalk,astrology,scam,negative_wtp,,india
47573afe-0cd7-494d-80fc-590802900b34,Astrotalk,astrology,loot,negative_wtp,,india
abf13858-e54e-44fb-a658-91f95d5cc132,Astrotalk,astrology,not worth,negative_wtp,,india
01e78de0-f266-4314-a372-8fbe2f0c74ce,Astrotalk,astrology,loot,negative_wtp,,india
672dfe3a-6feb-4712-ae3d-dab4196473d0,Astrotalk,astrology,scam,negative_wtp,,india
cbb24942-d884-4b5e-bd4e-fdc0fc564b7b,Astrotalk,astrology,loot,negative_wtp,horoscope,india
9deb2db8-9ea9-4192-8be1-b913193bfeec,Astrotalk,astrology,loot,negative_wtp,,india
18deb208-8c9a-49f8-b1dc-269c1ad5258d,Astrotalk,astrology,Paisa BARBAAD,negative_wtp,,india
b5c7f4e1-4cc0-44ab-af46-ceddda91fa17,Astrotalk,astrology,scam,negative_wtp,,india
fbffcb23-6034-4918-8a12-4c10915a2c95,Astrotalk,astrology,scam,negative_wtp,,india
fbffcb23-6034-4918-8a12-4c10915a2c95,Astrotalk,astrology,loot,negative_wtp,,india
b9e892b5-4dcd-4063-8af6-4be6d48aaf37,Astrotalk,astrology,loot,negative_wtp,,india
3d8d14fb-7355-4ae6-a73e-44edfb4cbfad,Astrotalk,astrology,Not worth,negative_wtp,,india
e58a7fe0-dfe8-4193-be89-161cdea7318a,Astrotalk,astrology,scam,negative_wtp,,india
553ba6c8-426e-42b8-a689-d78479122851,Astrotalk,astrology,loot,negative_wtp,,india
38440506-1131-4d10-915a-eb9845142236,Astrotalk,astrology,scam,negative_wtp,,india
3f6df170-256b-42bc-8e54-0a20393ba691,Astrotalk,astrology,loot,negative_wtp,,india
fab9f7cf-c8ae-4454-949d-1f816ce65c46,Astrotalk,astrology,scam,negative_wtp,,india
4a9ced22-22fd-4db4-a411-e71a7f99dac6,Astrotalk,astrology,loot,negative_wtp,,india
14e3f406-347c-4d17-8794-ad7e76d2ffb8,Astrotalk,astrology,scam,negative_wtp,,india
486d0dd1-3622-4f06-84df-7245f15173b7,Astrotalk,astrology,scam,negative_wtp,,india
cc6ba9fd-bac2-48a6-860a-f781219978c1,Astrotalk,astrology,scam,negative_wtp,,india
cc6ba9fd-bac2-48a6-860a-f781219978c1,Astrotalk,astrology,scam,negative_wtp,,india
fda9c11b-94e3-47c1-8dfa-1cee8a79edf0,Astrotalk,astrology,loot,negative_wtp,,india
93dd8068-8535-4198-bffb-457d5b525b8a,Astrotalk,astrology,loot,negative_wtp,,india
a4a20314-2ab1-4460-b29b-9c2dd67c3625,Astrotalk,astrology,scam,negative_wtp,,india
5428744d-1800-4015-adac-e48b3c3e05ca,Astrotalk,astrology,scam,negative_wtp,,india
5428744d-1800-4015-adac-e48b3c3e05ca,Astrotalk,astrology,loot,negative_wtp,,india
3e4dff10-5811-480f-b6d3-d6f96511ea3b,Astrotalk,astrology,SCAM,negative_wtp,,india
000e5e7c-dff4-40b0-9f2c-c8bcbbd2cd2b,Astrotalk,astrology,money grab,negative_wtp,,india
ff700177-bb8d-45a5-a207-055a9823ecab,Astrotalk,astrology,loot,negative_wtp,,india
5d23dbed-089c-41e1-bbbe-c46d7fa0144d,Astrotalk,astrology,loot,negative_wtp,,india
ec03b05f-9c47-40d6-9c93-7146b51a4246,Astrotalk,astrology,loot,negative_wtp,,india
e60c9e89-7613-417b-8734-1b2fa0b3c3e2,Astrotalk,astrology,Not worth,negative_wtp,,india
61e2e6c5-373a-4ef3-990c-9834981a1f4f,Astrotalk,astrology,waste of money,negative_wtp,,india
6a708876-2731-490a-ad34-739a8aabfa0e,Astrotalk,astrology,Scam,negative_wtp,,india
3b72531b-8e3f-4ebc-b507-bdb5b51842a1,Astrotalk,astrology,worth every penny,positive_wtp,,india
d3e9fa76-d5b1-4b51-a0bc-566c3bf08071,Astrotalk,astrology,Loot,negative_wtp,,india
900bdb0f-e08e-49b2-b1d4-927bac06296d,Astrotalk,astrology,waste of money,negative_wtp,,india
83bca11e-d085-45bf-95c4-5fae3d17e52a,Astrotalk,astrology,loot,negative_wtp,,india
a148455c-1ef0-4449-b631-8f7273e30187,Astrotalk,astrology,Waste of money,negative_wtp,,india
6d212f8a-0885-405c-923d-e9949e6476d0,Astrotalk,astrology,scam,negative_wtp,,india
c45540cb-5340-408f-8e6a-a71c3987fd96,Astrotalk,astrology,Money well spent,positive_wtp,,india
426744cc-45ea-4deb-95c0-59a536862291,Astrotalk,astrology,waste of money,negative_wtp,,india
8a1d0c6c-3a66-4aab-afd2-81fc8607a0ca,Astrotalk,astrology,Scam,negative_wtp,,india
8a1d0c6c-3a66-4aab-afd2-81fc8607a0ca,Astrotalk,astrology,Daylight robbery,negative_wtp,,india
8b7c455b-7bdb-470b-8c58-cebe6585fd47,Astrotalk,astrology,scam,negative_wtp,,india
a910009d-2e88-46d0-9ab4-f0a11b18d409,Astrotalk,astrology,scam,negative_wtp,,india
5e55807a-d241-483c-a95a-0227d6449c06,Astrotalk,astrology,Waste of money,negative_wtp,,india
33deb270-135a-4774-92f5-c2d56a1e2774,Astrotalk,astrology,scam,negative_wtp,,india
4c62c18f-67ad-4156-884b-b037f5767533,Astrotalk,astrology,scam,negative_wtp,kundli,india
4c62c18f-67ad-4156-884b-b037f5767533,Astrotalk,astrology,scam,negative_wtp,kundli,india
361bd7a5-6219-43b7-aa72-d0fa95f1be6c,Astrotalk,astrology,Scam,negative_wtp,,india
361bd7a5-6219-43b7-aa72-d0fa95f1be6c,Astrotalk,astrology,Loot,negative_wtp,,india
3af6b757-7887-44ed-8610-4e02b51b02b8,Astrotalk,astrology,scam,negative_wtp,,india
72409bda-9050-40ae-87e5-7755f7aa15cd,Astrotalk,astrology,waste of money,negative_wtp,,india
72409bda-9050-40ae-87e5-7755f7aa15cd,Astrotalk,astrology,scam,negative_wtp,,india
c6257397-fc4a-419c-a758-13f69a6f89d6,Astrotalk,astrology,scam,negative_wtp,,india
aae10182-7666-4bfc-96fb-afb26bc7dbba,Astrotalk,astrology,Scam,negative_wtp,,india
56cbf10e-4ef3-411a-900f-be1aadcb0a0d,Astrotalk,astrology,Scam,negative_wtp,,india
d0f4f6b0-b994-4413-8a48-7670cdb35ad1,Astrotalk,astrology,scam,negative_wtp,,india
913ad7ab-c17f-4d87-9984-1bc1d2fd0c8d,Astrotalk,astrology,waste of money,negative_wtp,,india
a76419ea-e0c5-42d9-96f0-7ff40c368426,Astrotalk,astrology,loot,negative_wtp,,india
0650c791-fc85-4c88-9419-db6916a6a85c,Astrotalk,astrology,scam,negative_wtp,,india
62d39ce3-cb3b-487e-b63a-fca9ae3e8e44,Astrotalk,astrology,waste of money,negative_wtp,,india
2ed8a56c-cb89-41da-bdd9-8d05cb72c6b5,Astrotalk,astrology,loot,negative_wtp,,india
cd88f74d-86c6-444e-a31a-2bc354d40b8f,Astrotalk,astrology,waste of money,negative_wtp,,india
3722e23e-4a18-481a-acf0-43e0264563ba,Astrotalk,astrology,waste of money,negative_wtp,,india
d6f4805e-d5c9-40e6-b0e3-2205e7e6a53e,Astrotalk,astrology,Scam,negative_wtp,,india
3c41c779-cf4c-4a75-909c-acefd131b4c6,Astrotalk,astrology,Scam,negative_wtp,,india
703189ce-029d-4948-b40a-525f2b87df9d,Astrotalk,astrology,Loot,negative_wtp,,india
1118b898-b303-4ad2-8b2c-ac709e6a0ad2,Astrotalk,astrology,scam,negative_wtp,,india
4550aa52-0776-4d03-9e12-d80fa1c36476,Astrotalk,astrology,waste of money,negative_wtp,,india
4550aa52-0776-4d03-9e12-d80fa1c36476,Astrotalk,astrology,loot,negative_wtp,,india
4bd4b577-7a57-48df-b91b-ff6517327009,Astrotalk,astrology,not worth,negative_wtp,,india
2537a70a-3de1-4a64-8c80-098019f77c42,Astrotalk,astrology,scam,negative_wtp,,india
11521ec0-b507-4b8f-ac09-71a747d18b6d,Astrotalk,astrology,Scam,negative_wtp,,india
b94c68d5-a095-47e4-96dc-9079cfb52276,Astrotalk,astrology,scam,negative_wtp,,india
2bb82ada-c3ac-462a-806d-165736987ea0,Astrotalk,astrology,Waste of money,negative_wtp,,india
2bb82ada-c3ac-462a-806d-165736987ea0,Astrotalk,astrology,waste of money,negative_wtp,,india
b9dd08d3-1843-448f-9dc7-0979fda26ac2,Astrotalk,astrology,scam,negative_wtp,,india
66d9e2dc-9a92-4e78-8d5f-07bc4572db03,Astrotalk,astrology,scam,negative_wtp,,india
047601ee-4ef1-4c67-b203-be4629627360,Astrotalk,astrology,scam,negative_wtp,,india
047601ee-4ef1-4c67-b203-be4629627360,Astrotalk,astrology,loot,negative_wtp,,india
0421e09e-a3fd-4645-930c-37cd1cd385b1,Astrotalk,astrology,scam,negative_wtp,,india
32da0dee-8619-4898-bb64-deb99535dcaa,Astrotalk,astrology,Waste of money,negative_wtp,,india
504613b2-f91f-4a5a-994e-1c6c39c8566a,Astrotalk,astrology,scam,negative_wtp,,india
aad2bd2a-cae7-4d85-b6dd-518dc0968b4d,Astrotalk,astrology,loot,negative_wtp,,india
31364b5d-0a65-4c26-b5a1-f706d9618afd,Astrotalk,astrology,scam,negative_wtp,,india
0623a5bd-0181-4dc4-88fd-bd7b789a4f9c,Astrotalk,astrology,scam,negative_wtp,,india
f49239c5-ac72-4af8-a2f2-cb1c4a05afc1,Astrotalk,astrology,loot,negative_wtp,,india
58c4ef66-104a-40c4-9355-8bbf20589eee,Astrotalk,astrology,loot,negative_wtp,,india
f7b88add-97bd-4aaa-941c-ddba20416d1d,Astrotalk,astrology,scam,negative_wtp,,india
d74b0d4c-f0a7-4a26-aea6-3ba31c9c1230,Astrotalk,astrology,Not worth,negative_wtp,,india
f3fe8c7e-c7bf-4a5a-b9b7-4ad4a05297e8,Astrotalk,astrology,Scam,negative_wtp,,india
f3fe8c7e-c7bf-4a5a-b9b7-4ad4a05297e8,Astrotalk,astrology,scam,negative_wtp,,india
17dc9304-7116-4b43-b8e8-95497885468e,Astrotalk,astrology,scam,negative_wtp,,india
2aa057d3-6ec2-4b40-b7ce-d2161e11ff49,Astrotalk,astrology,scam,negative_wtp,,india
2aa057d3-6ec2-4b40-b7ce-d2161e11ff49,Astrotalk,astrology,scam,negative_wtp,,india
2aa057d3-6ec2-4b40-b7ce-d2161e11ff49,Astrotalk,astrology,scam,negative_wtp,,india
e31717aa-fd74-41fe-9511-1aed6d2ff8a1,Astrotalk,astrology,Loot,negative_wtp,,india
56544126-6025-4cc0-bf71-75cac96b6445,Astrotalk,astrology,scam,negative_wtp,,india
3d04045b-1a3a-42a0-9fee-93cb2f12366f,Astrotalk,astrology,scam,negative_wtp,,india
777e5ff7-056d-4e8d-986d-4f98a2ce988a,Astrotalk,astrology,loot,negative_wtp,,india
777e5ff7-056d-4e8d-986d-4f98a2ce988a,Astrotalk,astrology,loot,negative_wtp,,india
532a9293-a6a8-48fa-91a4-8e668895b6f9,Astrotalk,astrology,waste of money,negative_wtp,,india
43d55a83-f9a7-4d22-99f5-959d4787fb65,Astrotalk,astrology,loot,negative_wtp,,india
496ca216-3b33-41f8-bf18-ccbbf5b89c30,Astrotalk,astrology,waste of money,negative_wtp,kundli,india
f94be727-9ae0-4bd4-a63c-a1d973408a1e,Astrotalk,astrology,Waste of money,negative_wtp,,india
dd2f472d-f1a5-45ad-b17f-26fa523a5cfc,Astrotalk,astrology,not worth,negative_wtp,,india
f086bbf7-4da2-4372-92d9-bdab619cf512,Astrotalk,astrology,loot,negative_wtp,,india
641a80ea-1ebe-4054-a67c-8d02e4ff9c82,Astrotalk,astrology,scam,negative_wtp,kundli,india
c079674f-3780-4b39-ad8f-90c2e6069838,Astrotalk,astrology,scam,negative_wtp,,india
c079674f-3780-4b39-ad8f-90c2e6069838,Astrotalk,astrology,loot,negative_wtp,,india
ac4f7590-df1b-4487-bf9d-b07f93bd0b42,Astrotalk,astrology,loot,negative_wtp,,india
646b82bb-b145-4dc4-a3cc-2a6b893054e2,Astrotalk,astrology,scam,negative_wtp,,india
bc06e284-f810-47ac-9a5d-f50bf6efa6bc,Astrotalk,astrology,waste of money,negative_wtp,,india
3869fb0c-0b48-4799-aecf-55ba05b5bd67,Astrotalk,astrology,scam,negative_wtp,,india
88a5b8e6-1e1a-4c5c-be70-dcf1c1144ffb,Astrotalk,astrology,scam,negative_wtp,,india
69605aea-f87d-4a4e-9aa4-d30df35c93b0,Astrotalk,astrology,scam,negative_wtp,,india
afde5fb7-fe22-4f2c-a1b7-32033ff2f96a,Astrotalk,astrology,scam,negative_wtp,,india
eb15abf5-3241-4d6f-8a4b-8e7b90fefdc2,Astrotalk,astrology,scam,negative_wtp,,india
976e62ae-37bf-4868-bd13-a02a7c7f4a26,Astrotalk,astrology,loot,negative_wtp,,india
f50e0772-77fb-482f-b1cf-f41cc7af9ca7,Astrotalk,astrology,Scam,negative_wtp,,india
bb7f4b64-0a48-4f41-bcf4-ceb2f6360937,Astrotalk,astrology,loot,negative_wtp,,india
1153b2ba-517b-4896-b7ae-ea75c4799bcd,Astrotalk,astrology,subscribed,positive_wtp,,india
66d41295-1b78-48c0-aa6b-142dc7763458,Astrotalk,astrology,scam,negative_wtp,,india
6ca57514-9edc-4bb1-bc6f-594d23663f97,Astrotalk,astrology,waste of money,negative_wtp,,india
8b7b542e-2f2c-4dd6-8426-fcce6a116923,Astrotalk,astrology,scam,negative_wtp,,india
aa425485-2a03-4096-8080-d4473a549ab0,Astrotalk,astrology,waste of money,negative_wtp,,india
aa425485-2a03-4096-8080-d4473a549ab0,Astrotalk,astrology,scam,negative_wtp,,india
fa45d483-b747-4b17-b5e9-a6c5b8487895,Astrotalk,astrology,scam,negative_wtp,,india
9ddc394e-f3bb-4634-aea8-0d97a343929e,Astrotalk,astrology,scam,negative_wtp,,india
b8ab4be2-ae4e-4c25-acfb-c2126016bc8b,Astrotalk,astrology,scam,negative_wtp,,india
444105e1-918a-4787-aaae-a8445cc27e18,Astrotalk,astrology,scam,negative_wtp,,india
022c686b-35db-41b2-b838-c2113846c560,Astrotalk,astrology,scam,negative_wtp,,india
b64dcfdd-31ce-4f31-aea0-aaf626463b3f,Astrotalk,astrology,Loot,negative_wtp,,india
2480b87a-73ec-45fc-bd71-d621fe406d83,Astrotalk,astrology,waste of money,negative_wtp,,india
2480b87a-73ec-45fc-bd71-d621fe406d83,Astrotalk,astrology,loot,negative_wtp,,india
343ead37-de6c-4e77-9b1c-013d10da4b92,Astrotalk,astrology,scam,negative_wtp,,india
c8ec201b-ab4e-4c02-ba96-d41a0634e1e2,Astrotalk,astrology,loot,negative_wtp,,india
5d567605-3c55-4456-8dfc-67c709bb26f1,Astrotalk,astrology,loot,negative_wtp,,india
1ff97818-a83b-439d-9892-dc157c615e9a,Astrotalk,astrology,waste of money,negative_wtp,,india
9243a4cf-4e09-4eb4-a65e-211ba312b870,Astrotalk,astrology,Loot,negative_wtp,,india
d5e47a6d-ea1b-43f5-a92e-21d573301b45,Astrotalk,astrology,Waste of money,negative_wtp,,india
3e3a8c21-e54c-4767-973e-de0df2d2e13c,Astrotalk,astrology,loot,negative_wtp,,india
7db8fd7c-5624-4007-893a-483bae5beeb2,Astrotalk,astrology,loot,negative_wtp,,india
aeba0cd3-2628-4a1a-9259-213ea6c7d9c7,Astrotalk,astrology,loot,negative_wtp,,india
2f76b4f4-4c6b-4831-98ee-5b20811ce1f3,Astrotalk,astrology,scam,negative_wtp,,india
42418125-e6fe-4b6c-bd0d-a537337e28db,Astrotalk,astrology,scam,negative_wtp,,india
013bfcbc-f2b5-402e-b024-1765f7470172,Astrotalk,astrology,loot,negative_wtp,,india
a14b31da-d8ae-4e6e-ad2b-910d58052f80,Astrotalk,astrology,scam,negative_wtp,,india
e6bbc180-44ed-41cf-867f-a9c93c7172b6,Astrotalk,astrology,loot,negative_wtp,,india
48f9bffb-accb-435c-942f-1646fec6bfd4,Astrotalk,astrology,scam,negative_wtp,,india
a333f701-25d6-4068-a948-bf3fb43d8208,Astrotalk,astrology,loot,negative_wtp,,india
d6a02842-d7fe-40cc-b388-80fa38858c8f,Astrotalk,astrology,scam,negative_wtp,kundli,india
7da8b2b4-9c6d-497b-98df-80737c474710,Astrotalk,astrology,scam,negative_wtp,,india
ca945db6-e37b-4cf7-9b88-ad881f1df3c1,Astrotalk,astrology,scam,negative_wtp,,india
64d66657-64db-4838-9497-1fd8ec09b676,Astrotalk,astrology,waste of money,negative_wtp,,india
8603061c-a8be-400e-836e-ff88426a5874,Astrotalk,astrology,Loot,negative_wtp,,india
221531dd-807b-4bdf-a5e7-1c26f0ab1cd7,Astrotalk,astrology,loot,negative_wtp,,india
41ebbfda-407c-4745-b311-bc676270c23b,Astrotalk,astrology,scam,negative_wtp,,india
e7415e8e-ae9f-4c85-be3c-e65ee02d260d,Astrotalk,astrology,Waste of money,negative_wtp,,india
b865c189-de46-41aa-9178-d595ef0f68fd,Astrotalk,astrology,waste of money,negative_wtp,,india
3727fd63-9a50-4d55-8c69-d9eda0af583f,Astrotalk,astrology,Waste of money,negative_wtp,,india
3110e762-b945-456e-ac2c-b995daa395ce,Astrotalk,astrology,scam,negative_wtp,,india
1a270610-438a-4030-9823-7dcc216a48ec,Astrotalk,astrology,loot,negative_wtp,,india
d715ce0a-1a06-40b4-8746-7ee7d9bd9f37,Astrotalk,astrology,loot,negative_wtp,,india
3d47e86d-05a7-40f6-a085-d785a4f3672c,Astrotalk,astrology,scam,negative_wtp,,india
11721969-60ca-406f-ab9a-91bebf7ab08d,Astrotalk,astrology,loot,negative_wtp,,india
66cb7dd7-b875-4027-b860-efc835363537,Astrotalk,astrology,Scam,negative_wtp,,india
66cb7dd7-b875-4027-b860-efc835363537,Astrotalk,astrology,Scam,negative_wtp,,india
d5dfd85b-188d-479f-9381-7fb8aefb887b,Astrotalk,astrology,loot,negative_wtp,,india
c666d572-2f7e-4db8-ad74-bc469d9213ad,Astrotalk,astrology,loot,negative_wtp,,india
8503e6cb-2710-4c1f-8573-9745d37516ee,Astrotalk,astrology,Scam,negative_wtp,,india
4cd43a2b-83a2-43e5-b172-4ec07cc707ca,Astrotalk,astrology,loot,negative_wtp,,india
69c3d43a-e7ea-4923-a51e-cd5c42e4246d,Astrotalk,astrology,waste of money,negative_wtp,,india
953ec8c8-ef68-4f87-b8c1-02e737e1483d,Astrotalk,astrology,scam,negative_wtp,,india
735d5299-bd37-4ec4-9c4f-b91ab35d01fe,Astrotalk,astrology,Waste of money,negative_wtp,,india
c0d684ef-0e54-4404-8665-8a96d6295495,Astrotalk,astrology,loot,negative_wtp,,india
70f2d042-2c62-4e79-8cd4-183cb229b751,Astrotalk,astrology,waste of money,negative_wtp,,india
2b3ecb21-0406-43d2-a086-b25edb8626e5,Astrotalk,astrology,Waste of money,negative_wtp,,india
67550654-9843-456d-a5d5-a1d5dc96ec1a,Astrotalk,astrology,loot,negative_wtp,,india
73f71244-20e7-4e2e-9a32-5612f758cbe2,Astrotalk,astrology,scam,negative_wtp,,india
24787a2f-5310-4508-a2ba-c64d88f8bb46,Astrotalk,astrology,waste of money,negative_wtp,,india
667c2576-e493-45ff-a499-ebf9ca649be1,Astrotalk,astrology,scam,negative_wtp,,india
13deb32d-901e-439d-987c-b0bc67218dfa,Astrotalk,astrology,waste of money,negative_wtp,,india
07cf9f79-4b32-46f4-b828-ea3cbdf46d22,Astrotalk,astrology,scam,negative_wtp,,india
eec8ae83-62c3-466a-b4b1-3d3618ce89a0,Astrotalk,astrology,scam,negative_wtp,,india
eec8ae83-62c3-466a-b4b1-3d3618ce89a0,Astrotalk,astrology,scam,negative_wtp,,india
eec8ae83-62c3-466a-b4b1-3d3618ce89a0,Astrotalk,astrology,scam,negative_wtp,,india
6f4f42b0-2056-43cc-b936-26b0f564250c,Astrotalk,astrology,scam,negative_wtp,,india
f7e76887-a962-4b3e-be30-85e3cb1d6a63,Astrotalk,astrology,scam,negative_wtp,,india
ee626ac6-e307-41ed-96a4-8f98ba6e8fd6,Astrotalk,astrology,scam,negative_wtp,,india
694b6524-2946-4b6e-a73d-83b0c82d9cff,Astrotalk,astrology,waste of money,negative_wtp,,india
fb16cfe0-df94-4f54-9e33-1a0345559df0,Astrotalk,astrology,worth every penny,positive_wtp,,india
f8da01c8-ef3f-4814-8b47-1237c9c7370f,Astrotalk,astrology,scam,negative_wtp,,india
18fb0aa1-0d02-4aac-924b-9068f807c0c0,Astrotalk,astrology,scam,negative_wtp,,india
be5bbc46-a1a4-4036-abae-fa2e892c0f01,Astrotalk,astrology,scam,negative_wtp,,india
be5bbc46-a1a4-4036-abae-fa2e892c0f01,Astrotalk,astrology,scam,negative_wtp,,india
4c576126-cf52-4a94-9c34-b48dcc556a7d,Astrotalk,astrology,scam,negative_wtp,,india
bc1f95c6-8af4-4768-83ce-1d434deb260f,Astrotalk,astrology,loot,negative_wtp,,india
1bf8261c-6e6b-4488-affd-ddb590eb47f7,Astrotalk,astrology,scam,negative_wtp,,india
1bf8261c-6e6b-4488-affd-ddb590eb47f7,Astrotalk,astrology,scam,negative_wtp,,india
943e9f36-5dba-4552-adaf-f6228fcb77d9,Astrotalk,astrology,scam,negative_wtp,,india
a93b27d4-be8c-4270-aa9c-597d5e83b99c,Astrotalk,astrology,Scam,negative_wtp,,india
2f0b79be-c9df-4371-a21c-22aff2a745d0,Astrotalk,astrology,Not Worth,negative_wtp,,india
2f0b79be-c9df-4371-a21c-22aff2a745d0,Astrotalk,astrology,Waste of Money,negative_wtp,,india
f10f09be-3c85-438a-8714-f9fdf25260bf,Astrotalk,astrology,loot,negative_wtp,,india
c1545341-8ea8-424d-a28c-e8c053a982a7,Astrotalk,astrology,loot,negative_wtp,,india
94551e1f-5da8-4ea1-ac06-aca6e378b706,Astrotalk,astrology,scam,negative_wtp,,india
9507483a-2d82-424b-8d70-231000225a84,Astrotalk,astrology,scam,negative_wtp,,india
35c9aa8c-9c25-41ab-bf84-16ff3b7d9978,Astrotalk,astrology,scam,negative_wtp,,india
a41fe69b-1017-4cc3-a65a-fa22d9357a25,Astrotalk,astrology,loot,negative_wtp,,india
3b2009fa-aa55-4add-a79b-ca9635bb88c4,Astrotalk,astrology,scam,negative_wtp,,india
24edc78c-575a-4186-81be-2a4010817618,Astrotalk,astrology,scam,negative_wtp,,india
e3101c31-3bed-4334-aba3-c8b5a0bc4fa5,Astrotalk,astrology,scam,negative_wtp,,india
b92efb98-b37f-431c-a963-98d69810670f,Astrotalk,astrology,scam,negative_wtp,,india
376ee265-a001-43c4-9407-7cd0b0d8de0a,Astrotalk,astrology,scam,negative_wtp,,india
376ee265-a001-43c4-9407-7cd0b0d8de0a,Astrotalk,astrology,SCAM,negative_wtp,,india
ed6727ac-1499-45dc-bdaf-05fbb62d0c09,Astrotalk,astrology,scam,negative_wtp,,india
55da67e8-003d-409c-b4d8-df7131964dc7,Astrotalk,astrology,Waste of money,negative_wtp,,india
55da67e8-003d-409c-b4d8-df7131964dc7,Astrotalk,astrology,scam,negative_wtp,,india
54c9b397-6f47-4171-8d24-b2130892a63a,Astrotalk,astrology,loot,negative_wtp,,india
1594e93d-457f-4841-8bff-33fc77891b43,Astrotalk,astrology,scam,negative_wtp,,india
64fb89e9-2916-44e9-b74e-e5e34e9eae91,Astrotalk,astrology,SCAM,negative_wtp,,india
4684b84a-85c9-402b-bb97-8a8b2f52e70b,Astrotalk,astrology,scam,negative_wtp,,india
9fdfc606-54b9-45de-a6b2-4e4c1dbafbf0,Astrotalk,astrology,scam,negative_wtp,,india
c28a9737-c36a-478f-b277-5e2d92345893,Astrotalk,astrology,waste of money,negative_wtp,,india
27989698-ffa7-4c83-a5e9-63506d6433cf,Astrotalk,astrology,scam,negative_wtp,,india
f12b01f5-dfd9-419a-b77e-9dbf6d46d104,Astrotalk,astrology,scam,negative_wtp,,india
66146641-174a-4a06-91c8-ccdf5b4d045e,Astrotalk,astrology,scam,negative_wtp,,india
3b6b8797-fcfe-40ef-9703-e8d7df1e46f3,Astrotalk,astrology,not worth,negative_wtp,,india
a6cf989f-ea76-4b96-9f36-09ee422a602d,Astrotalk,astrology,loot,negative_wtp,,india
d1081e5a-4cb2-4926-ab28-05673a345d4a,Astrotalk,astrology,Waste of money,negative_wtp,,india
d160fb6e-5127-4c3f-91e5-aab383e8710a,Astrotalk,astrology,scam,negative_wtp,,india
be5a3297-6853-4ec7-9042-1e1cdb6104b3,Astrotalk,astrology,scam,negative_wtp,,india
a9ebc558-2724-47d4-881a-9c9efe44968e,Astrotalk,astrology,waste of money,negative_wtp,,india
02a874ba-70ac-4bfb-86c6-2548298dc073,Astrotalk,astrology,scam,negative_wtp,,india
9c51dc78-e048-458b-ad94-3bf6be5fe12a,Astrotalk,astrology,loot,negative_wtp,,india
0227c054-fc66-4bde-ae62-adeaa00e68cb,Astrotalk,astrology,scam,negative_wtp,,india
5a41daf6-69b3-4571-b302-55f2d58d1256,Astrotalk,astrology,scam,negative_wtp,,india
5a41daf6-69b3-4571-b302-55f2d58d1256,Astrotalk,astrology,loot,negative_wtp,,india
5a41daf6-69b3-4571-b302-55f2d58d1256,Astrotalk,astrology,loot,negative_wtp,,india
713e2df9-3f41-436f-ae0e-ecfff8f45d21,Astrotalk,astrology,not worth,negative_wtp,,india
2a840e2b-00d6-4dc1-84f4-cef678e8f587,Astrotalk,astrology,loot,negative_wtp,,india
23dd275b-39bf-46ed-9a75-c7a2d4827c98,Astrotalk,astrology,scam,negative_wtp,,india
c1416f13-cf72-4299-b4f3-b31d0ae95d31,Astrotalk,astrology,loot,negative_wtp,,india
e0cddea5-87c1-41eb-aff4-a513a58aa5e0,Astrotalk,astrology,scam,negative_wtp,,india
9ed7f8ad-3500-4505-93fb-00caff839cc5,Astrotalk,astrology,waste of money,negative_wtp,,india
69dc58e2-4fb0-464e-b5d2-e76824d1f7ac,Astrotalk,astrology,scam,negative_wtp,,india
e9ae9319-9218-4d33-ae8e-5a49c1085a81,Astrotalk,astrology,scam,negative_wtp,,india
108735aa-4843-4567-a9d8-3c0ae754f8ef,Astrotalk,astrology,scam,negative_wtp,,india
108735aa-4843-4567-a9d8-3c0ae754f8ef,Astrotalk,astrology,scam,negative_wtp,,india
d93f217d-67a5-4666-9370-2ba7140bb52d,Astrotalk,astrology,Not worth,negative_wtp,,india
887bb442-908e-488a-9904-41f7af36fea1,Astrotalk,astrology,waste of money,negative_wtp,,india
71263655-4499-4793-af3c-5ff7b239a1cd,Astrotalk,astrology,loot,negative_wtp,,india
887c05a6-363e-41c2-981d-819c2f1fc762,Astrotalk,astrology,loot,negative_wtp,,india
c8b51044-eb7f-4e91-83e1-c8a44f4b2409,Astrotalk,astrology,loot,negative_wtp,,india
13df4cc5-8925-4cc1-a2a6-0780af7f7838,Astrotalk,astrology,scam,negative_wtp,,india
9a7becf3-f18c-4aee-83c9-bd78892b099e,Astrotalk,astrology,scam,negative_wtp,,india
a7389a11-6b18-4a57-9c28-bb13dfc79aa2,Astrotalk,astrology,scam,negative_wtp,,india
e2160758-7104-4cda-86e7-034d8f5ac542,Astrotalk,astrology,value for money,positive_wtp,,india
e2ecdccb-e99d-42d1-bf9e-aa944c192c23,Astrotalk,astrology,Paisa vasool,positive_wtp,,india
08c88e78-aeca-4491-b38f-302f6656d0f1,Astrotalk,astrology,scam,negative_wtp,,india
bd19dc61-eec6-491d-8748-4f3817e28019,Astrotalk,astrology,loot,negative_wtp,,india
c0f005de-5564-4928-98a6-16f27b3f36f9,Astrotalk,astrology,loot,negative_wtp,,india
dcf9ce4e-2b62-4936-961f-0e9bf23f0bd2,Astrotalk,astrology,should be free,negative_wtp,,india
b707d49c-422d-4da2-bfdf-35437d719822,Astrotalk,astrology,Not worth,negative_wtp,,india
d1dcd2ea-8156-4355-a006-9d00ee61dbe3,Astrotalk,astrology,waste of money,negative_wtp,,india
1f3a7edf-378f-4d49-b45c-4ed5f58099c7,Astrotalk,astrology,SCAM,negative_wtp,,india
16c11ea6-d479-406f-acba-ee0592392d72,Astrotalk,astrology,scam,negative_wtp,,india
e5cb5733-ef11-4e10-abfd-63344f5eab51,Astrotalk,astrology,scam,negative_wtp,,india
c11773a0-dcfa-42b5-b505-e79d680f7990,Astrotalk,astrology,loot,negative_wtp,,india
51c5b9ea-dd7a-43c2-a596-88b9df6c112a,Astrotalk,astrology,waste of money,negative_wtp,,india
59516492-87b5-4978-ac21-de036a65241f,Astrotalk,astrology,Scam,negative_wtp,,india
59516492-87b5-4978-ac21-de036a65241f,Astrotalk,astrology,scam,negative_wtp,,india
4dd0c424-33dc-43e6-a731-7ca95df630af,Astrotalk,astrology,Scam,negative_wtp,,india
05f7c243-fc26-4cd9-9634-af0549663f9d,Astrotalk,astrology,loot,negative_wtp,,india
e8c0ca80-bd8c-4bf9-a170-8ca3388356e5,Astrotalk,astrology,money grab,negative_wtp,,india
89838b83-8b27-4a1f-8eae-69c5b78e88a6,Astrotalk,astrology,loot,negative_wtp,,india
89838b83-8b27-4a1f-8eae-69c5b78e88a6,Astrotalk,astrology,loot,negative_wtp,,india
0e092251-06db-4a79-87c5-bf72190e8cd0,Astrotalk,astrology,scam,negative_wtp,,india
bad63fc9-8904-4207-ab04-0735dfa5d38b,Astrotalk,astrology,loot,negative_wtp,remedies,india
063b3429-b63a-4aa4-ab8e-f8caebaff440,Astrotalk,astrology,Waste of money,negative_wtp,,india
f7860ba6-dd41-4672-ad08-a5945f9862d7,Astrotalk,astrology,loot,negative_wtp,,india
db4a5cde-7a33-488e-8e29-8d71b2aae1d0,Astrotalk,astrology,Scam,negative_wtp,,india
15014e02-d42d-4890-936f-d6500ea5ed57,Astrotalk,astrology,loot,negative_wtp,,india
b0730473-38d7-4680-8401-e6f12c033538,Astrotalk,astrology,waste of money,negative_wtp,,india
681bb88e-533d-48b9-ac36-98fffcb0cafa,Astrotalk,astrology,waste of money,negative_wtp,,india
50f2fa31-633e-4abf-90fa-0098dc64cc65,Astrotalk,astrology,loot,negative_wtp,,india
a6a638dc-89be-4cfa-97f7-74b203535d56,Astrotalk,astrology,waste of money,negative_wtp,,india
ca215c54-f4fd-465a-9777-02a16791218f,Astrotalk,astrology,loot,negative_wtp,,india
d1793eb2-136b-4d52-881c-bbbfcf00d2e5,Astrotalk,astrology,scam,negative_wtp,,india
50256b8a-1a4e-48ec-9ec9-8ce29a76018b,Astrotalk,astrology,scam,negative_wtp,,india
5c2fa8cc-f4d5-4a88-a1a5-ecfe07f659fb,Astrotalk,astrology,scam,negative_wtp,,india
5c2fa8cc-f4d5-4a88-a1a5-ecfe07f659fb,Astrotalk,astrology,loot,negative_wtp,,india
3a23f411-6491-4458-950d-42d42177bab9,Astrotalk,astrology,loot,negative_wtp,,india
a914915f-d500-4597-ae48-60bb423c8ff7,Astrotalk,astrology,scam,negative_wtp,,india
d68d29dc-41cc-41ed-a7ca-23848a77589f,Astrotalk,astrology,not worth,negative_wtp,,india
1edca4dc-a857-4601-bb3d-c890d9d69ab4,Astrotalk,astrology,loot,negative_wtp,,india
1c4f8e00-2f3e-476e-a295-6a87ce90514a,Astrotalk,astrology,loot,negative_wtp,,india
f06d19f0-8726-4d69-98b5-9325916e8eeb,Astrotalk,astrology,value for money,positive_wtp,,india
f06d19f0-8726-4d69-98b5-9325916e8eeb,Astrotalk,astrology,scam,negative_wtp,,india
f055b412-9a07-460b-ac73-5785e04618f4,Astrotalk,astrology,Waste of money,negative_wtp,,india
301c1a3d-d7db-4cd9-9f22-742aac29fc58,Astrotalk,astrology,scam,negative_wtp,,india
301c1a3d-d7db-4cd9-9f22-742aac29fc58,Astrotalk,astrology,loot,negative_wtp,,india
c6c55650-c4c0-4145-9332-3cfb2d8e675c,Astrotalk,astrology,waste of money,negative_wtp,,india
de5f54cc-bdf7-4199-855c-77e6f95e425d,Astrotalk,astrology,scam,negative_wtp,,india
23afd0fb-cb96-47df-b430-cfcd500f2903,Astrotalk,astrology,Scam,negative_wtp,,india
5d88c59d-88a7-4852-9d09-649bda8412ab,Astrotalk,astrology,waste of money,negative_wtp,,india
5d88c59d-88a7-4852-9d09-649bda8412ab,Astrotalk,astrology,scam,negative_wtp,,india
91acc13e-c7a9-4086-8a9c-0192b5aff2f3,Astrotalk,astrology,loot,negative_wtp,remedies,india
17a13d75-53c0-44fc-a5f2-c7825fcce330,Astrotalk,astrology,overpriced,negative_wtp,,india
17a13d75-53c0-44fc-a5f2-c7825fcce330,Astrotalk,astrology,scam,negative_wtp,,india
1d405464-d041-4eb8-bcc5-9bfaecf171b5,Astrotalk,astrology,Waste of money,negative_wtp,,india
b484fa22-0bda-4724-8474-7f8aee1888f7,Astrotalk,astrology,waste of money,negative_wtp,,india
a4f1d309-7763-443f-8f79-b289c9b6146c,Astrotalk,astrology,scam,negative_wtp,,india
8e3b6eac-2080-4c42-b6ad-eb073e81a0a4,Astrotalk,astrology,waste of money,negative_wtp,,india
ecb93aec-a365-44ce-90ee-f9940b990f76,Astrotalk,astrology,scam,negative_wtp,,india
a77219f2-7639-4ed7-9f9e-8fdf58fff523,Astrotalk,astrology,Loot,negative_wtp,,india
3cb218ad-7a50-402d-9bd6-adc5cea60297,Astrotalk,astrology,scam,negative_wtp,,india
ef7c76d1-28f4-4d79-8803-4a9f360c1a8e,Astrotalk,astrology,loot,negative_wtp,,india
2fd3808e-d950-4d0d-b96a-e63671a23c71,Astrotalk,astrology,scam,negative_wtp,,india
12348523-7b40-44bd-8547-e463c7b521e6,Astrotalk,astrology,Scam,negative_wtp,,india
317c7b0c-d8d6-4021-9505-6f7f889684e7,Astrotalk,astrology,scam,negative_wtp,,india
c277dd6b-1904-4af7-893f-27c384909b29,Astrotalk,astrology,scam,negative_wtp,,india
e98303ed-902d-4737-8067-c6e033318082,Astrotalk,astrology,loot,negative_wtp,,india
ef9a4a7c-46ad-44b4-95ca-7fc9ec7aced7,Astrotalk,astrology,loot,negative_wtp,,india
e21c8e74-750b-4006-8cd1-305c24dcefd9,Astrotalk,astrology,scam,negative_wtp,,india
1fa03542-584e-4581-a2ec-db5c226be2fe,Astrotalk,astrology,scam,negative_wtp,,india
1ac829be-fc59-49d5-b846-c7d75b9844d7,Astrotalk,astrology,Scam,negative_wtp,,india
dd73eb39-95dd-4b10-855b-4f041a24bc02,Astrotalk,astrology,loot,negative_wtp,,india
b1f9f6bd-2145-4589-a8a9-1ac3645dc91c,Astrotalk,astrology,scam,negative_wtp,,india
be8a79a9-be2b-4e02-ae0b-dbf12015bbf9,Astrotalk,astrology,Scam,negative_wtp,,india
5b557bb1-bf4e-4eca-b459-6fa36824ef23,Astrotalk,astrology,scam,negative_wtp,,india
160f5140-2fbc-4542-be85-3730c787eace,Astrotalk,astrology,loot,negative_wtp,,india
28a90a3f-514b-4cb7-92d5-204f3ee81aa5,Astrotalk,astrology,take my money,positive_wtp,,india
28a90a3f-514b-4cb7-92d5-204f3ee81aa5,Astrotalk,astrology,waste of money,negative_wtp,,india
b543e38d-1d61-4c9a-9efb-4291dbf72545,Astrotalk,astrology,Waste of money,negative_wtp,,india
f5af9edf-4423-477d-a7fa-2f0d29389da9,Astrotalk,astrology,Waste of money,negative_wtp,,india
1ea85119-7ca0-4cb6-b6c0-b55f5fb5015d,Astrotalk,astrology,Waste of money,negative_wtp,,india
c232218e-7eb1-4844-b954-fecef3c5dc29,Astrotalk,astrology,waste of money,negative_wtp,,india
46ce6361-d4e9-48d0-a732-3686ac6097ca,Astrotalk,astrology,loot,negative_wtp,,india
60b2b3f8-eca8-403d-b9c9-510882b41eec,Astrotalk,astrology,loot,negative_wtp,,india
ec6dfc6c-45cf-4488-a870-c05c6199f2f0,Astrotalk,astrology,scam,negative_wtp,,india
ec6dfc6c-45cf-4488-a870-c05c6199f2f0,Astrotalk,astrology,scam,negative_wtp,,india
52e96da6-e3c7-431b-bde5-04fd57e9e2cb,Astrotalk,astrology,loot,negative_wtp,,india
53c2ca13-cabb-413a-b3ad-ffb03bc9ec91,Astrotalk,astrology,scam,negative_wtp,,india
df4b7021-1edf-426e-8577-55b0b0ceb1e4,Astrotalk,astrology,loot,negative_wtp,,india
33615fec-5f37-4000-a14c-bd5bac5e9a44,Astrotalk,astrology,waste of money,negative_wtp,,india
a08b27f2-0a25-4401-b1d7-435fc81015a0,Astrotalk,astrology,loot,negative_wtp,,india
31b330a4-84eb-4027-b9a5-0acf3fb2af9e,Astrotalk,astrology,loot,negative_wtp,,india
40524950-6bd0-4a19-9822-f42c842a6d37,Astrotalk,astrology,waste of money,negative_wtp,,india
5fcc1c61-df42-4710-ac84-483a0fcd557f,Astrotalk,astrology,scam,negative_wtp,,india
5fcc1c61-df42-4710-ac84-483a0fcd557f,Astrotalk,astrology,loot,negative_wtp,,india
a824812a-8c43-44d8-a12f-c68959036007,Astrotalk,astrology,scam,negative_wtp,,india
654d4dcf-0b39-49f0-a087-d412bf7b5abf,Astrotalk,astrology,waste of money,negative_wtp,,india
c3320f67-93e5-485a-8382-3570de07b844,Astrotalk,astrology,scam,negative_wtp,,india
c3320f67-93e5-485a-8382-3570de07b844,Astrotalk,astrology,scam,negative_wtp,,india
b2a5d587-7e33-45fb-9bc4-b45d4cc01239,Astrotalk,astrology,loot,negative_wtp,,india
5d23a66e-49db-4bda-b779-1d1df30c31fa,Astrotalk,astrology,waste of money,negative_wtp,,india
cf9c4847-084d-4d4f-8cf6-5f81b97bb0ab,Astrotalk,astrology,waste of money,negative_wtp,,india
df942d09-b28f-4910-a484-dd49bc3c2b71,Astrotalk,astrology,scam,negative_wtp,,india
14bf5a26-6c8b-4cad-83ff-9a0f4b3d3e9d,Astrotalk,astrology,waste of money,negative_wtp,,india
72874c1a-ce4c-414e-898f-faf96e113931,Astrotalk,astrology,scam,negative_wtp,,india
72874c1a-ce4c-414e-898f-faf96e113931,Astrotalk,astrology,loot,negative_wtp,,india
d38625ed-bcbe-4a6d-8228-12f5d9d62d71,Astrotalk,astrology,Scam,negative_wtp,,india
d38625ed-bcbe-4a6d-8228-12f5d9d62d71,Astrotalk,astrology,scam,negative_wtp,,india
5e823ebe-c0d0-481f-9b44-f1832cc1b2b3,Astrotalk,astrology,loot,negative_wtp,,india
7e3d684b-5486-43b3-bfe6-81a4aa10bfdc,Astrotalk,astrology,scam,negative_wtp,,india
917e4698-a61d-44aa-9c53-1007edcdccb8,Astrotalk,astrology,scam,negative_wtp,,india
03c628aa-af42-4764-b003-d9e1c08b7b7d,Astrotalk,astrology,waste of money,negative_wtp,,india
03c628aa-af42-4764-b003-d9e1c08b7b7d,Astrotalk,astrology,scam,negative_wtp,,india
b0d07d6a-7558-4c1e-93e0-976d5b6a9901,Astrotalk,astrology,loot,negative_wtp,,india
05ca96dd-3b06-4751-a177-d139dc69074d,Astrotalk,astrology,scam,negative_wtp,,india
9c8d1eb1-ded1-4764-8c49-97a52ad7bd9e,Astrotalk,astrology,loot,negative_wtp,,india
1a13862b-a423-4da9-8134-14418e2d5ca4,Astrotalk,astrology,scam,negative_wtp,,india
1a13862b-a423-4da9-8134-14418e2d5ca4,Astrotalk,astrology,scam,negative_wtp,,india
1a13862b-a423-4da9-8134-14418e2d5ca4,Astrotalk,astrology,scam,negative_wtp,,india
d5f803d4-da06-4cdc-ab22-52822dc025ed,Astrotalk,astrology,scam,negative_wtp,,india
f4369beb-701c-47f2-8c84-fb28bb48eb74,Astrotalk,astrology,waste of money,negative_wtp,,india
0f31fb09-ff39-464f-a185-557b4bbec886,Astrotalk,astrology,scam,negative_wtp,,india
9bf24408-2ac0-42ff-bc74-b3c3db49943e,Astrotalk,astrology,scam,negative_wtp,,india
5aee001c-772d-47ca-acae-ea2bd639383a,Astrotalk,astrology,value for money,positive_wtp,,india
65be5caf-60f5-4e8a-9ac3-e4026654f073,Astrotalk,astrology,waste of money,negative_wtp,,india
7e96d495-3f17-4c77-825a-2f773caa3b22,Astrotalk,astrology,Scam,negative_wtp,,india
deced829-b99f-44ec-af8b-b97cb44e43a2,Astrotalk,astrology,scam,negative_wtp,,india
78deada9-7a22-4046-93b9-faaad1dd206a,Astrotalk,astrology,scam,negative_wtp,,india
fa8f5388-00b6-408e-a532-1ccc42b17438,Astrotalk,astrology,Waste of money,negative_wtp,,india
f1f017a0-e084-4bf2-8b51-2fb2587f67c5,Astrotalk,astrology,scam,negative_wtp,,india
c19d377b-9e0e-466c-b2f1-1a135e83a141,Astrotalk,astrology,too expensive,negative_wtp,,india
ad37e649-0710-40b3-91f6-a75b3204826e,Astrotalk,astrology,scam,negative_wtp,,india
265b9cd2-0616-494c-91d5-cffe8e003522,Astrotalk,astrology,not paying,negative_wtp,,india
82fee4fc-2ed0-4bde-9924-84d7d74577ef,Astrotalk,astrology,scam,negative_wtp,,india
c7f8474c-ed2b-4eb2-8836-a4a2b69b18e3,Astrotalk,astrology,scam,negative_wtp,zodiac,india
81f76ae8-7346-468c-bca2-035eeb2bb620,Astrotalk,astrology,loot,negative_wtp,,india
2eefdf93-f1a7-48a8-8ba8-c16b6fc888f5,Astrotalk,astrology,scam,negative_wtp,,india
ffb878ad-2c17-4ab8-97ba-61faa3b3ea38,Astrotalk,astrology,loot,negative_wtp,,india
b5479ca6-b9e9-4a2e-8843-6fc9455243d4,Astrotalk,astrology,scam,negative_wtp,,india
c975fc30-6f63-42d8-8572-e0008fec7c0e,Astrotalk,astrology,loot,negative_wtp,,india
802d4570-4759-4ef8-8d4b-02a15df5e4dc,Astrotalk,astrology,Waste of money,negative_wtp,,india
af8caf31-d94a-4df5-bee1-e99e9dd44f36,Astrotalk,astrology,SCAM,negative_wtp,,india
21858edf-d1b0-43af-b9ca-757f5e67ac66,Astrotalk,astrology,Too expensive,negative_wtp,,india
a3bd8eae-9278-4435-94a3-67b9c512fd48,Astrotalk,astrology,scam,negative_wtp,,india
fcd24b96-fe90-47ef-87cf-8da15d6c53c0,Astrotalk,astrology,waste of money,negative_wtp,,india
417765c8-b011-497f-8156-9c5426714717,Astrotalk,astrology,Scam,negative_wtp,,india
c9cdd50f-856a-4849-9d0b-1b9d9c668318,Astrotalk,astrology,scam,negative_wtp,,india
c9cdd50f-856a-4849-9d0b-1b9d9c668318,Astrotalk,astrology,loot,negative_wtp,,india
789ef181-36ca-44fa-91ed-46a328987046,Astrotalk,astrology,scam,negative_wtp,,india
23f8287c-2a62-48af-9773-fb81c7e5917d,Astrotalk,astrology,loot,negative_wtp,,india
0086502b-d60b-486c-b8a6-7b31adb77675,Astrotalk,astrology,waste of money,negative_wtp,,india
0086502b-d60b-486c-b8a6-7b31adb77675,Astrotalk,astrology,waste of money,negative_wtp,,india
3b4039dd-9bbb-487f-bad6-b7302ed998a6,Astrotalk,astrology,Cancelled subscription,negative_wtp,,india
0d82732f-21c8-4930-a6f4-d9eaa65a8696,Astrotalk,astrology,scam,negative_wtp,,india
17a89a34-2995-45f3-9fc2-6d950ddbe797,Astrotalk,astrology,scam,negative_wtp,,india
833eb1b4-fb92-4dde-920d-56f05527a9dd,Astrotalk,astrology,loot,negative_wtp,,india
6e4d89b5-a450-42ea-b21c-29672acdc140,Astrotalk,astrology,scam,negative_wtp,,india
74beeb25-9fce-46e8-993f-9b1457753cbb,Astrotalk,astrology,scam,negative_wtp,,india
f1d69d30-5b21-46f2-855a-a44d922db62c,Astrotalk,astrology,scam,negative_wtp,,india
f1d69d30-5b21-46f2-855a-a44d922db62c,Astrotalk,astrology,scam,negative_wtp,,india
d7000554-e05b-4e84-8398-a2dc4cba3690,Astrotalk,astrology,scam,negative_wtp,,india
d7000554-e05b-4e84-8398-a2dc4cba3690,Astrotalk,astrology,SCAM,negative_wtp,,india
53e0f535-e1f0-45d7-a980-0492ee7d9874,Astrotalk,astrology,waste of money,negative_wtp,,india
b3e8a673-d098-4002-b970-1ebc087223b3,Astrotalk,astrology,loot,negative_wtp,,india
a91dcd11-522e-43fc-9f74-bc6c33a52561,Astrotalk,astrology,loot,negative_wtp,,india
5114926c-8624-43f6-9c76-13d7c694b00a,Astrotalk,astrology,scam,negative_wtp,,india
35d73a71-78aa-413a-baab-e7a70e521145,Astrotalk,astrology,waste of money,negative_wtp,,india
e43381a9-3944-4363-9983-3297570d9d59,Astrotalk,astrology,loot,negative_wtp,,india
988e7d3f-8b3c-402c-b1d0-d8b8a8dd2007,Astrotalk,astrology,Scam,negative_wtp,,india
8613dc68-7ccc-4dcc-9eb8-c738ca6fa750,Astrotalk,astrology,scam,negative_wtp,,india
6095e93e-2ef7-411c-a133-04a2879aa767,Astrotalk,astrology,scam,negative_wtp,,india
0512897d-1634-44d7-b461-f7da144882f9,Astrotalk,astrology,scam,negative_wtp,,india
a900dfcc-58f0-4dfd-9ade-1df43488c35e,Astrotalk,astrology,loot,negative_wtp,,india
06e80617-af3f-4769-ae14-665c5ec07e3d,Astrotalk,astrology,loot,negative_wtp,,india
4f587739-fc6b-46ee-8cc9-f4505aebf80c,Astrotalk,astrology,Paisa barbaad,negative_wtp,,india
d04522ab-68de-49cb-a3af-b44f409a0216,Astrotalk,astrology,scam,negative_wtp,,india
1d9a744b-016e-49d9-83e9-343e6aa692eb,Astrotalk,astrology,loot,negative_wtp,,india
955e3ac8-71eb-4101-9a0f-f6eeecb5a861,Astrotalk,astrology,scam,negative_wtp,,india
0beb4da0-85b6-49a9-8679-88681e8bde45,Astrotalk,astrology,not worth,negative_wtp,,india
96f10142-dc43-4805-bc90-80b820e7a623,Astrotalk,astrology,waste of money,negative_wtp,,india
e5081508-5a7d-4816-8a1f-178c302d93a5,Astrotalk,astrology,scam,negative_wtp,,india
f421239e-9d2e-46de-b0a2-c5eab8b701da,Astrotalk,astrology,scam,negative_wtp,,india
f421239e-9d2e-46de-b0a2-c5eab8b701da,Astrotalk,astrology,scam,negative_wtp,,india
4d6b60fd-292b-4da2-a83c-c5d3a635117a,Astrotalk,astrology,scam,negative_wtp,,india
4d6b60fd-292b-4da2-a83c-c5d3a635117a,Astrotalk,astrology,Loot,negative_wtp,,india
563c21c8-9d55-4a6f-a87a-9e641b4d7817,Astrotalk,astrology,waste of money,negative_wtp,,india
6ff3bf29-6a8c-48a3-8db1-f6e2974e4c35,Astrotalk,astrology,waste of money,negative_wtp,,india
942cf29e-605e-4ce1-bf94-4763c2f2d361,Astrotalk,astrology,scam,negative_wtp,,india
b95e3c5b-502e-4843-872b-2197fdb063ad,Astrotalk,astrology,waste of money,negative_wtp,,india
1c4d8136-274e-4de7-80e3-26dfb1ea3b98,Astrotalk,astrology,loot,negative_wtp,,india
b575964e-02c7-4b5a-b0d7-0fa64b811d63,Astrotalk,astrology,loot,negative_wtp,,india
61413c21-5a3c-4412-a3c3-339f2bb984b0,Astrotalk,astrology,scam,negative_wtp,,india
61413c21-5a3c-4412-a3c3-339f2bb984b0,Astrotalk,astrology,scam,negative_wtp,,india
61413c21-5a3c-4412-a3c3-339f2bb984b0,Astrotalk,astrology,loot,negative_wtp,,india
6e344904-8805-48a4-a0fa-eb2c0b54fd1c,Astrotalk,astrology,scam,negative_wtp,,india
00a04fb4-75fd-4d4b-a0ed-4c68a58aca00,Astrotalk,astrology,loot,negative_wtp,,india
b0ebb0a6-ba36-4f06-a154-382920a19b70,Astrotalk,astrology,scam,negative_wtp,,india
b0ebb0a6-ba36-4f06-a154-382920a19b70,Astrotalk,astrology,scam,negative_wtp,,india
80166445-006c-4127-868a-c994c96972e0,Astrotalk,astrology,waste of money,negative_wtp,,india
877cc111-1771-4762-93c5-ffb849943df3,Astrotalk,astrology,scam,negative_wtp,,india
47db706f-6f60-46e2-a920-491df365d64f,Astrotalk,astrology,scam,negative_wtp,,india
f402b117-ad34-4a96-b494-28686fbdbabe,Astrotalk,astrology,scam,negative_wtp,,india
e3a1f8ff-5f8a-4a45-981b-7a7d9b6dee16,Astrotalk,astrology,loot,negative_wtp,,india
fbc46d74-4852-4715-8c5f-1bd8c21f6c3c,Astrotalk,astrology,scam,negative_wtp,,india
de71f0f8-49db-4b4b-8f74-4f1331e5e2c1,Astrotalk,astrology,Scam,negative_wtp,,india
c3b97c7c-7a53-47c9-9928-5bbcf9208ed0,Astrotalk,astrology,scam,negative_wtp,kundli,india
9e749275-6c51-4aa9-b336-dc279dd61b20,Astrotalk,astrology,Scam,negative_wtp,,india
1fbba941-a469-49db-b552-434bdb091fab,Astrotalk,astrology,loot,negative_wtp,,india
4d72e77f-7c9d-432a-86df-1614a5e962d9,Astrotalk,astrology,scam,negative_wtp,,india
899e03b8-1b97-4413-98a9-3cc677cb20e7,Astrotalk,astrology,scam,negative_wtp,,india
de1457b5-55f4-492f-9199-82cc07678831,Astrotalk,astrology,Scam,negative_wtp,,india
02dbdc3b-d482-44d2-9ae1-d825a5468fd0,Astrotalk,astrology,scam,negative_wtp,,india
78fab2ed-2075-4433-82ee-f0bd65e0f60f,Astrotalk,astrology,scam,negative_wtp,,india
4a4845eb-2bc5-4fc6-971f-35c3cb918925,Astrotalk,astrology,scam,negative_wtp,,india
4a4845eb-2bc5-4fc6-971f-35c3cb918925,Astrotalk,astrology,SCAM,negative_wtp,,india
8aefbd94-805c-4300-b3ce-0d48615745d7,Astrotalk,astrology,waste of money,negative_wtp,,india
4ea89de5-c4dc-422e-b604-f74a4540c603,Astrotalk,astrology,scam,negative_wtp,,india
83e10a5e-0b9d-441d-9cea-262ca44862a1,Astrotalk,astrology,loot,negative_wtp,,india
71804ef6-08ff-489c-b8e2-b347b318cdf9,Astrotalk,astrology,scam,negative_wtp,,india
4fc287b6-36eb-4b13-99bd-66de50915de2,Astrotalk,astrology,loot,negative_wtp,,india
dc0de848-c270-4acc-9ec6-56f7c6c8edfb,Astrotalk,astrology,Scam,negative_wtp,,india
7830b012-fb49-403e-91f1-5c2555a3d07d,Astrotalk,astrology,waste of money,negative_wtp,,india
041199a6-d444-4c90-b882-9d0db19aba1d,Astrotalk,astrology,scam,negative_wtp,,india
041199a6-d444-4c90-b882-9d0db19aba1d,Astrotalk,astrology,loot,negative_wtp,,india
b0be24ed-152b-405e-ac0e-04c90a4a40ef,Astrotalk,astrology,scam,negative_wtp,,india
93ba735b-41ae-4dc9-bee0-3796d418947a,Astrotalk,astrology,loot,negative_wtp,rashi,india
93ba735b-41ae-4dc9-bee0-3796d418947a,Astrotalk,astrology,loot,negative_wtp,,india
92f27f40-c714-4117-a7a5-58a039378a25,Astrotalk,astrology,waste of money,negative_wtp,,india
7323bc16-6a61-4c52-9431-492397e0c444,Astrotalk,astrology,Waste of money,negative_wtp,,india
68370e2d-39c3-4da6-b27d-bb5928c98cc4,Astrotalk,astrology,waste of money,negative_wtp,,india
9c84111d-ea90-4f14-a1c3-8293f41ec5fd,Astrotalk,astrology,loot,negative_wtp,,india
7984f003-9187-4ad3-aa73-f29e63b3bf78,Astrotalk,astrology,scam,negative_wtp,,india
616c34db-495c-4d7f-a840-611ef1339cf9,Astrotalk,astrology,scam,negative_wtp,,india
2bf82f7f-c417-45a8-b944-751079800bf7,Astrotalk,astrology,loot,negative_wtp,,india
6e10df6b-2c2a-42d0-b6cf-058cc8ad6894,Astrotalk,astrology,scam,negative_wtp,,india
5ebf1c9f-c5b7-4f25-81b2-e6c7944253ee,Astrotalk,astrology,scam,negative_wtp,,india
33eaafce-4b86-42bc-a009-ce87d4b08bb9,Astrotalk,astrology,scam,negative_wtp,,india
b4ef84a9-af2d-4e1f-ab3d-b3df66382f9b,Astrotalk,astrology,scam,negative_wtp,,india
09cdef5d-c1db-4ba8-9cce-4e005d13ab50,Astrotalk,astrology,Scam,negative_wtp,,india
8f545c0b-b4ed-469f-a5ae-1b01dc2fee50,Astrotalk,astrology,scam,negative_wtp,,india
842bd265-4467-4c5d-bb2d-9676484ee2ad,Astrotalk,astrology,scam,negative_wtp,,india
e8853a0b-a7ba-49d1-86ad-2f43688552fa,Astrotalk,astrology,scam,negative_wtp,,india
10910e5a-e99f-479c-9568-12f88a04dbd3,Astrotalk,astrology,scam,negative_wtp,remedies,india
10910e5a-e99f-479c-9568-12f88a04dbd3,Astrotalk,astrology,scam,negative_wtp,,india
bfa82896-0351-4a22-b51f-2d08d458af04,Astrotalk,astrology,Waste of money,negative_wtp,,india
df4c5e82-5edc-44c4-b8b4-1271616914e7,Astrotalk,astrology,waste of money,negative_wtp,,india
6b21eb72-8b73-4c79-8d58-6dd1cfd0a9ca,Astrotalk,astrology,Loot,negative_wtp,,india
60832b93-c7ce-4896-b29a-8c8f7d2a8849,Astrotalk,astrology,loot,negative_wtp,,india
3fa55bb6-c29d-4d19-8a48-2433c08d1d8f,Astrotalk,astrology,waste of money,negative_wtp,,india
2f5114ea-5df0-4bb6-a8bf-65db9f58fb8f,Astrotalk,astrology,waste of money,negative_wtp,,india
853fc97f-6d28-49d1-8a83-e1178f3b057b,Astrotalk,astrology,scam,negative_wtp,,india
2a6f06f0-1dce-4e32-97ff-cba3ba6b8df7,Astrotalk,astrology,scam,negative_wtp,,india
2bdf7ae0-a240-4e1c-9875-11503171d102,Astrotalk,astrology,scam,negative_wtp,,india
43328f83-5f9d-4fcd-a196-337c95a9a307,Astrotalk,astrology,scam,negative_wtp,,india
b506c485-e919-4324-93ae-85ec5f524f77,Astrotalk,astrology,loot,negative_wtp,,india
6f88e66d-602b-4ab1-8156-d43c53aca0f0,Astrotalk,astrology,loot,negative_wtp,,india
56691a70-53f7-4200-8b5f-a2ce42bd41ee,Astrotalk,astrology,waste of money,negative_wtp,,india
79020553-c3f4-4f1c-ba55-ce878c244674,Astrotalk,astrology,Waste of money,negative_wtp,,india
69be1479-73b1-47ef-8ccb-8e8f6ea6aebe,Astrotalk,astrology,loot,negative_wtp,,india
eb7e8542-8aaf-4a14-8b9b-c5e44c5b492c,Astrotalk,astrology,Scam,negative_wtp,,india
f3a434e8-83f7-463f-b000-7f3d11bc9bd7,Astrotalk,astrology,Waste of Money,negative_wtp,,india
9236fb6d-120a-4cbf-a50f-49a416e4a8fc,Astrotalk,astrology,scam,negative_wtp,,india
1a29ffda-128b-4360-a822-0ca4e222894f,Astrotalk,astrology,scam,negative_wtp,,india
4560c5c8-68a4-4994-941c-f92b360af2c3,Astrotalk,astrology,scam,negative_wtp,,india
3bdc741c-0719-497e-bdaf-936f0e38c99b,Astrotalk,astrology,Scam,negative_wtp,,india
4014db47-4c7b-4a47-bc0c-0a6c9f241caf,Astrotalk,astrology,Waste of money,negative_wtp,,india
90daead7-b5c9-4b60-9f30-0184dc45cee3,Astrotalk,astrology,waste of money,negative_wtp,,india
03bf0dcb-3efb-48c1-881b-2e7771a0231b,Astrotalk,astrology,Waste of money,negative_wtp,,india
ac2b0a76-d3b0-4a41-9c82-c2576eb0e536,Astrotalk,astrology,loot,negative_wtp,,india
cee61566-5f3e-4922-94d2-60b67a4b28d8,Astrotalk,astrology,Never pay,negative_wtp,,india
aa83014c-2663-4978-ab51-584e76476e94,Astrotalk,astrology,loot,negative_wtp,,india
3e8f874a-3dda-428a-8e7a-9f18c7cd17aa,Astrotalk,astrology,loot,negative_wtp,,india
802b833b-5194-40b4-bf3b-090bd7215138,Astrotalk,astrology,loot,negative_wtp,,india
49587548-7820-4f17-9c3f-6be0bfe68411,Astrotalk,astrology,loot,negative_wtp,remedies,india
49587548-7820-4f17-9c3f-6be0bfe68411,Astrotalk,astrology,loot,negative_wtp,remedies,india
1cd30d9e-311c-431d-84b1-872479ce2655,Astrotalk,astrology,waste of money,negative_wtp,,india
e39d698c-d007-455e-9f07-94ece764434f,Astrotalk,astrology,scam,negative_wtp,,india
19f05f9b-ae84-4a15-a38c-6b25467b654b,Astrotalk,astrology,waste of money,negative_wtp,,india
b96f6709-4366-4653-8575-ff6ad572a426,Astrotalk,astrology,loot,negative_wtp,remedies,india
23905fde-9d89-4791-b84c-932c41d7cb1b,Astrotalk,astrology,scam,negative_wtp,,india
f0d1b84e-6ec4-4beb-a688-ecd2726589cc,Astrotalk,astrology,scam,negative_wtp,,india
e60162fe-eb77-4646-b3f2-ec51b2be7d96,Astrotalk,astrology,too costly,negative_wtp,remedies,india
48828df0-e656-472a-aea0-9f40046f94cc,Astrotalk,astrology,scam,negative_wtp,,india
9f568110-c6ae-4d20-99d1-ef0d9b263f83,Astrotalk,astrology,waste of money,negative_wtp,,india
b095e8d7-ca00-48a4-a1ae-cc532da1698a,Astrotalk,astrology,scam,negative_wtp,,india
6f86d52c-20f6-4e4e-be25-6f1fcbc1a036,Astrotalk,astrology,Scam,negative_wtp,,india
1759fd38-929b-4c1a-8e9b-93a9fa989e7d,Astrotalk,astrology,scam,negative_wtp,,india
11b2575f-9a79-4f4a-8b34-78454a4677f0,Astrotalk,astrology,scam,negative_wtp,,india
5dc43faf-08ba-4eb8-9cc6-54538f000308,Astrotalk,astrology,loot,negative_wtp,,india
56118196-b3b1-46ff-873f-ad401e822bba,Astrotalk,astrology,waste of money,negative_wtp,,india
d93bf524-4e68-41c7-8f19-3aefafefbf49,Astrotalk,astrology,waste of money,negative_wtp,,india
d93bf524-4e68-41c7-8f19-3aefafefbf49,Astrotalk,astrology,scam,negative_wtp,,india
443f7e01-0da0-41e3-8328-5e047a676c71,Astrotalk,astrology,not worth,negative_wtp,tarot,india
fef9a536-6ebb-4cca-a0ac-420bce9996e7,Astrotalk,astrology,Not worth,negative_wtp,,india
03d027f6-a7c9-42cd-bb4a-020cd4f5de27,Astrotalk,astrology,waste of money,negative_wtp,,india
03d027f6-a7c9-42cd-bb4a-020cd4f5de27,Astrotalk,astrology,waste of money,negative_wtp,,india
acd7b5cb-f2f0-419b-909e-b7a598d49f6b,Astrotalk,astrology,loot,negative_wtp,,india
c5b5b7d1-c98c-4054-871c-fab15f1efed9,Astrotalk,astrology,waste of money,negative_wtp,,india
e65bb8d6-1966-4ebc-ae32-426fb4edbe2e,Astrotalk,astrology,loot,negative_wtp,,india
37a8f6db-d7b4-4ed2-8834-a948ed02d1dd,Astrotalk,astrology,scam,negative_wtp,,india
e1acc32b-bed0-4349-abf3-fc01f7c0d958,Astrotalk,astrology,scam,negative_wtp,,india
b37868ac-527c-4087-b4ee-0550a68777be,Astrotalk,astrology,scam,negative_wtp,,india
16e0a94a-74ba-4fd7-83cb-55b36e020ad2,Astrotalk,astrology,loot,negative_wtp,,india
542d327e-cbd0-4485-97d1-0ef880bdbecd,Astrotalk,astrology,Waste of money,negative_wtp,,india
87ec7731-0dff-4506-b2dc-b3b61fae598b,Astrotalk,astrology,loot,negative_wtp,,india
ae006aec-2383-46a9-8586-1442c561c804,Astrotalk,astrology,loot,negative_wtp,,india
843905ca-2892-4c46-832b-221b5839be98,Astrotalk,astrology,waste of money,negative_wtp,,india
bb0a6fc9-7f4a-467c-8705-befc45e9960f,Astrotalk,astrology,scam,negative_wtp,,india
297fb8ee-530c-4bb2-bc10-8ad19d166a7d,Astrotalk,astrology,scam,negative_wtp,,india
1e3c93ea-c16d-4903-a7b1-bdef886d0d59,Astrotalk,astrology,waste of money,negative_wtp,,india
7c8dea77-ce18-4fce-8393-6013350bc1e5,Astrotalk,astrology,Paisa barbaad,negative_wtp,,india
f43e3580-d401-4342-abb1-dd106e7b8dc3,Astrotalk,astrology,waste of money,negative_wtp,,india
137a64e0-eb18-478b-96ad-f341ed342013,Astrotalk,astrology,scam,negative_wtp,,india
24db4fe2-decd-4ceb-b92e-44a419c500b5,Astrotalk,astrology,loot,negative_wtp,,india
1bea882a-8bb3-48cd-970a-ef4db373b47a,Astrotalk,astrology,Loot,negative_wtp,,india
f883ea1c-9dff-4d17-9c36-4262b8938828,Astrotalk,astrology,Waste of money,negative_wtp,,india
733f4893-1142-4ff9-8119-88896fa50d61,Astrotalk,astrology,loot,negative_wtp,,india
fbb661cd-4331-412a-a217-4265b70824b9,Astrotalk,astrology,scam,negative_wtp,,india
bee2b1db-354a-4df1-b77e-6bc745a1546f,Astrotalk,astrology,scam,negative_wtp,,india
1841f83b-0895-42fc-8469-832c70401064,Astrotalk,astrology,scam,negative_wtp,,india
7cf1905a-e712-49b9-b601-6bac34f061d0,Astrotalk,astrology,scam,negative_wtp,,india
6f148441-3761-42b4-b86a-f700e1cf7ffa,Astrotalk,astrology,scam,negative_wtp,,india
3c010080-b6a5-4039-bae3-a9744bfbe30d,Astrotalk,astrology,scam,negative_wtp,,india
c66084fe-52da-4e0c-bf68-b365bfeaf89b,Astrotalk,astrology,loot,negative_wtp,,india
c4b9bdc9-d5ae-46e9-ae42-dc812a488cba,Astrotalk,astrology,scam,negative_wtp,,india
518c946c-2a92-4732-af79-fd78ebfb9e07,Astrotalk,astrology,scam,negative_wtp,,india
8d025b53-0f6e-4293-b9f9-1c717b52d5c7,Astrotalk,astrology,waste of money,negative_wtp,,india
2fad98a6-b071-493c-a704-aaf074a3a682,Astrotalk,astrology,scam,negative_wtp,,india
57f28eea-9d81-4558-9ed1-5a2fb7d5f4c0,Astrotalk,astrology,loot,negative_wtp,,india
e7688618-a9bf-4a5f-97c5-125b485fcf8c,Astrotalk,astrology,scam,negative_wtp,,india
0377e16d-bd2b-42b1-a408-5b03d1cd13dd,Astrotalk,astrology,scam,negative_wtp,,india
a8737957-0200-4d05-aae9-1b21c19703d2,Astrotalk,astrology,not worth,negative_wtp,,india
6a9f5b8a-f0c7-43b1-b251-5ead7a37c400,Astrotalk,astrology,scam,negative_wtp,,india
178653bc-3875-4861-92ac-2ab2116e4715,Astrotalk,astrology,loot,negative_wtp,,india
178653bc-3875-4861-92ac-2ab2116e4715,Astrotalk,astrology,loot,negative_wtp,,india
45a3801f-c610-482c-acf7-c3b1b1e80da9,Astrotalk,astrology,WASTE OF MONEY,negative_wtp,,india
25e6dfc5-e32e-4a7e-a229-4dc31841104a,Astrotalk,astrology,scam,negative_wtp,,india
25e6dfc5-e32e-4a7e-a229-4dc31841104a,Astrotalk,astrology,scam,negative_wtp,,india
e1040a53-300e-4042-afb0-0e938795831e,Astrotalk,astrology,LOOT,negative_wtp,,india
a22295a7-3930-4520-ac7d-20906ac08672,Astrotalk,astrology,loot,negative_wtp,,india
b1d41126-7ae1-46d8-b75b-f5f9f7a6c2c8,Astrotalk,astrology,Scam,negative_wtp,,india
1f13e6bd-fb19-401d-aabb-fc2a188f28b3,Astrotalk,astrology,scam,negative_wtp,,india
fb824039-407e-420a-aabf-cb6bab88ec7e,Astrotalk,astrology,loot,negative_wtp,,india
7bca38f6-9ba5-44f1-862e-896d44ecb5e8,Astrotalk,astrology,scam,negative_wtp,,india
214a7ca9-26af-44f5-80f0-08ba5ffe4b3d,Astrotalk,astrology,scam,negative_wtp,,india
241116c0-21d7-41d8-bc3e-6042c9b80d8f,Astrotalk,astrology,loot,negative_wtp,,india
cb55c5da-08c5-4140-acc3-08604126f687,Astrotalk,astrology,scam,negative_wtp,,india
67b19098-08d1-41ff-a531-4668474bc13d,Astrotalk,astrology,Loot,negative_wtp,,india
e989a3ac-6661-4f63-a6ea-5b8848a0748b,Astrotalk,astrology,scam,negative_wtp,,india
ed2c6cf0-949c-4632-9e74-58c9c2e02283,Astrotalk,astrology,waste of money,negative_wtp,,india
b7b86beb-e0ae-40fb-ae05-4a53a15c667f,Astrotalk,astrology,Scam,negative_wtp,,india
47241ec8-8eed-4e1f-8c0b-35fb2278291d,Astrotalk,astrology,not worth,negative_wtp,,india
1c66fa4d-47a0-44e3-b06b-f80cd92217ee,Astrotalk,astrology,scam,negative_wtp,,india
b1422cb7-709c-4cf6-8b03-9375a7e9eea7,Astrotalk,astrology,scam,negative_wtp,,india
b06f1c46-9acd-418b-9027-e8df1b3ae35a,Astrotalk,astrology,loot,negative_wtp,,india
f7230f40-0a69-4670-a446-69254ead561a,Astrotalk,astrology,loot,negative_wtp,,india
c61be284-1d6d-4ebd-9d3a-17743e2829c4,Astrotalk,astrology,scam,negative_wtp,,india
a90b10f7-9381-4b98-89a4-351a85fa868a,Astrotalk,astrology,scam,negative_wtp,,india
544c0c93-831f-4f21-b69f-80a051177b8d,Astrotalk,astrology,scam,negative_wtp,,india
2f9ca504-3c7d-4583-b725-d5598b42ec2b,Astrotalk,astrology,waste of money,negative_wtp,,india
09ed6746-83b7-40a1-a0ef-02e7ceea0f94,Astrotalk,astrology,scam,negative_wtp,,india
44b92be8-5a0e-4fae-9d52-1d203209851f,Astrotalk,astrology,loot,negative_wtp,,india
fa496020-23d3-457a-9a19-8884ae5227e7,Astrotalk,astrology,scam,negative_wtp,,india
190f89a1-e16f-43d8-8b14-c8287f497ad9,Astrotalk,astrology,scam,negative_wtp,,india
f319bdad-f57b-4f0b-9241-b29f3a6f72fb,Astrotalk,astrology,loot,negative_wtp,,india
b6e88c68-ded6-4bcb-bcd4-70495cba15f8,Astrotalk,astrology,loot,negative_wtp,,india
48d1aeab-f3b3-4dad-ac3a-d40f4bef7228,Astrotalk,astrology,loot,negative_wtp,,india
2c4b2bdb-a9f5-4e23-a8df-990770540cff,Astrotalk,astrology,scam,negative_wtp,,india
0e574312-1644-4543-8fec-5e53158befcf,Astrotalk,astrology,Waste of money,negative_wtp,pooja,india
62df309a-7557-47b7-869e-427f4e4aaab1,Astrotalk,astrology,Scam,negative_wtp,,india
55c610bc-20b1-4e81-9aab-cc79a39fa47e,Astrotalk,astrology,Scam,negative_wtp,,india
82fce277-47f3-4f01-964a-1cc94e1c240d,Astrotalk,astrology,Waste of money,negative_wtp,,india
0becf914-6d41-4b38-9061-36af904e8db0,Astrotalk,astrology,scam,negative_wtp,,india
e7882b53-24ef-44b8-a294-907be6aec146,Astrotalk,astrology,loot,negative_wtp,,india
091e5f03-3bb3-4494-a763-f8d557b344cd,Astrotalk,astrology,scam,negative_wtp,,india
fa050f8d-9921-4082-9569-95a2023ab55a,Astrotalk,astrology,SCAM,negative_wtp,,india
30132301-c650-43c1-a9b1-1bb705ac3ff6,Astrotalk,astrology,scam,negative_wtp,,india
30132301-c650-43c1-a9b1-1bb705ac3ff6,Astrotalk,astrology,scam,negative_wtp,,india
46693336-56b5-4240-a112-ee730c85e3c1,Astrotalk,astrology,scam,negative_wtp,kundli,india
27740c58-4672-44ae-9761-1d8bb597c1ac,Astrotalk,astrology,scam,negative_wtp,,india
c4a3ee1a-1d09-4f51-b035-4270f82d44d8,Astrotalk,astrology,should be free,negative_wtp,,india
e7769925-7459-416d-9b8b-cc01a83f0a0e,Astrotalk,astrology,scam,negative_wtp,,india
770eb38c-490c-475e-b97e-7ed2e8cfa067,Astrotalk,astrology,scam,negative_wtp,,india
f38d8000-89ac-4802-acaa-031b291275a3,Astrotalk,astrology,scam,negative_wtp,,india
3f8267f0-61af-4444-804b-765b795e392d,Astrotalk,astrology,Scam,negative_wtp,,india
922db7e3-6b1a-437a-9631-1cdf0d69738c,Astrotalk,astrology,loot,negative_wtp,,india
8e8e25d2-02e8-45bf-a881-3fabb46ec141,Astrotalk,astrology,loot,negative_wtp,,india
746b406d-eef3-4023-b138-48e9f8c1b0a9,Astrotalk,astrology,SCAM,negative_wtp,,india
5aaf81cc-cbba-4d57-9f3b-25da9313187d,Astrotalk,astrology,waste of money,negative_wtp,,india
d44eb1c6-d2b4-48ce-960d-586164688b69,Astrotalk,astrology,scam,negative_wtp,,india
1f3f6bd7-42b0-4e19-88af-17c09acccf80,Astrotalk,astrology,waste of money,negative_wtp,,india
0ae3aead-2ec0-4023-b96e-1658f6e57041,Astrotalk,astrology,loot,negative_wtp,,india
f609fb24-75e9-4113-8434-d1b340eff750,Astrotalk,astrology,scam,negative_wtp,kundli,india
e8bc7c9e-d32f-46ee-a7b0-39a7067cf591,Astrotalk,astrology,waste of money,negative_wtp,,india
e8bc7c9e-d32f-46ee-a7b0-39a7067cf591,Astrotalk,astrology,loot,negative_wtp,,india
5aa8bee2-a2c9-4c40-a7b8-3f9bf427c990,Astrotalk,astrology,waste of money,negative_wtp,,india
3321c9c7-df0a-44a0-bba6-fe8cb7691d15,Astrotalk,astrology,Waste of money,negative_wtp,,india
a428699d-11a7-43cf-ba68-40a6507ea1dd,Astrotalk,astrology,scam,negative_wtp,,india
b6757e56-b247-45f4-9cc8-e8d94e973d65,Astrotalk,astrology,scam,negative_wtp,kundli,india
e5b880c3-201f-4797-96c9-4fc0daea0421,Astrotalk,astrology,waste of money,negative_wtp,,india
e5b880c3-201f-4797-96c9-4fc0daea0421,Astrotalk,astrology,waste of money,negative_wtp,,india
55211d14-4483-45b0-99b7-cb05a0fc82de,Astrotalk,astrology,loot,negative_wtp,,india
8f10781e-d3f7-4d22-8962-08d7c05b33e9,Astrotalk,astrology,scam,negative_wtp,,india
ebfe5c71-690f-43d7-8523-e9cdf7af0089,Astrotalk,astrology,loot,negative_wtp,,india
ebfe5c71-690f-43d7-8523-e9cdf7af0089,Astrotalk,astrology,loot,negative_wtp,,india
c449787f-1370-4699-9de2-c83894870605,Astrotalk,astrology,scam,negative_wtp,,india
3239dc0a-a2e4-4ccd-853f-ef2f3a5c8f5e,Astrotalk,astrology,loot,negative_wtp,,india
3239dc0a-a2e4-4ccd-853f-ef2f3a5c8f5e,Astrotalk,astrology,loot,negative_wtp,,india
77d0ea96-37f4-4b6c-9175-dc152f178525,Astrotalk,astrology,Waste of money,negative_wtp,,india
90129da9-fd5e-4f20-aceb-8980c8d8c5de,Astrotalk,astrology,loot,negative_wtp,kundli,india
613fb74d-d14f-4711-b83c-6a07889649b2,Astrotalk,astrology,scam,negative_wtp,,india
7688c47d-02b5-427c-8677-7da6792f5787,Astrotalk,astrology,scam,negative_wtp,,india
efa9338e-b87a-41bf-84d6-f50da1deba32,Astrotalk,astrology,scam,negative_wtp,,india
43b00c9c-1aaf-4e71-8d31-a6dda3b5cd3a,Astrotalk,astrology,scam,negative_wtp,,india
e2d54c8c-693c-42f4-bf0c-971bd7c4309a,Astrotalk,astrology,loot,negative_wtp,,india
988d1e8b-a054-46a4-a572-7bd69d5d0f71,Astrotalk,astrology,loot,negative_wtp,,india
8a86ef98-3cb3-4fce-9703-0a88acfe48af,Astrotalk,astrology,Waste of money,negative_wtp,,india
edba6db7-9c30-49be-b665-c95b59fba8d3,Astrotalk,astrology,scam,negative_wtp,,india
41555ad8-84d1-4074-af72-16992deb9e5f,Astrotalk,astrology,waste of money,negative_wtp,,india
61464ae7-89df-4188-a830-f6ac5264d390,Astrotalk,astrology,scam,negative_wtp,,india
ba1138f6-134f-4cd0-9ef1-762bc932e797,Astrotalk,astrology,scam,negative_wtp,,india
cf53befb-1e3a-4318-a13f-5ce994a95723,Astrotalk,astrology,scam,negative_wtp,,india
f4cc6bbb-b4cb-4e7d-ba85-339faf32c000,Astrotalk,astrology,loot,negative_wtp,,india
73745de6-f8a3-4076-9c7e-5e4bc5a677df,Astrotalk,astrology,scam,negative_wtp,,india
15235526-de5e-45d8-a420-834045808cfb,Astrotalk,astrology,Waste of money,negative_wtp,,india
eff1fa1b-0083-49ef-a2b8-88e9fda978f4,Astrotalk,astrology,waste of money,negative_wtp,,india
984b7d9a-877c-48a0-b3a8-bad2d4ccc302,Astrotalk,astrology,scam,negative_wtp,,india
66be6a9f-044c-48e8-85bd-381781a8c586,Astrotalk,astrology,Scam,negative_wtp,,india
5942a5f3-f28b-414a-90ba-372b0979c125,Astrotalk,astrology,scam,negative_wtp,,india
7878aab3-420a-41b2-911d-d0f2889503bd,Astrotalk,astrology,scam,negative_wtp,,india
8935b6cb-1010-4dee-b786-ef698e2cda2b,Astrotalk,astrology,scam,negative_wtp,,india
27820d5c-f90c-4a21-8a9f-988f4acd141e,Astrotalk,astrology,loot,negative_wtp,,india
27820d5c-f90c-4a21-8a9f-988f4acd141e,Astrotalk,astrology,loot,negative_wtp,,india
4ebb395c-0391-4cd0-9f64-90e7d511ef7a,Astrotalk,astrology,scam,negative_wtp,remedies,india
6e5b9428-7011-4340-b157-f11e40fe455b,Astrotalk,astrology,scam,negative_wtp,,india
ad698c36-c918-486f-a5eb-ed34f9e2ffac,Astrotalk,astrology,scam,negative_wtp,,india
ad698c36-c918-486f-a5eb-ed34f9e2ffac,Astrotalk,astrology,scam,negative_wtp,,india
ad698c36-c918-486f-a5eb-ed34f9e2ffac,Astrotalk,astrology,scam,negative_wtp,,india
ad698c36-c918-486f-a5eb-ed34f9e2ffac,Astrotalk,astrology,scam,negative_wtp,,india
5f0e58e5-5100-432e-9dc3-8fc6c6211dd9,Astrotalk,astrology,scam,negative_wtp,,india
2a649f6a-7855-402b-9cdb-a0a5f11a47be,Astrotalk,astrology,scam,negative_wtp,,india
07bea779-365e-450c-b1b4-69f081602d50,Astrotalk,astrology,scam,negative_wtp,,india
4bd4cbfe-5145-430c-a097-a211b214222f,Astrotalk,astrology,scam,negative_wtp,,india
ef859a6a-c3a9-4f01-86e1-4b83a9785ad7,Astrotalk,astrology,scam,negative_wtp,,india
ef859a6a-c3a9-4f01-86e1-4b83a9785ad7,Astrotalk,astrology,scam,negative_wtp,,india
b7384dc4-95d5-4876-b373-120ef9505235,Astrotalk,astrology,loot,negative_wtp,,india
7a36b847-2f48-486a-9bf9-c0b471d4c059,Astrotalk,astrology,scam,negative_wtp,,india
11ca08c8-7b9d-46cd-a10e-8fbfde39bbd1,Astrotalk,astrology,scam,negative_wtp,,india
1590b75c-6ac8-46f1-af45-df639532eaf5,Astrotalk,astrology,scam,negative_wtp,,india
2f0915fc-bd7d-4f53-bd6b-2a555701e367,Astrotalk,astrology,waste of money,negative_wtp,,india
2f0915fc-bd7d-4f53-bd6b-2a555701e367,Astrotalk,astrology,scam,negative_wtp,,india
2f0915fc-bd7d-4f53-bd6b-2a555701e367,Astrotalk,astrology,scam,negative_wtp,,india
a875e59f-0a3b-4bfc-85d2-ab61561a5013,Astrotalk,astrology,scam,negative_wtp,,india
350ba0b6-46a4-4f5b-ad1a-c9bef436b3d8,Astrotalk,astrology,scam,negative_wtp,,india
4c526652-e5d6-48c5-9805-6ff0b1b34407,Astrotalk,astrology,scam,negative_wtp,,india
1ca1bbbb-2b52-4f3d-8c14-a7be9a393b15,Astrotalk,astrology,scam,negative_wtp,,india
47213736-2bce-41cb-adb3-c3913b9b5f3a,Astrotalk,astrology,scam,negative_wtp,,india
4af64161-ba43-4d70-8999-d54b1ab38232,Astrotalk,astrology,loot,negative_wtp,horoscope,india
f7e62cff-7aef-43c5-b941-1bfbce5b9c70,Astrotalk,astrology,not worth,negative_wtp,,india
cc7fa6af-a012-48d2-b83c-6372a33faf33,Astrotalk,astrology,loot,negative_wtp,,india
da0d8540-c03e-410e-949d-943e61f8ef9a,Astrotalk,astrology,loot,negative_wtp,,india
19a5acf7-1170-4c1e-b16f-b7fecde9f245,Astrotalk,astrology,loot,negative_wtp,,india
007bdccc-f14d-450c-b920-4fc661214bf9,Astrotalk,astrology,scam,negative_wtp,,india
f7a77f61-627f-4fe9-ae8c-0ff687283d79,Astrotalk,astrology,Waste of Money,negative_wtp,,india
1e481b46-878d-48ca-8619-664b8d879ebf,Astrotalk,astrology,loot,negative_wtp,,india
151c53c1-3599-46c5-81e5-1c56e3d581e9,Astrotalk,astrology,Scam,negative_wtp,,india
151c53c1-3599-46c5-81e5-1c56e3d581e9,Astrotalk,astrology,scam,negative_wtp,,india
72dd02b3-1967-4c53-9708-8b24d09ce89c,Astrotalk,astrology,loot,negative_wtp,,india
9316c343-64ad-4581-b675-d5b4eaf19c40,Astrotalk,astrology,scam,negative_wtp,,india
189c49d0-7162-4b2b-9a9c-fc85fd90f655,Astrotalk,astrology,scam,negative_wtp,,india
d4978e19-00a4-4307-aa95-b7ca51e8282a,Astrotalk,astrology,waste of money,negative_wtp,,india
5b09dc0b-d789-4bd8-a315-e5f77fc51f27,Astrotalk,astrology,loot,negative_wtp,,india
867acd77-43b9-4f39-a63e-91a41539f118,Astrotalk,astrology,scam,negative_wtp,,india
56c8872f-89ca-4b7f-b731-b02d885d1786,Astrotalk,astrology,scam,negative_wtp,,india
8ddecb2d-c101-4f2b-a2f9-42cb94cd5624,Astrotalk,astrology,Waste of money,negative_wtp,,india
793dcb93-45f6-429f-89d8-32af0bf8bdd3,Astrotalk,astrology,scam,negative_wtp,,india
d6290371-02cf-4e1c-8365-29d368d0a93b,Astrotalk,astrology,scam,negative_wtp,,india
c84252e0-bc3d-4f84-921d-f5ed5509d1b1,Astrotalk,astrology,scam,negative_wtp,,india
ecf0b8d3-42d7-44e6-8ce1-800a50cbc879,Astrotalk,astrology,scam,negative_wtp,,india
8943c03b-c48b-4e75-bb4b-d14737380b1a,Astrotalk,astrology,waste of money,negative_wtp,,india
994a2d03-e16b-4487-b376-0274523320e6,Astrotalk,astrology,scam,negative_wtp,,india
ea366862-84ac-4b45-9219-dd3cae06496d,Astrotalk,astrology,scam,negative_wtp,,india
f25a1695-bb96-4f9b-ad6d-8a49cf1bb626,Astrotalk,astrology,loot,negative_wtp,,india
02346525-8303-438d-b034-89aca92574fc,Astrotalk,astrology,scam,negative_wtp,,india
51ec3c1e-8a39-413b-a6bc-ca345197ea82,Astrotalk,astrology,scam,negative_wtp,,india
828e0236-717d-4c59-86d1-35da3ec0d15b,Astrotalk,astrology,scam,negative_wtp,,india
55ed439e-42f6-434b-9e9b-790099f075d8,Astrotalk,astrology,Scam,negative_wtp,,india
b7d33435-96f3-4612-9511-6e9dbc9b17d8,Astrotalk,astrology,Scam,negative_wtp,,india
5f06910b-86ca-48d0-8e44-8f88b6849698,Astrotalk,astrology,loot,negative_wtp,,india
d51acd03-01c2-4e7b-9be1-7428e97b21e6,Astrotalk,astrology,Scam,negative_wtp,,india
d51acd03-01c2-4e7b-9be1-7428e97b21e6,Astrotalk,astrology,Scam,negative_wtp,,india
d51acd03-01c2-4e7b-9be1-7428e97b21e6,Astrotalk,astrology,Scam,negative_wtp,,india
a9688d3f-36c3-464a-8eeb-f726d8eca1a9,Astrotalk,astrology,scam,negative_wtp,pooja,india
a9688d3f-36c3-464a-8eeb-f726d8eca1a9,Astrotalk,astrology,scam,negative_wtp,pooja,india
a9688d3f-36c3-464a-8eeb-f726d8eca1a9,Astrotalk,astrology,scam,negative_wtp,,india
871cd2f9-5b98-49c7-a2d0-0fb8a510df1b,Astrotalk,astrology,scam,negative_wtp,,india
fb88e296-d06e-4893-98b6-a1eb5e2db200,Astrotalk,astrology,scam,negative_wtp,,india
fb88e296-d06e-4893-98b6-a1eb5e2db200,Astrotalk,astrology,scam,negative_wtp,,india
18e7c896-5a15-48d2-a41e-0bea845a1abd,Astrotalk,astrology,scam,negative_wtp,,india
0e314682-8b7f-4554-a8c5-517ce5fe92a9,Astrotalk,astrology,Scam,negative_wtp,,india
36ada3d4-045f-4c77-8ee5-02bd41cba470,Astrotalk,astrology,Loot,negative_wtp,,india
36ada3d4-045f-4c77-8ee5-02bd41cba470,Astrotalk,astrology,loot,negative_wtp,,india
9d2b56c7-f01c-489a-902d-e2eb0ccb8390,Astrotalk,astrology,loot,negative_wtp,,india
6be56b1a-f854-461e-a05f-dcdccd2374ed,Astrotalk,astrology,scam,negative_wtp,,india
9a1906d2-92bc-468c-84ac-53cc8d0eff34,Astrotalk,astrology,scam,negative_wtp,,india
959010a6-fcb9-4bc5-b5da-17affa1d388c,Astrotalk,astrology,scam,negative_wtp,,india
c6dab3e4-8154-4f1b-81ff-cf243f52721f,Astrotalk,astrology,scam,negative_wtp,,india
58f223fe-529c-47ae-8e73-eed0b7440546,Astrotalk,astrology,scam,negative_wtp,,india
58f223fe-529c-47ae-8e73-eed0b7440546,Astrotalk,astrology,scam,negative_wtp,,india
bb199692-704f-480e-b697-ddebc530fc5c,Astrotalk,astrology,waste of money,negative_wtp,,india
cc83a1e4-c77a-453f-aec6-099deffefab9,Astrotalk,astrology,scam,negative_wtp,,india
31fd1b04-7be0-4450-b4e6-93dcff48658c,Astrotalk,astrology,waste of money,negative_wtp,,india
b32e6efe-5a59-4780-bdd0-72022d1ef87c,Astrotalk,astrology,loot,negative_wtp,,india
b32e6efe-5a59-4780-bdd0-72022d1ef87c,Astrotalk,astrology,loot,negative_wtp,,india
bb355b1d-4b98-4773-927d-12fc5d14f0a1,Astrotalk,astrology,loot,negative_wtp,kundli,india
9acb818b-bc2e-4dcb-ae8e-0c42e49324cf,Astrotalk,astrology,Too expensive,negative_wtp,,india
5ad330f2-6590-46c6-888c-581b43a3f446,Astrotalk,astrology,overpriced,negative_wtp,gemstone,india
dd0f1dbb-7c4b-4f13-a3e2-b0c718c0ef28,Astrotalk,astrology,Scam,negative_wtp,,india
e9ab2b16-501a-4b0d-9a21-13fe59fb75ac,Astrotalk,astrology,scam,negative_wtp,,india
f2f9bcf1-61d3-487f-b645-ab95c0886a95,Astrotalk,astrology,scam,negative_wtp,,india
4041a7cd-fcba-4b97-b8cc-e2308b6e8a5a,Astrotalk,astrology,loot,negative_wtp,,india
55e0998c-1264-4cd5-b02e-d61ae3fa0753,Astrotalk,astrology,scam,negative_wtp,,india
500e9f92-671c-4525-893d-4cf2deedb7bf,Astrotalk,astrology,scam,negative_wtp,,india
979db916-0629-49f0-8498-b3e9311c27f3,Astrotalk,astrology,loot,negative_wtp,,india
e362d996-d120-49b0-b205-5633ecc288d8,Astrotalk,astrology,Scam,negative_wtp,,india
e338dea8-bbab-40c0-9d03-1760bddb27f3,Astrotalk,astrology,Scam,negative_wtp,,india
e55b94cf-69e8-44ec-b60a-c2ce7e06baac,Astrotalk,astrology,Scam,negative_wtp,,india
e55b94cf-69e8-44ec-b60a-c2ce7e06baac,Astrotalk,astrology,Scam,negative_wtp,,india
7429fb71-5c5b-4a32-9bb5-bf61ef4604f5,Astrotalk,astrology,scam,negative_wtp,,india
6cdfb136-fe16-4d1a-bb58-17a9f99bdcd0,Astrotalk,astrology,scam,negative_wtp,,india
f45ff6aa-30cd-461e-91a8-0afa7bd5d978,Astrotalk,astrology,scam,negative_wtp,,india
4e313162-6ab8-4b12-86f0-278761b8e5ef,Astrotalk,astrology,loot,negative_wtp,kundli,india
d4ecc113-b33b-4e5d-96be-7f91faed28d2,Astrotalk,astrology,scam,negative_wtp,,india
14f79acd-0784-495b-8116-9fd0bd88ba27,Astrotalk,astrology,scam,negative_wtp,,india
12560e97-75cc-4185-860b-e938f6c95fd0,Astrotalk,astrology,scam,negative_wtp,,india
12560e97-75cc-4185-860b-e938f6c95fd0,Astrotalk,astrology,scam,negative_wtp,,india
5f19da80-0838-4a53-a7a7-dd87cacc4bc9,Astrotalk,astrology,loot,negative_wtp,,india
cfa25bbf-07b1-4c36-b5ac-4b17137e5504,Astrotalk,astrology,scam,negative_wtp,,india
4f2101bf-bd1a-4c3b-b049-ea0f41155974,Astrotalk,astrology,scam,negative_wtp,,india
44b39f71-35b5-4a93-a70f-dc5bf188e3f7,Astrotalk,astrology,Scam,negative_wtp,,india
3dc6e990-f9bd-4335-a565-0019de5bd3e5,Astrotalk,astrology,loot,negative_wtp,,india
822a380b-818a-44d4-92ab-17378ce60686,Astrotalk,astrology,scam,negative_wtp,,india
5513d962-1496-4818-bf56-df4a64b6c91d,Astrotalk,astrology,waste of money,negative_wtp,,india
bf43ad09-e25d-49f6-a374-a4b5ffef85a1,Astrotalk,astrology,loot,negative_wtp,,india
bd6f3d15-248b-4d65-84ea-8ed3a1782fd7,Astrotalk,astrology,loot,negative_wtp,,india
b3d09b59-4457-44a2-8d0f-586b9fc9abd7,Astrotalk,astrology,loot,negative_wtp,,india
1677955f-a3b4-4902-a000-14c559ab592e,Astrotalk,astrology,worth the money,positive_wtp,,india
ee569117-3b15-46d3-aa5e-b5e8dc3b6690,Astrotalk,astrology,waste of money,negative_wtp,,india
16415019-ac9d-4bb2-9331-d9601b17e1f1,Astrotalk,astrology,loot,negative_wtp,,india
60f81b30-7b26-4f2c-ad74-39c5c1f8b9de,Astrotalk,astrology,scam,negative_wtp,,india
fc1e38e8-0b13-4e94-ac63-a765c305b117,Astrotalk,astrology,Scam,negative_wtp,,india
ee5947a5-86a8-42bd-8dac-247936ecc199,Astrotalk,astrology,scam,negative_wtp,,india
0b0bba9c-c275-4a1f-9242-37c603526024,Astrotalk,astrology,Scam,negative_wtp,,india
7096f2bc-d422-473c-8d29-dca7b439b8d6,Astrotalk,astrology,waste of money,negative_wtp,,india
7096f2bc-d422-473c-8d29-dca7b439b8d6,Astrotalk,astrology,waste of money,negative_wtp,,india
7096f2bc-d422-473c-8d29-dca7b439b8d6,Astrotalk,astrology,waste of money,negative_wtp,,india
7736bc50-b3d4-4ce9-87b0-863b90cec04f,Astrotalk,astrology,loot,negative_wtp,,india
128faa00-74a4-45e1-82f9-1e821b6e0406,Astrotalk,astrology,scam,negative_wtp,,india
128faa00-74a4-45e1-82f9-1e821b6e0406,Astrotalk,astrology,scam,negative_wtp,,india
ea5ec9a2-7960-4d4e-9675-0abd88a2a74f,Astrotalk,astrology,Loot,negative_wtp,,india
bbad9b8a-304b-4298-8f3b-7bc365003d80,Astrotalk,astrology,Scam,negative_wtp,,india
eba48df4-a345-42ad-828f-9c2abf3bd5fe,Astrotalk,astrology,loot,negative_wtp,,india
f4def964-6eb3-4366-9e0a-792b622ab6b6,Astrotalk,astrology,loot,negative_wtp,,india
b3a0a642-9052-42f9-9239-0b37544eb8a2,Astrotalk,astrology,loot,negative_wtp,,india
a36d0515-765d-4e99-9a0a-3bd679ab2a5c,Astrotalk,astrology,scam,negative_wtp,,india
d671b82b-2b29-4d0c-a8e9-1548ebb44f32,Astrotalk,astrology,scam,negative_wtp,,india
9a5ee1a9-0b71-49d6-810e-0ce88d68b56f,Astrotalk,astrology,scam,negative_wtp,,india
69b410ff-8d68-4b09-ad48-73eba563eed0,Astrotalk,astrology,waste of money,negative_wtp,,india
4a6b6df6-ea77-4921-abde-9ee0397b8eb2,Astrotalk,astrology,waste of money,negative_wtp,,india
9cfac41a-f3a2-4858-bd36-68bf0665da84,Astrotalk,astrology,Paisa barbaad,negative_wtp,,india
4fe93e9c-91f6-4afe-9ae1-9599bbcb1e38,Astrotalk,astrology,scam,negative_wtp,,india
94f54801-90ad-4894-a33a-fe173863d71a,Astrotalk,astrology,scam,negative_wtp,,india
c3132dab-88d6-4140-8ef7-35299fd85297,Astrotalk,astrology,waste of money,negative_wtp,,india
e45b48d0-528e-4176-972f-182f96a1baa2,Astrotalk,astrology,waste of money,negative_wtp,,india
6dd0a662-08b2-440b-9648-db7929ee87de,Astrotalk,astrology,scam,negative_wtp,,india
6dd0a662-08b2-440b-9648-db7929ee87de,Astrotalk,astrology,scam,negative_wtp,,india
472789d3-aada-4641-9440-fedcbad9636d,Astrotalk,astrology,Scam,negative_wtp,,india
bd1b8a9c-16b0-46cd-beab-6927e6c6ef20,Astrotalk,astrology,scam,negative_wtp,,india
983ced0b-bc8a-49a3-8fa7-d49c06c3aec2,Astrotalk,astrology,scam,negative_wtp,,india
f8db9bb2-3a91-4613-a735-93513119c522,Astrotalk,astrology,scam,negative_wtp,,india
bbaa71db-795e-4f2c-bde9-a5aa58b52798,Astrotalk,astrology,loot,negative_wtp,,india
a1d53258-b97b-4680-ab54-72a3af20cf54,Astrotalk,astrology,Waste of money,negative_wtp,,india
c5823d40-8728-4ccc-aaa7-ee5059cdd9d7,Astrotalk,astrology,scam,negative_wtp,,india
bb75be3a-6d46-418b-bf0d-045eb5b03341,Astrotalk,astrology,scam,negative_wtp,,india
78b693d2-a341-4510-93a8-0d7ce53e6959,Astrotalk,astrology,scam,negative_wtp,,india
09dbcbf8-15a7-4ccf-9db7-811b92d9b35c,Astrotalk,astrology,scam,negative_wtp,remedies,india
7535a60b-1262-4186-a9b1-2b171a5699b3,Astrotalk,astrology,scam,negative_wtp,,india
7535a60b-1262-4186-a9b1-2b171a5699b3,Astrotalk,astrology,scam,negative_wtp,,india
734b5efd-afcc-43b3-8851-369ca6af5d34,Astrotalk,astrology,scam,negative_wtp,,india
a36e34cd-a8cc-47bc-9d5e-255a9425cfe2,Astrotalk,astrology,loot,negative_wtp,,india
9c9d4861-e006-4646-8cc6-5ada93f8559b,Astrotalk,astrology,loot,negative_wtp,,india
44116915-1dfe-4039-b1b5-c6588cd843db,Astrotalk,astrology,scam,negative_wtp,,india
18e5937e-4846-4d46-99b1-de360f72c5c1,Astrotalk,astrology,loot,negative_wtp,,india
88fb0d0d-565d-442f-81f1-a33fc09bbee2,Astrotalk,astrology,Scam,negative_wtp,,india
6509a2e0-419b-4b84-99ec-3ff470650697,Astrotalk,astrology,scam,negative_wtp,,india
7bb14c9e-f8d2-4960-a7f7-4b915ff6c6cb,Astrotalk,astrology,Waste of money,negative_wtp,,india
2dac5004-d078-45b1-b861-4d745645a008,Astrotalk,astrology,Scam,negative_wtp,,india
1efb8097-7229-40a8-a82a-63deebb74b89,Astrotalk,astrology,scam,negative_wtp,,india
bbac7b1a-cf62-46d3-9948-9879096dd630,Astrotalk,astrology,Waste of money,negative_wtp,,india
b82ac406-f032-43d9-b544-ee19a8c18b6a,Astrotalk,astrology,loot,negative_wtp,,india
d9095b14-1ec6-496b-ba4a-ecf9a3f5a9dd,Astrotalk,astrology,Waste of money,negative_wtp,,india
086269fa-189a-4de9-965f-b35fb25a631b,Astrotalk,astrology,Waste of money,negative_wtp,,india
bfa7302e-1240-4304-9eb2-78f9db494a35,Astrotalk,astrology,scam,negative_wtp,,india
1174771f-22ca-405c-b1e4-1829c25e9fd8,Astrotalk,astrology,scam,negative_wtp,,india
4999f819-b595-4d3e-807f-cc545bdba946,Astrotalk,astrology,loot,negative_wtp,,india
f4a98830-74ae-4975-bd12-888a236d47d7,Astrotalk,astrology,loot,negative_wtp,,india
f4a98830-74ae-4975-bd12-888a236d47d7,Astrotalk,astrology,loot,negative_wtp,,india
3f4c92d8-7557-4dfb-af2b-434202429a91,Astrotalk,astrology,scam,negative_wtp,,india
d7a262df-21f4-4b69-a2f5-4b774f40696f,Astrotalk,astrology,Waste of money,negative_wtp,,india
b611f830-de87-4a9a-8043-fe0a7484ddb4,Astrotalk,astrology,scam,negative_wtp,,india
79776868-5920-44c0-b994-5a58de49c994,Astrotalk,astrology,scam,negative_wtp,,india
d2cf8f25-63e7-4a94-be35-29c85e7818f1,Astrotalk,astrology,scam,negative_wtp,,india
b139c0d4-1568-4390-b76d-90f3213ec63a,Astrotalk,astrology,waste of money,negative_wtp,,india
c1d8e154-0331-4916-b8a4-7301f4f50f54,Astrotalk,astrology,waste of money,negative_wtp,,india
e4b78d00-d857-4fb3-b7e9-5ddb1f4e80a8,Astrotalk,astrology,scam,negative_wtp,,india
e4b78d00-d857-4fb3-b7e9-5ddb1f4e80a8,Astrotalk,astrology,scam,negative_wtp,,india
2eca3278-3b39-4cd6-a9f8-e0c1a7bdf5de,Astrotalk,astrology,waste of money,negative_wtp,,india
4035b371-8f50-46d0-b548-0c92a2919477,Astrotalk,astrology,Scam,negative_wtp,,india
724eb7c3-3f62-4963-9964-4009ed60a416,Astrotalk,astrology,Scam,negative_wtp,,india
724eb7c3-3f62-4963-9964-4009ed60a416,Astrotalk,astrology,scam,negative_wtp,,india
724eb7c3-3f62-4963-9964-4009ed60a416,Astrotalk,astrology,scam,negative_wtp,,india
724eb7c3-3f62-4963-9964-4009ed60a416,Astrotalk,astrology,scam,negative_wtp,,india
cbd65328-95aa-492e-b64d-4546012bfd0d,Astrotalk,astrology,scam,negative_wtp,,india
9f8af80a-5e72-4fae-a6cc-335edace7ba8,Astrotalk,astrology,scam,negative_wtp,,india
92f58d4d-53a2-4108-b7d1-3472b05e200c,Astrotalk,astrology,loot,negative_wtp,,india
c00c42bb-384b-4df1-906f-a5d6745ba254,Astrotalk,astrology,waste of money,negative_wtp,,india
493579d0-a667-4423-9d7e-2b02eff650c6,Astrotalk,astrology,scam,negative_wtp,,india
79a93bd9-6d73-4333-ab0a-40fb1c0f391f,Astrotalk,astrology,scam,negative_wtp,,india
cb538909-1b5e-4ad9-afc2-cbaee9bc9045,Astrotalk,astrology,loot,negative_wtp,,india
84777ab1-bf0d-4c5a-88e4-584f999123cd,Astrotalk,astrology,scam,negative_wtp,kundli,india
84777ab1-bf0d-4c5a-88e4-584f999123cd,Astrotalk,astrology,scam,negative_wtp,,india
73a11a3f-ff92-4685-a4b2-7d706f56e606,Astrotalk,astrology,loot,negative_wtp,,india
fd2c4baf-16e7-4947-ba55-83758dfd8c82,Astrotalk,astrology,scam,negative_wtp,,india
57f4fb51-326d-46b5-b7ab-797744840b0c,Astrotalk,astrology,loot,negative_wtp,,india
f0534236-e526-4694-8661-f9023c4b9963,Astrotalk,astrology,SCAM,negative_wtp,,india
f0534236-e526-4694-8661-f9023c4b9963,Astrotalk,astrology,SCAM,negative_wtp,,india
f0534236-e526-4694-8661-f9023c4b9963,Astrotalk,astrology,SCAM,negative_wtp,,india
f0534236-e526-4694-8661-f9023c4b9963,Astrotalk,astrology,SCAM,negative_wtp,,india
bc53af3b-2784-4fa6-9fd5-a0b1d6c116ee,Astrotalk,astrology,Scam,negative_wtp,,india
23d2ba3d-d81c-406b-949c-08a10376db94,Astrotalk,astrology,Scam,negative_wtp,,india
6010c9bb-db56-4962-8aec-9d8300198e29,Astrotalk,astrology,scam,negative_wtp,,india
1a5c77d8-0c44-40a8-bbdd-2ea7313688bd,Astrotalk,astrology,scam,negative_wtp,,india
f9ad9264-3c89-430e-98ff-813fe58b4af4,Astrotalk,astrology,waste of money,negative_wtp,,india
dcdbbee0-a5dd-447f-b202-95c3549dca51,Astrotalk,astrology,waste of money,negative_wtp,,india
bb527944-e983-4934-b6b3-26b27f989952,Astrotalk,astrology,loot,negative_wtp,,india
7242fcbb-9738-4a43-a459-4f5b137b7e44,Astrotalk,astrology,scam,negative_wtp,,india
324b0258-60f4-4daa-bf8b-a87a865c1263,Astrotalk,astrology,scam,negative_wtp,,india
cb3a9e61-159e-4865-a02c-28ad83dcb0a7,Astrotalk,astrology,scam,negative_wtp,,india
49e3cceb-b0aa-4640-ba72-04b876241713,Astrotalk,astrology,Loot,negative_wtp,,india
fbb059f6-ec6e-4c6e-879d-42242246e599,Astrotalk,astrology,scam,negative_wtp,,india
fbb059f6-ec6e-4c6e-879d-42242246e599,Astrotalk,astrology,scam,negative_wtp,,india
efcc8a38-17dd-4713-b8d3-fba5b6d6c712,Astrotalk,astrology,loot,negative_wtp,,india
4d982b8f-38be-4c76-a4ee-46fba25eae6c,Astrotalk,astrology,scam,negative_wtp,,india
6c136fe5-b73a-43e9-a778-2d2f4aea4d7c,Astrotalk,astrology,scam,negative_wtp,,india
0fd8961b-e6fe-4b0b-88bb-7f890dcebb7a,Astrotalk,astrology,scam,negative_wtp,,india
0fd8961b-e6fe-4b0b-88bb-7f890dcebb7a,Astrotalk,astrology,loot,negative_wtp,pooja,india
89c1f478-3f3b-41ad-a617-d37f81f8b565,Astrotalk,astrology,Waste of money,negative_wtp,,india
e9a78fdc-32c8-488c-b442-b4bc1cf0749d,Astrotalk,astrology,loot,negative_wtp,,india
b212ee26-d15b-4612-b816-48402e52cf91,Astrotalk,astrology,loot,negative_wtp,,india
2e2a1be5-7345-4398-8746-3cefd41d09e0,Astrotalk,astrology,waste of money,negative_wtp,,india
820f7cf2-8e8a-4c46-85f9-463ff173c712,Astrotalk,astrology,waste of money,negative_wtp,,india
aa64eabb-2120-4ddb-a6be-d140d0a22749,Astrotalk,astrology,scam,negative_wtp,,india
15288db3-d9a2-4d34-9140-350b56727e1a,Astrotalk,astrology,loot,negative_wtp,pooja,india
72b3224d-b7d4-4e39-9012-7263b85ff7fc,Astrotalk,astrology,scam,negative_wtp,,india
ca689fd4-41d8-4d3f-97bc-1b2aff652b98,Astrotalk,astrology,scam,negative_wtp,,india
f762244a-96d7-44ce-982d-01f399b45e16,Astrotalk,astrology,loot,negative_wtp,,india
cb897c7c-485a-4841-9b4d-b692826bc400,Astrotalk,astrology,scam,negative_wtp,,india
c212ec04-cb24-4946-829a-5aae98b930ea,Astrotalk,astrology,Waste of money,negative_wtp,,india
b76e59f8-ff9f-47b4-84e6-1b6a1d70ea75,Astrotalk,astrology,scam,negative_wtp,,india
56cfea71-8ab6-4f58-84dd-e0d6bec55791,Astrotalk,astrology,scam,negative_wtp,,india
f618d5f7-0826-42a0-b554-ec2f09332b24,Astrotalk,astrology,scam,negative_wtp,,india
4acd0832-0530-42e4-8f97-c39ef7ac35fe,Astrotalk,astrology,scam,negative_wtp,,india
e52e911b-7222-480c-b381-4dbf47cf28bf,Astrotalk,astrology,scam,negative_wtp,,india
7b8e38b1-211c-4f27-8f18-82e5b31a25fd,Astrotalk,astrology,not worth,negative_wtp,,india
7b8e38b1-211c-4f27-8f18-82e5b31a25fd,Astrotalk,astrology,scam,negative_wtp,,india
7237bcf1-2c6b-49cc-96dd-1dbb7f4c0613,Astrotalk,astrology,scam,negative_wtp,,india
7237bcf1-2c6b-49cc-96dd-1dbb7f4c0613,Astrotalk,astrology,Loot,negative_wtp,,india
4e1009b9-30dd-4b1b-9399-bc2825feefdb,Astrotalk,astrology,scam,negative_wtp,,india
8fbaa2a0-fbe1-4b92-ade1-5c8e9ca3430a,Astrotalk,astrology,waste of money,negative_wtp,,india
2ff36de0-f378-4766-80ca-2a66cebff0ee,Astrotalk,astrology,scam,negative_wtp,,india
6d906f4e-f85c-45d5-b92a-abe14d9c7d9e,Astrotalk,astrology,scam,negative_wtp,,india
45452f69-1e96-4a74-ae86-1a3fe2deb11c,Astrotalk,astrology,loot,negative_wtp,,india
2984b5ac-fc11-457f-a4e9-8fb6ba513981,Astrotalk,astrology,scam,negative_wtp,,india
fc319787-407d-426e-994b-fb043d7a83b0,Astrotalk,astrology,Scam,negative_wtp,,india
1f0d37a0-6486-421a-8397-56c2fd35d024,Astrotalk,astrology,scam,negative_wtp,,india
1f0d37a0-6486-421a-8397-56c2fd35d024,Astrotalk,astrology,loot,negative_wtp,,india
157200fa-0862-448a-b745-28043c0ecfa5,Astrotalk,astrology,scam,negative_wtp,,india
e7386c59-02b7-449f-87a2-eedd0b253a8b,Astrotalk,astrology,loot,negative_wtp,,india
4de9ae48-deeb-40ed-bec3-014ac88d8105,Astrotalk,astrology,waste of money,negative_wtp,,india
0bc58593-dd36-4bb0-8de0-4b4ec16eee20,Astrotalk,astrology,loot,negative_wtp,,india
37d873b2-f847-46f3-9fde-800b1ed3ea14,Astrotalk,astrology,waste of money,negative_wtp,,india
37f65a64-40b3-46f4-b819-237fe970e957,Astrotalk,astrology,scam,negative_wtp,,india
8ea3b806-8e9e-4b44-a8c2-b7cb383e5e9d,Astrotalk,astrology,scam,negative_wtp,,india
11c6802f-8c24-4d9c-b9fe-63bb1514ee48,Astrotalk,astrology,Paisa barbaad,negative_wtp,,india
35fd78d5-841a-46ae-a532-7b526222c88c,Astrotalk,astrology,loot,negative_wtp,,india
d6a29e78-254f-4f1c-beae-ef89f54ba669,Astrotalk,astrology,loot,negative_wtp,,india
85804901-652f-4f34-8292-b28839f065b8,Astrotalk,astrology,scam,negative_wtp,,india
5b82763d-32b2-4267-bcc7-fa20093fb2dd,Astrotalk,astrology,scam,negative_wtp,,india
dda860b8-93bb-475c-be42-2bd72abcee7e,Astrotalk,astrology,scam,negative_wtp,,india
bb5e5f40-0af4-476d-b14b-d952aca70280,Astrotalk,astrology,waste of money,negative_wtp,,india
a858bafd-f3a9-480d-a822-5b78c324fbeb,Astrotalk,astrology,Scam,negative_wtp,,india
578c4172-b213-4f9e-a5f5-c447a5bb8a28,Astrotalk,astrology,waste of money,negative_wtp,,india
e44caa36-f75c-45fb-9951-aec56520d0f5,Astrotalk,astrology,scam,negative_wtp,,india
7ccf06f8-2f6e-4fd4-b986-ca50955858d4,Astrotalk,astrology,waste of money,negative_wtp,,india
595ff112-443d-4d5c-bbb0-ca22a69296d1,Astrotalk,astrology,scam,negative_wtp,,india
b9759cae-8020-4722-a96f-2f54f27a05bf,Astrotalk,astrology,value for money,positive_wtp,,india
fec63fea-5167-4cf9-8758-69d5277434ed,Astrotalk,astrology,scam,negative_wtp,,india
2e03ad51-ee65-4607-8578-e885a46e079e,Astrotalk,astrology,loot,negative_wtp,,india
ebf50dcb-93ff-4f7c-a0bd-a82b325e5f0a,Astrotalk,astrology,scam,negative_wtp,,india
90777ee8-919e-4eb7-b29b-7110a5cf23f2,Astrotalk,astrology,SCAM,negative_wtp,,india
90777ee8-919e-4eb7-b29b-7110a5cf23f2,Astrotalk,astrology,SCAM,negative_wtp,,india
90777ee8-919e-4eb7-b29b-7110a5cf23f2,Astrotalk,astrology,SCAM,negative_wtp,,india
90777ee8-919e-4eb7-b29b-7110a5cf23f2,Astrotalk,astrology,SCAM,negative_wtp,,india
90777ee8-919e-4eb7-b29b-7110a5cf23f2,Astrotalk,astrology,scam,negative_wtp,,india
90777ee8-919e-4eb7-b29b-7110a5cf23f2,Astrotalk,astrology,scam,negative_wtp,,india
90777ee8-919e-4eb7-b29b-7110a5cf23f2,Astrotalk,astrology,SCAM,negative_wtp,,india
90777ee8-919e-4eb7-b29b-7110a5cf23f2,Astrotalk,astrology,SCAM,negative_wtp,,india
90777ee8-919e-4eb7-b29b-7110a5cf23f2,Astrotalk,astrology,SCAM,negative_wtp,,india
90777ee8-919e-4eb7-b29b-7110a5cf23f2,Astrotalk,astrology,SCAM,negative_wtp,,india
90777ee8-919e-4eb7-b29b-7110a5cf23f2,Astrotalk,astrology,SCAM,negative_wtp,,india
90777ee8-919e-4eb7-b29b-7110a5cf23f2,Astrotalk,astrology,SCAM,negative_wtp,,india
975023ca-77fc-43ff-87f4-585a4b64d9be,Astrotalk,astrology,Scam,negative_wtp,,india
9f64fe7e-1580-4cf4-8707-61bce8297787,Astrotalk,astrology,scam,negative_wtp,,india
bc2067d5-099a-4cc2-bc69-1f6f437d8895,Astrotalk,astrology,scam,negative_wtp,,india
3769a22a-5441-4536-96c0-72f0eb8807a1,Astrotalk,astrology,loot,negative_wtp,,india
de12b6a7-93a4-4b6c-87e0-4bb5883e78bc,Astrotalk,astrology,scam,negative_wtp,,india
8940bc2c-1b10-4371-ab35-5661c285d6ec,Astrotalk,astrology,loot,negative_wtp,,india
d8821bb6-3fd2-428c-97c6-7a60f8d0ac30,Astrotalk,astrology,scam,negative_wtp,,india
6c95f99d-06fb-408e-bc8b-91fc958e4c2c,Astrotalk,astrology,scam,negative_wtp,,india
02505d40-34ec-48fb-96da-ea10a613068c,Astrotalk,astrology,great investment,positive_wtp,,india
83c01c7b-f3b0-40f3-a2bd-1289eff1553e,Astrotalk,astrology,Waste of money,negative_wtp,,india
83c01c7b-f3b0-40f3-a2bd-1289eff1553e,Astrotalk,astrology,Scam,negative_wtp,,india
f4175bb6-e461-4702-8036-28c310b8bd0c,Astrotalk,astrology,waste of money,negative_wtp,,india
d6c4c70b-97d5-4a58-b282-3ba511df581a,Astrotalk,astrology,scam,negative_wtp,,india
d6c4c70b-97d5-4a58-b282-3ba511df581a,Astrotalk,astrology,scam,negative_wtp,,india
8407f0b1-02f2-4d57-9687-4109e2a412a8,Astrotalk,astrology,scam,negative_wtp,,india
6b672456-80e0-47d3-b04e-08a4e46f4a1e,Astrotalk,astrology,scam,negative_wtp,,india
ad2ef12e-6fce-49cf-ae3e-72208e95eff2,Astrotalk,astrology,loot,negative_wtp,,india
9eb262a9-e636-4f14-bad7-1bda0d2fe1a5,Astrotalk,astrology,loot,negative_wtp,,india
902dfab0-b16c-4928-8777-19a080f1b4c1,Astrotalk,astrology,Scam,negative_wtp,,india
17b654d9-1724-457d-8706-243f02358864,Astrotalk,astrology,money grab,negative_wtp,,india
08c23728-c457-4365-af22-054d04cfdb9f,Astrotalk,astrology,scam,negative_wtp,,india
e7ad710b-5100-4211-810f-c9fcf05bc97b,Astrotalk,astrology,scam,negative_wtp,,india
e7ad710b-5100-4211-810f-c9fcf05bc97b,Astrotalk,astrology,scam,negative_wtp,,india
3b6d172f-9c2a-4cf5-8c24-5451a7f061cb,Astrotalk,astrology,scam,negative_wtp,,india
cebfdd9d-915f-4b7f-901a-f46328219b43,Astrotalk,astrology,loot,negative_wtp,,india
4968a268-69de-4e90-8dce-fa6632cc8b65,Astrotalk,astrology,Not worth,negative_wtp,,india
dacf00fe-cfc6-48ff-9df1-8476cf5044ac,Astrotalk,astrology,scam,negative_wtp,,india
3bcace95-5759-467a-9af1-e5c487084290,Astrotalk,astrology,Waste of money,negative_wtp,,india
88947858-1166-4310-9836-41075bd47b54,Astrotalk,astrology,scam,negative_wtp,,india
3e0076c8-95a5-4c8f-916f-c2657a9ffbdd,Astrotalk,astrology,scam,negative_wtp,,india
d03536f9-191d-42ca-a052-210dead15238,Astrotalk,astrology,loot,negative_wtp,,india
fc6d4c8f-c475-4252-8535-cdc47373169d,Astrotalk,astrology,scam,negative_wtp,,india
c3ca7b2b-ddf9-499c-97d4-aead7fcb2fdd,Astrotalk,astrology,loot,negative_wtp,,india
ee63f637-1a22-483f-b74d-0df7b4ab885a,Astrotalk,astrology,loot,negative_wtp,,india
27a7542b-38df-45e0-b7fd-4929557391ca,Astrotalk,astrology,loot,negative_wtp,,india
a5df4d60-51c8-42b2-abdf-5c82171509c3,Astrotalk,astrology,loot,negative_wtp,,india
4492b5dd-d13e-4d52-8674-0a1627886be4,Astrotalk,astrology,scam,negative_wtp,,india
374e2a7c-7c77-421c-8fc7-507d37d56ec7,Astrotalk,astrology,scam,negative_wtp,,india
79cb0122-3626-4c40-9c42-540bffc6f6d5,Astrotalk,astrology,scam,negative_wtp,,india
01c04955-b401-42b0-a501-dd2e73df2bb5,Astrotalk,astrology,Scam,negative_wtp,,india
fc7db7e1-603f-48c5-af7b-f0be62242ce1,Astrotalk,astrology,scam,negative_wtp,,india
3f509d16-55e7-4209-acb3-6ef297f29fdd,Astrotalk,astrology,loot,negative_wtp,,india
2bd420d1-5967-4a7d-812f-32b2fb251e45,Astrotalk,astrology,Scam,negative_wtp,,india
4633caa0-0cea-4e08-80cf-b77a3ee92c1c,Astrotalk,astrology,scam,negative_wtp,,india
156c7e95-d9b1-4f92-a36a-31bc0e89482f,Astrotalk,astrology,loot,negative_wtp,,india
071f691f-3511-462d-90ec-8ba6ee817b5a,Astrotalk,astrology,scam,negative_wtp,,india
2462b1d6-65be-4d9e-8a01-46c03a9756e6,Astrotalk,astrology,SCAM,negative_wtp,,india
29d0f032-c643-412c-a277-1697dcabf58a,Astrotalk,astrology,scam,negative_wtp,,india
34a39697-1ade-41a2-969d-9bc142f8a9c5,Astrotalk,astrology,scam,negative_wtp,,india
2646caeb-ffef-4648-aef8-8b1d34cafa56,Astrotalk,astrology,Loot,negative_wtp,,india
87e9a28c-2f55-4d69-b762-50e52b51400a,Astrotalk,astrology,waste of money,negative_wtp,,india
f04e42c9-d7f7-49db-873b-fa24d8f4388d,Astrotalk,astrology,scam,negative_wtp,,india
edeef1f4-d3eb-4643-8e85-8a9e573c11e2,Astrotalk,astrology,loot,negative_wtp,,india
0fa8d2d3-26f2-4774-9fdf-fea96964c508,Astrotalk,astrology,loot,negative_wtp,,india
8bc76f34-aa7f-4b1f-90c2-671e209ab65f,Astrotalk,astrology,loot,negative_wtp,,india
ee900209-ed4a-4745-923c-00fe7bf76057,Astrotalk,astrology,Too expensive,negative_wtp,gemstone,india
119a97f5-c3dd-4f3c-8e7a-ec27993a80f5,Astrotalk,astrology,scam,negative_wtp,,india
3498772d-0adc-4465-865b-dd1e8cb6addd,Astrotalk,astrology,scam,negative_wtp,,india
d44810e0-343b-458f-ad52-2f3bd9ab0187,Astrotalk,astrology,loot,negative_wtp,,india
90be17e2-505a-4dc3-a9f7-98be194a7bc3,Astrotalk,astrology,loot,negative_wtp,,india
a9cc435c-953c-4e2e-aaf8-5494f5ce0607,Astrotalk,astrology,scam,negative_wtp,,india
a9cc435c-953c-4e2e-aaf8-5494f5ce0607,Astrotalk,astrology,scam,negative_wtp,,india
48dbb681-4460-4ce0-bf59-09a8f81cb07c,Astrotalk,astrology,loot,negative_wtp,,india
0563b005-4125-4916-ac2f-3fa1736e0995,Astrotalk,astrology,loot,negative_wtp,,india
39245d34-0f05-412f-ab3e-f8cea0ec26f2,Astrotalk,astrology,Scam,negative_wtp,,india
58960914-b3dc-4ccf-a7c3-99932964e152,Astrotalk,astrology,Scam,negative_wtp,,india
ce695537-7888-4a37-b370-f7092833ea9b,Astrotalk,astrology,scam,negative_wtp,,india
4e3fcb3e-9400-48f3-8a01-c01462dcdc33,Astrotalk,astrology,scam,negative_wtp,,india
dad9f00a-5185-4d9b-871d-e00ccbb23ef2,Astrotalk,astrology,scam,negative_wtp,,india
5248931e-694f-4c4f-ad6f-83320f2272c5,Astrotalk,astrology,Scam,negative_wtp,,india
4b2eca08-40b3-4988-80af-5ce7a947edf1,Astrotalk,astrology,scam,negative_wtp,,india
95bd3f2b-33ef-4788-b5e7-d68ac05990c6,Astrotalk,astrology,scam,negative_wtp,,india
ee8d65f9-b096-44a3-af6e-c2d7d5b46f50,Astrotalk,astrology,loot,negative_wtp,,india
bf5b800d-52f4-4c3b-8534-a2ad21f1ddf5,Astrotalk,astrology,Loot,negative_wtp,,india
6d1683db-28f3-413c-92fb-06e6b7e20029,Astrotalk,astrology,scam,negative_wtp,,india
6d1683db-28f3-413c-92fb-06e6b7e20029,Astrotalk,astrology,scam,negative_wtp,,india
de1cf609-987d-43c7-8db7-1deccb69e24c,Astrotalk,astrology,scam,negative_wtp,,india
fbb02f48-dd0d-42f0-bc48-16e7aad151a7,Astrotalk,astrology,Scam,negative_wtp,,india
71df760c-d888-4e4a-a24f-b2980b0f9f79,Astrotalk,astrology,loot,negative_wtp,,india
cab49cb8-549d-4d10-93f1-88062b071e56,Astrotalk,astrology,Waste of money,negative_wtp,,india
015b1a40-0413-4745-8630-0dce3b3f800d,Astrotalk,astrology,loot,negative_wtp,,india
beb68080-c944-4957-b098-06f8a2860f36,Astrotalk,astrology,PAISA BARBAAD,negative_wtp,,india
d301ba80-481c-4baf-93da-21aadcc108cd,Astrotalk,astrology,scam,negative_wtp,,india
b42cfcf7-2217-4ad7-b495-2b12e08c5e78,Astrotalk,astrology,scam,negative_wtp,,india
b42cfcf7-2217-4ad7-b495-2b12e08c5e78,Astrotalk,astrology,scam,negative_wtp,,india
3f0027d3-5f11-4d78-b6e9-9ff431a5c86a,Astrotalk,astrology,scam,negative_wtp,,india
d24755f3-ccbe-4b4c-8abe-7829307a8ca3,Astrotalk,astrology,loot,negative_wtp,,india
e11fd2f6-b310-4ac7-9b34-bd80b92c06d1,Astrotalk,astrology,too costly,negative_wtp,,india
054d5239-8b49-431a-9238-38f8638ebf1d,Astrotalk,astrology,scam,negative_wtp,,india
0475da72-67b9-4d99-b280-04fd49cf6d63,Astrotalk,astrology,Scam,negative_wtp,,india
8675b3aa-5eb1-4a8f-904a-f26ffefc1ee7,Astrotalk,astrology,SCAM,negative_wtp,,india
8675b3aa-5eb1-4a8f-904a-f26ffefc1ee7,Astrotalk,astrology,SCAM,negative_wtp,,india
0350181f-417e-4e1e-b906-db06b1261ebd,Astrotalk,astrology,loot,negative_wtp,,india
d0dd0b60-a45c-4f2b-9803-82d65ac90d49,Astrotalk,astrology,waste of money,negative_wtp,,india
a7a35e2c-c42a-464a-ad18-a756641860f7,Astrotalk,astrology,scam,negative_wtp,,india
83095840-bcbd-4181-9cbc-ff5097f26e86,Astrotalk,astrology,scam,negative_wtp,,india
a6e05a45-6c9b-4533-b286-40a7497d748d,Astrotalk,astrology,waste of money,negative_wtp,,india
43bb4fb7-eca6-49c5-aa13-6118ab454020,Astrotalk,astrology,scam,negative_wtp,,india
85be7c77-f16c-47c9-8c1d-23ff5cfe0ed1,Astrotalk,astrology,Scam,negative_wtp,,india
9a384bc5-1501-4625-8337-a9b4aa5f4595,Astrotalk,astrology,loot,negative_wtp,,india
bae1d1fc-bab7-423f-8fdd-bf935646bb3d,Astrotalk,astrology,scam,negative_wtp,,india
819359d2-0774-4fe7-a36f-78f93dfae6e1,Astrotalk,astrology,scam,negative_wtp,,india
2605cf84-5bc1-4e2d-861c-0bed7377e00e,Astrotalk,astrology,loot,negative_wtp,,india
4a57a7c1-df7f-4a3f-a83e-701576b53258,Astrotalk,astrology,Waste of money,negative_wtp,,india
4a57a7c1-df7f-4a3f-a83e-701576b53258,Astrotalk,astrology,scam,negative_wtp,,india
6656c274-d67d-421b-b4d0-0427f1a0f276,Astrotalk,astrology,loot,negative_wtp,,india
4cb16c92-24b3-4ab8-88ea-66632b436f59,Astrotalk,astrology,loot,negative_wtp,,india
5e602df8-825b-4328-b7ec-fe9042c222fc,Astrotalk,astrology,scam,negative_wtp,,india
b23c66a1-3f9c-4dac-bb6b-e0db06a391e1,Astrotalk,astrology,scam,negative_wtp,,india
4c577e55-53a0-4c14-9f92-745a23dd868b,Astrotalk,astrology,worth every penny,positive_wtp,,india
3921ebb7-4ca9-43c3-80e3-434f7aa1d28c,Astrotalk,astrology,scam,negative_wtp,,india
3921ebb7-4ca9-43c3-80e3-434f7aa1d28c,Astrotalk,astrology,Scam,negative_wtp,,india
52c5592a-8c57-4ae6-9c6c-05d92565672f,Astrotalk,astrology,scam,negative_wtp,,india
4ac059f3-af3b-4ea1-8eda-6eacbfc21a6f,Astrotalk,astrology,scam,negative_wtp,,india
cd6e1369-1ed3-4bdf-adde-d1300ce35d9c,Astrotalk,astrology,scam,negative_wtp,,india
39011c32-c754-4856-9341-66663d5b23d6,Astrotalk,astrology,Scam,negative_wtp,,india
75b3c1bc-83cb-4507-a56c-624681a69009,Astrotalk,astrology,loot,negative_wtp,,india
fb7bff45-bdff-4066-b821-4eac82a52ffc,Astrotalk,astrology,scam,negative_wtp,,india
76d52ae9-c05b-4e31-b903-768139a9b60b,Astrotalk,astrology,scam,negative_wtp,,india
76d52ae9-c05b-4e31-b903-768139a9b60b,Astrotalk,astrology,loot,negative_wtp,,india
45797860-19e3-42ff-a3cc-c1451dc49105,Astrotalk,astrology,scam,negative_wtp,,india
8d60f6c1-8d7f-42cc-a924-c7b6824f3c2b,Astrotalk,astrology,Loot,negative_wtp,,india
e876fa38-4da6-4d62-a2ba-152fbe04fb80,Astrotalk,astrology,scam,negative_wtp,,india
1db469d0-92b2-484d-a712-e34e756fc4ae,Astrotalk,astrology,scam,negative_wtp,,india
e853fd0d-df58-42da-830d-82928812e47e,Astrotalk,astrology,loot,negative_wtp,,india
4654bacd-bbde-4d60-b82b-259fb25f2e59,Astrotalk,astrology,loot,negative_wtp,,india
9d65747f-98a4-4c05-b264-73f9d228c4ad,Astrotalk,astrology,loot,negative_wtp,marriage_compatibility,india
49c18172-bcc5-455a-9a0a-46b9f25497b0,Astrotalk,astrology,Scam,negative_wtp,,india
e6512b61-ee82-45fc-9170-422d603ea500,Astrotalk,astrology,loot,negative_wtp,,india
e24e868b-ac66-4f06-819c-8cfe35fd1448,Astrotalk,astrology,scam,negative_wtp,,india
81212f0c-f7a9-45e1-9a3f-d3b3f8fb25d2,Astrotalk,astrology,scam,negative_wtp,,india
098ca3f8-770c-45fa-a790-22343551999c,Astrotalk,astrology,loot,negative_wtp,,india
0d2bfde1-68af-4600-9605-e486f2245f01,Astrotalk,astrology,scam,negative_wtp,,india
392d8eb5-589e-4a36-8f32-fdee3e3246ad,Astrotalk,astrology,loot,negative_wtp,,india
7f5c0b2d-5458-4b34-a6c4-21de53396af8,Astrotalk,astrology,loot,negative_wtp,,india
eb649a05-92d4-4c5c-8c4b-24d4c0582add,Astrotalk,astrology,waste of money,negative_wtp,,india
b1ab955d-9e29-441f-9b95-3d28d0426f09,Astrotalk,astrology,loot,negative_wtp,,india
6515133c-c149-4432-96ba-e91997de2059,Astrotalk,astrology,loot,negative_wtp,,india
192a1f98-b9fd-436d-8076-963db6d0d4e4,Astrotalk,astrology,scam,negative_wtp,,india
545fe2c4-5ad8-4ec9-a991-b11264f4329d,Astrotalk,astrology,waste of money,negative_wtp,,india
260a50d1-5139-4784-a24e-ac1397036a14,Astrotalk,astrology,scam,negative_wtp,,india
0d70d906-8d0e-4a4c-be18-ea7ce2f35485,Astrotalk,astrology,loot,negative_wtp,,india
cb18483d-dbca-40f8-ac84-d370e0eb9062,Astrotalk,astrology,SCAM,negative_wtp,,india
81884b46-2af3-4f92-9e93-524430157543,Astrotalk,astrology,waste of money,negative_wtp,,india
320784be-85e0-4308-81ae-fa967df3286d,Astrotalk,astrology,Scam,negative_wtp,,india
cf11b341-a70e-4bb5-b9eb-6c758b6fdda5,Astrotalk,astrology,loot,negative_wtp,remedies,india
88d54dfa-202b-4954-b29c-f2cb9316f6a1,Astrotalk,astrology,scam,negative_wtp,,india
6897f944-c96c-4162-9d30-76b54a867f85,Astrotalk,astrology,waste of money,negative_wtp,,india
cfa723e7-5950-4b6b-a6e8-8b74421e0c66,Astrotalk,astrology,scam,negative_wtp,,india
fe348e3c-7b98-4704-a2fd-3b358c47754b,Astrotalk,astrology,Scam,negative_wtp,,india
be9f4502-62e6-4b1d-947a-15c2765fce1d,Astrotalk,astrology,Loot,negative_wtp,,india
54dc5b14-a2fa-43d2-b7c0-f1a575572bb4,Astrotalk,astrology,scam,negative_wtp,,india
706ce6ef-e5c7-4944-bed8-3f4850880400,Astrotalk,astrology,scam,negative_wtp,,india
0e8b189d-d6ca-4eca-ba7d-856c228f7fc9,Astrotalk,astrology,loot,negative_wtp,,india
bc3f67e8-fdd6-41d1-be1e-0888b56ca947,Astrotalk,astrology,loot,negative_wtp,,india
f94601d2-5f0f-43d1-b5c8-d8619d7e637f,Astrotalk,astrology,Waste of money,negative_wtp,,india
3ebb43f9-c89a-48a3-8f45-e70c280ad9c9,Astrotalk,astrology,loot,negative_wtp,,india
5b17e80b-e6aa-43be-926b-6cbd93f685b4,Astrotalk,astrology,Scam,negative_wtp,,india
5a163033-c93a-4ed4-a71d-54c9cf911c7c,Astrotalk,astrology,loot,negative_wtp,,india
16d4072a-016e-4987-ba01-caaf39a19971,Astrotalk,astrology,Scam,negative_wtp,,india
c6fb7a32-45e9-487e-85cb-3660a502c791,Astrotalk,astrology,Not worth,negative_wtp,,india
c6fb7a32-45e9-487e-85cb-3660a502c791,Astrotalk,astrology,waste of money,negative_wtp,,india
63ab2da9-8534-434c-bfc7-729d4501edf1,Astrotalk,astrology,Scam,negative_wtp,,india
3d950970-109c-43d8-9a8c-262fc72975f3,Astrotalk,astrology,loot,negative_wtp,kundli,india
b0830fad-bf27-4a37-9d2f-b42a32cdbbf5,Astrotalk,astrology,waste of money,negative_wtp,,india
b0830fad-bf27-4a37-9d2f-b42a32cdbbf5,Astrotalk,astrology,scam,negative_wtp,,india
dd7f1ccb-1a46-440e-af39-524bf2c04826,Astrotalk,astrology,loot,negative_wtp,,india
0c217eb1-302c-4d38-8889-c43bca4ac586,Astrotalk,astrology,Waste of money,negative_wtp,,india
add38c9f-6c5c-45f2-b678-a533639b1cfb,Astrotalk,astrology,scam,negative_wtp,,india
347e1448-8f53-405e-848b-2f170a51f851,Astrotalk,astrology,scam,negative_wtp,,india
99598fc0-ec14-469d-ad07-34ccf5253cab,Astrotalk,astrology,loot,negative_wtp,,india
49898f9b-98a3-4943-b30e-0af6bb816b63,Astrotalk,astrology,scam,negative_wtp,,india
2e4d2466-3e88-427e-b322-5345537398ea,Astrotalk,astrology,loot,negative_wtp,,india
3d89c822-f80c-463c-8311-2e1714595ab4,Astrotalk,astrology,loot,negative_wtp,,india
6fb95168-dd3a-418b-9b0e-db355619dfa4,Astrotalk,astrology,SCAM,negative_wtp,,india
6fb95168-dd3a-418b-9b0e-db355619dfa4,Astrotalk,astrology,loot,negative_wtp,,india
df07c47d-51fb-46e9-bb62-9313d4a66dad,Astrotalk,astrology,scam,negative_wtp,,india
cf28be1f-2ba9-42e0-a7f8-14d86df80454,Astrotalk,astrology,waste of money,negative_wtp,,india
9b2a51ea-dc06-439f-b7b8-f11da63189c1,Astrotalk,astrology,Scam,negative_wtp,,india
9b2a51ea-dc06-439f-b7b8-f11da63189c1,Astrotalk,astrology,loot,negative_wtp,,india
f7019747-e3d5-4a2a-8ecc-00dfebd316af,Astrotalk,astrology,scam,negative_wtp,,india
c024b155-268c-48b0-9936-3a2ff0ee51b1,Astrotalk,astrology,scam,negative_wtp,,india
686f49d3-58d7-4451-97aa-2f46ab8d811a,Astrotalk,astrology,loot,negative_wtp,kundli,india
c44dd128-b0d5-492e-89b8-55d0c3af8cf3,Astrotalk,astrology,scam,negative_wtp,,india
d5a91310-14f9-45ad-afe2-7f40ab2d400e,Astrotalk,astrology,scam,negative_wtp,,india
d2f3b57c-2830-448a-94d1-5f666b108d3a,Astrotalk,astrology,Not worth,negative_wtp,,india
d35951b0-3be8-431e-b0e0-4017c5a8af45,Astrotalk,astrology,scam,negative_wtp,,india
b9b28d58-965e-476e-97fc-1f8e6a29e784,Astrotalk,astrology,scam,negative_wtp,,india
65b63933-30fc-4992-9720-33bc812732f8,Astrotalk,astrology,Scam,negative_wtp,,india
e609530c-0572-4dc0-9df2-caf3ed01f4fd,Astrotalk,astrology,scam,negative_wtp,,india
625846ce-fae1-4d97-9558-155f94bcff9e,Astrotalk,astrology,scam,negative_wtp,,india
51d9fb83-2202-40a1-94e3-b6518ad43f0d,Astrotalk,astrology,scam,negative_wtp,,india
51d9fb83-2202-40a1-94e3-b6518ad43f0d,Astrotalk,astrology,scam,negative_wtp,,india
37a5f88d-0430-441f-9e6e-3aee07c138be,Astrotalk,astrology,Scam,negative_wtp,,india
cff90aed-718c-4327-a347-a7c3529e1595,Astrotalk,astrology,scam,negative_wtp,,india
392a0b98-071f-488b-be8a-9c82c5f73fd4,Astrotalk,astrology,waste of money,negative_wtp,,india
6559f5d7-abdf-419a-93c4-bd1e6d61cacb,Astrotalk,astrology,loot,negative_wtp,,india
72d4d0aa-ecf4-4ee5-81e3-088a0987c9ef,Astrotalk,astrology,scam,negative_wtp,,india
809eb334-13d5-4188-b5b7-bdfedb781624,Astrotalk,astrology,waste of money,negative_wtp,,india
2fa4ccc5-97ac-4486-83ce-cbb7f92ffef9,Astrotalk,astrology,scam,negative_wtp,,india
d1ed441d-824c-4f62-bdea-4785bb91a331,Astrotalk,astrology,loot,negative_wtp,,india
7ff0a051-4fdb-408e-8b08-b072d9fa51c1,Astrotalk,astrology,Waste of money,negative_wtp,,india
424b4014-798b-4f8a-87fe-c872071074d3,Astrotalk,astrology,scam,negative_wtp,,india
0dee7c64-a864-4933-bb43-01c9d581b07d,Astrotalk,astrology,Scam,negative_wtp,,india
0b18e810-821c-4e0f-92a3-65fccf9c30a9,Astrotalk,astrology,scam,negative_wtp,,india
023008fe-888b-446b-8fab-be7beecf039d,Astrotalk,astrology,Scam,negative_wtp,,india
b85ebc36-882b-4bda-a866-7709e1473b22,Astrotalk,astrology,waste of money,negative_wtp,,india
823a6fb7-2384-4957-b9e8-de84f6e75070,Astrotalk,astrology,loot,negative_wtp,,india
511ae74e-c24a-40b3-a808-b2412f47462e,Astrotalk,astrology,Waste of money,negative_wtp,,india
511ae74e-c24a-40b3-a808-b2412f47462e,Astrotalk,astrology,waste of money,negative_wtp,,india
bd3cd22d-81ef-4f18-ace4-979c80166ed5,Astrotalk,astrology,scam,negative_wtp,,india
52b51f34-8f2a-43cf-8c67-d702155ec118,Astrotalk,astrology,loot,negative_wtp,,india
d3129f63-b29d-4407-b8ec-64aa3063a818,Astrotalk,astrology,scam,negative_wtp,,india
d0706967-6649-4e5d-b4f1-d0bc60d5e18f,Astrotalk,astrology,scam,negative_wtp,,india
ab8954ae-9770-4960-bae1-b7834de5506d,Astrotalk,astrology,scam,negative_wtp,,india
ab8954ae-9770-4960-bae1-b7834de5506d,Astrotalk,astrology,scam,negative_wtp,,india
f3326b95-73ec-4709-ac8c-3b79d41df6ac,Astrotalk,astrology,take my money,positive_wtp,pooja,india
234885a6-f97c-444f-add2-20e4dd838555,Astrotalk,astrology,scam,negative_wtp,,india
dbd3f4f2-0fe1-47d0-9e8c-bb0122879cb2,Astrotalk,astrology,waste of money,negative_wtp,,india
67f8b476-e1b7-4dd2-b2da-472db34c1dce,Astrotalk,astrology,loot,negative_wtp,,india
04819659-1fdd-44c1-a032-10662a885464,Astrotalk,astrology,scam,negative_wtp,,india
14f596d6-dce9-45fa-9942-eaacf1a2c611,Astrotalk,astrology,scam,negative_wtp,,india
1092a3cd-6000-4299-9d24-57e2aa2481ff,Astrotalk,astrology,paisa barbaad,negative_wtp,,india
7b1e4f98-2a2f-4f34-9f09-e9415fe20f68,Astrotalk,astrology,Scam,negative_wtp,,india
7b1e4f98-2a2f-4f34-9f09-e9415fe20f68,Astrotalk,astrology,loot,negative_wtp,,india
205a25b8-7c8c-4775-a087-200bd1a36758,Astrotalk,astrology,Loot,negative_wtp,,india
2ebcb147-c2c4-41b6-bc13-ae148536093d,Astrotalk,astrology,loot,negative_wtp,,india
9f4d46d7-0355-4f1b-a777-d0365cfc40b7,Astrotalk,astrology,Not worth,negative_wtp,,india
f06446ff-368a-4e50-a92d-1c3d5e4c82d4,Astrotalk,astrology,loot,negative_wtp,,india
a8cef373-b20b-425b-8045-ba03ac664700,Astrotalk,astrology,scam,negative_wtp,,india
492ce2fb-12f1-4ca8-91e1-d8e216a6d492,Astrotalk,astrology,overpriced,negative_wtp,,india
55a40b29-6c91-43a0-86d1-642faf54fc06,Astrotalk,astrology,scam,negative_wtp,,india
94abe484-eaff-4655-a95e-4a461f246b55,Astrotalk,astrology,value for money,positive_wtp,,india
1a109f6d-9051-49cf-a1be-b28ae105d95c,Astrotalk,astrology,waste of money,negative_wtp,,india
64fc5591-2e93-4b32-b75d-2ce2104f5836,Astrotalk,astrology,scam,negative_wtp,,india
64fc5591-2e93-4b32-b75d-2ce2104f5836,Astrotalk,astrology,scam,negative_wtp,,india
bd00cac7-f970-4131-a349-5ba82ab15397,Astrotalk,astrology,scam,negative_wtp,,india
93250a10-b7dc-4132-b8bb-990d3f04096c,Astrotalk,astrology,scam,negative_wtp,,india
5bcda04d-7f23-4725-9934-7a153960f59a,Astrotalk,astrology,scam,negative_wtp,,india
0d4ba01a-4350-4e5e-91ca-4832d844bcd4,Astrotalk,astrology,scam,negative_wtp,,india
0ffffc90-9c58-4a35-989a-48783de22e11,Astrotalk,astrology,waste of money,negative_wtp,,india
95bd4865-9b1e-4a33-a3ea-581eb0b3766f,Astrotalk,astrology,scam,negative_wtp,,india
35a3ab47-5a7f-45d9-a2b7-987b5dc7643b,Astrotalk,astrology,loot,negative_wtp,,india
559f63d3-d3bc-4fb2-8e0b-ee32c69b698a,Astrotalk,astrology,waste of money,negative_wtp,,india
235fb076-401f-42e6-addb-ff71b027ce23,Astrotalk,astrology,scam,negative_wtp,,india
989468bc-fee3-458c-a146-e94802bf9d1c,Astrotalk,astrology,scam,negative_wtp,,india
b0230581-89eb-4ac3-b200-c912f252a477,Astrotalk,astrology,Loot,negative_wtp,,india
20887c13-c67f-40ca-9ea8-0fdc2fead8ee,Astrotalk,astrology,waste of money,negative_wtp,,india
5ef59e37-7d3c-45ed-8161-05b2a940a473,Astrotalk,astrology,scam,negative_wtp,,india
86b415f9-93ae-492a-97ed-bac03ce0fdc1,Astrotalk,astrology,scam,negative_wtp,,india
fac7dbec-4e58-49f2-bfca-fef4b0c5d047,Astrotalk,astrology,scam,negative_wtp,,india
fac7dbec-4e58-49f2-bfca-fef4b0c5d047,Astrotalk,astrology,Scam,negative_wtp,,india
e438b800-c2b1-44ce-b8c7-dba63b7036a3,Astrotalk,astrology,scam,negative_wtp,,india
e438b800-c2b1-44ce-b8c7-dba63b7036a3,Astrotalk,astrology,Scam,negative_wtp,,india
38542159-3adb-40c2-8f4a-1f15733d7168,Astrotalk,astrology,too expensive,negative_wtp,,india
b7f4f593-bc68-4a21-ab79-51df00241e38,Astrotalk,astrology,loot,negative_wtp,,india
f6962154-9fb1-4dad-b7cb-20e25b1f8e52,Astrotalk,astrology,Loot,negative_wtp,,india
196e18de-c9a9-42ad-bfd2-e26f0187bb1f,Astrotalk,astrology,loot,negative_wtp,,india
c104f472-02a1-4ad6-938e-29406f707907,Astrotalk,astrology,scam,negative_wtp,,india
e08c6507-9106-4611-9c98-d32d4ec29f60,Astrotalk,astrology,scam,negative_wtp,,india
3bcf228e-e50d-43f7-84b3-2bfdd8bc07c3,Astrotalk,astrology,scam,negative_wtp,,india
dfa1dbc3-6d8a-4349-85f6-07079e9f1b13,Astrotalk,astrology,paisa barbaad,negative_wtp,,india
1cc9f9a5-dfe3-4c9a-980e-7265bb991996,Astrotalk,astrology,scam,negative_wtp,,india
cdfe786c-99c4-4d73-8cfc-b1e8f1cef13d,Astrotalk,astrology,loot,negative_wtp,,india
0a883d25-2308-468e-bf92-55c914944567,Astrotalk,astrology,waste of money,negative_wtp,,india
2b44f294-6f85-4a97-88ad-11c20a7259e3,Astrotalk,astrology,scam,negative_wtp,,india
ce0c2e49-cbc2-4e17-bc76-6102079df25e,Astrotalk,astrology,loot,negative_wtp,,india
8a4f9b61-c3db-4bc6-adfa-846dafd87492,Astrotalk,astrology,loot,negative_wtp,,india
910ff515-2c25-4647-a173-4916135959e1,Astrotalk,astrology,loot,negative_wtp,,india
84f8eddc-cabe-455a-b1c6-b99f1b854104,Astrotalk,astrology,scam,negative_wtp,,india
84f8eddc-cabe-455a-b1c6-b99f1b854104,Astrotalk,astrology,scam,negative_wtp,,india
84f8eddc-cabe-455a-b1c6-b99f1b854104,Astrotalk,astrology,scam,negative_wtp,,india
2684427d-9179-4b37-a1c8-091818b2c5ef,Astrotalk,astrology,scam,negative_wtp,,india
9e53ac8a-c01f-4a26-9fa7-48e882b05082,Astrotalk,astrology,scam,negative_wtp,,india
9e53ac8a-c01f-4a26-9fa7-48e882b05082,Astrotalk,astrology,scam,negative_wtp,,india
c047e5a8-73de-4b5b-8a1d-8fc89b5f3d58,Astrotalk,astrology,Not worth,negative_wtp,,india
9040c22d-3dea-4bde-91c9-4bf6e0bc3693,Astrotalk,astrology,loot,negative_wtp,,india
9040c22d-3dea-4bde-91c9-4bf6e0bc3693,Astrotalk,astrology,paisa barbaad,negative_wtp,,india
9e4d82c1-08e6-4683-9fa6-4c603a6807df,Astrotalk,astrology,loot,negative_wtp,,india
483f1b9b-61f0-4099-859c-1f693209c01a,Astrotalk,astrology,scam,negative_wtp,,india
b226608d-f362-4e7e-adca-61f9aa8bfd27,Astrotalk,astrology,scam,negative_wtp,,india
563101f0-cffa-4dda-ac5a-169e4db54ccd,Astrotalk,astrology,loot,negative_wtp,,india
7b6599bc-899f-4c53-8969-2a94e0fec7ee,Astrotalk,astrology,scam,negative_wtp,,india
7b6599bc-899f-4c53-8969-2a94e0fec7ee,Astrotalk,astrology,scam,negative_wtp,,india
7b6599bc-899f-4c53-8969-2a94e0fec7ee,Astrotalk,astrology,scam,negative_wtp,,india
1f8b7ac0-5c20-4906-984f-01b1eb531539,Astrotalk,astrology,scam,negative_wtp,,india
fee7ea0b-3e27-4d14-a44b-2a8e6397a205,Astrotalk,astrology,scam,negative_wtp,,india
687ba6f6-40fa-4ed3-b987-d678ecd6e575,Astrotalk,astrology,scam,negative_wtp,,india
3f79b5c6-2dc2-43d3-9a6a-f91c2e5261e6,Astrotalk,astrology,scam,negative_wtp,,india
b923a520-5091-4566-ad3b-f74bcc73a65e,Astrotalk,astrology,loot,negative_wtp,,india
62bd500e-6d43-49bc-8236-7f7c187ac1a2,Astrotalk,astrology,too expensive,negative_wtp,,india
395379bb-e4d8-4e28-8b38-6fd8ea6eb8b3,Astrotalk,astrology,loot,negative_wtp,,india
f5ff78b3-7874-429f-9983-d31567b72452,Astrotalk,astrology,scam,negative_wtp,,india
37d4d4f0-0c7b-4337-8a78-9258cb2a1eda,Astrotalk,astrology,scam,negative_wtp,,india
39ec9664-fcdd-44cd-8784-d4531d66af05,Astrotalk,astrology,loot,negative_wtp,,india
60d1d6d6-01af-4357-984b-02278e1131d0,Astrotalk,astrology,scam,negative_wtp,,india
a7d2ff9f-04c7-4f1d-a41b-5183d14b6df7,Astrotalk,astrology,waste of money,negative_wtp,,india
41d66e9f-d656-4159-8ac6-4f5f1b395ba0,Astrotalk,astrology,loot,negative_wtp,,india
f2f30df7-e7ca-4f9a-b873-4c3357fc5771,Astrotalk,astrology,scam,negative_wtp,kundli,india
15badcb6-79db-4b4d-b373-2e4e4084f7dd,Astrotalk,astrology,paisa barbaad,negative_wtp,,india
88487e8b-d6aa-4fc2-a4de-52fa879ab577,Astrotalk,astrology,Waste of money,negative_wtp,,india
a48e26c1-7007-4856-9273-e4df59605ab8,Astrotalk,astrology,scam,negative_wtp,,india
ac6995a5-deab-468b-9b27-eff566f4559e,Astrotalk,astrology,loot,negative_wtp,,india
16a0ffad-768e-4da4-ac31-99019e97f4d6,Astrotalk,astrology,Scam,negative_wtp,,india
f7d18cae-47bd-45c4-82cc-ab3fbb6279e1,Astrotalk,astrology,not worth,negative_wtp,,india
a6adde9d-fbc0-4143-aeea-d4426e1468fc,Astrotalk,astrology,loot,negative_wtp,,india
7f3cff70-899e-4b38-a308-e56286db5a1f,Astrotalk,astrology,Scam,negative_wtp,,india
e38b0d9e-4fd6-465d-8fe2-414088c9d9dd,Astrotalk,astrology,loot,negative_wtp,,india
1ef537f1-e2be-4ec4-a3eb-cb4705f8a3d3,Astrotalk,astrology,scam,negative_wtp,,india
48fdd80e-4c2d-4225-a7d4-88d4df41297d,Astrotalk,astrology,scam,negative_wtp,,india
8d798388-731f-4e7c-864a-5bea9fbf7fea,Astrotalk,astrology,scam,negative_wtp,,india
554df70d-4195-494a-972a-6a36d62b5d99,Astrotalk,astrology,loot,negative_wtp,,india
d61175dc-46bf-4de0-84ad-6542bacd6bea,Astrotalk,astrology,loot,negative_wtp,,india
76e27ef2-76ee-4c4e-9427-e7b719402d59,Astrotalk,astrology,loot,negative_wtp,,india
55406d85-ce48-4c47-bf4a-64ae9189fa54,Astrotalk,astrology,scam,negative_wtp,,india
4cd010ba-c352-4b09-bf36-e3de8e5b99c1,Astrotalk,astrology,waste of money,negative_wtp,,india
b5d6b18a-c6b3-465e-a5f5-1471604e5409,Astrotalk,astrology,scam,negative_wtp,,india
415cf27b-b368-463c-9c9b-032d6d058178,Astrotalk,astrology,Waste of money,negative_wtp,,india
467ff411-1418-4766-89fd-29b7c663bde0,Astrotalk,astrology,scam,negative_wtp,,india
36dfed55-35b8-4127-943f-89744d565e2d,Astrotalk,astrology,scam,negative_wtp,,india
7e9f7d6c-403a-4db3-8f4b-e73fcbd96a4d,Astrotalk,astrology,Waste of money,negative_wtp,,india
9e66d504-821e-4316-9b0d-6c2cb55d9453,Astrotalk,astrology,scam,negative_wtp,,india
9d17fdae-9229-43e9-87ac-38dcc556e2e2,Astrotalk,astrology,Scam,negative_wtp,,india
c291f9c9-04f3-4819-95d9-dc8a3eaf2fa0,Astrotalk,astrology,scam,negative_wtp,,india
c152ebb6-6adc-496a-b404-72db61fdf90e,Astrotalk,astrology,scam,negative_wtp,,india
541b28ed-065c-462f-bb87-a7ee0f074590,Astrotalk,astrology,Scam,negative_wtp,,india
541b28ed-065c-462f-bb87-a7ee0f074590,Astrotalk,astrology,Scam,negative_wtp,,india
62c6f253-7efe-44e1-b031-b94e1b6ab00e,Astrotalk,astrology,loot,negative_wtp,,india
fd3e2e3c-5acc-4ad7-a60c-be38cf88aced,Astrotalk,astrology,loot,negative_wtp,,india
1fa35d96-fc4a-4393-a77e-1e67bac419d2,Astrotalk,astrology,scam,negative_wtp,,india
59fe2043-b13d-456e-ae35-3f9f311b15b1,Astrotalk,astrology,scam,negative_wtp,,india
c1c362c5-bd0f-4fbb-8b38-e8fd5dc15f24,Astrotalk,astrology,scam,negative_wtp,,india
db18dcfb-5d54-4b78-8491-5db5934a6a0c,Astrotalk,astrology,loot,negative_wtp,,india
ce08f461-50b7-4526-ab9a-81385c99863b,Astrotalk,astrology,Loot,negative_wtp,,india
cd406a96-64d8-4f26-911d-d05fa7dc1564,Astrotalk,astrology,loot,negative_wtp,,india
9fc40c67-c2c3-420d-b2b7-8a8844a16684,Astrotalk,astrology,loot,negative_wtp,,india
7073ac45-895e-4a2d-9f75-b87a68d54c6d,Astrotalk,astrology,scam,negative_wtp,,india
78bb9775-ddc8-4c74-a893-d90b292abff1,Astrotalk,astrology,scam,negative_wtp,,india
15755dd1-f7ef-4e77-9e29-45b0f40c8dfc,Astrotalk,astrology,loot,negative_wtp,,india
832beb1f-16c8-4494-80c9-12b125e7c662,Astrotalk,astrology,scam,negative_wtp,,india
c94e2b2c-359f-4e76-806b-8309a38020d4,Astrotalk,astrology,scam,negative_wtp,,india
686577fc-15e6-46f5-95cf-a83f12db1da2,Astrotalk,astrology,scam,negative_wtp,,india
f9067c1f-fde9-4bba-ada1-276cae38509d,Astrotalk,astrology,loot,negative_wtp,,india
f9067c1f-fde9-4bba-ada1-276cae38509d,Astrotalk,astrology,loot,negative_wtp,,india
590a94ff-2e1f-4031-b6f8-c01be385b10a,Astrotalk,astrology,Too expensive,negative_wtp,,india
67ab437d-669a-499c-ba1b-7631b39586bd,Astrotalk,astrology,reasonable price,positive_wtp,,india
c8c42fe0-9485-4417-b593-e43c3cd66f7a,Astrotalk,astrology,waste of money,negative_wtp,,india
c8c42fe0-9485-4417-b593-e43c3cd66f7a,Astrotalk,astrology,loot,negative_wtp,,india
7de251f8-5c09-4782-9c88-3c6f932615dc,Astrotalk,astrology,loot,negative_wtp,,india
3b3b30b3-fa90-4001-9c4a-5a13d266c071,Astrotalk,astrology,scam,negative_wtp,,india
6a8bca60-8792-4365-a48a-88539fce77b5,Astrotalk,astrology,waste of money,negative_wtp,,india
310cfdcf-3a03-4fbd-b513-1f3c64cd08f2,Astrotalk,astrology,Scam,negative_wtp,,india
310cfdcf-3a03-4fbd-b513-1f3c64cd08f2,Astrotalk,astrology,loot,negative_wtp,,india
43ce893f-8538-4cb1-a3bd-e1586ab9905e,Astrotalk,astrology,scam,negative_wtp,,india
a42127bb-7d7c-4c59-8dda-72bbd3ed3c3a,Astrotalk,astrology,Scam,negative_wtp,,india
a42127bb-7d7c-4c59-8dda-72bbd3ed3c3a,Astrotalk,astrology,scam,negative_wtp,,india
8eb080b9-09ca-45ab-80bf-e1c8a5f26e42,Astrotalk,astrology,loot,negative_wtp,,india
1d1a4d6b-a801-4a17-acd4-0a841d09a0c7,Astrotalk,astrology,scam,negative_wtp,,india
1d1a4d6b-a801-4a17-acd4-0a841d09a0c7,Astrotalk,astrology,scam,negative_wtp,,india
1c31eb9b-4ed0-439e-8776-8a457071b026,Astrotalk,astrology,loot,negative_wtp,,india
1c31eb9b-4ed0-439e-8776-8a457071b026,Astrotalk,astrology,loot,negative_wtp,,india
e016066c-1da9-4404-8b4a-fa1eacb08c90,Astrotalk,astrology,Scam,negative_wtp,,india
90310263-acbe-4756-828d-d09a641dc188,Astrotalk,astrology,scam,negative_wtp,,india
56336120-418c-4dbc-89d3-692997b820bb,Astrotalk,astrology,scam,negative_wtp,,india
826f3442-7f20-4fe1-8901-91f2ce9483b8,Astrotalk,astrology,scam,negative_wtp,,india
3e72eb68-94fa-4c25-87a2-0c17d97e590f,Astrotalk,astrology,waste of money,negative_wtp,,india
703633aa-b2e9-466e-9e32-c9ebcc355dad,Astrotalk,astrology,Waste of money,negative_wtp,,india
703633aa-b2e9-466e-9e32-c9ebcc355dad,Astrotalk,astrology,loot,negative_wtp,,india
2954c310-cd69-490e-aaf0-4940b2bc990f,Astrotalk,astrology,scam,negative_wtp,,india
fcbf6f9b-7f90-49ed-8451-0e709c202f95,Astrotalk,astrology,scam,negative_wtp,,india
51df87db-2574-432a-980c-865a8e07938a,Astrotalk,astrology,scam,negative_wtp,,india
9597bb88-ffad-4cdd-aeb7-d760360ee983,Astrotalk,astrology,scam,negative_wtp,,india
4068e88a-6d2d-4a06-91de-b27b0bf58dfa,Astrotalk,astrology,loot,negative_wtp,,india
db903e21-03c6-4939-bdb5-1f0c83b71562,Astrotalk,astrology,waste of money,negative_wtp,,india
47a2658d-ecc9-4b23-add3-ce6b103256cc,Astrotalk,astrology,scam,negative_wtp,,india
774fb85e-1c7b-4f74-b996-45090721ce76,Astrotalk,astrology,loot,negative_wtp,,india
774fb85e-1c7b-4f74-b996-45090721ce76,Astrotalk,astrology,loot,negative_wtp,,india
cfa8cd73-f630-4447-88df-031cd62b7448,Astrotalk,astrology,Waste of money,negative_wtp,,india
03b0e75b-e3f7-4d2f-a200-568e3a2374b5,Astrotalk,astrology,scam,negative_wtp,,india
b866db29-b898-44ad-b2d1-3bce14080bca,Astrotalk,astrology,scam,negative_wtp,,india
2c8fe6b3-7441-4ba1-957e-c05b0f461c63,Astrotalk,astrology,Scam,negative_wtp,,india
855aa9d3-2400-4c5f-8054-b7099fd12dd2,Astrotalk,astrology,SCAM,negative_wtp,,india
a48efa6f-f579-42ac-a6db-38d45f997506,Astrotalk,astrology,scam,negative_wtp,,india
c3117887-13c1-4d85-a795-aebe0bf91f17,Astrotalk,astrology,loot,negative_wtp,marriage_compatibility,india
7a71300a-27fc-4279-86d3-2091457123e7,Astrotalk,astrology,waste of money,negative_wtp,,india
824696ae-5100-4b0b-97a6-46dbed97003c,Astrotalk,astrology,Loot,negative_wtp,,india
31beeb70-fd79-40d8-b416-74c391695031,Astrotalk,astrology,not worth,negative_wtp,,india
febb8c7c-b686-4880-ada2-8b4fa2be236c,Astrotalk,astrology,not worth,negative_wtp,,india
ce7f877f-09c0-457d-a92c-5ea9537784a8,Astrotalk,astrology,waste of money,negative_wtp,,india
e42f8827-6736-4553-ae7f-f409c5450434,Astrotalk,astrology,loot,negative_wtp,,india
e80e9a6d-1115-4581-bcbb-669896769675,Astrotalk,astrology,scam,negative_wtp,,india
5014a29e-a24c-4d59-a809-eb40b0005718,Astrotalk,astrology,scam,negative_wtp,,india
4c899953-22e6-4954-a9cc-b15bbf30fdd2,Astrotalk,astrology,waste of money,negative_wtp,,india
53abf539-b8a6-4a8d-ab30-c05c3840a3e4,Astrotalk,astrology,waste of money,negative_wtp,,india
ed758bdf-179f-4a72-ae2b-140cdb00ca82,Astrotalk,astrology,loot,negative_wtp,,india
6f893116-91a6-41cc-b780-c7e08e37a89c,Astrotalk,astrology,scam,negative_wtp,,india
9e0b65d6-494b-491a-ba0e-621a4eda81c9,Astrotalk,astrology,scam,negative_wtp,,india
1cd7d7a6-13ac-4c05-b572-80d3ef72d3ee,Astrotalk,astrology,waste of money,negative_wtp,,india
e0125c1d-be0b-4a89-985c-3e775d2e829e,Astrotalk,astrology,Scam,negative_wtp,,india
7b9ec02e-28bf-4491-9d46-4726b0c5e5b3,Astrotalk,astrology,scam,negative_wtp,,india
4b74f72b-7b2d-4fca-b37a-9276c7f30022,Astrotalk,astrology,scam,negative_wtp,,india
0bc0d16b-2237-48cf-ba05-16e912d9da68,Astrotalk,astrology,worth every penny,positive_wtp,,india
8127b554-df57-418a-b467-3fd60064f881,Astrotalk,astrology,worth every penny,positive_wtp,,india
4c5e62a5-7e20-4eaa-97ff-88868b3f4913,Astrotalk,astrology,too costly,negative_wtp,,india
365bf127-0140-4972-9028-0c015dbb840e,Astrotalk,astrology,scam,negative_wtp,,india
fa31a652-7c11-4ba1-9577-4d9abc93e93b,Astrotalk,astrology,waste of money,negative_wtp,,india
fbdbea7b-78c1-4849-9aac-bbecba314232,Astrotalk,astrology,Scam,negative_wtp,,india
fbdbea7b-78c1-4849-9aac-bbecba314232,Astrotalk,astrology,scam,negative_wtp,,india
b992520c-337e-4e9e-abc3-35e3a9ea0671,Astrotalk,astrology,scam,negative_wtp,,india
16b8b4a1-f05a-4984-b3a5-a6db6e16bdf1,Astrotalk,astrology,Scam,negative_wtp,,india
c4ed58cb-1c9c-45ba-a484-b135cba95449,Astrotalk,astrology,Not worth,negative_wtp,,india
0224705c-850a-4d63-8753-7cd828a3f3a3,Astrotalk,astrology,Scam,negative_wtp,,india
f2176cfd-62ab-46d3-8a18-925609ca71a6,Astrotalk,astrology,Scam,negative_wtp,,india
521b9668-4c1b-4820-b538-ba81035ff741,Astrotalk,astrology,Paisa barbaad,negative_wtp,,india
3748e01c-b649-442e-8704-efdc6d91864e,Astrotalk,astrology,scam,negative_wtp,,india
8ad1e6d9-90c1-4679-bc71-0f76a25e0f4f,Astrotalk,astrology,waste of money,negative_wtp,,india
7c4b25a3-3394-4dbf-89e4-c5872a974b31,Astrotalk,astrology,scam,negative_wtp,,india
3e6f6a61-de97-441b-93d0-5b884e9f5c27,Astrotalk,astrology,loot,negative_wtp,,india
3fc4e042-90ff-4e66-822a-373184ea5101,Astrotalk,astrology,scam,negative_wtp,,india
522d46e3-1bd9-4f65-aa8e-1986dec2891a,Astrotalk,astrology,SCAM,negative_wtp,,india
522d46e3-1bd9-4f65-aa8e-1986dec2891a,Astrotalk,astrology,SCAM,negative_wtp,,india
71152b1e-1a74-4eee-94e3-4b5cb63c5ce5,Astrotalk,astrology,scam,negative_wtp,,india
71152b1e-1a74-4eee-94e3-4b5cb63c5ce5,Astrotalk,astrology,scam,negative_wtp,,india
2b2a72c4-9875-4da2-b521-fa699e3c5fea,Astrotalk,astrology,loot,negative_wtp,,india
8d92a4e4-8fcb-4292-bf5b-bf2f0052d7b1,Astrotalk,astrology,scam,negative_wtp,,india
ab1e09d9-97d2-4a17-86f3-e9afa10f10ea,Astrotalk,astrology,Too expensive,negative_wtp,,india
ab1e09d9-97d2-4a17-86f3-e9afa10f10ea,Astrotalk,astrology,loot,negative_wtp,,india
11b98982-87c8-4418-b591-ce44de1a80ce,Astrotalk,astrology,scam,negative_wtp,,india
4b3a3a6d-ad47-4be5-8482-7b4147f0c105,Astrotalk,astrology,Waste of Money,negative_wtp,,india
86c43329-ec10-48d4-b308-dffceec7849a,Astrotalk,astrology,loot,negative_wtp,,india
7460ba39-3e8e-4860-83fd-9f24c0944548,Astrotalk,astrology,scam,negative_wtp,,india
b51ef76d-8fb7-404e-9cd3-a37c58f53551,Astrotalk,astrology,waste of money,negative_wtp,,india
92edda17-3441-4342-8dcf-63e871b87700,Astrotalk,astrology,scam,negative_wtp,,india
92edda17-3441-4342-8dcf-63e871b87700,Astrotalk,astrology,scam,negative_wtp,,india
776b3ed5-3d59-4ccf-97e2-9d1f6dab2c7e,Astrotalk,astrology,scam,negative_wtp,,india
4a363afa-7398-4d63-9b64-fffa06faac03,Astrotalk,astrology,loot,negative_wtp,,india
cdefed78-f9b1-40e6-8123-7c39c0b42438,Astrotalk,astrology,not worth,negative_wtp,,india
fccd92f6-e4fc-4dc8-9a2e-d211a0657616,Astrotalk,astrology,scam,negative_wtp,,india
1c56d7e4-a963-4154-b7ec-21871eb4e0ec,Astrotalk,astrology,scam,negative_wtp,,india
76ffa2b2-7fb1-44ed-b3db-c7aef84835ab,Astrotalk,astrology,waste of money,negative_wtp,,india
28d1466a-f25f-4a53-9d5f-9f04a0dd024e,Astrotalk,astrology,Scam,negative_wtp,,india
f1651737-28f3-4599-9718-8f7a98b7d1f7,Astrotalk,astrology,loot,negative_wtp,,india
2c5c1e72-3fce-4613-8e4a-d112e9976752,Astrotalk,astrology,loot,negative_wtp,,india
47a8f0fa-e48d-4bc8-90ae-dec6ca329a84,Astrotalk,astrology,scam,negative_wtp,,india
060b05c0-f860-4120-8186-df4b0984578b,Astrotalk,astrology,scam,negative_wtp,,india
8d191ead-c6b3-42ff-bd94-fb9559d3268a,Astrotalk,astrology,scam,negative_wtp,,india
b9f9326c-de0c-47f0-a029-a071db90b7fa,Astrotalk,astrology,should be free,negative_wtp,,india
9eb3bd5f-e69a-4940-8ee7-15015b1fcb38,Astrotalk,astrology,waste of money,negative_wtp,,india
5057ca97-68f9-47d5-ada8-be5ea9f34a3f,Astrotalk,astrology,waste of money,negative_wtp,,india
d0eaee29-7269-4460-8f82-5777844f879f,Astrotalk,astrology,Scam,negative_wtp,,india
06d9f5bb-cd78-4d32-8ea0-3df59661fb74,Astrotalk,astrology,loot,negative_wtp,,india
65898db0-01c3-4916-ad7d-b5750362c4f6,Astrotalk,astrology,loot,negative_wtp,,india
fdcc9024-d5e7-40f2-ac9a-8f8056116e8f,Astrotalk,astrology,scam,negative_wtp,,india
327431d3-c13b-4d8a-b212-3280b740b704,Astrotalk,astrology,Loot,negative_wtp,,india
3397c58d-881d-4f18-998e-37e2cb3a461f,Astrotalk,astrology,scam,negative_wtp,,india
b45a96a9-785a-4b25-80a6-ebd9e50bf235,Astrotalk,astrology,waste of money,negative_wtp,,india
01c6391b-dd28-4c8a-9f7e-9d5acd5ddab5,Astrotalk,astrology,scam,negative_wtp,,india
5417a24b-26d4-41ac-b598-567a71578f88,Astrotalk,astrology,scam,negative_wtp,,india
8878668d-f28a-4ea9-9b03-d9ff13a8ad32,Astrotalk,astrology,scam,negative_wtp,,india
81354b34-73f6-450c-97df-b5f3eea42682,Astrotalk,astrology,loot,negative_wtp,,india
3c489a1d-21a9-4969-979d-e80252252820,Astrotalk,astrology,scam,negative_wtp,kundli,india
8acacfe7-f0da-4988-9396-4df4dd1eb807,Astrotalk,astrology,Not worth,negative_wtp,,india
004d781a-8479-4b3a-92df-b7a4be5115ad,Astrotalk,astrology,scam,negative_wtp,,india
9b0f14fa-fd50-4eb0-95a1-2deda946ec85,Astrotalk,astrology,waste of money,negative_wtp,,india
9b0f14fa-fd50-4eb0-95a1-2deda946ec85,Astrotalk,astrology,scam,negative_wtp,,india
9b0f14fa-fd50-4eb0-95a1-2deda946ec85,Astrotalk,astrology,SCAM,negative_wtp,,india
fc1bda0a-33a7-474e-b935-6f2f66194386,Astrotalk,astrology,scam,negative_wtp,,india
e38221a8-2aaa-4a11-b797-aecd9fe48d7c,Astrotalk,astrology,scam,negative_wtp,,india
7d9f6699-29c4-4c4a-a790-5b480e7d5049,Astrotalk,astrology,loot,negative_wtp,,india
17823baf-c2e5-46e6-aac7-f3a6b79ce9f2,Astrotalk,astrology,loot,negative_wtp,,india
f23ab7f5-fa77-4d9a-8bfe-232f25e669a9,Astrotalk,astrology,waste of money,negative_wtp,,india
ea0381b8-0641-44af-ba92-9daf718f34e9,Astrotalk,astrology,scam,negative_wtp,,india
ea0381b8-0641-44af-ba92-9daf718f34e9,Astrotalk,astrology,scam,negative_wtp,,india
e5a30fd3-c5be-4101-830f-c0a57db2aea7,Astrotalk,astrology,waste of money,negative_wtp,,india
d24da8bc-8277-45d2-80d8-ab87a05310ff,Astrotalk,astrology,Loot,negative_wtp,,india
7f9b9716-d116-4090-8b49-e3f8fd5e4bba,Astrotalk,astrology,scam,negative_wtp,,india
33a666b4-2b95-4d95-96cc-ced54c95d983,Astrotalk,astrology,scam,negative_wtp,,india
33a666b4-2b95-4d95-96cc-ced54c95d983,Astrotalk,astrology,loot,negative_wtp,,india
5af3e414-7f24-4b1c-a2b5-68a9c2e94bf3,Astrotalk,astrology,waste of money,negative_wtp,,india
150fef61-b103-49a6-8911-ac6f6a5708d0,Astrotalk,astrology,Waste Of Money,negative_wtp,,india
b3840e8d-7109-4b20-a9e6-54f715ae1f6a,Astrotalk,astrology,waste of money,negative_wtp,,india
fa345d62-5be3-456c-9038-f8a70dcac279,Astrotalk,astrology,scam,negative_wtp,,india
c2ed0d99-4fc4-4b84-a4ed-b9b23f572165,Astrotalk,astrology,scam,negative_wtp,,india
c2ed0d99-4fc4-4b84-a4ed-b9b23f572165,Astrotalk,astrology,SCAM,negative_wtp,,india
c2ed0d99-4fc4-4b84-a4ed-b9b23f572165,Astrotalk,astrology,Scam,negative_wtp,,india
324b1186-5464-4314-ab52-dce0e0a2cf03,Astrotalk,astrology,Loot,negative_wtp,,india
ac9d6d14-ded2-42b3-9e95-3f497c597b8e,Astrotalk,astrology,waste of money,negative_wtp,,india
6aeb8880-a94a-4195-9804-8d28c7bbabdf,Astrotalk,astrology,scam,negative_wtp,,india
c635d385-d1f7-4b41-8d03-1b8bbc7e291b,Astrotalk,astrology,scam,negative_wtp,,india
61f22d5a-039f-47dc-9be5-45ca48f17758,Astrotalk,astrology,scam,negative_wtp,,india
57003702-ef6b-4c6c-b47d-11d0da6e63cd,Astrotalk,astrology,loot,negative_wtp,,india
12871a96-bf21-4e46-acda-456cd887ae10,Astrotalk,astrology,scam,negative_wtp,,india
12871a96-bf21-4e46-acda-456cd887ae10,Astrotalk,astrology,scam,negative_wtp,,india
b4b9d785-4b02-492e-b079-2bed9aee4bbf,Astrotalk,astrology,Not worth,negative_wtp,,india
efe5e94b-2a95-46bc-8a53-26a9d1fc2fcd,Astrotalk,astrology,waste of money,negative_wtp,,india
d76973b0-abee-4edf-b7df-c6041963163d,Astrotalk,astrology,loot,negative_wtp,,india
e15d8866-8436-42ea-a280-83a5e6ca9633,Astrotalk,astrology,Waste of money,negative_wtp,,india
f60c0625-07fa-4e7f-a503-28aa94f87342,Astrotalk,astrology,loot,negative_wtp,,india
2ea9c703-7c37-4fc6-be25-e90ad3789ee3,Astrotalk,astrology,Waste of Money,negative_wtp,,india
63b1e0b0-11b5-439e-9885-93df637943b8,Astrotalk,astrology,scam,negative_wtp,,india
dfc10eff-d436-4ee5-92b5-dd4d9437a0e2,Astrotalk,astrology,Scam,negative_wtp,,india
b05714c1-52a5-4686-9fef-cda26a85bad6,Astrotalk,astrology,scam,negative_wtp,,india
b05714c1-52a5-4686-9fef-cda26a85bad6,Astrotalk,astrology,loot,negative_wtp,,india
35b550e8-7537-4522-80ea-fe0d0f56e6cc,Astrotalk,astrology,scam,negative_wtp,,india
b96034b7-ef34-48bb-912a-9366dbd9db7a,Astrotalk,astrology,scam,negative_wtp,,india
e5905566-b3c3-476a-bdca-29ff036aa37a,Astrotalk,astrology,loot,negative_wtp,,india
c478dc2d-37d4-418f-a88a-13a1cf57568c,Astrotalk,astrology,scam,negative_wtp,,india
010c4665-0375-437c-8d27-de93e26fa1cb,Astrotalk,astrology,loot,negative_wtp,,india
010c4665-0375-437c-8d27-de93e26fa1cb,Astrotalk,astrology,loot,negative_wtp,,india
290fe204-30e7-4be3-8430-14f4dae7b1a9,Astrotalk,astrology,scam,negative_wtp,,india
e5f5412e-e56c-4952-874a-a215e2ae6fdf,Astrotalk,astrology,SCAM,negative_wtp,,india
a293d401-5e05-4bfc-94c1-417842ffcde5,Astrotalk,astrology,loot,negative_wtp,,india
110bd74f-b3c0-40b3-b934-9b7e1c1f1d07,Astrotalk,astrology,not worth,negative_wtp,,india
99ae21bb-88cf-4fe5-98f3-dca60ba27238,Astrotalk,astrology,waste of money,negative_wtp,,india
dc4eb1f5-b865-4341-b4d2-346f49058230,Astrotalk,astrology,Too expensive,negative_wtp,,india
ae562584-45f5-439e-849e-f50fe32a2bbe,Astrotalk,astrology,waste of money,negative_wtp,,india
073d1081-2217-4e6c-a630-9692a3637a68,Astrotalk,astrology,scam,negative_wtp,,india
69e4d041-0a0e-458e-9533-68a9e1a2a1d8,Astrotalk,astrology,waste of money,negative_wtp,,india
702aa9cd-9931-41d1-88b6-a5256d9bfb00,Astrotalk,astrology,Scam,negative_wtp,,india
71e26d3e-5e95-4164-9f65-f5dc57b2989f,Astrotalk,astrology,Scam,negative_wtp,,india
488aead1-4a07-4e4e-bf41-7d3105fad54e,Astrotalk,astrology,Too costly,negative_wtp,,india
155a40fa-492c-4b23-ad18-9432f572b6c3,Astrotalk,astrology,scam,negative_wtp,remedies,india
5a6a7a97-7cfd-497a-bc6c-afdd4bc7d17e,Astrotalk,astrology,scam,negative_wtp,,india
79a89900-5807-4139-a752-b8792eb3584a,Astrotalk,astrology,loot,negative_wtp,,india
55554686-34b1-4e48-9983-2def193819ae,Astrotalk,astrology,scam,negative_wtp,,india
a3e298cc-237d-46c9-8eb3-e8949ece4d54,Astrotalk,astrology,not worth,negative_wtp,,india
a3e298cc-237d-46c9-8eb3-e8949ece4d54,Astrotalk,astrology,Scam,negative_wtp,,india
a3e298cc-237d-46c9-8eb3-e8949ece4d54,Astrotalk,astrology,Scam,negative_wtp,,india
12fd8b9f-62dd-4971-ba64-0092c7ce903c,Astrotalk,astrology,scam,negative_wtp,,india
6d136a10-73c1-4184-a9b3-eb471000ec1e,Astrotalk,astrology,scam,negative_wtp,,india
67d643ba-10eb-4252-84d4-fa83b10caf5a,Astrotalk,astrology,scam,negative_wtp,,india
6bba1118-d2e1-492e-a3aa-e7ca30cf49ff,Astrotalk,astrology,Scam,negative_wtp,,india
6321380c-7624-40dc-be89-21c0ebe6086b,Astrotalk,astrology,scam,negative_wtp,,india
9f6fe0b6-f67f-431e-9738-57bf10a6d143,Astrotalk,astrology,scam,negative_wtp,,india
1a654427-bbfb-4f50-9560-14098e66867d,Astrotalk,astrology,loot,negative_wtp,,india
0c3eea35-2f35-45af-bdc0-06c60f7944ea,Astrotalk,astrology,scam,negative_wtp,,india
f8172305-bb0d-4547-8444-59804cd72e2e,Astrotalk,astrology,scam,negative_wtp,,india
f809ecdd-cebb-4bdd-aeea-5541e2d9201a,Astrotalk,astrology,loot,negative_wtp,,india
399c644b-b29a-4113-ae33-a845b3c0d2d9,Astrotalk,astrology,scam,negative_wtp,,india
c0e31cae-8470-45d0-9741-43902be5099a,Astrotalk,astrology,loot,negative_wtp,,india
e5800ede-c96a-4e0f-895d-1f92dfd952a2,Astrotalk,astrology,money grab,negative_wtp,,india
8763b200-9331-470e-89ff-fe2993ab99d9,Astrotalk,astrology,scam,negative_wtp,,india
0aa5795b-c50f-47bd-b9bd-ac8d9d89dcc6,Astrotalk,astrology,money grab,negative_wtp,,india
07259f15-e175-4e4c-9c7c-00c98028b3cc,Astrotalk,astrology,loot,negative_wtp,,india
ebe5f995-56e9-423e-b197-312ad46956b2,Astrotalk,astrology,Scam,negative_wtp,,india
a6a1c719-a896-4039-8416-83ef6ab5757a,Astrotalk,astrology,scam,negative_wtp,,india
9078953c-da64-4881-ab69-c501b3c35f3a,Astrotalk,astrology,scam,negative_wtp,,india
4f00b569-f000-4e34-9bae-702c52a7837a,Astrotalk,astrology,scam,negative_wtp,,india
d8a491d0-e90f-4817-92d1-9f44c55f4baa,Astrotalk,astrology,not worth,negative_wtp,,india
d8a491d0-e90f-4817-92d1-9f44c55f4baa,Astrotalk,astrology,waste Of money,negative_wtp,,india
81d14b6e-12b7-4747-a23b-0cc5064931bd,Astrotalk,astrology,loot,negative_wtp,,india
cabc45ae-a25b-4b79-b294-630e20ac6a41,Astrotalk,astrology,waste of money,negative_wtp,,india
3c7c7110-eaa6-475c-a6a0-59f44f761a38,Astrotalk,astrology,scam,negative_wtp,,india
1a59acb7-6bca-4527-a131-9844b09e9baf,Astrotalk,astrology,waste of money,negative_wtp,,india
25c4c897-0405-48ef-ba5a-814275ec3450,Astrotalk,astrology,Scam,negative_wtp,,india
cca70c75-2493-4e14-8d96-c190fd1a23c2,Astrotalk,astrology,loot,negative_wtp,,india
4243045d-f0df-4209-921a-74deab12a95d,Astrotalk,astrology,Scam,negative_wtp,,india
758861c4-fb4c-4a06-9e34-b9fc2c9af859,Astrotalk,astrology,scam,negative_wtp,,india
eaba92f6-43ab-407d-a0c3-79a59c743ef2,Astrotalk,astrology,waste of money,negative_wtp,,india
b074e327-3f56-4849-b501-0344d77f4130,Astrotalk,astrology,Waste of money,negative_wtp,,india
60579bf1-449d-47db-a5b8-2aa400983d02,Astrotalk,astrology,scam,negative_wtp,,india
d28fc9cd-d341-4547-b440-2ac417d750bd,Astrotalk,astrology,Scam,negative_wtp,,india
e581e048-9c50-45de-9252-976ea5026f28,Astrotalk,astrology,Waste of money,negative_wtp,,india
701ea65a-4544-4c48-8976-cf308fd9bcf9,Astrotalk,astrology,scam,negative_wtp,,india
c9bd9ff3-7e3b-45e3-bd03-86ff9efcedd6,Astrotalk,astrology,scam,negative_wtp,,india
e0dec64f-3cc8-4b71-a960-9c5c00d3a550,Astrotalk,astrology,Loot,negative_wtp,,india
f0efa35a-ad66-4225-988d-77490d00b84d,Astrotalk,astrology,loot,negative_wtp,,india
f0efa35a-ad66-4225-988d-77490d00b84d,Astrotalk,astrology,loot,negative_wtp,,india
289e4edd-b9df-4e46-91a2-75e56b40113a,Astrotalk,astrology,waste of money,negative_wtp,,india
289e4edd-b9df-4e46-91a2-75e56b40113a,Astrotalk,astrology,scam,negative_wtp,,india
a682218a-1d05-4d1c-94c3-a44815cbdd5c,Astrotalk,astrology,NOT WORTH,negative_wtp,,india
59e033c4-6f22-45a0-a308-98b4d86b1b14,Astrotalk,astrology,scam,negative_wtp,,india
27062ce0-11c0-4eec-979e-f2b7659d0c07,Astrotalk,astrology,loot,negative_wtp,,india
981e0268-6259-444d-8904-7ffe6db62090,Astrotalk,astrology,Scam,negative_wtp,,india
d14545b3-a1ee-4d49-8ce8-7f23f401d2e1,Astrotalk,astrology,loot,negative_wtp,,india
5ce7b8c1-d9d3-4cdf-95d3-cd1a3bb9414b,Astrotalk,astrology,scam,negative_wtp,,india
1fd38a8b-f198-4f45-8f45-c2aa797d4f65,Astrotalk,astrology,scam,negative_wtp,,india
f16d6b9a-f82d-427e-bee1-4d349ae8d39a,Astrotalk,astrology,not worth,negative_wtp,,india
27f15436-cbb8-4e4e-b74c-4870125d6eb2,Astrotalk,astrology,SCAM,negative_wtp,,india
3fb86cdf-65ee-47cf-ad15-ab9deb8e9ef0,Astrotalk,astrology,not worth,negative_wtp,,india
e040e08a-7bd7-4d92-a16a-1c3aa3006117,Astrotalk,astrology,loot,negative_wtp,,india
e838c256-e464-4f23-acd7-b02a2a57e544,Astrotalk,astrology,loot,negative_wtp,,india
dac8b972-a7ef-4ed2-8c78-3b588f268687,Astrotalk,astrology,Scam,negative_wtp,,india
5298f0d1-b5e1-47a5-a0dc-d4826839807e,Astrotalk,astrology,scam,negative_wtp,,india
dc629185-1b49-487a-85cc-2daaf35b4593,Astrotalk,astrology,scam,negative_wtp,,india
177713f1-bde8-44bb-ab88-38c847be1dbd,Astrotalk,astrology,loot,negative_wtp,,india
a02741b2-b69a-421a-be2a-574757e01675,Astrotalk,astrology,loot,negative_wtp,,india
a02741b2-b69a-421a-be2a-574757e01675,Astrotalk,astrology,Paisa barbaad,negative_wtp,,india
53e3d428-9fa8-4009-9916-a25b317b8c5c,Astrotalk,astrology,Scam,negative_wtp,,india
c61c4959-20c7-4e1c-9439-31f0062e267c,Astrotalk,astrology,Waste of money,negative_wtp,,india
fd75d6ef-e0de-40bf-aa7b-03e6ac61d191,Astrotalk,astrology,loot,negative_wtp,,india
fa4b235e-a18a-4f51-b565-68ac44ca7aef,Astrotalk,astrology,scam,negative_wtp,,india
a376a7b8-9206-4c5e-b0d8-dc6e81e16d9f,Astrotalk,astrology,Waste of money,negative_wtp,,india
a38e8ca0-e457-439c-acbd-8b972f8d2a3b,Astrotalk,astrology,scam,negative_wtp,,india
a38e8ca0-e457-439c-acbd-8b972f8d2a3b,Astrotalk,astrology,scam,negative_wtp,,india
e0627a35-1284-416b-9412-7613d6a3fd0a,Astrotalk,astrology,Scam,negative_wtp,,india
e0627a35-1284-416b-9412-7613d6a3fd0a,Astrotalk,astrology,scam,negative_wtp,,india
e0627a35-1284-416b-9412-7613d6a3fd0a,Astrotalk,astrology,scam,negative_wtp,,india
73baf586-0dbf-42c1-a6ea-4c9a2c75d0e2,Astrotalk,astrology,scam,negative_wtp,,india
5704ae16-2053-4d47-b538-3934d88d9cda,Astrotalk,astrology,Loot,negative_wtp,,india
24fcb032-cde6-4de8-994b-ff75f125635a,Astrotalk,astrology,loot,negative_wtp,,india
5d2fb2f8-79af-43cc-a7ed-cd83705633a4,Astrotalk,astrology,scam,negative_wtp,,india
050cb911-8273-4809-a35c-b6512faebe23,Astrotalk,astrology,waste of money,negative_wtp,,india
e31709a2-bfaa-482b-bd90-2f6e7451168a,Astrotalk,astrology,scam,negative_wtp,,india
b3b723a2-d2a8-48a3-b604-5c82c1697859,Astrotalk,astrology,value for money,positive_wtp,,india
e51bb14d-b869-45eb-8f95-ef1e85556a30,Astrotalk,astrology,scam,negative_wtp,,india
14d5cc04-af8c-4dbb-9168-f01419e3c5f3,Astrotalk,astrology,loot,negative_wtp,,india
a6da0e4c-257e-46b7-bf69-5484591da2dd,Astrotalk,astrology,waste of money,negative_wtp,,india
b3f60656-1712-4928-b1f8-a357bba8da40,Astrotalk,astrology,Scam,negative_wtp,,india
046086c5-2883-4f77-a81a-589df7c33d3c,Astrotalk,astrology,loot,negative_wtp,,india
f3ad9f30-b0bd-4659-9ec4-273dc58d81c6,Astrotalk,astrology,scam,negative_wtp,,india
3d970827-9944-4c39-947f-0b6bc6eb309d,Astrotalk,astrology,scam,negative_wtp,,india
031a459c-0c2b-4b57-8948-300c61d85eeb,Astrotalk,astrology,scam,negative_wtp,,india
8e281166-5bb0-44e7-9403-2746adcc02c7,Astrotalk,astrology,waste of money,negative_wtp,,india
fc3c6c9b-64f3-4c95-9cc0-fadb2a7f59c9,Astrotalk,astrology,Not worth,negative_wtp,,india
487d5f35-81f5-4357-91be-671206eacf00,Astrotalk,astrology,Waste of money,negative_wtp,,india
9be6c2ac-a46e-4fb5-abd0-12e412c0ba51,Astrotalk,astrology,loot,negative_wtp,,india
353234e3-74db-47bf-85eb-fa13d5aab819,Astrotalk,astrology,scam,negative_wtp,,india
353234e3-74db-47bf-85eb-fa13d5aab819,Astrotalk,astrology,scam,negative_wtp,,india
74210753-3b72-45e4-8dca-87a3a69ed236,Astrotalk,astrology,Scam,negative_wtp,,india
9717bcc5-eb94-4245-a812-93c1382e37df,Astrotalk,astrology,scam,negative_wtp,,india
1b3750b8-6ce8-419d-9343-459c28b8172e,Astrotalk,astrology,Not worth,negative_wtp,,india
98191154-6696-41b7-a9d1-169e330a666f,Astrotalk,astrology,Scam,negative_wtp,,india
afff7b14-8c3a-4572-b5a4-8c9f09df7589,Astrotalk,astrology,Waste of money,negative_wtp,,india
4e6d737e-16b7-44e4-a344-2ab8de971ddb,Astrotalk,astrology,waste of money,negative_wtp,,india
f86ac04d-55cf-424c-92d5-ef2ee6469a27,Astrotalk,astrology,loot,negative_wtp,,india
a308bb0d-0bf7-4582-89e4-1882beda5cd9,Astrotalk,astrology,loot,negative_wtp,,india
9e3d17da-824a-4945-b5d0-bdfc1aaf9169,Astrotalk,astrology,scam,negative_wtp,,india
f6686f7b-b757-4451-8ac8-b96aec936e72,Astrotalk,astrology,scam,negative_wtp,,india
24570ded-7944-4a7d-b5f1-941d1ef3aa09,Astrotalk,astrology,Scam,negative_wtp,,india
4ceb330b-479e-4523-a2e6-9deb5a110135,Astrotalk,astrology,scam,negative_wtp,,india
7ba2fa12-a831-4a75-adb4-660685f12d13,Astrotalk,astrology,loot,negative_wtp,,india
c2591282-9e2e-456f-bf57-fdd7cd8608bd,Astrotalk,astrology,loot,negative_wtp,,india
fabb8a95-f751-429d-a879-01a01aa80c4d,Astrotalk,astrology,loot,negative_wtp,,india
a7cc86f5-9837-4292-becf-e5a570102277,Astrotalk,astrology,scam,negative_wtp,,india
b62bd825-e020-4474-a477-34d09fb91cc3,Astrotalk,astrology,Scam,negative_wtp,,india
65b8e1f0-f90a-4138-92a9-efd609d2730d,Astrotalk,astrology,loot,negative_wtp,,india
03da726b-f8a5-4e5e-b4cd-90245ecea6dc,Astrotalk,astrology,waste of Money,negative_wtp,,india
a3cad0c0-11a9-43bf-9b69-8c2eaf561f88,Astrotalk,astrology,Loot,negative_wtp,,india
e64dfeda-2052-48a6-b250-65cea8e992e4,Astrotalk,astrology,scam,negative_wtp,,india
beff4eb7-a32d-459f-9775-94dab23c397f,Astrotalk,astrology,Waste of money,negative_wtp,,india
87fd2abe-d196-467d-b7a3-e9283152ba67,Astrotalk,astrology,waste of money,negative_wtp,,india
63b6c498-13cc-461c-b8fc-0abfaf6f6a78,Astrotalk,astrology,Scam,negative_wtp,,india
49d522e3-3cda-4820-baa6-dbf3947c7865,Astrotalk,astrology,scam,negative_wtp,,india
49d522e3-3cda-4820-baa6-dbf3947c7865,Astrotalk,astrology,scam,negative_wtp,,india
53b33b43-7499-4362-a89a-7a16c2326fa4,Astrotalk,astrology,loot,negative_wtp,,india
4b272690-7fea-4409-9954-7d227978d109,Astrotalk,astrology,scam,negative_wtp,,india
4b272690-7fea-4409-9954-7d227978d109,Astrotalk,astrology,scam,negative_wtp,,india
0eadb398-e466-4264-b548-e0c15a2901ed,Astrotalk,astrology,scam,negative_wtp,,india
e059c869-a1ea-45a4-80e5-c611d6d417ff,Astrotalk,astrology,loot,negative_wtp,,india
1df6f2d1-79b6-4678-91c1-2afdef502d2b,Astrotalk,astrology,scam,negative_wtp,,india
aa553a3e-c0f6-475a-b74d-ac6156e9967e,Astrotalk,astrology,ScaM,negative_wtp,,india
f286a978-72ec-492c-9325-38817f41ee6f,Astrotalk,astrology,scam,negative_wtp,,india
6f00741a-f65b-4ee1-a501-15693f7ae473,Astrotalk,astrology,Scam,negative_wtp,,india
46915d81-77e6-4e69-88b0-f18c58e269e4,Astrotalk,astrology,scam,negative_wtp,,india
aac20304-d054-472a-9a9b-8cf25d3db559,Astrotalk,astrology,Scam,negative_wtp,,india
71776586-143c-45ad-9946-1c4788fedd4c,Astrotalk,astrology,scam,negative_wtp,,india
aac65f95-e9e9-45c3-8bfb-c9df7ad525de,Astrotalk,astrology,loot,negative_wtp,,india
e3be4b1d-2a17-4d47-b061-455184e0a40f,Astrotalk,astrology,waste of money,negative_wtp,,india
fc93e0e0-c72c-4b96-b3fa-81faff184c7d,Astrotalk,astrology,not worth,negative_wtp,,india
bf22a24f-95b4-4a6a-90a5-1162e1b15271,Astrotalk,astrology,scam,negative_wtp,,india
bf22a24f-95b4-4a6a-90a5-1162e1b15271,Astrotalk,astrology,scam,negative_wtp,,india
bf22a24f-95b4-4a6a-90a5-1162e1b15271,Astrotalk,astrology,scam,negative_wtp,,india
bf22a24f-95b4-4a6a-90a5-1162e1b15271,Astrotalk,astrology,scam,negative_wtp,,india
1ef1d636-cd8e-459f-af73-f6340f3416b5,Astrotalk,astrology,waste of money,negative_wtp,,india
e1966a05-2adb-4065-a3e4-63ccb40b035b,Astrotalk,astrology,scam,negative_wtp,,india
b626a7ec-e9d3-4b20-8148-9b634b877a0c,Astrotalk,astrology,loot,negative_wtp,,india
f3390f46-ae8a-45bf-8412-5e0bd9e782ea,Astrotalk,astrology,scam,negative_wtp,,india
24d30d70-4b32-4d7a-b80b-a19adb35044a,Astrotalk,astrology,scam,negative_wtp,,india
1a0fcaec-96de-457f-afc7-4fc80af73abc,Astrotalk,astrology,loot,negative_wtp,,india
b123be2a-ed8d-4cfd-9f05-e909c1249b0b,Astrotalk,astrology,scam,negative_wtp,,india
b123be2a-ed8d-4cfd-9f05-e909c1249b0b,Astrotalk,astrology,scam,negative_wtp,,india
b96239e3-a1a3-43c0-9bd3-99d431b82f18,Astrotalk,astrology,scam,negative_wtp,,india
873546c8-e6de-48c8-ab5b-120dbbe24c46,Astrotalk,astrology,scam,negative_wtp,,india
6b3ec190-d1a4-49e7-a615-7961ae537989,Astrotalk,astrology,scam,negative_wtp,,india
6b3ec190-d1a4-49e7-a615-7961ae537989,Astrotalk,astrology,Scam,negative_wtp,,india
6b3ec190-d1a4-49e7-a615-7961ae537989,Astrotalk,astrology,scam,negative_wtp,,india
6b3ec190-d1a4-49e7-a615-7961ae537989,Astrotalk,astrology,loot,negative_wtp,,india
6b3ec190-d1a4-49e7-a615-7961ae537989,Astrotalk,astrology,loot,negative_wtp,,india
c62031e3-90d3-4d05-bc44-27235e451a93,Astrotalk,astrology,scam,negative_wtp,,india
c62031e3-90d3-4d05-bc44-27235e451a93,Astrotalk,astrology,scam,negative_wtp,,india
be29a72a-b687-4e7d-a749-2297d43c28ca,Astrotalk,astrology,loot,negative_wtp,,india
486107d8-9706-4ad1-a79f-792b35de5c0f,Astrotalk,astrology,scam,negative_wtp,,india
486107d8-9706-4ad1-a79f-792b35de5c0f,Astrotalk,astrology,loot,negative_wtp,,india
ace6e511-ab8d-4fce-a04d-0de891b2192e,Astrotalk,astrology,waste of money,negative_wtp,,india
1273d224-85c7-43bc-8ed1-9777004cce09,Astrotalk,astrology,scam,negative_wtp,,india
c260584e-7f14-4234-a6e9-e69423cfb208,Astrotalk,astrology,scam,negative_wtp,,india
79a905f6-af6d-4c86-8547-4691bec2908c,Astrotalk,astrology,loot,negative_wtp,,india
c5196cd5-f8c1-46ab-b817-30669274f161,Astrotalk,astrology,Scam,negative_wtp,,india
c5196cd5-f8c1-46ab-b817-30669274f161,Astrotalk,astrology,scam,negative_wtp,,india
c5196cd5-f8c1-46ab-b817-30669274f161,Astrotalk,astrology,scam,negative_wtp,,india
c5196cd5-f8c1-46ab-b817-30669274f161,Astrotalk,astrology,Scam,negative_wtp,,india
de52d4f5-8bdd-4241-afa0-7755f77f7780,Astrotalk,astrology,scam,negative_wtp,,india
563446e1-3594-4934-bd91-b92435308b8a,Astrotalk,astrology,scam,negative_wtp,,india
e5c9f1f2-d50e-44db-b068-fd077926b111,Astrotalk,astrology,not worth,negative_wtp,,india
e6df5f8c-8a08-4531-b6fa-06e75fe7efd0,Astrotalk,astrology,scam,negative_wtp,,india
e6df5f8c-8a08-4531-b6fa-06e75fe7efd0,Astrotalk,astrology,scam,negative_wtp,,india
74d9b63e-c5a9-495d-9c9c-9fb1d378a84a,Astrotalk,astrology,scam,negative_wtp,,india
a90f3d8e-97c3-40f8-8905-ab3cb1e05e73,Astrotalk,astrology,scam,negative_wtp,,india
6affa958-0f61-4caf-a8e4-43d9042b8b2b,Astrotalk,astrology,scam,negative_wtp,,india
65e6c0fc-62fc-46c6-9727-528c1aba01e7,Astrotalk,astrology,scam,negative_wtp,,india
65e6c0fc-62fc-46c6-9727-528c1aba01e7,Astrotalk,astrology,scam,negative_wtp,,india
af3f8ebe-dc4e-4e99-ad88-c193856c39d0,Astrotalk,astrology,scam,negative_wtp,,india
b7999170-5b69-4d06-a0b7-90ae7afa288d,Astrotalk,astrology,Waste of money,negative_wtp,,india
da1bc01a-95bb-490f-bef1-cdbbfd35c2c5,Astrotalk,astrology,loot,negative_wtp,remedies,india
c9db0ba0-cccf-44a8-8f68-0502bb841eca,Astrotalk,astrology,scam,negative_wtp,,india
c9db0ba0-cccf-44a8-8f68-0502bb841eca,Astrotalk,astrology,scam,negative_wtp,,india
6acd01f8-ac92-463a-a0f2-c66ec37bd7c1,Astrotalk,astrology,scam,negative_wtp,,india
4e3a80e2-3207-43c8-8a3a-37179ccfb17a,Astrotalk,astrology,scam,negative_wtp,,india
4e3a80e2-3207-43c8-8a3a-37179ccfb17a,Astrotalk,astrology,scam,negative_wtp,,india
43d61223-4a74-486d-9f09-d3f2562a9271,Astrotalk,astrology,Scam,negative_wtp,,india
f618285b-0b2a-4706-a3b2-18219c15d06e,Astrotalk,astrology,scam,negative_wtp,,india
f618285b-0b2a-4706-a3b2-18219c15d06e,Astrotalk,astrology,scam,negative_wtp,,india
f618285b-0b2a-4706-a3b2-18219c15d06e,Astrotalk,astrology,scam,negative_wtp,,india
f4e47e59-34d6-4a89-95de-809a75d5a888,Astrotalk,astrology,scam,negative_wtp,,india
48f0c354-e7af-478a-87d4-c428270dfd76,Astrotalk,astrology,scam,negative_wtp,,india
b4702936-881e-4506-b5e7-a0ac765aa3c6,Astrotalk,astrology,scam,negative_wtp,,india
03229225-2963-499a-83e5-d04baa7d0210,Astrotalk,astrology,scam,negative_wtp,,india
a69abe0d-fd03-44af-9f4e-28e763c20619,Astrotalk,astrology,scam,negative_wtp,,india
51988838-67a9-48d6-b955-208652b3516e,Astrotalk,astrology,scam,negative_wtp,,india
0d79b5bf-6c52-4409-81f3-53ffe7ebd390,Astrotalk,astrology,scam,negative_wtp,,india
e3d94d3b-101f-4f9f-be4f-ee636142330b,Astrotalk,astrology,scam,negative_wtp,,india
f0345ad4-892b-431e-b399-3f75f7ba9f46,Astrotalk,astrology,Scam,negative_wtp,,india
53f68010-7819-47ac-985a-a75f85839e49,Astrotalk,astrology,scam,negative_wtp,,india
52d4a15b-a155-41e7-8622-1886fd8e27f3,Astrotalk,astrology,scam,negative_wtp,,india
500574be-fa2d-40fb-8908-ed123bb54343,Astrotalk,astrology,scam,negative_wtp,,india
5f0cfb33-d6c4-4f3b-b343-2f79431e8eea,Astrotalk,astrology,scam,negative_wtp,,india
982481fd-d456-4cbd-a01f-ed97273bbd77,Astrotalk,astrology,Not worth,negative_wtp,,india
31ace605-0fa9-4021-b120-c41681fc84ed,Astrotalk,astrology,scam,negative_wtp,,india
baaa6a8e-257d-468a-b2e9-de32693e3ef2,Astrotalk,astrology,scam,negative_wtp,,india
a706180e-956e-467d-b48a-90220513a103,Astrotalk,astrology,Scam,negative_wtp,,india
a706180e-956e-467d-b48a-90220513a103,Astrotalk,astrology,scam,negative_wtp,,india
1cf4e7b7-f879-45c1-99f5-a64a1737c875,Astrotalk,astrology,Scam,negative_wtp,,india
1cf4e7b7-f879-45c1-99f5-a64a1737c875,Astrotalk,astrology,scam,negative_wtp,,india
d5d8a37c-aa25-4fc8-99e3-17297d41edc1,Astrotalk,astrology,waste of money,negative_wtp,,india
ffaf0e7c-4d2d-4edd-98c1-606b36295720,Astrotalk,astrology,Scam,negative_wtp,,india
ffaf0e7c-4d2d-4edd-98c1-606b36295720,Astrotalk,astrology,scam,negative_wtp,,india
1faba968-4b0c-4462-a2ca-8c8c1385f59c,Astrotalk,astrology,loot,negative_wtp,,india
b70c625f-57a9-4395-b68c-15b5281ce737,Astrotalk,astrology,scam,negative_wtp,,india
e689939a-d501-4387-a37a-ccd726d2c770,Astrotalk,astrology,scam,negative_wtp,,india
ce521adf-3c81-47cc-a725-2f951be5527d,Astrotalk,astrology,Scam,negative_wtp,,india
077840c0-d693-43f8-af8a-cc2eca9ce6dd,Astrotalk,astrology,loot,negative_wtp,,india
6d05eef9-6cf4-4993-8b76-b519fb29905e,Astrotalk,astrology,scam,negative_wtp,,india
8fda7462-b4ce-4c0b-b492-8dcfaa6b5960,Astrotalk,astrology,scam,negative_wtp,,india
54e471b9-242f-4afb-a15f-949226a46b09,Astrotalk,astrology,Waste of money,negative_wtp,,india
100a105a-36bb-4202-bcfd-682ea8b6c741,Astrotalk,astrology,Scam,negative_wtp,,india
d2589335-65d1-405f-be21-f351402a4caf,Astrotalk,astrology,scam,negative_wtp,,india
c9d69341-a7a6-4196-aa4d-e260d2562e67,Astrotalk,astrology,Scam,negative_wtp,,india
f3c77093-e7ba-4966-a31d-f80f647fc3f1,Astrotalk,astrology,scam,negative_wtp,,india
9a69b71f-eb43-4d2b-97e2-1be1116b2393,Astrotalk,astrology,Scam,negative_wtp,,india
747971c9-a6db-4c05-989e-dac890d61b1f,Astrotalk,astrology,scam,negative_wtp,,india
8ea3a700-43b8-4956-bc12-35124d039b34,Astrotalk,astrology,Scam,negative_wtp,,india
cc47c9f7-ab84-46e3-ab66-7f913b061411,Astrotalk,astrology,scam,negative_wtp,,india
c7bfe4b3-1841-44db-b158-7135669449a4,Astrotalk,astrology,scam,negative_wtp,,india
f74297b7-8c5b-4bd5-99d9-2cfdf9065567,Astrotalk,astrology,scam,negative_wtp,,india
ee6ca1cf-c3c9-49d3-bbbb-efc1577c0f7e,Astrotalk,astrology,scam,negative_wtp,,india
d3ad31e3-d0fc-46d7-9088-33d4092236df,Astrotalk,astrology,Scam,negative_wtp,,india
00bfe505-8843-4a68-819e-d68c91ef1738,Astrotalk,astrology,scam,negative_wtp,,india
3f6b006a-36d3-44f6-aae9-b9686c81fd48,Astrotalk,astrology,Loot,negative_wtp,,india
d9d1df98-314e-4815-a32c-6f3d8b01c2b8,Astrotalk,astrology,scam,negative_wtp,,india
b96e6b65-4b8f-4e35-97d5-2953d719c5d3,Astrotalk,astrology,scam,negative_wtp,,india
b96e6b65-4b8f-4e35-97d5-2953d719c5d3,Astrotalk,astrology,scam,negative_wtp,,india
10e52421-ea3f-4da2-861a-621528a4c0d6,Astrotalk,astrology,SCAM,negative_wtp,,india
4dfcc8c9-79bc-411e-921e-b770e44f0841,Astrotalk,astrology,loot,negative_wtp,,india
f15217f0-0a43-47c5-8881-affbf0cbcaea,Astrotalk,astrology,SCAM,negative_wtp,,india
7873b2ec-b84a-4751-8be2-82e74bcf85b6,Astrotalk,astrology,Scam,negative_wtp,,india
aa8c8931-44d0-49e9-9aef-ba327dab6581,Astrotalk,astrology,scam,negative_wtp,,india
99c26a58-445c-4e64-b592-8e9d2c1e39b4,Astrotalk,astrology,scam,negative_wtp,,india
57db0850-26e5-4751-9830-31a280098e6f,Astrotalk,astrology,waste of money,negative_wtp,,india
bd6e42bf-909b-4da0-a8a0-3dde18f91565,Astrotalk,astrology,loot,negative_wtp,,india
1e9c4b44-a096-41cf-9f08-df99637c8ac9,Astrotalk,astrology,scam,negative_wtp,,india
1e9c4b44-a096-41cf-9f08-df99637c8ac9,Astrotalk,astrology,scam,negative_wtp,,india
1e9c4b44-a096-41cf-9f08-df99637c8ac9,Astrotalk,astrology,scam,negative_wtp,,india
1e9c4b44-a096-41cf-9f08-df99637c8ac9,Astrotalk,astrology,scam,negative_wtp,,india
14f1d64a-3128-4745-b826-8e2f9b7ffd3a,Astrotalk,astrology,scam,negative_wtp,,india
7f1ad3c8-34a2-44d9-a46b-4a4984e07b26,Astrotalk,astrology,loot,negative_wtp,,india
0207edc7-6e7c-44ff-bb17-421531dba351,Astrotalk,astrology,scam,negative_wtp,,india
92293c3f-a5bf-40f3-ac30-00cf3658d9f7,Astrotalk,astrology,scam,negative_wtp,,india
fb0f989b-87f7-460c-b0eb-2fdf2f9d078e,Astrotalk,astrology,scam,negative_wtp,,india
30ea69a8-eabc-47d8-82ee-fadf1bf75a4b,Astrotalk,astrology,waste of money,negative_wtp,,india
c7108eff-d432-40d6-aad1-fb45253c6d74,Astrotalk,astrology,waste of money,negative_wtp,,india
9889c066-8dbb-4515-b587-dd0141111e22,Astrotalk,astrology,scam,negative_wtp,,india
20c9cca7-9ad7-4f89-9441-fdf9be3e0f1f,Astrotalk,astrology,Scam,negative_wtp,,india
e790eb3e-747d-4359-a990-358fd580b92a,Astrotalk,astrology,scam,negative_wtp,,india
4ea96e85-d157-4d47-b9eb-34705fc16ce8,Astrotalk,astrology,scam,negative_wtp,,india
4ea96e85-d157-4d47-b9eb-34705fc16ce8,Astrotalk,astrology,SCAM,negative_wtp,,india
3df060ca-61ea-4407-940b-4aec2d0c4b6c,Astrotalk,astrology,scam,negative_wtp,,india
7d017b61-beb8-4109-8806-ae0e37f60cfc,Astrotalk,astrology,scam,negative_wtp,,india
7d017b61-beb8-4109-8806-ae0e37f60cfc,Astrotalk,astrology,scam,negative_wtp,,india
2e917944-640b-4be9-bc79-bee3fcd0d88a,Astrotalk,astrology,scam,negative_wtp,,india
ab630e15-89ef-40b2-8b95-50fef99673fe,Astrotalk,astrology,loot,negative_wtp,,india
a5e09121-99f6-4545-88a1-b8dfa57ba394,Astrotalk,astrology,scam,negative_wtp,,india
3370457f-9639-4bc6-a48c-bcc1486039cc,Astrotalk,astrology,scam,negative_wtp,,india
8c02de09-a7d0-4585-bcc3-1168da3ced80,Astrotalk,astrology,loot,negative_wtp,,india
3a403708-cc91-46a0-8a0c-9e39f3eeabd8,Astrotalk,astrology,scam,negative_wtp,,india
3a403708-cc91-46a0-8a0c-9e39f3eeabd8,Astrotalk,astrology,loot,negative_wtp,,india
b02b37cf-4890-4d9a-a1ef-05b8f6b88241,Astrotalk,astrology,Scam,negative_wtp,,india
e1e27866-4a1c-4d32-9903-f5f6c1b60156,Astrotalk,astrology,SCAM,negative_wtp,,india
b0324513-59da-47ae-8bef-23afa2e51730,Astrotalk,astrology,SCAM,negative_wtp,,india
756f11c4-2a64-4bee-ba80-a9118f1c623d,Astrotalk,astrology,waste of money,negative_wtp,,india
2613b0c5-ac96-4f49-8a46-0de08cd0c5a2,Astrotalk,astrology,Scam,negative_wtp,,india
b7d90d0d-92a4-4db0-8e1b-e2022f7bbee1,Astrotalk,astrology,Scam,negative_wtp,,india
6631bd19-f45f-4d11-bc50-c45a888aea87,Astrotalk,astrology,loot,negative_wtp,,india
bc6818d3-e26f-487e-bf02-3f9ed09f7c17,Astrotalk,astrology,SCAM,negative_wtp,,india
982e9d87-d209-4454-98d1-001c142f0221,Astrotalk,astrology,loot,negative_wtp,,india
bd69c079-2e43-47fc-a73d-72d1460a385e,Astrotalk,astrology,Loot,negative_wtp,,india
21296c6b-168f-4389-bc9d-508f28f3a0a3,Astrotalk,astrology,Loot,negative_wtp,,india
9a59c83d-2d11-468c-96e4-0c472318c944,Astrotalk,astrology,scam,negative_wtp,,india
9a59c83d-2d11-468c-96e4-0c472318c944,Astrotalk,astrology,loot,negative_wtp,,india
05e3e067-03bb-473a-83d6-fff3dd09eb49,Astrotalk,astrology,scam,negative_wtp,,india
7aa72fe7-88ab-411f-a5e9-264ae8da16cc,Astrotalk,astrology,scam,negative_wtp,,india
fe898fba-2404-45ff-a5b5-3a326a00bf10,Astrotalk,astrology,scam,negative_wtp,,india
a338639d-6a03-4538-a606-e5eb0f8ad91b,Astrotalk,astrology,waste of money,negative_wtp,,india
3b1ac024-9b19-4494-a452-94c77d526462,Astrotalk,astrology,scam,negative_wtp,,india
3b1ac024-9b19-4494-a452-94c77d526462,Astrotalk,astrology,scam,negative_wtp,,india
3b1ac024-9b19-4494-a452-94c77d526462,Astrotalk,astrology,scam,negative_wtp,,india
2c4cae27-8042-4d90-bb98-0eebd619d926,Astrotalk,astrology,scam,negative_wtp,,india
cbef5ade-9176-42c7-91fb-6ab9c451fc59,Astrotalk,astrology,scam,negative_wtp,,india
2900da0f-faf4-483e-bf08-71fc054d781b,Astrotalk,astrology,scam,negative_wtp,,india
c8f1a739-61b8-433a-a8cf-99c963a5116b,Astrotalk,astrology,loot,negative_wtp,,india
4ec9dff3-8c85-4ca4-b19d-40547cc59f6a,Astrotalk,astrology,loot,negative_wtp,,india
4ec9dff3-8c85-4ca4-b19d-40547cc59f6a,Astrotalk,astrology,loot,negative_wtp,,india
d2c78857-c81c-4727-bab5-7652d6d4f58e,Astrotalk,astrology,scam,negative_wtp,,india
2b0371a3-7451-4283-8a6a-fbf6aa6ccf59,Astrotalk,astrology,scam,negative_wtp,,india
4d352a0f-ba5e-46fd-aa2e-0338f1eeb476,Astrotalk,astrology,Scam,negative_wtp,,india
12351ed2-e4b7-4ddd-953d-20ab62168472,Astrotalk,astrology,scam,negative_wtp,,india
12351ed2-e4b7-4ddd-953d-20ab62168472,Astrotalk,astrology,loot,negative_wtp,,india
73a09ed1-83c7-43a3-a812-72fa78b3ceb7,Astrotalk,astrology,loot,negative_wtp,,india
4bf13d3e-e459-42dd-ab3a-6b112dcf40dd,Astrotalk,astrology,Scam,negative_wtp,,india
7967e32e-f79c-4da1-94f3-ce9c380a81d3,Astrotalk,astrology,scam,negative_wtp,,india
0b0ea93f-56f6-4123-805a-ee840b4b2981,Astrotalk,astrology,Scam,negative_wtp,,india
03485a7a-407f-48e7-8803-17ca82c7ec43,Astrotalk,astrology,scam,negative_wtp,,india
6e911a50-1b0d-4998-ad3f-1f2026e7dd17,Astrotalk,astrology,loot,negative_wtp,remedies,india
5e807071-4ce5-4460-9c53-e3a7a833cb94,Astrotalk,astrology,waste of money,negative_wtp,,india
c8f61e39-17cb-4b29-942e-d6fa66535765,Astrotalk,astrology,scam,negative_wtp,,india
a641b734-15a3-4ef5-80a0-19fcfd1a1293,Astrotalk,astrology,scam,negative_wtp,,india
e459c56b-b0ff-4008-a6cc-64bff005f3da,Astrotalk,astrology,SCAM,negative_wtp,,india
6279b19d-85c3-4819-bc96-b1913180e1c8,Astrotalk,astrology,scam,negative_wtp,,india
e015540b-dccc-4e52-9157-dcee4129691e,Astrotalk,astrology,scam,negative_wtp,,india
0da88cb4-9611-47dc-958b-60d2461061e7,Astrotalk,astrology,scam,negative_wtp,,india
b34de10d-6a77-443f-827a-5c3a08cf7426,Astrotalk,astrology,Scam,negative_wtp,,india
ea48e1be-91f1-440b-a497-f0807d0a5c0f,Astrotalk,astrology,scam,negative_wtp,,india
44ae0b6b-0481-4a2d-891c-d0dc3cb10e74,Astrotalk,astrology,SCAM,negative_wtp,,india
daf96c01-e918-4610-bd1a-5798eb56d07d,Astrotalk,astrology,scam,negative_wtp,,india
4f11893f-51ab-4d05-b01b-dde2953ed4c8,Astrotalk,astrology,Scam,negative_wtp,,india
9c64389f-a667-411b-9390-96ae6b5a2d07,Astrotalk,astrology,scam,negative_wtp,,india
9c64389f-a667-411b-9390-96ae6b5a2d07,Astrotalk,astrology,scam,negative_wtp,,india
e59a7ee8-232d-4fd5-8cd1-ebac4d6cc6a5,Astrotalk,astrology,Scam,negative_wtp,,india
24404776-985a-4b3b-94df-fcdaf9d4c949,Astrotalk,astrology,scam,negative_wtp,,india
14116260-ea5a-4c51-82f1-53496f5fdb39,Astrotalk,astrology,loot,negative_wtp,,india
9e28e0fc-6104-48fa-8a35-ccc6f7d27193,Astrotalk,astrology,scam,negative_wtp,,india
1fc4c469-16ed-4f22-ae74-eaf3a68a8857,Astrotalk,astrology,scam,negative_wtp,,india
1fc4c469-16ed-4f22-ae74-eaf3a68a8857,Astrotalk,astrology,loot,negative_wtp,,india
f5370bea-3afb-4780-a61d-9b888c379bc6,Astrotalk,astrology,Scam,negative_wtp,,india
16b14423-eb36-4d60-bf0c-4d6e2751731a,Astrotalk,astrology,scam,negative_wtp,,india
45455091-2307-47b4-a125-ffc0239ce71d,Astrotalk,astrology,loot,negative_wtp,,india
d05ef60d-ab8d-4dd4-91e0-4faf36a081af,Astrotalk,astrology,scam,negative_wtp,,india
4fc3e947-eb8a-48f6-9d6d-37387d3208ad,Astrotalk,astrology,Scam,negative_wtp,,india
66f9b3e0-a5ac-4c9d-bf1c-7659c4d94306,Astrotalk,astrology,scam,negative_wtp,,india
9b4c0ee3-2d8b-462f-8a09-33cf986ee0d2,Astrotalk,astrology,waste of money,negative_wtp,,india
aa497671-6b2e-4256-a1df-0dd7cbe363a4,Astrotalk,astrology,scam,negative_wtp,,india
a9c6021c-7393-4cf7-ac70-65e65ee07724,Astrotalk,astrology,scam,negative_wtp,,india
b0a4164a-903e-4f97-9946-34cb962bf927,Astrotalk,astrology,scam,negative_wtp,,india
925e10d0-b375-45d5-a04d-559de2c2941b,Astrotalk,astrology,scam,negative_wtp,,india
4f293c1c-4740-4922-b5eb-59ead3d73c65,Astrotalk,astrology,scam,negative_wtp,,india
01c622e1-3552-4e69-bc5a-796d87acbf10,Astrotalk,astrology,scam,negative_wtp,,india
1cf304d7-d074-44a5-b6a5-4500f5f07cee,Astrotalk,astrology,Waste of Money,negative_wtp,,india
45adb7de-68e8-4ff0-9800-c0fddea6a579,Astrotalk,astrology,scam,negative_wtp,,india
41ee0998-af43-4647-83bd-e2d1748fb95d,Astrotalk,astrology,Not worth,negative_wtp,,india
43126650-499e-4d83-84d3-05325d35c449,Astrotalk,astrology,Scam,negative_wtp,,india
85eae25c-bb99-4881-ad20-fb15889ceff5,Astrotalk,astrology,scam,negative_wtp,,india
44355601-7f96-4404-b488-8ca4e1e6cf7d,Astrotalk,astrology,Scam,negative_wtp,,india
1c4f19c8-b1e7-4d47-8683-5c2e751c0520,Astrotalk,astrology,scam,negative_wtp,,india
1c4f19c8-b1e7-4d47-8683-5c2e751c0520,Astrotalk,astrology,scam,negative_wtp,,india
17941586-fd5b-4d4b-ad6f-64884100636b,Astrotalk,astrology,scam,negative_wtp,,india
17941586-fd5b-4d4b-ad6f-64884100636b,Astrotalk,astrology,scam,negative_wtp,,india
1a2b29b9-4579-4bbe-8bfa-5ab1d6e9266e,Astrotalk,astrology,scam,negative_wtp,,india
b1396161-6e32-4f90-9ae4-78e37b7b4ed0,Astrotalk,astrology,scam,negative_wtp,,india
b70f174c-5cb7-4aac-996a-d2eb9b468c77,Astrotalk,astrology,scam,negative_wtp,,india
bb0db414-27f4-490d-ac4c-9d757834b381,Astrotalk,astrology,scam,negative_wtp,,india
bb0db414-27f4-490d-ac4c-9d757834b381,Astrotalk,astrology,scam,negative_wtp,,india
24d82248-50b2-444d-8d78-75fdd8c77dac,Astrotalk,astrology,scam,negative_wtp,,india
e0575695-cdcd-44e3-9600-412f17906a8c,Astrotalk,astrology,SCAM,negative_wtp,,india
d8580d4a-ab74-4366-adf4-3fe4b4004c98,Astrotalk,astrology,scam,negative_wtp,,india
7fccc678-419f-4ba3-b1d2-7d17ee27b29e,Astrotalk,astrology,scam,negative_wtp,,india
e440e567-9bce-43fa-923b-b3aca648c8d5,Astrotalk,astrology,scam,negative_wtp,,india
e191acaf-4471-46ec-bf88-7f63697b746a,Astrotalk,astrology,scam,negative_wtp,,india
c6e942e0-2e1a-4060-92c5-458f14d2a84e,Astrotalk,astrology,scam,negative_wtp,,india
240a5dbf-81a0-4c48-8905-6f64efd3e398,Astrotalk,astrology,loot,negative_wtp,,india
d138b2e0-ecc5-4f03-87dc-024111370f94,Astrotalk,astrology,SCAM,negative_wtp,,india
f76030ce-e6a4-419e-bd1e-83fecb8950c5,Astrotalk,astrology,scam,negative_wtp,,india
fcdd2cf2-a615-42a5-9194-a98f7494e550,Astrotalk,astrology,scam,negative_wtp,,india
ec38c617-91b2-425f-bd2f-6ba781ed9204,Astrotalk,astrology,Paisa barbaad,negative_wtp,,india
4ebea5f4-fe59-4bf6-98ff-0fcc84a4280a,Astrotalk,astrology,scam,negative_wtp,,india
baa3ff6f-0bae-430b-94a7-61d4a24cc4d1,Astrotalk,astrology,scam,negative_wtp,,india
633e6c65-9f49-4f4b-94f2-c4e1a1e2178a,Astrotalk,astrology,scam,negative_wtp,kundli,india
aaa2b04a-5b2c-49a3-ba06-fb2474335832,Astrotalk,astrology,scam,negative_wtp,,india
1be021fc-8c58-4dbb-ab62-a165e3d30cc2,Astrotalk,astrology,scam,negative_wtp,,india
6a186804-a7d4-4165-b0e3-b0326c614bb9,Astrotalk,astrology,scam,negative_wtp,,india
7a385eba-4e1d-4938-95a9-bf585d7aa2fc,Astrotalk,astrology,loot,negative_wtp,,india
a0bf6cb9-37b8-40d3-b74f-86460017c923,Astrotalk,astrology,scam,negative_wtp,,india
1a4fcfa0-e656-40e8-a347-1e8e3bd7b834,Astrotalk,astrology,Waste of money,negative_wtp,,india
ec3629d7-dbea-480a-bebb-acbaef8e4c9d,Astrotalk,astrology,Not worth,negative_wtp,,india
ec3629d7-dbea-480a-bebb-acbaef8e4c9d,Astrotalk,astrology,scam,negative_wtp,,india
cef1946b-eb44-48c8-ad63-7e956fd190c1,Astrotalk,astrology,scam,negative_wtp,,india
96a95788-3c0a-4edb-aa78-2bf30f34f46b,Astrotalk,astrology,scam,negative_wtp,,india
2d284e39-20e4-47fa-a0c6-d436e487b05d,Astrotalk,astrology,scam,negative_wtp,,india
5081242a-e84a-46e5-b72d-79b73db0ae18,Astrotalk,astrology,scam,negative_wtp,,india
640b4a4a-630b-4384-bbcb-787623ce813f,Astrotalk,astrology,scam,negative_wtp,,india
ab6e46ae-aa3c-4343-b279-93e099e30f07,Astrotalk,astrology,scam,negative_wtp,,india
74517c8f-065e-432b-84c2-e075998a10cf,Astrotalk,astrology,Waste of money,negative_wtp,,india
fd2fa968-0871-4e13-84a6-633928fca6c0,Astrotalk,astrology,scam,negative_wtp,,india
249a00f8-dfef-4a24-8196-698b98e4d0f2,Astrotalk,astrology,SCAM,negative_wtp,,india
7c8c30e0-620b-4d63-a35b-e717f5ade38b,Astrotalk,astrology,scam,negative_wtp,,india
75dc8983-3eab-40f6-913f-5ab453717568,Astrotalk,astrology,scam,negative_wtp,,india
3212e80a-6574-465e-94ce-c687b5061130,Astrotalk,astrology,Waste of money,negative_wtp,,india
ede43029-8623-4ae0-b33f-cc469e098fdd,Astrotalk,astrology,scam,negative_wtp,,india
c6898962-d3d2-49f8-828d-9551d375f625,Astrotalk,astrology,Scam,negative_wtp,,india
86cb59db-75a0-40f6-8472-42949c2f12d4,Astrotalk,astrology,scam,negative_wtp,,india
d23133fb-4cf3-42d1-b1ea-9ed7ea3506af,Astrotalk,astrology,scam,negative_wtp,,india
50c7ff3d-d7a3-412a-a81e-a7a728b95ecf,Astrotalk,astrology,waste of money,negative_wtp,,india
e1ef7446-6ca1-4ffe-a3cd-206a187ba2a4,Astrotalk,astrology,scam,negative_wtp,,india
e1ef7446-6ca1-4ffe-a3cd-206a187ba2a4,Astrotalk,astrology,scam,negative_wtp,,india
4aa5b51b-e73b-4e5d-ac0d-2af5b9b9aea0,Astrotalk,astrology,loot,negative_wtp,,india
4aa5b51b-e73b-4e5d-ac0d-2af5b9b9aea0,Astrotalk,astrology,loot,negative_wtp,,india
ac599095-8c62-4346-b2b2-11e93f11b1b6,Astrotalk,astrology,scam,negative_wtp,,india
d0df5747-cbd5-4a36-a2bb-6eccd05e0152,Astrotalk,astrology,waste of money,negative_wtp,,india
029b0b60-e523-43f1-b587-b42ee7105b52,Astrotalk,astrology,Waste of money,negative_wtp,,india
1efa7277-7e6f-4aed-a851-a42c36526309,Astrotalk,astrology,scam,negative_wtp,,india
b15c59f2-dd99-441c-91d4-165fa52e6b8d,Astrotalk,astrology,waste of money,negative_wtp,,india
c5e49254-91d1-4564-9dcb-399f02478b34,Astrotalk,astrology,loot,negative_wtp,,india
ed6930b8-a110-4eb7-9aa7-f111d97a9d23,Astrotalk,astrology,SCAM,negative_wtp,,india
ed6930b8-a110-4eb7-9aa7-f111d97a9d23,Astrotalk,astrology,SCAM,negative_wtp,,india
ed6930b8-a110-4eb7-9aa7-f111d97a9d23,Astrotalk,astrology,SCAM,negative_wtp,,india
ed6930b8-a110-4eb7-9aa7-f111d97a9d23,Astrotalk,astrology,SCAM,negative_wtp,,india
ed6930b8-a110-4eb7-9aa7-f111d97a9d23,Astrotalk,astrology,SCAM,negative_wtp,,india
ed6930b8-a110-4eb7-9aa7-f111d97a9d23,Astrotalk,astrology,Scam,negative_wtp,,india
ed6930b8-a110-4eb7-9aa7-f111d97a9d23,Astrotalk,astrology,Scam,negative_wtp,,india
ed6930b8-a110-4eb7-9aa7-f111d97a9d23,Astrotalk,astrology,SCAM,negative_wtp,,india
ed6930b8-a110-4eb7-9aa7-f111d97a9d23,Astrotalk,astrology,SCAM,negative_wtp,,india
ed6930b8-a110-4eb7-9aa7-f111d97a9d23,Astrotalk,astrology,SCAM,negative_wtp,,india
ed6930b8-a110-4eb7-9aa7-f111d97a9d23,Astrotalk,astrology,SCAM,negative_wtp,,india
ed6930b8-a110-4eb7-9aa7-f111d97a9d23,Astrotalk,astrology,SCAM,negative_wtp,,india
9625bd97-6fdc-42c4-bc8c-3a6d146f09c7,Astrotalk,astrology,scam,negative_wtp,,india
b17ccc35-5a1e-42d6-857d-6dc59f1310ee,Astrotalk,astrology,value for money,positive_wtp,,india
3e3989ef-282d-4c39-a58b-69f514356342,Astrotalk,astrology,waste of money,negative_wtp,,india
074edd4d-4ad9-49e4-8e18-3d1e3447f8aa,Astrotalk,astrology,scam,negative_wtp,,india
75c55656-214d-404e-89fd-f9df40b868b0,Astrotalk,astrology,scam,negative_wtp,,india
b7b464cb-6e23-4e54-9f1b-89d401d4f259,Astrotalk,astrology,not paying,negative_wtp,,india
76fda895-8094-4a8e-92f6-7bdf0b8db7b4,Astrotalk,astrology,waste of money,negative_wtp,,india
9b84ea1f-cbec-4048-90c5-9b4aac943623,Astrotalk,astrology,Waste of money,negative_wtp,,india
39701100-0601-4e07-adbc-c40e5292abf1,Astrotalk,astrology,scam,negative_wtp,,india
9ad8868a-27d8-47e3-9ee0-2883ae27b56a,Astrotalk,astrology,scam,negative_wtp,,india
3c1ab038-9e6e-4a8f-b079-fdb32e86e781,Astrotalk,astrology,loot,negative_wtp,,india
dcd134a6-704d-4260-9bf0-0ea95b09594b,Astrotalk,astrology,scam,negative_wtp,,india
dcd134a6-704d-4260-9bf0-0ea95b09594b,Astrotalk,astrology,scam,negative_wtp,,india
12824f8c-241e-418a-b7b5-c4e7ea09c829,Astrotalk,astrology,scam,negative_wtp,,india
12824f8c-241e-418a-b7b5-c4e7ea09c829,Astrotalk,astrology,scam,negative_wtp,,india
64aaf49f-3556-44c3-b47d-fb40e687a5fe,Astrotalk,astrology,scam,negative_wtp,,india
64aaf49f-3556-44c3-b47d-fb40e687a5fe,Astrotalk,astrology,scam,negative_wtp,,india
22539537-36f6-4797-b946-a8491796b57b,Astrotalk,astrology,waste of money,negative_wtp,,india
22539537-36f6-4797-b946-a8491796b57b,Astrotalk,astrology,scam,negative_wtp,,india
6fd327f5-3152-44db-8f58-f22974d95b0f,Astrotalk,astrology,Not worth,negative_wtp,,india
d597b1c2-9f16-4985-a1fe-d5810e5822b4,Astrotalk,astrology,scam,negative_wtp,,india
a7b05caf-5d35-453e-b579-df77a45649d8,Astrotalk,astrology,Scam,negative_wtp,,india
bb072295-e0e7-451e-bd12-bd2fb9a44397,Astrotalk,astrology,Scam,negative_wtp,,india
8b43a9bc-9693-4058-b484-fec1ca243cc2,Astrotalk,astrology,Loot,negative_wtp,kundli,india
68b35b36-d769-4ee2-bc6d-5d3cac6a5edb,Astrotalk,astrology,scam,negative_wtp,,india
3f502057-cb1f-4cea-8347-6d076614c4bf,Astrotalk,astrology,scam,negative_wtp,,india
3629798e-a6d9-498c-b81f-c282c52ca65f,Astrotalk,astrology,scam,negative_wtp,,india
c3b2814f-c2cd-4964-a3a3-2e42de5af607,Astrotalk,astrology,scam,negative_wtp,,india
a6d4b2be-efb6-4ce0-8562-04b0dd1ec5f8,Astrotalk,astrology,scam,negative_wtp,,india
74161dcc-f57a-4f5c-b77c-aaf4e06ef786,Astrotalk,astrology,waste of money,negative_wtp,,india
29ee6870-167d-4e7e-9afe-b87348fe6810,Astrotalk,astrology,scam,negative_wtp,,india
b94b0722-977a-4839-bca5-a5290d664072,Astrotalk,astrology,should be free,negative_wtp,,india
863dba2c-5abe-4d72-baf2-cf02145b3f0c,Astrotalk,astrology,scam,negative_wtp,,india
a959f5ec-7aa6-4d4c-adaa-1fef7f509aad,Astrotalk,astrology,Waste of money,negative_wtp,,india
5e09f3c1-2314-48b3-8f5c-3c8cc8234f86,Astrotalk,astrology,Not worth,negative_wtp,,india
1121769c-79c0-4193-8fcb-0852b6284653,Astrotalk,astrology,loot,negative_wtp,,india
fc0b3b00-a9bc-428b-af6b-af5de92a2c38,Astrotalk,astrology,scam,negative_wtp,,india
d5e06186-84d7-40a4-8b8f-1b3e46b2dd84,Astrotalk,astrology,loot,negative_wtp,,india
1fe9e0a8-d971-4858-b89d-d8750383cbb6,Astrotalk,astrology,scam,negative_wtp,,india
0094fd89-c4c9-451f-a506-a854ea8c7ebf,Astrotalk,astrology,Scam,negative_wtp,,india
0094fd89-c4c9-451f-a506-a854ea8c7ebf,Astrotalk,astrology,scam,negative_wtp,,india
ffc6f876-b9ec-429d-9267-2ff6f5681fd0,Astrotalk,astrology,scam,negative_wtp,,india
ffc6f876-b9ec-429d-9267-2ff6f5681fd0,Astrotalk,astrology,scam,negative_wtp,,india
5f005e7c-5303-40f6-9626-d1fd2db96647,Astrotalk,astrology,waste of money,negative_wtp,,india
b4c1e79d-de1f-4ec2-867c-a2446f73d715,Astrotalk,astrology,Scam,negative_wtp,,india
3f942288-d1b0-4599-a3d4-c6a0213c6e7f,Astrotalk,astrology,scam,negative_wtp,,india
4134dc1b-4033-4ece-948d-2abeab102302,Astrotalk,astrology,scam,negative_wtp,,india
64035efc-1309-4929-b807-0e880c54342a,Astrotalk,astrology,loot,negative_wtp,,india
abe1c0c6-294f-4d7b-adf3-05d84829c038,Astrotalk,astrology,waste of money,negative_wtp,,india
15c2eec6-8459-40e7-845a-1f25706fe496,Astrotalk,astrology,loot,negative_wtp,,india
5ec4db40-4c4a-42b9-ac8c-9d1a8442a561,Astrotalk,astrology,scam,negative_wtp,,india
136bd76f-34d8-486c-9cbb-c03b02ff65f9,Astrotalk,astrology,Loot,negative_wtp,,india
db37d2a4-b25f-4fe0-b83d-e694af25a4d1,Astrotalk,astrology,loot,negative_wtp,,india
d239f152-0a4c-48be-846c-f1770f01b5cd,Astrotalk,astrology,scam,negative_wtp,,india
4105af82-2b31-415d-8e46-70652c454120,Astrotalk,astrology,Loot,negative_wtp,,india
4105af82-2b31-415d-8e46-70652c454120,Astrotalk,astrology,loot,negative_wtp,,india
4105af82-2b31-415d-8e46-70652c454120,Astrotalk,astrology,loot,negative_wtp,,india
f53d09ee-ee6c-4798-b0eb-634498d04b0e,Astrotalk,astrology,too expensive,negative_wtp,,india
1414ea07-9480-4588-98b5-6013c1ea3c55,Astrotalk,astrology,waste of money,negative_wtp,,india
22404953-78f6-41d4-a69a-a872af45071b,Astrotalk,astrology,Scam,negative_wtp,,india
02cec98f-ca5b-45b9-9665-a3396b8d393c,Astrotalk,astrology,Scam,negative_wtp,,india
02cec98f-ca5b-45b9-9665-a3396b8d393c,Astrotalk,astrology,Scam,negative_wtp,,india
02cec98f-ca5b-45b9-9665-a3396b8d393c,Astrotalk,astrology,Scam,negative_wtp,,india
86ef9fad-27b0-4a0b-8205-2da993e6bc48,Astrotalk,astrology,Scam,negative_wtp,,india
54646f2d-dc8f-427f-9b60-998c384e4514,Astrotalk,astrology,waste of money,negative_wtp,,india
db96af9f-7ff4-4989-9d44-36f538078d58,Astrotalk,astrology,scam,negative_wtp,,india
a32c9d6a-4b60-404a-980b-a3c5e84d0427,Astrotalk,astrology,scam,negative_wtp,,india
900411b8-d01a-4633-bf14-ef0f7603b3ec,Astrotalk,astrology,Scam,negative_wtp,,india
f82ea145-5460-42d7-b986-6c967d776f30,Astrotalk,astrology,Too expensive,negative_wtp,,india
0ec37cc4-eafb-4585-a775-c5a62a6a427c,Astrotalk,astrology,scam,negative_wtp,,india
9c9b4282-53a5-4654-9bdb-2eb9c3011322,Astrotalk,astrology,Scam,negative_wtp,,india
e167b329-1cda-4eeb-9c92-e2e596eba246,Astrotalk,astrology,scam,negative_wtp,,india
1f7a0b55-bad1-4585-9271-74e496130313,Astrotalk,astrology,loot,negative_wtp,,india
5825f776-432a-4943-996b-20169c619ae0,Astrotalk,astrology,scam,negative_wtp,,india
7cdb6b16-cac9-4b43-b1b0-5558da83fced,Astrotalk,astrology,loot,negative_wtp,,india
7cdb6b16-cac9-4b43-b1b0-5558da83fced,Astrotalk,astrology,loot,negative_wtp,,india
e6e30770-28bb-4ff0-95a8-d6524d36a046,Astrotalk,astrology,scam,negative_wtp,,india
a6808077-c699-4050-85bb-398437cfbcbe,Astrotalk,astrology,scam,negative_wtp,,india
a6808077-c699-4050-85bb-398437cfbcbe,Astrotalk,astrology,scam,negative_wtp,,india
9b6c10fe-ef30-4fc1-8a52-69bd0d855cc9,Astrotalk,astrology,waste of money,negative_wtp,,india
ec68fa60-ee22-4914-bf5f-ae48dde6ad64,Astrotalk,astrology,loot,negative_wtp,,india
b2b29ff9-8dea-4035-af33-a795cfaf38bb,Astrotalk,astrology,waste of money,negative_wtp,,india
6a63e105-3200-445c-8974-b37efe6c7b17,Astrotalk,astrology,waste of money,negative_wtp,,india
6a63e105-3200-445c-8974-b37efe6c7b17,Astrotalk,astrology,waste of money,negative_wtp,,india
47a635ac-36c4-4c03-8541-edddd313a33b,Astrotalk,astrology,SCAM,negative_wtp,,india
7100f3d7-c4fb-4946-ae1d-771569f88ee3,Astrotalk,astrology,loot,negative_wtp,,india
c97d49b0-97af-4f70-802e-56c057f5ff6a,Astrotalk,astrology,loot,negative_wtp,,india
7a07a2c9-298d-4588-94e8-3918e7cf3370,Astrotalk,astrology,scam,negative_wtp,,india
b1dc495e-8f52-4f14-a943-485d3bab729e,Astrotalk,astrology,Waste of money,negative_wtp,,india
c4155f0c-e12d-4e07-b5ca-f1a932e552b9,Astrotalk,astrology,scam,negative_wtp,,india
c4155f0c-e12d-4e07-b5ca-f1a932e552b9,Astrotalk,astrology,scam,negative_wtp,,india
3c414229-9eba-4653-b059-49891e92df43,Astrotalk,astrology,scam,negative_wtp,,india
ee82cfd1-a447-45fb-b0a8-4e0956dcc3ea,Astrotalk,astrology,WASTE OF MONEY,negative_wtp,,india
7d18e3d1-7e39-4430-888a-dee4a14a60db,Astrotalk,astrology,waste of money,negative_wtp,,india
ccdb55d6-0daf-42fc-abe9-521fd3cca12b,Astrotalk,astrology,scam,negative_wtp,,india
8fe58c61-3bac-4200-8585-7ab53fb715c7,Astrotalk,astrology,scam,negative_wtp,,india
551cd66c-4524-4ba6-8860-5a03dea8f778,Astrotalk,astrology,waste of money,negative_wtp,,india
551cd66c-4524-4ba6-8860-5a03dea8f778,Astrotalk,astrology,scam,negative_wtp,,india
45345d88-5eb8-4006-976c-77e1906d35d2,Astrotalk,astrology,scam,negative_wtp,,india
9408f686-8eee-4a40-94fb-4fc3cc2f053c,Astrotalk,astrology,scam,negative_wtp,,india
18311de9-060b-40b6-b0c1-e56bf9f03380,Astrotalk,astrology,waste of money,negative_wtp,,india
2bd8f66e-5d2c-4328-9882-5d46a01669e6,Astrotalk,astrology,loot,negative_wtp,,india
2fcff169-8af6-481d-85ce-434d90c47ce0,Astrotalk,astrology,scam,negative_wtp,,india
5e41eaa7-80da-4e52-ba05-f6c76d1ba46b,Astrotalk,astrology,scam,negative_wtp,,india
8955b361-c529-4663-a924-50cb6d0916b8,Astrotalk,astrology,scam,negative_wtp,,india
8955b361-c529-4663-a924-50cb6d0916b8,Astrotalk,astrology,scam,negative_wtp,,india
bf37d13b-cf30-4bdf-89aa-f25fcb9f725d,Astrotalk,astrology,scam,negative_wtp,,india
6dd9f604-db8e-41bc-93f9-b98d4d5f0383,Astrotalk,astrology,scam,negative_wtp,,india
495902f9-5965-4db2-8de1-8cb4e6c7b480,Astrotalk,astrology,not worth,negative_wtp,,india
a27f1e8b-0f16-47d7-8213-28e12eff898c,Astrotalk,astrology,scam,negative_wtp,,india
a27f1e8b-0f16-47d7-8213-28e12eff898c,Astrotalk,astrology,Scam,negative_wtp,,india
cb9c5916-1295-451a-bc5c-8bc265d70364,Astrotalk,astrology,Scam,negative_wtp,,india
cb9c5916-1295-451a-bc5c-8bc265d70364,Astrotalk,astrology,scam,negative_wtp,,india
ca5b2045-e404-4398-a360-a80df1ea1e3e,Astrotalk,astrology,Scam,negative_wtp,,india
ae02f835-0157-46c3-a9be-7acaa5cde818,Astrotalk,astrology,scam,negative_wtp,,india
b0e684cc-f1f0-47c4-99c0-99849f228a8a,Astrotalk,astrology,scam,negative_wtp,,india
52a1ec7e-f17b-4890-be70-299b526c1241,Astrotalk,astrology,scam,negative_wtp,,india
b36208ea-17fa-441b-8781-aa4566113f89,Astrotalk,astrology,scam,negative_wtp,,india
f097de3e-a310-406b-a0f8-dcae372fa47a,Astrotalk,astrology,loot,negative_wtp,,india
9e3008b0-1864-46e5-886d-c24f87fe26f5,Astrotalk,astrology,reasonable price,positive_wtp,,india
d9b1f169-ec20-428c-ad66-6fc6263c9773,Astrotalk,astrology,scam,negative_wtp,,india
de656399-5d7d-4d13-9761-66f04ac35f29,Astrotalk,astrology,scam,negative_wtp,,india
de656399-5d7d-4d13-9761-66f04ac35f29,Astrotalk,astrology,scam,negative_wtp,,india
7f060c8f-e89c-4cba-8870-9d53ee495540,Astrotalk,astrology,SCAM,negative_wtp,rashi,india
665b8482-017f-4420-9107-e32097c12de9,Astrotalk,astrology,scam,negative_wtp,,india
1927fe2b-3aa9-4b4a-ad24-2e1ff67adb8a,Astrotalk,astrology,scam,negative_wtp,,india
ec90a735-ef36-4b33-a999-abb298552d9d,Astrotalk,astrology,scam,negative_wtp,,india
ed126a36-c001-4455-b101-afef4066f630,Astrotalk,astrology,scam,negative_wtp,,india
1b4e5d76-3f21-432b-a3f0-e0436318ee22,Astrotalk,astrology,scam,negative_wtp,,india
5c318cce-5884-4177-9c2a-46ef03cdf57c,Astrotalk,astrology,loot,negative_wtp,,india
5aaefc91-78b8-45c9-83a0-27ae316c4649,Astrotalk,astrology,SCAM,negative_wtp,,india
c65070d8-151b-4670-9432-2a70e1e689e7,Astrotalk,astrology,Scam,negative_wtp,,india
956b9014-aa86-4776-86de-1fe4966ffc42,Astrotalk,astrology,Waste of money,negative_wtp,,india
fc4cadbb-7ca8-49cc-ac85-e469d4a50b8a,Astrotalk,astrology,loot,negative_wtp,,india
32b650f4-7c98-4a3e-bdeb-87dbb24069e3,Astrotalk,astrology,scam,negative_wtp,,india
87fb61ad-eca9-4917-941a-c08304ebf1e9,Astrotalk,astrology,scam,negative_wtp,,india
76292777-61d7-45fa-88fd-2f037377dc78,Astrotalk,astrology,scam,negative_wtp,,india
5221e26c-8d3a-45ef-87ff-cab4b27cec17,Astrotalk,astrology,Paisa barbaad,negative_wtp,,india
da89cce9-d3c6-48bd-a822-bb1d9ba7e9e0,Astrotalk,astrology,waste of money,negative_wtp,,india
2f1c8194-660e-448a-b8b7-e0fff61b066c,Astrotalk,astrology,Scam,negative_wtp,,india
2f1c8194-660e-448a-b8b7-e0fff61b066c,Astrotalk,astrology,scam,negative_wtp,,india
6ebc9d17-2885-4f35-ae20-8f2f79a72090,Astrotalk,astrology,not worth,negative_wtp,,india
2844032b-61a1-4ba4-b676-91f0eaea18f8,Astrotalk,astrology,scam,negative_wtp,,india
2844032b-61a1-4ba4-b676-91f0eaea18f8,Astrotalk,astrology,scam,negative_wtp,,india
078be371-0994-49b6-8556-ae6a47b3e324,Astrotalk,astrology,Scam,negative_wtp,,india
76f84bc3-2a0b-4714-8e8d-b3c24e9f6159,Astrotalk,astrology,scam,negative_wtp,,india
401d9bb7-9d14-4415-aa6f-284c206231b7,Astrotalk,astrology,scam,negative_wtp,,india
56c2c512-9011-4809-b92e-07a13509984e,Astrotalk,astrology,scam,negative_wtp,,india
56c2c512-9011-4809-b92e-07a13509984e,Astrotalk,astrology,scam,negative_wtp,,india
5de700e3-cc76-4c3c-8cfd-4d8fd4549912,Astrotalk,astrology,scam,negative_wtp,,india
e857e226-a150-45c9-a168-8c8da3ef607c,Astrotalk,astrology,scam,negative_wtp,,india
717f3f88-6211-41b1-bcbd-9970d480a030,Astrotalk,astrology,waste of money,negative_wtp,,india
047f6e8a-0863-4325-a064-c29860d3a27f,Astrotalk,astrology,scam,negative_wtp,,india
7ff0e258-6da4-482c-8309-3560618178d0,Astrotalk,astrology,loot,negative_wtp,,india
ed500e8f-7b4a-4330-a23f-5e3c39086b58,Astrotalk,astrology,scam,negative_wtp,,india
4ef8343c-81d7-440d-972d-8d803ed68437,Astrotalk,astrology,scam,negative_wtp,,india
23fd3b14-daa9-4a15-82ec-c6d38dfd02ff,Astrotalk,astrology,scam,negative_wtp,,india
7df3d497-e39f-4e21-9ce9-ac37b5f750e0,Astrotalk,astrology,scam,negative_wtp,,india
2ef2df27-7b02-4d48-9bab-575f9d35fdb5,Astrotalk,astrology,Scam,negative_wtp,,india
0d11f952-8e86-44bf-9c33-3d1d6c73d41b,Astrotalk,astrology,Scam,negative_wtp,,india
3c3f3400-fa57-48a9-b8e4-8d8bca7c2b95,Astrotalk,astrology,Not worth,negative_wtp,,india
092de503-681e-42fb-98aa-9e7ff44bad42,Astrotalk,astrology,Waste of money,negative_wtp,,india
0ee6672c-6175-4e5a-9943-ec4d65ec3ad3,Astrotalk,astrology,waste of money,negative_wtp,,india
0ee6672c-6175-4e5a-9943-ec4d65ec3ad3,Astrotalk,astrology,scam,negative_wtp,,india
e1f3cef8-0f35-49e5-b545-6a6bbc9749e4,Astrotalk,astrology,scam,negative_wtp,,india
10296b0f-5418-45f2-a2c7-487137dbd972,Astrotalk,astrology,Scam,negative_wtp,,india
c17b7769-39c1-4d53-b4ff-edb717146f6b,Astrotalk,astrology,Loot,negative_wtp,,india
a5a4b6e9-a88d-4a94-b7df-cd1bd60a24d0,Astrotalk,astrology,Scam,negative_wtp,,india
ca244e31-cec9-4ba9-9c8b-e542a4179130,Astrotalk,astrology,scam,negative_wtp,,india
250e845c-7c78-4e36-8b3a-d7f043cf973b,Astrotalk,astrology,waste of money,negative_wtp,remedies,india
a9624887-6d4d-46df-8f50-f9c8021ce424,Astrotalk,astrology,waste of money,negative_wtp,,india
b94d2d80-0c01-43fb-93fa-7e67173a09a2,Astrotalk,astrology,loot,negative_wtp,,india
f1fd6de9-da94-4274-b7f1-df28959c29d4,Astrotalk,astrology,scam,negative_wtp,,india
f1fd6de9-da94-4274-b7f1-df28959c29d4,Astrotalk,astrology,scam,negative_wtp,,india
fd9d3ece-e2c2-4b76-aacb-d7642cc9ffec,Astrotalk,astrology,scam,negative_wtp,,india
4ecb1a94-e6c3-45b5-8140-b45e2ea53941,Astrotalk,astrology,loot,negative_wtp,,india
be5fea51-acd7-41c7-8207-3e1111b413c5,Astrotalk,astrology,scam,negative_wtp,,india
b4bb88f4-81ac-43d4-b59d-9b04862fc73c,Astrotalk,astrology,scam,negative_wtp,,india
b4bb88f4-81ac-43d4-b59d-9b04862fc73c,Astrotalk,astrology,Scam,negative_wtp,,india
d0eb62a1-2b05-4d42-82bc-2ed4a089f668,Astrotalk,astrology,scam,negative_wtp,kundli,india
f8f198e9-5167-47f9-8e36-35727b73d9e0,Astrotalk,astrology,should be free,negative_wtp,,india
8914ff73-5ef1-4b4a-b90c-6dacf8eed2d1,Astrotalk,astrology,Scam,negative_wtp,,india
1f7c8543-e41a-4511-9307-c6e90ee0d4da,Astrotalk,astrology,scam,negative_wtp,,india
59f84a5d-9dbc-406b-bff8-9d58f40cb2b5,Astrotalk,astrology,scam,negative_wtp,,india
b3b372c9-4111-4f79-a269-004f6375bade,Astrotalk,astrology,Too expensive,negative_wtp,,india
b734b572-6091-46bc-9104-a6ddec06cdb5,Astrotalk,astrology,scam,negative_wtp,,india
175c9886-1849-40e2-a5e3-12b8a4680049,Astrotalk,astrology,should be free,negative_wtp,,india
51d0fada-3588-42ce-bb4b-027d2c876c15,Astrotalk,astrology,SCAM,negative_wtp,,india
03944f65-a2ca-4f9b-a81b-cc1caf7013fd,Astrotalk,astrology,scam,negative_wtp,,india
544bad8f-9c25-4f84-a321-03aa8fb4dfdd,Astrotalk,astrology,scam,negative_wtp,,india
ce8cbbe4-b3d3-49a2-8684-33f471de2083,Astrotalk,astrology,loot,negative_wtp,,india
f1f2f42e-1d8b-478a-a2f7-c890ed259a5f,Astrotalk,astrology,loot,negative_wtp,,india
4a1cc949-cf30-417d-b1a8-cf6e57a26fd4,Astrotalk,astrology,scam,negative_wtp,,india
4a1cc949-cf30-417d-b1a8-cf6e57a26fd4,Astrotalk,astrology,scam,negative_wtp,,india
961c059a-dee0-4b7c-af80-3f33be6af7d0,Astrotalk,astrology,scam,negative_wtp,,india
961c059a-dee0-4b7c-af80-3f33be6af7d0,Astrotalk,astrology,scam,negative_wtp,,india
d9d4f904-cb06-4153-b218-b51f744567d4,Astrotalk,astrology,scam,negative_wtp,,india
703b87a2-6c92-4543-ac98-95238fb41857,Astrotalk,astrology,scam,negative_wtp,,india
d0782565-90be-43ab-9521-715afd1387ab,Astrotalk,astrology,scam,negative_wtp,,india
4c03ab1b-47cd-4465-bd7f-6be871a7ef21,Astrotalk,astrology,scam,negative_wtp,,india
e1eaf787-3a3e-4d8a-a20f-96ec27fd135a,Astrotalk,astrology,waste of money,negative_wtp,,india
6bb01b62-f1bf-4f86-bbcc-3bbbe834070e,Astrotalk,astrology,scam,negative_wtp,,india
6c7ab5d2-9c3b-4875-a99b-71c882710e48,Astrotalk,astrology,scam,negative_wtp,,india
7830a1dd-8533-429e-83c8-35acb8dbef95,Astrotalk,astrology,scam,negative_wtp,,india
bcbe0ac4-1ed0-45c7-90e4-826160115ccd,Astrotalk,astrology,scam,negative_wtp,,india
f392f5d1-5a05-490d-8be7-48dbab6aa780,Astrotalk,astrology,scam,negative_wtp,,india
7e7e9829-755d-49ba-99e7-6b5728011830,Astrotalk,astrology,scam,negative_wtp,,india
ef5bac5f-0944-4f2a-843c-36a509bf7cdc,Astrotalk,astrology,Loot,negative_wtp,,india
a37139c4-f267-4aa9-81d8-f0ec2a073163,Astrotalk,astrology,SCAM,negative_wtp,,india
7dfa9ee1-ab3d-452e-93c1-cadaaff70b84,Astrotalk,astrology,scam,negative_wtp,,india
4297de1d-5d31-4177-8641-5b91daeb7d4d,Astrotalk,astrology,scam,negative_wtp,,india
b74ed5d0-f2da-42d2-ad1d-eae899540b46,Astrotalk,astrology,scam,negative_wtp,,india
fc102a42-b200-4743-a601-1b19b1ae23f2,Astrotalk,astrology,scam,negative_wtp,,india
b616fc60-5ab2-418f-bf8a-a43c42bc58ca,Astrotalk,astrology,scam,negative_wtp,,india
6bfc60e7-5fb9-4973-8773-ae41fbc414be,Astrotalk,astrology,scam,negative_wtp,,india
6bfc60e7-5fb9-4973-8773-ae41fbc414be,Astrotalk,astrology,Scam,negative_wtp,,india
5c7dbd94-3fe8-436b-a462-1192f7d6554b,Astrotalk,astrology,Scam,negative_wtp,,india
f2d56724-b6fd-42c7-a894-86c9e050246f,Astrotalk,astrology,Scam,negative_wtp,,india
23412178-5522-4afa-a278-aca682f71fe2,Astrotalk,astrology,Scam,negative_wtp,,india
bc59590b-6262-4286-b507-96d13913f975,Astrotalk,astrology,scam,negative_wtp,,india
5edd79de-069d-44f3-9723-67b2a86b4041,Astrotalk,astrology,Scam,negative_wtp,,india
5edd79de-069d-44f3-9723-67b2a86b4041,Astrotalk,astrology,loot,negative_wtp,,india
29b2db4d-82c7-4537-bf5f-66e42eb1e211,Astrotalk,astrology,scam,negative_wtp,,india
26a23822-b913-414e-83b0-6683912658a1,Astrotalk,astrology,loot,negative_wtp,,india
eab650be-cf41-4b35-882c-3202c34ac626,Astrotalk,astrology,scam,negative_wtp,,india
876fb6b4-a7d9-47cb-aeea-98d98fc6ae5f,Astrotalk,astrology,Waste of Money,negative_wtp,,india
876fb6b4-a7d9-47cb-aeea-98d98fc6ae5f,Astrotalk,astrology,loot,negative_wtp,,india
876fb6b4-a7d9-47cb-aeea-98d98fc6ae5f,Astrotalk,astrology,loot,negative_wtp,,india
876fb6b4-a7d9-47cb-aeea-98d98fc6ae5f,Astrotalk,astrology,loot,negative_wtp,,india
61ddff30-6aa4-443f-9ebc-84600baff9e4,Astrotalk,astrology,too expensive,negative_wtp,,india
d0a53506-f8a2-4b11-a686-1aee6b371230,Astrotalk,astrology,scam,negative_wtp,,india
bfafc600-9e8a-46e6-b43f-4a693cac1654,Astrotalk,astrology,scam,negative_wtp,,india
67c73ecb-a752-4b09-9549-92a19ce84578,Astrotalk,astrology,scam,negative_wtp,,india
d745f2c1-51a6-4461-ab8c-a0295f62a52e,Astrotalk,astrology,waste of money,negative_wtp,,india
bca644a9-cf44-4a75-93a6-474b660ab8a3,Astrotalk,astrology,scam,negative_wtp,,india
0a31e48d-9cc6-4edf-88cb-de7c288d26f2,Astrotalk,astrology,Waste of money,negative_wtp,,india
97344110-bfe5-441f-a9ee-e6160e0fc630,Astrotalk,astrology,waste of money,negative_wtp,,india
c43dfe97-edcf-41b8-85de-72d5131b5e30,Astrotalk,astrology,loot,negative_wtp,,india
59efa6f1-d12d-4cd9-bd90-be32db33e48b,Astrotalk,astrology,waste of money,negative_wtp,,india
06d94256-8589-4921-b841-ecf203f649f6,Astrotalk,astrology,Waste of money,negative_wtp,,india
09fc1a02-9e18-4e03-9796-4a59ffb12893,Astrotalk,astrology,scam,negative_wtp,,india
b44be35e-baaf-43c5-a8d4-f3d2ce18eea3,Astrotalk,astrology,scam,negative_wtp,,india
e41c3cfe-606c-4aa7-bfb8-2a82411e453b,Astrotalk,astrology,too expensive,negative_wtp,,india
e5eaf356-f6ab-4902-a1a7-1addbc4f1dd5,Astrotalk,astrology,scam,negative_wtp,,india
5c8db9fd-8078-4bcf-9a56-fca7436557b2,Astrotalk,astrology,scam,negative_wtp,,india
f33a5f0f-ced4-442f-b643-59ed7a54de0b,Astrotalk,astrology,scam,negative_wtp,,india
6ac50578-f91b-40b3-81ab-1c581f3df73d,Astrotalk,astrology,scam,negative_wtp,,india
0dc9720c-b2ed-4d2a-bc96-101db3c7da13,Astrotalk,astrology,SCAM,negative_wtp,,india
0dc9720c-b2ed-4d2a-bc96-101db3c7da13,Astrotalk,astrology,SCAM,negative_wtp,,india
0dc9720c-b2ed-4d2a-bc96-101db3c7da13,Astrotalk,astrology,SCAM,negative_wtp,,india
f4492e56-3752-4408-94d1-d571e5b499be,Astrotalk,astrology,Scam,negative_wtp,,india
f4492e56-3752-4408-94d1-d571e5b499be,Astrotalk,astrology,Scam,negative_wtp,,india
f4492e56-3752-4408-94d1-d571e5b499be,Astrotalk,astrology,Scam,negative_wtp,,india
f4492e56-3752-4408-94d1-d571e5b499be,Astrotalk,astrology,Scam,negative_wtp,,india
f4492e56-3752-4408-94d1-d571e5b499be,Astrotalk,astrology,Scam,negative_wtp,,india
f4492e56-3752-4408-94d1-d571e5b499be,Astrotalk,astrology,Scam,negative_wtp,,india
3db8a23c-91c4-4b35-bd74-7ce081b9baa0,Astrotalk,astrology,scam,negative_wtp,,india
3db8a23c-91c4-4b35-bd74-7ce081b9baa0,Astrotalk,astrology,loot,negative_wtp,,india
738b7ec6-7efa-4310-9907-0787cad281c6,Astrotalk,astrology,scam,negative_wtp,,india
e6932659-7981-42fe-a18b-d6b18fb1b190,Astrotalk,astrology,Scam,negative_wtp,,india
7117e652-e29b-4ddb-bd54-806b7f9bc53f,Astrotalk,astrology,Waste of money,negative_wtp,,india
7117e652-e29b-4ddb-bd54-806b7f9bc53f,Astrotalk,astrology,Scam,negative_wtp,,india
0f076747-c280-4e06-8dee-f179930839b1,Astrotalk,astrology,loot,negative_wtp,,india
35aca5e4-20ff-45a0-8c65-5cf619964e5f,Astrotalk,astrology,waste of money,negative_wtp,,india
bdddd806-fd1e-475f-8fde-cbfbb2d1bc5d,Astrotalk,astrology,scam,negative_wtp,,india
c688c356-8047-47ee-ac6e-baf4c40af965,Astrotalk,astrology,scam,negative_wtp,,india
57d56d65-d458-4815-830a-494160a6b653,Astrotalk,astrology,scam,negative_wtp,,india
f44e3dd4-6cb4-4cbc-b5fb-5d34d896db54,Astrotalk,astrology,scam,negative_wtp,,india
17b84920-251e-4b97-ae91-052d0f91e81f,Astrotalk,astrology,too expensive,negative_wtp,,india
f050d30a-b3ba-471f-98c8-11d3a07a1cb2,Astrotalk,astrology,Paisa barbaad,negative_wtp,,india
e3abb847-ea7d-4148-b45d-6a9bfe372289,Astrotalk,astrology,scam,negative_wtp,,india
6917fd4d-4183-4b81-ac47-4eaecd20306c,Astrotalk,astrology,scam,negative_wtp,,india
b0841ec3-6376-4a8d-a9f0-6e80e95fd70c,Astrotalk,astrology,loot,negative_wtp,,india
8174ac55-fe6e-4543-89af-d0cd404cc396,Astrotalk,astrology,Scam,negative_wtp,,india
f0e89991-85b5-4d20-a415-ac872dffe6ab,Astrotalk,astrology,scam,negative_wtp,,india
3d643463-602f-43c2-a21a-15d8bfab2361,Astrotalk,astrology,SCAM,negative_wtp,,india
a37cb0ba-44e4-498a-882c-af5860305a77,Astrotalk,astrology,scam,negative_wtp,,india
b4e07f43-1d2e-4b57-9efa-99b8c87b5c9f,Astrotalk,astrology,waste of money,negative_wtp,,india
3f39eef9-d80d-4cf6-b83f-b63d7383fb47,Astrotalk,astrology,scam,negative_wtp,,india
9972d450-a5ff-44cf-84ca-7aef1dde9f18,Astrotalk,astrology,loot,negative_wtp,,india
bfa3536e-7066-438e-8bb8-acef72eace53,Astrotalk,astrology,scam,negative_wtp,,india
6038b25e-4172-4166-ac84-9ad5166338f5,Astrotalk,astrology,loot,negative_wtp,,india
dc1b33b3-558c-4011-9272-9f163e416ba7,Astrotalk,astrology,SCAM,negative_wtp,,india
dc1b33b3-558c-4011-9272-9f163e416ba7,Astrotalk,astrology,SCAM,negative_wtp,,india
dc1b33b3-558c-4011-9272-9f163e416ba7,Astrotalk,astrology,SCAM,negative_wtp,,india
3f090acd-b657-4e18-92dd-f31fbd9237b8,Astrotalk,astrology,Scam,negative_wtp,,india
cd176e1c-d491-45d0-b137-ec3ba6f47600,Astrotalk,astrology,loot,negative_wtp,,india
4455ef2f-4b8f-4c4a-b0d3-f3843f483677,Astrotalk,astrology,Scam,negative_wtp,,india
fd38a5ad-12c6-492e-89d0-57a151a5c5e3,Astrotalk,astrology,loot,negative_wtp,,india
f1312971-8b0f-4652-b564-0b36357782c7,Astrotalk,astrology,Scam,negative_wtp,,india
f1312971-8b0f-4652-b564-0b36357782c7,Astrotalk,astrology,scam,negative_wtp,,india
f1312971-8b0f-4652-b564-0b36357782c7,Astrotalk,astrology,loot,negative_wtp,,india
03b4dc64-2e17-426b-a392-430731ab9029,Astrotalk,astrology,loot,negative_wtp,,india
03b4dc64-2e17-426b-a392-430731ab9029,Astrotalk,astrology,loot,negative_wtp,,india
55dc8d2e-69e2-42bf-b5b6-c757922e8cfe,Astrotalk,astrology,Scam,negative_wtp,,india
fa36f957-f1a3-4165-92c7-b9a2118345a5,Astrotalk,astrology,Waste of Money,negative_wtp,,india
5e594237-0c6d-4f89-b741-82b7dde8d6d9,Astrotalk,astrology,scam,negative_wtp,,india
021fc162-5871-440b-85f6-595f0fb7a45f,Astrotalk,astrology,Scam,negative_wtp,,india
2ca612c2-a8e4-4119-8164-aec2fa192093,Astrotalk,astrology,Scam,negative_wtp,,india
2ca612c2-a8e4-4119-8164-aec2fa192093,Astrotalk,astrology,scam,negative_wtp,,india
5ebb3fc7-99c3-4735-9eb2-aea6596ed82d,Astrotalk,astrology,scam,negative_wtp,,india
d3d05e4b-db19-42f9-a51d-6f4ab84d3d0c,Astrotalk,astrology,loot,negative_wtp,,india
429c8019-e72b-48c8-b704-feca993cf2aa,Astrotalk,astrology,waste of money,negative_wtp,,india
f6cb9edb-6045-44c6-8a7e-7c420a10081d,Astrotalk,astrology,scam,negative_wtp,,india
655e25fa-d7dd-4873-b296-3fc43ecef3d5,Astrotalk,astrology,scam,negative_wtp,,india
655e25fa-d7dd-4873-b296-3fc43ecef3d5,Astrotalk,astrology,scam,negative_wtp,,india
a62e5b48-307a-461a-8b36-e2dc269ab6b8,Astrotalk,astrology,scam,negative_wtp,,india
e610411e-e423-4848-8c81-63c99b5aa6cd,Astrotalk,astrology,loot,negative_wtp,,india
02106ec4-b4e3-4d81-b3e2-94776c044719,Astrotalk,astrology,scam,negative_wtp,,india
0014cacd-98cb-4a5a-8eb8-67ca2bff890b,Astrotalk,astrology,paisa barbaad,negative_wtp,,india
2996d72d-2067-408a-87d7-35a86f8e67fc,Astrotalk,astrology,Scam,negative_wtp,,india
2996d72d-2067-408a-87d7-35a86f8e67fc,Astrotalk,astrology,scam,negative_wtp,,india
db1f6bc7-2178-4489-a6e4-bea1640cbd7d,Astrotalk,astrology,scam,negative_wtp,,india
22b63b83-42b0-48ed-b1c1-aa35416b9cc3,Astrotalk,astrology,scam,negative_wtp,,india
232b6042-fca0-49a3-9dc8-3f3597df957c,Astrotalk,astrology,waste of money,negative_wtp,,india
80bbbd0e-b428-4cb1-98f1-eb5c1c766d22,Astrotalk,astrology,SCAM,negative_wtp,,india
8c49dba4-f498-44c5-ab07-58ff429fc2d8,Astrotalk,astrology,SCAM,negative_wtp,,india
31fd0185-93ce-4bcb-9fe3-78579c1a9bb9,Astrotalk,astrology,SCAM,negative_wtp,,india
382245d3-fce1-4723-855d-bfa73a597481,Astrotalk,astrology,SCAM,negative_wtp,,india
6eb7a3bc-7cd0-4314-9c30-fbc0d77349fd,Astrotalk,astrology,scam,negative_wtp,,india
6eb7a3bc-7cd0-4314-9c30-fbc0d77349fd,Astrotalk,astrology,scam,negative_wtp,,india
b62909b2-55a6-4423-bfb3-a5182dec7919,Astrotalk,astrology,Scam,negative_wtp,,india
db74de26-e502-4ee5-b31d-f5eca3d4485d,Astrotalk,astrology,scam,negative_wtp,,india
92dcf295-c40b-44b8-9bc3-a1c4b237d872,Astrotalk,astrology,loot,negative_wtp,,india
37cf6641-e08e-4153-bd23-bbdd6d1b1294,Astrotalk,astrology,Scam,negative_wtp,,india
a61b5716-e010-4c91-88bd-164b21f8cb98,Astrotalk,astrology,scam,negative_wtp,,india
d85eb655-ce6e-430b-953e-1c0e59415110,Astrotalk,astrology,scam,negative_wtp,,india
91f2cbff-6be4-4a68-bb9d-a75ecf0bf173,Astrotalk,astrology,waste of money,negative_wtp,,india
c2ce7a46-07d8-4f9c-829d-8936a8dce868,Astrotalk,astrology,loot,negative_wtp,,india
596eb787-5ae2-4deb-aa50-5355821b9598,Astrotalk,astrology,scam,negative_wtp,,india
33dd3f34-a347-41dc-9b18-8f259ff89992,Astrotalk,astrology,scam,negative_wtp,,india
43a036b9-86bd-4264-a742-2e11d8ba13f4,Astrotalk,astrology,scam,negative_wtp,,india
43a036b9-86bd-4264-a742-2e11d8ba13f4,Astrotalk,astrology,scam,negative_wtp,,india
b42dc44f-fe9c-48a5-9715-e76b01b9fbc1,Astrotalk,astrology,LOOT,negative_wtp,,india
eb01bbfe-501f-4df6-b21b-02155b67d122,Astrotalk,astrology,scam,negative_wtp,,india
d2807105-e41d-41a8-b562-502a0ce3d599,Astrotalk,astrology,Scam,negative_wtp,,india
4592db20-818e-4afd-8f3d-d394c9b1ed44,Astrotalk,astrology,scam,negative_wtp,,india
4144889e-4217-4cf5-8aa3-de83949dbf6b,Astrotalk,astrology,loot,negative_wtp,,india
cd29e6ce-d06a-4c49-b3f9-f96fb348c441,Astrotalk,astrology,loot,negative_wtp,,india
9ec3b351-b8b5-4d37-b4ab-13cc4279b2b0,Astrotalk,astrology,scam,negative_wtp,,india
67330572-c161-4a1d-90e9-d410aa3c0b08,Astrotalk,astrology,scam,negative_wtp,,india
ff8cd69b-d485-4234-a1dd-11873cc48f98,Astrotalk,astrology,waste of money,negative_wtp,,india
6177eaf4-b1cb-4516-aa58-00bccb9819ef,Astrotalk,astrology,Not worth,negative_wtp,,india
8d7cfe4f-bce6-4b90-9778-0215ec84485b,Astrotalk,astrology,scam,negative_wtp,,india
580fcda7-0e0d-4890-b8b7-5f2c88e43d94,Astrotalk,astrology,scam,negative_wtp,,india
73180bc3-ced5-42d0-8d18-e251792b291c,Astrotalk,astrology,waste of money,negative_wtp,,india
5185b4c2-44b7-4a25-a2dc-c63367e1fb3a,Astrotalk,astrology,loot,negative_wtp,,india
143d641b-cdec-4e57-8971-334a83e61dfa,Astrotalk,astrology,scam,negative_wtp,,india
467a5bae-7f7e-4c3d-8199-505c2ce666d5,Astrotalk,astrology,scam,negative_wtp,,india
5d3ec692-4b08-4e66-aeb0-a7a00e05a604,Astrotalk,astrology,scam,negative_wtp,,india
5d3ec692-4b08-4e66-aeb0-a7a00e05a604,Astrotalk,astrology,scam,negative_wtp,,india
3d13ebb9-0464-48ad-a46e-e7c454b41998,Astrotalk,astrology,Scam,negative_wtp,,india
481bd873-77ce-4997-9619-f204e1a2f182,Astrotalk,astrology,Scam,negative_wtp,,india
18c08f39-89ab-4c8d-8fbe-019e14ab392e,Astrotalk,astrology,scam,negative_wtp,,india
45149686-b041-4420-80f3-9f3947592e44,Astrotalk,astrology,scam,negative_wtp,,india
d59706bf-fce3-4f91-b87a-10ced31d8570,Astrotalk,astrology,scam,negative_wtp,,india
8cb9c027-7af9-4894-9a43-61ed87406252,Astrotalk,astrology,scam,negative_wtp,,india
8cb9c027-7af9-4894-9a43-61ed87406252,Astrotalk,astrology,scam,negative_wtp,,india
9649a1d0-e520-4785-9c56-12e841cebde4,Astrotalk,astrology,loot,negative_wtp,,india
8f474d61-663c-4dca-841b-d7ea82f8b8b3,Astrotalk,astrology,scam,negative_wtp,,india
6787dd94-2db1-4a12-b88b-fd3f1050faf0,Astrotalk,astrology,scam,negative_wtp,,india
51bd865a-5130-4a56-9cfd-6f713d1b4e7a,Astrotalk,astrology,waste of money,negative_wtp,,india
5720b1b5-badb-4ca3-b0a9-c35beffec004,Astrotalk,astrology,worth the money,positive_wtp,,india
5720b1b5-badb-4ca3-b0a9-c35beffec004,Astrotalk,astrology,not worth,negative_wtp,,india
b075d31b-2069-4178-bb0e-bdcf37c30874,Astrotalk,astrology,scam,negative_wtp,,india
b075d31b-2069-4178-bb0e-bdcf37c30874,Astrotalk,astrology,scam,negative_wtp,,india
24188ef7-1d9d-4ff0-bd48-89ff07903c23,Astrotalk,astrology,take my money,positive_wtp,,india
994e115b-7310-4961-ab20-ec49b45ac5bb,Astrotalk,astrology,waste of money,negative_wtp,,india
994e115b-7310-4961-ab20-ec49b45ac5bb,Astrotalk,astrology,scam,negative_wtp,,india
cae0a400-1101-413a-8e5a-d75141966d73,Astrotalk,astrology,scam,negative_wtp,,india
02de0252-b945-4b32-bc57-3ac5f503ef19,Astrotalk,astrology,scam,negative_wtp,,india
02de0252-b945-4b32-bc57-3ac5f503ef19,Astrotalk,astrology,loot,negative_wtp,,india
a5b160ba-fa0d-43c4-92f3-84faa1501bdc,Astrotalk,astrology,scam,negative_wtp,,india
fcf675d3-c38b-4434-9e53-14f0170d17bc,Astrotalk,astrology,SCAM,negative_wtp,,india
51b8c923-9797-4a1a-9f2e-2f03ec733a7b,Astrotalk,astrology,loot,negative_wtp,,india
51b8c923-9797-4a1a-9f2e-2f03ec733a7b,Astrotalk,astrology,Loot,negative_wtp,,india
51b8c923-9797-4a1a-9f2e-2f03ec733a7b,Astrotalk,astrology,loot,negative_wtp,,india
d2a5a6ea-f6b2-4409-bc1b-a95ff9f32aa9,Astrotalk,astrology,Scam,negative_wtp,,india
d4b7cc9f-e2e6-4e09-a39b-8f599943e612,Astrotalk,astrology,Waste of money,negative_wtp,,india
758641f4-69fe-4333-98a0-0b74243fa481,Astrotalk,astrology,waste of money,negative_wtp,,india
ff7b7bc0-7bc9-4429-a38f-7ebd9a650221,Astrotalk,astrology,scam,negative_wtp,,india
291520b5-bdc4-4383-8b5d-f151f44cb589,Astrotalk,astrology,scam,negative_wtp,,india
84b75595-8faa-488f-bbfd-3879ef04f6de,Astrotalk,astrology,Waste of money,negative_wtp,,india
f42f8551-c4b3-4960-b86d-32c714a36fca,Astrotalk,astrology,Scam,negative_wtp,,india
26e34e8b-3d58-49bc-932c-ae80b5f69025,Astrotalk,astrology,SCAM,negative_wtp,,india
26e34e8b-3d58-49bc-932c-ae80b5f69025,Astrotalk,astrology,SCAM,negative_wtp,,india
9bf1c57d-1743-4e18-bc2f-f6e824543a4e,Astrotalk,astrology,Scam,negative_wtp,,india
6de85a29-6a62-4dc5-b0de-4bb67ce14473,Astrotalk,astrology,scam,negative_wtp,,india
43a4b5ac-aec9-4545-b3c1-6e7b75065879,Astrotalk,astrology,scam,negative_wtp,,india
96319619-f958-45e3-a089-3b262d059541,Astrotalk,astrology,loot,negative_wtp,,india
b700f77b-4e99-4d1c-b505-a5349bd15ead,Astrotalk,astrology,waste of money,negative_wtp,,india
c9267e88-f47f-439f-b577-c831dd997a00,Astrotalk,astrology,reasonable price,positive_wtp,,india
165ed3fc-26ce-40f8-a73c-c01a0a61f2f3,Astrotalk,astrology,scam,negative_wtp,,india
aae22483-d38b-4550-bfef-218e41e547ff,Astrotalk,astrology,waste of money,negative_wtp,,india
2d13bd2a-99f2-4525-82b2-a659d3173665,Astrotalk,astrology,loot,negative_wtp,,india
57ae9f77-89b5-49e5-a5ee-e72bdd3734d3,Astrotalk,astrology,waste of money,negative_wtp,,india
c0054f77-4e71-464f-9d46-275c600b177c,Astrotalk,astrology,scam,negative_wtp,,india
5e3b9430-21a0-411c-be5b-c3b93282fb95,Astrotalk,astrology,waste of money,negative_wtp,,india
c1b5f2d8-7a74-4cd5-93d0-0c63583f2f80,Astrotalk,astrology,loot,negative_wtp,,india
ca6c62ea-8a00-474f-8ed2-2f0d9b27dd48,Astrotalk,astrology,waste of money,negative_wtp,,india
ffc00131-f38e-4e8c-8dfb-2c84bd066757,Astrotalk,astrology,waste of money,negative_wtp,,india
a7d41522-665a-4999-a480-bacf2b193131,Astrotalk,astrology,loot,negative_wtp,,india
848946bc-26bb-4503-b232-dbfdcd7e48aa,Astrotalk,astrology,waste of money,negative_wtp,,india
de75d85a-84ef-4c6b-a5da-6c27a9e27c3c,Astrotalk,astrology,scam,negative_wtp,,india
79453659-56ab-4be4-9dc9-41e92e2e95cc,Astrotalk,astrology,paisa barbaad,negative_wtp,,india
33fa2822-184b-49a1-9682-39581fc21b0c,Astrotalk,astrology,too costly,negative_wtp,,india
d0334b61-2f59-47ce-a51b-c34c01484b2f,Astrotalk,astrology,waste of money,negative_wtp,,india
a37f8b1c-d643-4b9c-ae9a-3eab07064f12,Astrotalk,astrology,scam,negative_wtp,,india
a37f8b1c-d643-4b9c-ae9a-3eab07064f12,Astrotalk,astrology,scam,negative_wtp,,india
e22c65fd-29aa-4653-8319-78276b256f7f,Astrotalk,astrology,loot,negative_wtp,,india
0c88a62f-a71f-4250-a368-8aeb179f5e74,Astrotalk,astrology,scam,negative_wtp,,india
ccf087dc-534d-4ac5-9484-235644ee3530,Astrotalk,astrology,waste of money,negative_wtp,,india
d19fd435-1106-4f61-adfd-dd768ad4eecf,Astrotalk,astrology,waste of money,negative_wtp,,india
69e951de-adad-44ae-8566-715c5e0f52fd,Astrotalk,astrology,waste of money,negative_wtp,,india
cbc9038a-814d-48e7-a6e2-922afde38f6e,Astrotalk,astrology,worth the money,positive_wtp,,india
52dae1d0-051d-43cb-b642-ebac8be9a8a0,Astrotalk,astrology,scam,negative_wtp,,india
3140cf21-cabb-4acf-8edd-c0f167a3bfb7,Astrotalk,astrology,rip off,negative_wtp,,india
cf47716f-b3b5-46d6-b47a-513b5914c516,Astrotalk,astrology,scam,negative_wtp,,india
1c3f96f6-f902-419e-8eb7-c2f825648f34,Astrotalk,astrology,waste of money,negative_wtp,,india
5e424721-d284-4d61-8f0b-acd8e7830e69,Astrotalk,astrology,scam,negative_wtp,,india
5f17995c-9f58-432f-9e34-c07b3cc7afb3,Astrotalk,astrology,waste of money,negative_wtp,,india
ca0208ae-d580-47c2-b1a8-7b0ac95aae5b,Astrotalk,astrology,scam,negative_wtp,,india
776e7e1b-3590-4583-826e-93102c2cccc1,Astrotalk,astrology,scam,negative_wtp,,india
776e7e1b-3590-4583-826e-93102c2cccc1,Astrotalk,astrology,scam,negative_wtp,,india
834621f7-c7c1-4995-b36a-139ab2d3376f,Astrotalk,astrology,scam,negative_wtp,,india
12144689-1db6-4bed-9150-966a4cb41e53,Astrotalk,astrology,scam,negative_wtp,,india
fd3bc130-5ed1-49dd-8c85-05e6b8f21808,Astrotalk,astrology,waste of money,negative_wtp,,india
02c8c8d3-6fd4-46b3-99bb-bc2584b276dc,Astrotalk,astrology,Waste of money,negative_wtp,,india
90855a28-9085-400c-8b0d-426150895f7e,Astrotalk,astrology,loot,negative_wtp,,india
179e9b52-8a09-4139-bcbd-c92f967c186e,Astrotalk,astrology,waste of money,negative_wtp,,india
179e9b52-8a09-4139-bcbd-c92f967c186e,Astrotalk,astrology,scam,negative_wtp,,india
9d3b4c4c-e46b-4749-bd42-6f4a3984f474,Astrotalk,astrology,loot,negative_wtp,kundli,india
b9fcbf60-2452-4536-8c87-20e8408bf5c4,Astrotalk,astrology,Waste of Money,negative_wtp,,india
8111e8f3-ce6a-41a3-8481-8c0942688ba3,Astrotalk,astrology,Scam,negative_wtp,,india
f5c38bd2-8dd1-4dbb-b8cd-7747ebdffd22,Astrotalk,astrology,Waste of money,negative_wtp,,india
dff514f1-2a29-448a-9700-bd03b4803173,Astrotalk,astrology,Scam,negative_wtp,,india
b757905d-dabd-4dcb-ba64-f7966cfc7ee4,Astrotalk,astrology,waste of money,negative_wtp,,india
0dfbc315-8baa-47ec-a0f2-3f88ccda8b49,Astrotalk,astrology,loot,negative_wtp,,india
ba8ff40c-568f-4c99-8b64-b5b5d5f36176,Astrotalk,astrology,loot,negative_wtp,,india
99fbb68d-6ef8-4352-9214-45356634313a,Astrotalk,astrology,loot,negative_wtp,,india
e0e01f8a-0207-4b30-b488-553cda16532e,Astrotalk,astrology,scam,negative_wtp,,india
df88457e-6655-498e-bd00-2958625ce002,Astrotalk,astrology,scam,negative_wtp,,india
7b58a771-b731-4a12-9b12-896e4e9bd3ed,Astrotalk,astrology,Waste of money,negative_wtp,,india
70439d5e-662c-4b52-b5e0-99cfc4ccabcf,Astrotalk,astrology,reasonable price,positive_wtp,,india
57c6243d-04c8-4824-b729-3c58e8e6f290,Astrotalk,astrology,Loot,negative_wtp,,india
7fc1ac1d-21b4-4bc6-9ffa-c7c8a5238134,Astrotalk,astrology,scam,negative_wtp,,india
808a3cad-b811-4b7f-a605-9ffbe6b3b159,Astrotalk,astrology,not worth,negative_wtp,,india
d4087bf4-a722-4748-b6c6-82d938f2ab7e,Astrotalk,astrology,scam,negative_wtp,,india
7fd6125c-1059-444c-8089-31fda51b3d9b,Astrotalk,astrology,Loot,negative_wtp,,india
3ad7d9f8-1a84-4068-ba67-64fb0dca11cb,Astrotalk,astrology,scam,negative_wtp,,india
620ad790-0a01-4691-8d31-72ec482d57bb,Astrotalk,astrology,scam,negative_wtp,,india
179b3973-9b06-4592-85ca-8eda7209d128,Astrotalk,astrology,loot,negative_wtp,,india
cb14b956-c5d7-4b3e-8e3f-40577e3c1169,Astrotalk,astrology,loot,negative_wtp,,india
83502dd1-fe04-470c-bb1f-52b65c618360,Astrotalk,astrology,worth every penny,positive_wtp,,india
6835c303-0565-44cb-9ecb-3e90b003175b,Astrotalk,astrology,WASTE OF MONEY,negative_wtp,,india
95d48997-2eb6-4146-951e-96210e1083f3,Astrotalk,astrology,Too expensive,negative_wtp,,india
a4079c3e-8dcc-4bc8-88c8-51f6eb691a87,Astrotalk,astrology,scam,negative_wtp,,india
a4079c3e-8dcc-4bc8-88c8-51f6eb691a87,Astrotalk,astrology,scam,negative_wtp,,india
058c03df-eb72-4d2e-a2ea-c55c16d4aa18,Astrotalk,astrology,scam,negative_wtp,,india
e4469049-8977-4c4f-ae24-5e64f327a0bf,Astrotalk,astrology,loot,negative_wtp,,india
c713c6a9-a50a-4ce9-91ab-5fe5202d52e5,Astrotalk,astrology,waste of money,negative_wtp,,india
f1e7d843-e26f-4b00-9523-ed618448e14f,Astrotalk,astrology,value for money,positive_wtp,,india
1fb33255-4e7c-4391-b6c1-b87c7d7f024b,Astrotalk,astrology,should be free,negative_wtp,,india
f619eb29-5a86-4399-8102-02e13fb078d9,Astrotalk,astrology,waste of money,negative_wtp,,india
858f7b72-4aa6-41db-b288-77e45c668068,Astrotalk,astrology,loot,negative_wtp,,india
5df3a378-50e5-4bd8-a2e5-5790fc4e2688,Astrotalk,astrology,scam,negative_wtp,,india
a7ef1ccd-0603-4204-a678-b8d081d015c2,Astrotalk,astrology,Scam,negative_wtp,,india
025abb56-bb3f-4759-b973-8a7c52eeceb6,Astrotalk,astrology,loot,negative_wtp,remedies,india
dc77ffe5-461d-4968-8747-75c77e4bb139,Astrotalk,astrology,waste of money,negative_wtp,,india
1fd89bb9-b7cd-4d53-ad8c-2f1673df47e8,Astrotalk,astrology,waste of money,negative_wtp,,india
aef75dae-2fc9-4711-b8b8-6452bf40d3a7,Astrotalk,astrology,Reasonable Price,positive_wtp,,india
71e259d8-679d-4875-bd29-a95ece9fe4a1,Astrotalk,astrology,scam,negative_wtp,,india
71e259d8-679d-4875-bd29-a95ece9fe4a1,Astrotalk,astrology,scam,negative_wtp,,india
71e259d8-679d-4875-bd29-a95ece9fe4a1,Astrotalk,astrology,scam,negative_wtp,,india
fe99d5ed-719c-4658-b049-3d8db50ab426,Astrotalk,astrology,scam,negative_wtp,,india
563c72df-7690-42df-a3e3-3b5eb734f9c0,Astrotalk,astrology,scam,negative_wtp,,india
a7241ccb-fb6d-4c96-a715-7b59835ab78d,Astrotalk,astrology,waste of money,negative_wtp,,india
870551d6-e33b-4c1e-bcb3-dc5cf6f971d6,Astrotalk,astrology,scam,negative_wtp,,india
870551d6-e33b-4c1e-bcb3-dc5cf6f971d6,Astrotalk,astrology,loot,negative_wtp,,india
9c6060e2-4eaf-41b8-b8ae-8566c561be2c,Astrotalk,astrology,Waste of money,negative_wtp,,india
bfa93839-33dd-439c-8d2f-b91da4690474,Astrotalk,astrology,waste of money,negative_wtp,,india
530566f7-2527-4e77-87cd-3941022c75d2,Astrotalk,astrology,Waste of money,negative_wtp,,india
b8d0a2e3-b262-4ddd-af76-ea86222a78b1,Astrotalk,astrology,Scam,negative_wtp,,india
2c8e8c0d-aaab-4892-ac45-3ab25e375af2,Astrotalk,astrology,scam,negative_wtp,,india
3a1f3ca4-f973-46f2-b772-e8150d7965dd,Astrotalk,astrology,scam,negative_wtp,,india
50770698-1f3e-437b-9b65-bc291f65183e,Astrotalk,astrology,loot,negative_wtp,,india
e17702b0-c721-4adf-ac83-06c3a7535f79,Astrotalk,astrology,loot,negative_wtp,,india
e044eeb6-37ed-4a81-9f74-5cd973c99b4c,Astrotalk,astrology,scam,negative_wtp,,india
d909c779-c59d-4f4f-8425-4aed6c86d6b1,Astrotalk,astrology,waste of money,negative_wtp,,india
71228f8e-be09-4300-9265-b72185167e18,Astrotalk,astrology,scam,negative_wtp,horoscope,india
71228f8e-be09-4300-9265-b72185167e18,Astrotalk,astrology,scam,negative_wtp,horoscope,india
23f9b572-cf65-49f6-b250-86c7085038e2,Astrotalk,astrology,waste of money,negative_wtp,,india
f454cd9c-244f-4e0e-84f8-708a22ef8d71,Astrotalk,astrology,waste of money,negative_wtp,,india
189f9ed6-fcb2-4b43-8da5-5c7d23ae0de9,Astrotalk,astrology,loot,negative_wtp,,india
42272f35-2af4-4e40-9c5a-bf4827a0bec8,Astrotalk,astrology,scam,negative_wtp,,india
42272f35-2af4-4e40-9c5a-bf4827a0bec8,Astrotalk,astrology,scam,negative_wtp,,india
390d4ffd-f8d2-4eb0-8bce-ea9ad713aa08,Astrotalk,astrology,value for money,positive_wtp,,india
8f6db504-4968-435e-9228-ae8c792fe18c,Astrotalk,astrology,scam,negative_wtp,,india
0fe61339-6fb2-4b60-ab73-373981890802,Astrotalk,astrology,Scam,negative_wtp,,india
75d34926-bd4c-4bfe-8f55-73600f14fb65,Astrotalk,astrology,Too expensive,negative_wtp,,india
abee06e2-ece8-4b49-b117-645e29cc602c,Astrotalk,astrology,scam,negative_wtp,,india
5ef9b5f5-2e43-4278-9477-45f6d8346959,Astrotalk,astrology,scam,negative_wtp,,india
67361381-e203-4218-9314-5c47b8819bd4,Astrotalk,astrology,should be free,negative_wtp,,india
67361381-e203-4218-9314-5c47b8819bd4,Astrotalk,astrology,scam,negative_wtp,,india
cdde35bc-0d46-4e86-8894-b9b976677f34,Astrotalk,astrology,Waste of money,negative_wtp,,india
cdde35bc-0d46-4e86-8894-b9b976677f34,Astrotalk,astrology,scam,negative_wtp,,india
08074280-bf1b-4e50-a814-de7da7737e7e,Astrotalk,astrology,Waste of money,negative_wtp,,india
c60edd13-426f-4599-9511-c6435a047e78,Astrotalk,astrology,waste of money,negative_wtp,,india
347fa4d3-1699-436a-95a3-a5b36b036aed,Astrotalk,astrology,too costly,negative_wtp,,india
a7abed3f-270d-4103-a2ec-81416bed94b7,Astrotalk,astrology,should be free,negative_wtp,,india
12e37305-b4bf-41cd-bc34-0ee08e225063,Astrotalk,astrology,loot,negative_wtp,,india
39073e37-6db1-4273-9e98-edcb6b167fbc,Astrotalk,astrology,waste of money,negative_wtp,,india
10252f13-21b7-4db3-93fb-d1380a40cde1,Astrotalk,astrology,scam,negative_wtp,,india
af82f055-1c77-494a-9f5d-944d5580a33f,Astrotalk,astrology,scam,negative_wtp,,india
1d2e05cd-81b8-4f5e-89ad-1009c1ecb92b,Astrotalk,astrology,Waste of money,negative_wtp,,india
77586d9e-8489-42bd-b4ef-da86e326acd7,Astrotalk,astrology,Too expensive,negative_wtp,,india
52c5e045-e3a5-4499-a9b8-0b05b3b38956,Astrotalk,astrology,loot,negative_wtp,,india
6bfde47b-8b76-460f-a8cd-4b8e0fab0e71,Astrotalk,astrology,too costly,negative_wtp,,india
ca188848-924d-46ad-9ace-4746a88e8b1a,Astrotalk,astrology,Waste of money,negative_wtp,,india
2d48d52c-95ce-4124-8d71-d64f2c22348a,Astrotalk,astrology,scam,negative_wtp,,india
51608272-27f4-4cfa-9ae9-b7fb2830c47b,Astrotalk,astrology,waste of money,negative_wtp,,india
6885220a-c884-458f-b595-221af2431e6f,Astrotalk,astrology,scam,negative_wtp,,india
876893ec-afdc-4819-b0f2-a89026902487,Astrotalk,astrology,loot,negative_wtp,kundli,india
9b536f55-4d3f-4293-80e2-1e920e460dc6,Astrotalk,astrology,scam,negative_wtp,,india
0018b0c9-85f4-4412-93f9-93ec18f5a5f4,Astrotalk,astrology,scam,negative_wtp,,india
c3c19f8b-b762-4ec8-9e72-8541c68856ca,Astrotalk,astrology,SCAM,negative_wtp,,india
31254068-9e84-46f3-bec8-9c50fb4e1ce0,Astrotalk,astrology,Paisa barbaad,negative_wtp,,india
e03d37fa-651a-4547-9bf5-9f7d5c3f911f,Astrotalk,astrology,scam,negative_wtp,,india
a53a26cd-d9ac-401b-9208-682abb61dbe8,Astrotalk,astrology,Value for money,positive_wtp,,india
888ae855-2f65-4c30-b749-2432a3ea329f,Astrotalk,astrology,scam,negative_wtp,,india
7e45adf2-668a-4b99-9cbd-1bcea584200f,Astrotalk,astrology,worth paying,positive_wtp,,india
770c0e37-a51c-4d0b-84d7-4d6513aa9799,Astrotalk,astrology,waste of money,negative_wtp,,india
2450f600-e8d7-402f-96ae-91ad36d57bfb,Astrotalk,astrology,scam,negative_wtp,,india
811bdad9-fcf7-4a36-a61e-5699ff1117a9,Astrotalk,astrology,loot,negative_wtp,,india
71e0325c-4f7f-4fea-9033-545970365a27,Astrotalk,astrology,waste of money,negative_wtp,,india
c439687f-b7cd-4cc1-85ef-dc1b2a19be84,Astrotalk,astrology,should be free,negative_wtp,,india
116d0408-86de-4206-b3a9-e576d6a64998,Astrotalk,astrology,waste of money,negative_wtp,,india
6a5b9da1-c75e-47ee-890a-c9a27d272c4a,Astrotalk,astrology,waste of money,negative_wtp,,india
58bf17d4-8a6a-4d3f-89b1-2a9eba0d0403,Astrotalk,astrology,worth the money,positive_wtp,,india
58bf17d4-8a6a-4d3f-89b1-2a9eba0d0403,Astrotalk,astrology,not worth,negative_wtp,,india
c6adb57a-a182-4a7b-b22a-9aac2577a9a3,Astrotalk,astrology,value for money,positive_wtp,,india
5d65d056-37b8-4c3d-a2d3-9b7625811fe6,Astrotalk,astrology,scam,negative_wtp,,india
8cd60154-32e8-45fa-b255-dbdb160b5f86,Astrotalk,astrology,scam,negative_wtp,,india
fb927f93-fec4-4b91-9539-a31876712902,Astrotalk,astrology,waste of money,negative_wtp,,india
b7896b21-dce4-4772-970b-dcdbd9044e6f,Astrotalk,astrology,Scam,negative_wtp,,india
1f43eaa7-6fdb-4de5-9736-a9927841a83e,Astrotalk,astrology,scam,negative_wtp,,india
90ebf78e-4a96-4011-8eba-7cbf9345aa50,Astrotalk,astrology,scam,negative_wtp,,india
4442ede4-4972-470c-bfd1-e0b2d89a8b22,Astrotalk,astrology,worth every penny,positive_wtp,kundli,india
39a23bb0-1514-4851-a140-191bd2da5760,Astrotalk,astrology,Waste of money,negative_wtp,,india
093c1e70-3af5-4329-b391-9ff201ddf7a8,Astrotalk,astrology,loot,negative_wtp,,india
9e214ba3-8d2b-4d78-a9f6-d42002684200,Astrotalk,astrology,Scam,negative_wtp,,india
4e330964-ced5-4aa5-881e-36b5164d4cd3,Astrotalk,astrology,waste of money,negative_wtp,,india
57a6121f-027e-44fc-806b-fa4bbcf39ddc,Astrotalk,astrology,scam,negative_wtp,,india
1466e7cb-ce6a-4a03-9992-a538c7e97bea,Astrotalk,astrology,scam,negative_wtp,,india
11b893d9-a4e4-40d8-a50a-8b5cee2347ee,Astrotalk,astrology,loot,negative_wtp,,india
a2de75fc-809a-421b-a503-bc4989daeb91,Astrotalk,astrology,scam,negative_wtp,,india
d2885fa7-9c64-495c-b80d-740292dfcc3e,Astrotalk,astrology,SCAM,negative_wtp,,india
c66720fa-47ed-4686-a35f-c37d44ad8de3,Astrotalk,astrology,should be free,negative_wtp,,india
10edddaa-71ca-438d-bde3-7f291323b3ea,Astrotalk,astrology,waste of money,negative_wtp,,india
9ab12b53-1507-4b3e-99da-806c2accaf43,Astrotalk,astrology,Overpriced,negative_wtp,,india
e1a4a75b-6213-4f82-a833-6d060d6a7470,Astrotalk,astrology,loot,negative_wtp,,india
59cc82b5-fb46-48b6-85b6-10dc6f93fc25,Astrotalk,astrology,loot,negative_wtp,,india
215d605a-c2e7-473d-9ca6-a3cabd9a46d0,Astrotalk,astrology,scam,negative_wtp,,india
296efccd-c649-4491-9842-36ea03319ca3,Astrotalk,astrology,scam,negative_wtp,,india
dbcf09ec-6216-449b-b1b3-22d509b8c89a,Astrotalk,astrology,scam,negative_wtp,,india
eeb87fd1-f478-4a09-8f6b-e2e24c230391,Astrotalk,astrology,scam,negative_wtp,,india
e8b10915-e6b5-4510-890c-65a607759cf3,Astrotalk,astrology,should be free,negative_wtp,,india
adeb43c0-d5fb-43c4-b01c-27bf12d48958,Astrotalk,astrology,too costly,negative_wtp,,india
4fbc86e4-9e6d-4918-b23f-b0f3c04813a9,Astrotalk,astrology,scam,negative_wtp,,india
0dbc0734-e849-4b86-a705-05deb3df89f5,Astrotalk,astrology,scam,negative_wtp,,india
0dbc0734-e849-4b86-a705-05deb3df89f5,Astrotalk,astrology,loot,negative_wtp,,india
62585b6c-0b3b-4c90-b8e5-3a4862f45f7e,Astrotalk,astrology,loot,negative_wtp,,india
2486a73d-8b11-4333-8155-f40b78f6b82a,Astrotalk,astrology,scam,negative_wtp,,india
45b77a06-617a-4040-84b7-c99e7712c16c,Astrotalk,astrology,loot,negative_wtp,,india
eb33b131-9cf9-4eb8-b38c-a20c3f354a5d,Astrotalk,astrology,waste of money,negative_wtp,,india
7aac199f-3939-4d98-b0be-c1d27b1c0793,Astrotalk,astrology,loot,negative_wtp,remedies,india
f6ca68f4-832c-465c-a7eb-0860adea2d1b,Astrotalk,astrology,scam,negative_wtp,,india
f6ca68f4-832c-465c-a7eb-0860adea2d1b,Astrotalk,astrology,scam,negative_wtp,,india
f6ca68f4-832c-465c-a7eb-0860adea2d1b,Astrotalk,astrology,scam,negative_wtp,,india
38959973-c27c-460b-b274-be240b1059f1,Astrotalk,astrology,Not worth,negative_wtp,,india
f80c2d78-f010-44af-b78a-324e1ff8e118,Astrotalk,astrology,worth the money,positive_wtp,,india
c6790a61-7298-42fe-96f1-d6e5c8d2aa60,Astrotalk,astrology,scam,negative_wtp,,india
9b14f06b-6165-4a05-8d9c-e3a547ec2e68,Astrotalk,astrology,scam,negative_wtp,,india
8ab0640f-09f5-482f-a963-6c2e1da15cb8,Astrotalk,astrology,loot,negative_wtp,,india
d35f7b56-cd7d-452a-abae-d4a842f955ff,Astrotalk,astrology,waste of money,negative_wtp,,india
26eb59db-778e-4f21-bd22-7ba1eeb1f449,Astrotalk,astrology,waste of money,negative_wtp,,india
a6e2cbbd-2ca5-41a9-a28c-27f865cfad61,Astrotalk,astrology,loot,negative_wtp,,india
9470e310-e9e5-470c-8b43-50f327c249e7,Astrotalk,astrology,loot,negative_wtp,,india
9470e310-e9e5-470c-8b43-50f327c249e7,Astrotalk,astrology,loot,negative_wtp,,india
a35e0578-0440-49f5-8d76-701ff1e0ee4b,Astrotalk,astrology,scam,negative_wtp,,india
4aad9dc5-9bae-4d23-b8bc-2a35c49892af,Astrotalk,astrology,scam,negative_wtp,,india
57449b90-3ec1-4b97-a8a6-b635723615aa,Astrotalk,astrology,scam,negative_wtp,,india
53072315-7c7e-4336-b169-b9499d1a91be,Astrotalk,astrology,waste of money,negative_wtp,,india
cbd7672c-a9d6-4a76-ad1b-7bf6d250d668,Astrotalk,astrology,scam,negative_wtp,,india
793d296d-8442-4539-893a-4542bc92d836,Astrotalk,astrology,Waste of money,negative_wtp,,india
ca51e24a-8034-480f-a672-3b5b63d2f066,Astrotalk,astrology,loot,negative_wtp,,india
4915658a-36c7-42e0-9f8f-0223637df607,Astrotalk,astrology,loot,negative_wtp,,india
bb894ab7-094e-4306-8df9-b6c1ae71030f,Astrotalk,astrology,loot,negative_wtp,,india
537502ae-ebe4-46c0-8dc4-33ec614fb458,Astrotalk,astrology,not worth,negative_wtp,,india
5eed6904-3fed-4303-b899-e56b5e91d0bd,Astrotalk,astrology,scam,negative_wtp,,india
457ba0f4-619b-4a67-8066-509bfc629497,Astrotalk,astrology,not worth,negative_wtp,,india
665a529c-a0e8-4042-9f44-e895c844feb8,Astrotalk,astrology,scam,negative_wtp,,india
83f81753-a770-40b5-852b-ab53645ac288,Astrotalk,astrology,waste of money,negative_wtp,,india
4c3d34f7-f75a-4d0c-9830-b4cd5f0d2311,Astrotalk,astrology,should be free,negative_wtp,,india
88020902-5dec-4a39-9765-e90e9b53e016,Astrotalk,astrology,loot,negative_wtp,,india
5e0b5e8d-ec5a-4d1c-af23-0d7ddea717ab,Astrotalk,astrology,loot,negative_wtp,,india
229a5ed5-79db-4522-b746-daa320d811b7,Astrotalk,astrology,Waste of money,negative_wtp,,india
16a5da0a-f7c3-4b6c-882a-b42fb54d166a,Astrotalk,astrology,scam,negative_wtp,,india
d04e8bf0-4a4a-44ce-9c66-3dc120becb29,Astrotalk,astrology,waste of money,negative_wtp,,india
567e6c74-50c7-4f2a-af85-b34497146d29,Astrotalk,astrology,scam,negative_wtp,,india
c8b124e7-34c2-48d1-8a46-89daa63a67cb,Astrotalk,astrology,scam,negative_wtp,,india
67f71765-ce93-43bf-9f7c-3d05a38b1f0e,Astrotalk,astrology,Overpriced,negative_wtp,,india
537688df-0470-4eb5-9c49-f3ce45a71275,Astrotalk,astrology,loot,negative_wtp,,india
537688df-0470-4eb5-9c49-f3ce45a71275,Astrotalk,astrology,loot,negative_wtp,,india
01593d55-0ddf-41b9-a6b0-c21eca10ed42,Astrotalk,astrology,Waste of money,negative_wtp,,india
07717b71-5250-4724-a923-7cdd6c691395,Astrotalk,astrology,waste of money,negative_wtp,,india
ac8bb42b-c63d-4544-a5fb-8965cdb73df6,Astrotalk,astrology,scam,negative_wtp,,india
3ad2e8c8-8ad8-4489-9e0a-0b87198f7fc1,Astrotalk,astrology,waste of money,negative_wtp,,india
4c7afa60-c825-45a5-a789-b9ae8bdb13ff,Astrotalk,astrology,scam,negative_wtp,,india
9f2f4fcc-5054-481a-924c-c35192939ceb,Astrotalk,astrology,loot,negative_wtp,,india
8455bb5c-ba33-4221-bb4c-d43bc17a0231,Astrotalk,astrology,loot,negative_wtp,,india
4171688f-dfb0-4370-b03f-c518f16c2720,Astrotalk,astrology,loot,negative_wtp,,india
ca50855f-7b51-43da-a16c-dd4ae6ec23ab,Astrotalk,astrology,waste of money,negative_wtp,,india
1517c1f0-a6a2-46c0-be05-f68924f6085a,Astrotalk,astrology,Scam,negative_wtp,,india
ed259686-0763-4ca1-a539-d8b56985b4f9,Astrotalk,astrology,scam,negative_wtp,,india
3f2694d4-a5d6-46a0-b52e-ef9c3aae5744,Astrotalk,astrology,scam,negative_wtp,,india
c37ac422-6d98-4f4c-b9ea-603e93fdb4ca,Astrotalk,astrology,loot,negative_wtp,,india
d4675ff4-99b6-44fc-af14-674c65d7f701,Astrotalk,astrology,Scam,negative_wtp,,india
d4675ff4-99b6-44fc-af14-674c65d7f701,Astrotalk,astrology,scam,negative_wtp,,india
54e38cd6-aa21-41f6-b4b7-88f723af0a8c,Astrotalk,astrology,should be free,negative_wtp,horoscope,india
35e6b426-f274-4c61-93b0-efa5e7051f12,Astrotalk,astrology,loot,negative_wtp,,india
55cd8369-4d79-4b17-a439-7b316d7daab0,Astrotalk,astrology,waste of money,negative_wtp,,india
7232a2ff-2722-4078-ba97-ffa950806b2d,Astrotalk,astrology,loot,negative_wtp,,india
d3a95564-f6a8-421d-91bc-40220c3da7fc,Astrotalk,astrology,scam,negative_wtp,,india
9aa8acbb-5e2e-406c-8d82-99e3b11732ef,Astrotalk,astrology,loot,negative_wtp,,india
c169879d-bd66-433a-8c42-662675e13425,Astrotalk,astrology,Waste of money,negative_wtp,,india
948bccb0-439e-48a9-a926-a9a99432ccab,Astrotalk,astrology,scam,negative_wtp,,india
4c968349-aab4-4cd4-b07b-1c4b1a27d444,Astrotalk,astrology,loot,negative_wtp,,india
9b438057-478d-4713-ae03-deca1f5bb66a,Astrotalk,astrology,waste of money,negative_wtp,,india
fae75be0-0dde-4400-99e6-db7ed1c39b12,Astrotalk,astrology,waste of money,negative_wtp,,india
c5b5d085-4f35-4393-bc09-3f7930bc32de,Astrotalk,astrology,scam,negative_wtp,,india
700842e3-fd80-49c4-8fc1-86103959a694,Astrotalk,astrology,waste of money,negative_wtp,,india
2e90b9cd-78aa-4e2c-ba1f-3100a314ecd3,Astrotalk,astrology,scam,negative_wtp,,india
2e90b9cd-78aa-4e2c-ba1f-3100a314ecd3,Astrotalk,astrology,scam,negative_wtp,,india
57b44228-dac3-4368-a679-fbf24e044986,Astrotalk,astrology,scam,negative_wtp,,india
3e3c0a71-c849-46ac-9964-da696198ad57,Astrotalk,astrology,scam,negative_wtp,,india
f805051c-9652-482a-b106-21bc06a19f74,Astrotalk,astrology,loot,negative_wtp,,india
7f0b0f81-6dba-4821-a8a0-bb037b8fe152,Astrotalk,astrology,scam,negative_wtp,,india
592aa3df-53c6-4c45-8a50-06debc0f0dd1,Astrotalk,astrology,scam,negative_wtp,,india
592aa3df-53c6-4c45-8a50-06debc0f0dd1,Astrotalk,astrology,scam,negative_wtp,,india
2b0fc73d-a4e2-4e0c-b145-ff75ee33378e,Astrotalk,astrology,scam,negative_wtp,,india
fb9a6fad-3991-475e-843e-965c741b8fea,Astrotalk,astrology,scam,negative_wtp,,india
475976a7-5a5f-4a98-ada8-b1642d6095c0,Astrotalk,astrology,loot,negative_wtp,,india
0848b612-26c9-41cb-adfc-474941c3fe91,Astrotalk,astrology,Waste of money,negative_wtp,,india
b7960b59-37cc-4dfd-b79a-3cc63c209c59,Astrotalk,astrology,waste of money,negative_wtp,,india
7d0ca9ba-73e4-45a0-b5ff-ac7516b5d0bd,Astrotalk,astrology,loot,negative_wtp,,india
29a171e9-482c-4990-a54c-3da38a5954f8,Astrotalk,astrology,waste of money,negative_wtp,,india
e0a04fe6-7775-40a6-82d5-d851feb6e15f,Astrotalk,astrology,scam,negative_wtp,,india
ee076296-3966-4bce-8feb-f5efaa015f6f,Astrotalk,astrology,loot,negative_wtp,,india
c781f6a0-a534-438c-901e-d4f70eef670b,Astrotalk,astrology,scam,negative_wtp,,india
c5833d0d-c3e0-4821-ba91-5f7ab8da534b,Astrotalk,astrology,waste of money,negative_wtp,,india
f4740d86-dc95-4394-9c9d-d8a09281be4a,Astrotalk,astrology,scam,negative_wtp,,india
f4740d86-dc95-4394-9c9d-d8a09281be4a,Astrotalk,astrology,scam,negative_wtp,,india
f4740d86-dc95-4394-9c9d-d8a09281be4a,Astrotalk,astrology,scam,negative_wtp,,india
85cad00d-0587-4742-8145-a4b655bfc9c5,Astrotalk,astrology,worth paying,positive_wtp,,india
799c077b-9351-4368-9f7c-3d895441bae7,Astrotalk,astrology,waste of money,negative_wtp,,india
a4e4c9a4-f581-4e2e-8ce2-3bcc6439fcfc,Astrotalk,astrology,SCAM,negative_wtp,,india
6699ac67-2892-41f5-b1b8-d4b0614b7240,Astrotalk,astrology,scam,negative_wtp,,india
6699ac67-2892-41f5-b1b8-d4b0614b7240,Astrotalk,astrology,scam,negative_wtp,,india
c1a1175b-7879-4681-a45c-db6726a23a94,Astrotalk,astrology,scam,negative_wtp,,india
f7020806-ab48-40de-b60a-c6d61d78516c,Astrotalk,astrology,scam,negative_wtp,,india
bc557c6e-039a-43dd-99cc-f909c1b277b2,Astrotalk,astrology,scam,negative_wtp,,india
bc557c6e-039a-43dd-99cc-f909c1b277b2,Astrotalk,astrology,scam,negative_wtp,,india
6872d46c-5457-458d-a00f-5ddca9ffaeda,Astrotalk,astrology,scam,negative_wtp,,india
c112bfd4-d28b-46c4-831d-85d310a563fb,Astrotalk,astrology,loot,negative_wtp,,india
913e287b-ef7c-4f82-b2aa-08dde78bf8e8,Astrotalk,astrology,scam,negative_wtp,,india
43e550fb-2343-4539-9935-0dabe22e9287,Astrotalk,astrology,waste of money,negative_wtp,,india
c32f25dd-06f5-43d5-b33e-ddbdd459cbce,Astrotalk,astrology,SCAM,negative_wtp,,india
c32f25dd-06f5-43d5-b33e-ddbdd459cbce,Astrotalk,astrology,SCAM,negative_wtp,,india
c32f25dd-06f5-43d5-b33e-ddbdd459cbce,Astrotalk,astrology,SCAM,negative_wtp,,india
17e80332-8c4b-4d61-9456-68520ebaa17a,Astrotalk,astrology,waste of money,negative_wtp,,india
9e394f3c-b13b-4266-8db8-f06122df51ed,Astrotalk,astrology,scam,negative_wtp,,india
053298ea-a0a8-42db-aae4-6ce3d742e909,Astrotalk,astrology,scam,negative_wtp,,india
4a928d8c-dd48-4219-b8ad-9619697bc9bc,Astrotalk,astrology,not worth,negative_wtp,,india
ba207f80-bfff-48a3-a8fa-dec2f5690c17,Astrotalk,astrology,take my money,positive_wtp,,india
e0d9b3cd-78aa-4ac8-a3b0-36a2b3e81566,Astrotalk,astrology,Scam,negative_wtp,,india
9a7144ec-f366-405e-acb5-e255390d2563,Astrotalk,astrology,loot,negative_wtp,,india
f6a7f909-488c-4d47-b5c7-c50e08148ff9,Astrotalk,astrology,scam,negative_wtp,,india
b9bdc042-dd12-498c-a2ad-d99c0edf1ff3,Astrotalk,astrology,waste of money,negative_wtp,,india
0a44e81a-d410-4f9f-b6c8-6938c531aa57,Astrotalk,astrology,loot,negative_wtp,,india
17979a71-bada-40a9-9843-170a345bf91d,Astrotalk,astrology,loot,negative_wtp,,india
469ffad5-66c2-43bf-92ee-e1fc0b6e3478,Astrotalk,astrology,scam,negative_wtp,,india
469ffad5-66c2-43bf-92ee-e1fc0b6e3478,Astrotalk,astrology,loot,negative_wtp,remedies,india
29316754-d1f7-446d-8d06-0fcd6b58c0da,Astrotalk,astrology,loot,negative_wtp,,india
8bf00661-d6cd-40b7-85e3-b2d2215f67f8,Astrotalk,astrology,waste of money,negative_wtp,,india
abef265b-dd56-4240-a8bb-269342f76f90,Astrotalk,astrology,waste of money,negative_wtp,,india
c3345e2c-d21a-4924-8118-e24e8bec0df5,Astrotalk,astrology,loot,negative_wtp,,india
29f148df-1fab-4238-8088-b61e08f5dc06,Astrotalk,astrology,scam,negative_wtp,,india
c6c4b1a9-2b83-492b-b90e-d3af0c7a2550,Astrotalk,astrology,scam,negative_wtp,,india
ec66cadc-5f74-44cf-91a9-bfd3fe122941,Astrotalk,astrology,waste of money,negative_wtp,,india
2d56abe0-157c-4be8-885c-35a9ac0e2baf,Astrotalk,astrology,Waste of money,negative_wtp,,india
7a822ce3-76fa-4c7b-8643-d5f8bfd0c4a1,Astrotalk,astrology,loot,negative_wtp,,india
22357750-2148-4a1f-9f8f-45d0616b146b,Astrotalk,astrology,scam,negative_wtp,,india
e5e1f34d-292d-42b0-b83a-0380a6b2cfcb,Astrotalk,astrology,Scam,negative_wtp,,india
e5e1f34d-292d-42b0-b83a-0380a6b2cfcb,Astrotalk,astrology,scam,negative_wtp,,india
8245434a-e8dc-4c70-9a7b-3908c9bf98ce,Astrotalk,astrology,scam,negative_wtp,,india
8245434a-e8dc-4c70-9a7b-3908c9bf98ce,Astrotalk,astrology,scam,negative_wtp,,india
f2147bda-d223-4bde-9dc2-23fcd061793e,Astrotalk,astrology,loot,negative_wtp,,india
2be1f0f9-63be-4c64-9863-4149c6f69d48,Astrotalk,astrology,loot,negative_wtp,,india
38d5cfbb-0307-485b-82c8-8602186ddc4c,Astrotalk,astrology,scam,negative_wtp,,india
38d5cfbb-0307-485b-82c8-8602186ddc4c,Astrotalk,astrology,scam,negative_wtp,,india
8e6ec95c-bdb9-4a75-b972-39985bcfe918,Astrotalk,astrology,loot,negative_wtp,horoscope,india
b03d22ff-8254-49d0-96cb-a8072e5b263c,Astrotalk,astrology,waste of money,negative_wtp,,india
073ab39e-4ac3-4fd0-9a71-a95ef743abb6,Astrotalk,astrology,waste of money,negative_wtp,,india
d081798b-87c6-407b-9c1b-02133705b7d7,Astrotalk,astrology,Scam,negative_wtp,,india
4fdf5d96-6d25-403b-a4cd-bae6351af13c,Astrotalk,astrology,waste of money,negative_wtp,,india
5ec54524-7efb-4b19-ae84-6a1fb87b4da9,Astrotalk,astrology,loot,negative_wtp,,india
e9699001-013d-436c-82a6-770a3c7de423,Astrotalk,astrology,scam,negative_wtp,,india
3b2afb07-0ab2-404c-8957-aa592d8f0ffa,Astrotalk,astrology,scam,negative_wtp,,india
98f58d00-d2af-4893-8d14-3fd54d8555d5,Astrotalk,astrology,scam,negative_wtp,,india
6f24ff9a-309d-4746-86ff-cddb92c1a029,Astrotalk,astrology,SCAM,negative_wtp,,india
02a8e14e-7a7a-4f95-9d25-a7e7300121d9,Astrotalk,astrology,loot,negative_wtp,,india
07f3234e-bd0d-4334-9964-874cb84c79e7,Astrotalk,astrology,waste of money,negative_wtp,,india
6472a69c-f4c8-4aeb-a3c3-1c7bbf42bc58,Astrotalk,astrology,loot,negative_wtp,,india
a056076e-8e51-4661-9640-4b465ac4736e,Astrotalk,astrology,Scam,negative_wtp,,india
13b84045-df12-4d3f-b5f2-88192cff578b,Astrotalk,astrology,Waste of money,negative_wtp,,india
59bd981b-69a6-4936-99b2-4b221b3cd2b1,Astrotalk,astrology,waste of money,negative_wtp,,india
ec5d9e65-e3fa-4bf1-8948-47451a36b87f,Astrotalk,astrology,scam,negative_wtp,,india
86ae3a59-fe53-42c2-b869-de7afa3eb6f7,Astrotalk,astrology,Scam,negative_wtp,,india
234730fd-1144-47ae-bcd8-6adb19b6ed47,Astrotalk,astrology,scam,negative_wtp,,india
1cc79a4d-b545-43ae-b840-ee1f0a8c1cee,Astrotalk,astrology,Loot,negative_wtp,,india
bca4050a-e009-4306-a44e-17da4f9c58a9,Astrotalk,astrology,loot,negative_wtp,,india
f684da86-205b-4eaa-9ed1-2083b585128c,Astrotalk,astrology,Loot,negative_wtp,,india
a586a038-77c4-4ac8-8f58-4e2de6582f4e,Astrotalk,astrology,scam,negative_wtp,,india
3db0123e-8575-47c5-a448-f28d270a3168,Astrotalk,astrology,waste of Money,negative_wtp,,india
3c8b95d7-8349-4ac4-98e7-3678f8fd092c,Astrotalk,astrology,scam,negative_wtp,,india
3c8b95d7-8349-4ac4-98e7-3678f8fd092c,Astrotalk,astrology,scam,negative_wtp,,india
2044f2b4-32f6-45b8-b771-3be9f830104e,Astrotalk,astrology,Too costly,negative_wtp,,india
053cf718-8e5b-4c7d-9509-599a726d3a9f,Astrotalk,astrology,WASTE OF MONEY,negative_wtp,,india
847268e6-416f-4f2e-9086-f50f1fa14840,Astrotalk,astrology,waste of money,negative_wtp,,india
5bc7dc62-ec71-45b1-b1c8-2d1ace93bda0,Astrotalk,astrology,loot,negative_wtp,,india
325b95f6-1842-4b89-861a-ce67377363fb,Astrotalk,astrology,loot,negative_wtp,,india
70ac63ef-0528-44b4-8e8d-6b5f94cfda5f,Astrotalk,astrology,scam,negative_wtp,,india
70ac63ef-0528-44b4-8e8d-6b5f94cfda5f,Astrotalk,astrology,loot,negative_wtp,,india
0232670a-2a47-497d-844f-b52ab9974746,Astrotalk,astrology,loot,negative_wtp,,india
eca798a1-3af8-47dd-98c0-b14f68d6b6ca,Astrotalk,astrology,loot,negative_wtp,,india
e598f8c9-ba8b-460d-830e-1f2a2b82f54a,Astrotalk,astrology,money grab,negative_wtp,,india
b5f9e4b1-d716-4440-8fb6-265c74545f54,Astrotalk,astrology,scam,negative_wtp,,india
3ecdd777-3ee8-41ae-8eed-1f46cb193e11,Astrotalk,astrology,Scam,negative_wtp,,india
12d8116d-8194-4af0-9ee5-84bdc17d9682,Astrotalk,astrology,waste of money,negative_wtp,,india
f29bc8c5-f300-4abb-974a-c202454c26de,Astrotalk,astrology,waste of money,negative_wtp,,india
657d7373-d806-4e11-b6fd-ace37e54cd5a,Astrotalk,astrology,loot,negative_wtp,,india
c5df4267-db03-4f1e-88c4-f7aa71bc0d62,Astrotalk,astrology,Value for money,positive_wtp,,india
1e8ecc14-6cf3-4deb-a83f-2cd437885c9b,Astrotalk,astrology,scam,negative_wtp,,india
b858b2f8-2ec2-45f8-b3b7-8965941a8a4d,Astrotalk,astrology,paisa barbaad,negative_wtp,,india
59d258b6-cfd5-4f4d-b84d-999c52d26e83,Astrotalk,astrology,Not worth,negative_wtp,,india
e668981d-5a1d-43c7-992f-7f3a893aa4ea,Astrotalk,astrology,scam,negative_wtp,,india
12001442-2fc2-402f-a5ab-1fe0f46c0036,Astrotalk,astrology,loot,negative_wtp,,india
df1930c0-2797-47eb-b47d-b5f48c2d3d66,Astrotalk,astrology,waste of money,negative_wtp,,india
df1930c0-2797-47eb-b47d-b5f48c2d3d66,Astrotalk,astrology,waste of money,negative_wtp,,india
f371ea1e-b839-4ebe-ac61-b5e06a86d039,Astrotalk,astrology,scam,negative_wtp,,india
c65e1b7b-b1a8-4d2c-aa9f-8c23fa1cd53c,Astrotalk,astrology,scam,negative_wtp,,india
ff0c7e9c-d75b-4e3d-9bf2-a4d7c5e8d443,Astrotalk,astrology,waste of money,negative_wtp,,india
823739b4-f8e2-481a-9a56-f236531c43fe,Astrotalk,astrology,scam,negative_wtp,,india
823739b4-f8e2-481a-9a56-f236531c43fe,Astrotalk,astrology,scam,negative_wtp,,india
e5d7ec92-4f0f-480b-8859-83ec0b552c8a,Astrotalk,astrology,could pay,conditional_wtp,tarot,india
51313664-3a6d-4b99-86da-f5a19e54c7bb,Astrotalk,astrology,scam,negative_wtp,kundli,india
2ffe60e3-6857-4038-b865-9e47f04a7791,Astrotalk,astrology,loot,negative_wtp,,india
2ffe60e3-6857-4038-b865-9e47f04a7791,Astrotalk,astrology,loot,negative_wtp,,india
099264c9-b145-4efb-ab0a-15059bd60fe7,Astrotalk,astrology,not worth,negative_wtp,,india
3525e8e3-1778-4ede-b2b0-7f40ecbc7230,Astrotalk,astrology,waste of money,negative_wtp,,india
a2551524-1b1f-44fa-85d6-f3310ddfcc22,Astrotalk,astrology,scam,negative_wtp,,india
c93ba049-dd87-4c8e-aed5-e16bb2411131,Astrotalk,astrology,loot,negative_wtp,,india
5e37b5f6-6f59-4c1b-bfe3-e794c0b7c2ca,Astrotalk,astrology,loot,negative_wtp,,india
4f5b0279-34cb-45d2-a542-63b5aeb1a8af,Astrotalk,astrology,Loot,negative_wtp,,india
194452e3-1840-43a1-bfa3-b14e5306ebdc,Astrotalk,astrology,not worth,negative_wtp,,india
ad24a08c-d9cb-4db6-b194-418ba3e05286,Astrotalk,astrology,waste of money,negative_wtp,,india
f1a16d4f-1c0d-477a-8e55-2a150cd77c87,Astrotalk,astrology,scam,negative_wtp,,india
47fa4e51-9f4d-4d4d-a6d8-1bdfaf9265f4,Astrotalk,astrology,Waste of money,negative_wtp,,india
907872fc-c9d3-4723-a9aa-d65364381a97,Astrotalk,astrology,loot,negative_wtp,,india
fbe72f30-1fea-47e7-b599-b0408f9fa047,Astrotalk,astrology,scam,negative_wtp,,india
52240ef5-1046-4d49-905f-b5664e8c36da,Astrotalk,astrology,value for money,positive_wtp,,india
1f73d211-ed14-48b9-8a5d-780418c34909,Astrotalk,astrology,scam,negative_wtp,,india
eb00ad2b-af8b-491d-ad61-288c815018e3,Astrotalk,astrology,loot,negative_wtp,,india
6b9e23ad-0fa9-43e2-8883-83797df30070,Astrotalk,astrology,scam,negative_wtp,,india
ab710f4c-8bc8-4590-88b9-7384f54bd544,Astrotalk,astrology,waste of money,negative_wtp,,india
0bc2915c-ff7c-401e-93ba-6ad2cfa92626,Astrotalk,astrology,Scam,negative_wtp,,india
e1ab1060-76b4-466d-a623-e6a3bcfbbdd0,Astrotalk,astrology,would pay,positive_wtp,,india
d6d1e263-2691-49c6-8cd5-1afa70ee996d,Astrotalk,astrology,loot,negative_wtp,,india
097d9add-99c8-495a-ba36-f5d4cb41b29d,Astrotalk,astrology,loot,negative_wtp,,india
af159f3a-d15a-45fb-9e5d-609ee32826f9,Astrotalk,astrology,rip off,negative_wtp,,india
9c6d9aee-deed-4364-90ab-5ba7aec440f0,Astrotalk,astrology,Too costly,negative_wtp,,india
6a5ea253-81ca-4202-816f-a16627249d31,Astrotalk,astrology,scam,negative_wtp,,india
03d023e0-6063-4fbd-8007-9f886b91cf09,Astrotalk,astrology,scam,negative_wtp,,india
7457c616-24ed-4b07-b2b6-987d3cd23492,Astrotalk,astrology,scam,negative_wtp,,india
7457c616-24ed-4b07-b2b6-987d3cd23492,Astrotalk,astrology,loot,negative_wtp,,india
73d2dffb-2703-485f-8865-ca2a5b1d3527,Astrotalk,astrology,Scam,negative_wtp,,india
65d9d5a8-a0c2-4203-81e4-3ea4ab938476,Astrotalk,astrology,reasonable price,positive_wtp,,india
207be359-5211-4d15-9074-eb6ac1812cd4,Astrotalk,astrology,loot,negative_wtp,,india
61e06457-1bbb-41c8-9af1-0d79065e4b20,Astrotalk,astrology,Waste of money,negative_wtp,,india
9aa0a241-73b2-4ca8-a461-b368eeff2c8d,Astrotalk,astrology,scam,negative_wtp,,india
8bbf64b0-0b05-426b-a44f-1c6c31cd6ca1,Astrotalk,astrology,scam,negative_wtp,,india
4e357f1d-87cf-4fe3-a903-3bb7e4852cdd,Astrotalk,astrology,loot,negative_wtp,,india
0653bcf3-45e5-43e5-86d7-af060eae8724,Astrotalk,astrology,loot,negative_wtp,,india
efba836e-7c1f-4dcc-a50b-9587722e4a12,Astrotalk,astrology,loot,negative_wtp,,india
b1d4c3d2-a96d-4300-8806-19100e6a4426,Astrotalk,astrology,worth every penny,positive_wtp,,india
849fd199-6197-4554-9b1b-81e79ccc0751,Astrotalk,astrology,Waste of money,negative_wtp,,india
8325b90d-a419-4d97-8247-9af7961389e5,Astrotalk,astrology,waste of money,negative_wtp,,india
1b38a680-1daf-478b-ac58-5247be3576b7,Astrotalk,astrology,loot,negative_wtp,,india
d8dad0c6-65c1-4b5b-a04b-0e1f1a7526c1,Astrotalk,astrology,scam,negative_wtp,,india
4032cc52-ab48-4604-984b-be17057d8831,Astrotalk,astrology,Not worth,negative_wtp,,india
b4555fef-87f6-4520-ba51-7654397edcfa,Astrotalk,astrology,scam,negative_wtp,,india
b99d32fc-196b-4748-9fcb-d8ae5addb585,Astrotalk,astrology,loot,negative_wtp,,india
fb5bc199-4f72-419b-8620-d281ee439b82,Astrotalk,astrology,scam,negative_wtp,,india
8937494f-8869-4231-901f-f92df12d8990,Astrotalk,astrology,loot,negative_wtp,,india
0c2a59f6-891e-45a6-89af-1746e626e44a,Astrotalk,astrology,scam,negative_wtp,,india
c8a826dd-3b23-4661-8230-7555a838a2e7,Astrotalk,astrology,loot,negative_wtp,,india
9a09dc52-7187-4046-ac82-bd591d8e22df,Astrotalk,astrology,waste of money,negative_wtp,,india
3893e997-d50a-459c-b8fc-430a7b209346,Astrotalk,astrology,waste of money,negative_wtp,,india
aa867bff-fef9-49e1-b4f2-6153eca3ce1c,Astrotalk,astrology,not worth,negative_wtp,,india
28880808-a20d-42b9-ab5d-b3c83111ab43,Astrotalk,astrology,waste of money,negative_wtp,,india
43f2ab7b-941c-4f74-894e-6c9ef4dc4d4d,Astrotalk,astrology,scam,negative_wtp,,india
bc51e430-ef1e-46a5-83bf-41010612eda9,Astrotalk,astrology,loot,negative_wtp,,india
1de0280a-c446-419d-a1e9-955801067405,Astrotalk,astrology,loot,negative_wtp,,india
d8a7e6bc-0f37-4047-b995-0ee5dacdafe8,Astrotalk,astrology,scam,negative_wtp,,india
3b8a2053-135b-49ae-9581-11a2b532cb9c,Astrotalk,astrology,loot,negative_wtp,,india
2ac62ebf-3dec-46b8-9991-5a6a25f586f0,Astrotalk,astrology,waste of money,negative_wtp,,india
1a1f4689-e23d-47bd-bf7b-722c5b97cc8e,Astrotalk,astrology,loot,negative_wtp,,india
a3c172d7-55e7-41d5-b5db-f7f0a4ec90d4,Astrotalk,astrology,loot,negative_wtp,,india
7f479224-dbcd-4c76-84b2-e5ab34bf8793,Astrotalk,astrology,loot,negative_wtp,,india
7bd557a8-f685-4bed-9aee-b5be40e1c30d,Astrotalk,astrology,loot,negative_wtp,,india
62c8a402-b3ea-418d-9d9c-ff82a933a9d4,Astrotalk,astrology,waste of money,negative_wtp,,india
cb6047e2-3684-48cd-af33-d7e6ca2899d2,Astrotalk,astrology,LOOT,negative_wtp,,india
cdd550ae-96e2-4042-b56a-fe5e48c448b6,Astrotalk,astrology,loot,negative_wtp,,india
b6a4ab37-1aa2-42ce-ad72-b48dbc78dc86,Astrotalk,astrology,waste of money,negative_wtp,,india
04f92d0a-b033-4f65-89c8-4b793639d519,Astrotalk,astrology,scam,negative_wtp,,india
fc645daa-761d-4c98-9d32-7f69e4c36850,Astrotalk,astrology,Scam,negative_wtp,,india
e8907f84-77ce-408e-9261-758f7ead2795,Astrotalk,astrology,loot,negative_wtp,,india
197d960e-4cbd-45f8-b84a-0bb6caab7e3c,Astrotalk,astrology,reasonable price,positive_wtp,,india
2e46c0a6-0ba0-4034-b369-abef2af41fa4,Astrotalk,astrology,scam,negative_wtp,,india
34857054-1002-4c04-960d-e439e033fdcb,Astrotalk,astrology,waste of money,negative_wtp,,india
e8ad7a3f-5100-43ec-b55f-4ab84e4d8261,Astrotalk,astrology,scam,negative_wtp,,india
8a28efdb-c949-4d63-bbf1-03d4b2f6fdb8,Astrotalk,astrology,Waste of money,negative_wtp,,india
da5e0bfd-a1d3-4e97-9795-0706cba30fc0,Astrotalk,astrology,Scam,negative_wtp,,india
5bb834fe-7be7-4117-b890-3dcaa3ab799e,Astrotalk,astrology,loot,negative_wtp,,india
eea5006e-bb9f-4185-ac5c-32b7394f62f6,Astrotalk,astrology,overpriced,negative_wtp,,india
e3ffc24e-0c0e-4ffc-9377-0a53a7a329bb,Astrotalk,astrology,scam,negative_wtp,,india
4b66f24d-d68c-4c2d-adf3-3339137807db,Astrotalk,astrology,waste of money,negative_wtp,,india
58f9e4e3-2c49-44b8-a6cb-289c762d7980,Astrotalk,astrology,worth every penny,positive_wtp,,india
bc2772be-e368-49c4-a5dc-1f86d869611a,Astrotalk,astrology,loot,negative_wtp,,india
4692cbde-0489-4ec3-b5d7-23f29c3a6827,Astrotalk,astrology,waste of money,negative_wtp,,india
def92168-f03a-40ac-87fd-42de218abf1e,Astrotalk,astrology,scam,negative_wtp,,india
b0a4b8a0-f303-40a3-99b6-2eb08e9b4650,Astrotalk,astrology,Value for money,positive_wtp,,india
1c4aee7a-a39b-4ec3-83b4-aedb62677c25,Astrotalk,astrology,scam,negative_wtp,,india
6c5bd420-dd09-4422-943d-663f40d56606,Astrotalk,astrology,scam,negative_wtp,tarot,india
d70e56ce-a171-4e50-bdd1-f46286165978,Astrotalk,astrology,Waste of money,negative_wtp,,india
bbb5d918-e1f4-411c-b8e9-7c42af66070b,Astrotalk,astrology,loot,negative_wtp,,india
1c33e478-4605-4a7b-85ed-a4c856716eb9,Astrotalk,astrology,waste of money,negative_wtp,,india
2c099df1-95aa-48be-88de-bd182dad0405,Astrotalk,astrology,scam,negative_wtp,,india
ca07b500-8707-488c-b7f1-1b2d588d0a45,Astrotalk,astrology,waste of money,negative_wtp,,india
efd44ee5-f4cb-41ed-8b23-58cd3d7dfa59,Astrotalk,astrology,scam,negative_wtp,,india
8fbb2849-818c-4163-88ca-7c8d2f403ef6,Astrotalk,astrology,waste of money,negative_wtp,,india
e1939ae4-1496-49ea-a1a5-167e05e7a043,Astrotalk,astrology,scam,negative_wtp,,india
8d418c0e-7d7a-4ff4-b414-edba28e2574a,Astrotalk,astrology,scam,negative_wtp,,india
c3190b8a-cd34-4290-992e-2cdb7b68becc,Astrotalk,astrology,loot,negative_wtp,,india
c3190b8a-cd34-4290-992e-2cdb7b68becc,Astrotalk,astrology,loot,negative_wtp,,india
c3190b8a-cd34-4290-992e-2cdb7b68becc,Astrotalk,astrology,loot,negative_wtp,,india
a0301d20-aecf-4229-8cd9-d01550e80dc8,Astrotalk,astrology,Not worth,negative_wtp,,india
8a69ad2d-11ec-4282-8730-04b40f6d81f1,Astrotalk,astrology,loot,negative_wtp,remedies,india
04e70616-af5b-408c-afc4-180d00a97303,Astrotalk,astrology,Waste of money,negative_wtp,,india
f5cb2a39-b060-4901-a02e-feb021d10e0c,Astrotalk,astrology,scam,negative_wtp,,india
4517ffeb-ac3f-44ad-8eb4-19ea7d43feb0,Astrotalk,astrology,loot,negative_wtp,,india
366a1a2a-f113-428a-92f9-682c275294de,Astrotalk,astrology,loot,negative_wtp,,india
f9021926-d56b-4dff-a65f-f94bf1e59b3d,Astrotalk,astrology,scam,negative_wtp,,india
90d77b83-4080-47a3-a13e-37d144d3aaaa,Astrotalk,astrology,Waste of money,negative_wtp,,india
4c6892f3-7e9b-4e55-97d7-0132754387a8,Astrotalk,astrology,scam,negative_wtp,gemstone,india
4c6892f3-7e9b-4e55-97d7-0132754387a8,Astrotalk,astrology,scam,negative_wtp,gemstone,india
4c6892f3-7e9b-4e55-97d7-0132754387a8,Astrotalk,astrology,SCAM,negative_wtp,gemstone,india
f6f97696-e2b6-43b6-8d81-a761a7353530,Astrotalk,astrology,waste of money,negative_wtp,,india
d976cd33-71f5-4b71-b70a-115b24b28bf8,Astrotalk,astrology,too costly,negative_wtp,,india
2b61bc7c-24d6-420e-ac75-a069f5852e02,Astrotalk,astrology,scam,negative_wtp,,india
c4c0fea0-5982-4665-b4f4-d728d2f37e14,Astrotalk,astrology,scam,negative_wtp,kundli,india
84007403-9a56-4364-9877-4747f785389d,Astrotalk,astrology,waste of money,negative_wtp,,india
67ef58f3-269a-4ee1-8109-8273d5e2b362,Astrotalk,astrology,Loot,negative_wtp,,india
c126a274-8a00-4eb2-863c-66a63c85af69,Astrotalk,astrology,Loot,negative_wtp,,india
c6af9009-feca-4648-8643-07983a20cb79,Astrotalk,astrology,scam,negative_wtp,,india
e84d90ac-cc32-41ed-aa92-d03c6c66495f,Astrotalk,astrology,Waste of money,negative_wtp,,india
892f49c3-c1f7-429f-a4e7-7e8548c7af2d,Astrotalk,astrology,loot,negative_wtp,,india
d3433341-4870-431c-ba4e-e9cf1ca01f62,Astrotalk,astrology,not worth,negative_wtp,kundli,india
5a9ac046-6965-417f-b3ae-4c6106d9d1f1,Astrotalk,astrology,waste of money,negative_wtp,,india
825794fc-f176-4af6-9d30-14508e5f632d,Astrotalk,astrology,worth the money,positive_wtp,,india
3605cbde-796c-4980-8b30-0dfd5761f217,Astrotalk,astrology,Waste of money,negative_wtp,,india
8dd582f1-ee1e-4961-b5ce-eb5d27a248b4,Astrotalk,astrology,Waste of money,negative_wtp,,india
36661429-77dc-4b7e-9435-9c7aea6dcbc8,Astrotalk,astrology,Overpriced,negative_wtp,,india
d116b690-a568-4380-bb5c-d8a3a3e0c360,Astrotalk,astrology,value for money,positive_wtp,,india
8cf3089a-9428-4832-a685-1f51811bde26,Astrotalk,astrology,waste of money,negative_wtp,,india
c6253dc8-420b-4c03-a5c9-2bc86eee62b1,Astrotalk,astrology,worth paying,positive_wtp,,india
09bace5b-b956-4566-ac76-2e9737a1c7e7,Astrotalk,astrology,Not worth,negative_wtp,,india
f7cf746d-30fc-47b5-bfb7-03da14c4eace,Astrotalk,astrology,scam,negative_wtp,,india
7286e82b-bf72-4078-bf4d-d2354e662f60,Astrotalk,astrology,loot,negative_wtp,,india
6b478654-3827-42ed-806c-8f64971fefd5,Astrotalk,astrology,reasonable price,positive_wtp,gemstone,india
d5d19ced-99b0-4385-b3f8-48af9e22b544,Astrotalk,astrology,waste of money,negative_wtp,,india
d0c5ff02-4722-472b-b7b4-7d1f9b4debaa,Astrotalk,astrology,loot,negative_wtp,,india
bea08160-563c-4bc6-ae89-1d09d1a2ff4b,Astrotalk,astrology,scam,negative_wtp,,india
bea08160-563c-4bc6-ae89-1d09d1a2ff4b,Astrotalk,astrology,scam,negative_wtp,,india
8c4c3bbc-e078-4873-8880-1a869a4a01dc,Astrotalk,astrology,scam,negative_wtp,,india
a025909c-77a8-4cbb-95a2-d527b18033a9,Astrotalk,astrology,worth the money,positive_wtp,,india
505b965c-8dde-4e67-a4db-d58be0b03445,Astrotalk,astrology,loot,negative_wtp,,india
0d4060dc-1982-4e4c-a08f-082f54d7b98f,Astrotalk,astrology,loot,negative_wtp,,india
796f0fd0-22c1-41b1-be21-1bdb54c903e7,Astrotalk,astrology,worth the money,positive_wtp,,india
b8008067-d113-4205-8577-c1e7e21a6304,Astrotalk,astrology,Too costly,negative_wtp,,india
42f45fc7-b548-4b74-874b-fd68f452a44f,Astrotalk,astrology,worth every penny,positive_wtp,,india
182b1e81-7537-40a1-a232-bf56cbed4c2c,Astrotalk,astrology,scam,negative_wtp,,india
8864099a-4822-4c78-b376-c666647daff5,Astrotalk,astrology,scam,negative_wtp,,india
404c4727-99cb-48df-8b22-28534d793a64,Astrotalk,astrology,not worth,negative_wtp,,india
938bb589-258b-4d04-ba75-c058c369f7ba,Astrotalk,astrology,loot,negative_wtp,,india
cc5150b8-d159-43e0-b1e4-47c8866e1eef,Astrotalk,astrology,Worth the money,positive_wtp,,india
a39b090f-c6ce-4eb4-9c73-607a76f57796,Astrotalk,astrology,scam,negative_wtp,,india
1186ac13-63f8-443d-b332-62fc44a1553e,Astrotalk,astrology,Good value,positive_wtp,,india
687899d1-ebeb-42e7-ad27-16247106f26a,Astrotalk,astrology,scam,negative_wtp,,india
d9cbe04a-c948-4a4d-b2b1-658e03dd88ab,Astrotalk,astrology,waste of money,negative_wtp,,india
2f4a06d3-6363-42a0-a7c4-227354690507,Astrotalk,astrology,worth the money,positive_wtp,,india
5e2f031e-7c86-47b0-85f7-50cc20dd8ae5,Astrotalk,astrology,loot,negative_wtp,,india
13598163-90b6-4cce-a62b-a2925e080d0b,Astrotalk,astrology,Worth the money,positive_wtp,,india
13598163-90b6-4cce-a62b-a2925e080d0b,Astrotalk,astrology,worth every penny,positive_wtp,,india
6fa67b78-2983-4330-b3f4-5542371780bc,Astrotalk,astrology,Value for money,positive_wtp,,india
6fa67b78-2983-4330-b3f4-5542371780bc,Astrotalk,astrology,value for money,positive_wtp,,india
1af985bf-c988-4b82-9b79-d2d8ff681ce6,Astrotalk,astrology,too expensive,negative_wtp,,india
e126cd70-093e-49bd-99ca-91854650b263,Astrotalk,astrology,scam,negative_wtp,,india
21a0b72b-68d9-46e4-b032-c59496cd4af6,Astrotalk,astrology,value for money,positive_wtp,,india
a097a66a-826c-43be-87e0-4f72d607db1c,Astrotalk,astrology,worth every penny,positive_wtp,,india
a7c49ac4-2534-4340-a8a2-33f9379fc21e,Astrotalk,astrology,loot,negative_wtp,,india
2ec183ce-438d-4b15-9ea6-9e0b78d702e5,Astrotalk,astrology,value for money,positive_wtp,,india
a98007d7-8050-4897-8a4a-dc74660b4ca1,Astrotalk,astrology,reasonable price,positive_wtp,,india
8f4b74a4-56af-477e-bebf-bc6fea5888b0,Astrotalk,astrology,loot,negative_wtp,,india
7b997b6e-5329-4653-8e94-6ff20c5128e2,Astrotalk,astrology,worth the money,positive_wtp,,india
231336cb-200b-4773-8946-1cb5afaf9204,Astrotalk,astrology,worth the money,positive_wtp,,india
2b34702e-0e33-4975-9b3e-691b073e6539,Astrotalk,astrology,waste of money,negative_wtp,,india
0990c2ec-748e-468c-9aa0-065ca4feaf94,Astrotalk,astrology,waste of money,negative_wtp,,india
195e8af5-5bdb-4186-9746-5abe74f8eacf,Astrotalk,astrology,Reasonable price,positive_wtp,gemstone,india
c6b9790e-1aff-4e1c-90cd-5b837487195c,Astrotalk,astrology,Reasonable price,positive_wtp,gemstone,india
ad9810d3-e6ca-4fc8-9d94-5d026efad48d,Astrotalk,astrology,scam,negative_wtp,,india
80e33630-1bc5-4b2c-921f-db048c1738e5,Astrotalk,astrology,Not worth,negative_wtp,,india
a9566bf6-7cb4-4356-a4de-ca1774c60971,Astrotalk,astrology,loot,negative_wtp,,india
92a06cb7-ee31-4054-b5cf-9e3d70bacb99,Astrotalk,astrology,reasonable price,positive_wtp,,india
d396a11c-ff88-4a14-8ceb-ec7955e8a3d3,Astrotalk,astrology,scam,negative_wtp,,india
2b5aeda2-05bd-4b5d-a994-643cc3611482,Astrotalk,astrology,reasonable price,positive_wtp,,india
7095bbe8-51eb-41ab-9e2c-f3ad8fb6df72,Astrotalk,astrology,too costly,negative_wtp,,india
d6e85501-e206-4a39-9749-8f598aa495dc,Astrotalk,astrology,Waste of money,negative_wtp,,india
51ca664e-6001-416c-92a9-99c4cef143e0,Astrotalk,astrology,scam,negative_wtp,,india
7bdeefd0-da79-412a-84aa-bd485d4354b1,Astrotalk,astrology,waste of money,negative_wtp,,india
f3f39e7a-717b-4c58-9061-ea5ce985aa52,Astrotalk,astrology,waste of money,negative_wtp,,india
4002851f-b77e-4d88-8c0a-3a72e06240a9,Astrotalk,astrology,reasonable price,positive_wtp,,india
4f957303-1e6a-400e-8eb7-d1b009206afc,Astrotalk,astrology,too expensive,negative_wtp,,india
75e4c023-9388-4612-b83a-c871caa6db48,Astrotalk,astrology,scam,negative_wtp,,india
75e4c023-9388-4612-b83a-c871caa6db48,Astrotalk,astrology,loot,negative_wtp,,india
51c90d57-6a9b-4e85-95ba-56704d28ec64,Astrotalk,astrology,not worth,negative_wtp,,india
8691d38c-81cf-4a48-93c7-607efb0e8406,Astrotalk,astrology,loot,negative_wtp,,india
bcdfc89e-13a0-4c56-9c56-7ae7041f64fe,Astrotalk,astrology,waste of money,negative_wtp,,india
abbfa96d-edb8-4665-89d7-cb184ef89e39,Astrotalk,astrology,loot,negative_wtp,,india
f2df3dab-aaf1-4776-9d8f-75c4af86809f,Astrotalk,astrology,value for money,positive_wtp,,india
6c437f52-22ec-4576-82ff-6afdb3d0a9f9,Astrotalk,astrology,Not worth,negative_wtp,,india
03ff0399-8ece-4303-a093-ba41f4da97ee,Astrotalk,astrology,Scam,negative_wtp,,india
03ff0399-8ece-4303-a093-ba41f4da97ee,Astrotalk,astrology,scam,negative_wtp,,india
9ac4ccf2-d45d-434f-8d95-b8ce61e4c99e,Astrotalk,astrology,Worth every penny,positive_wtp,,india
4549746f-a8bf-4c52-9905-0c9c9831fd32,Astrotalk,astrology,If the price,conditional_wtp,,india
07c6b367-0c32-4ea1-aa50-1ed05cd14c25,Astrotalk,astrology,Waste of money,negative_wtp,,india
b9bc8de3-e465-4bbf-9b25-2bcd89f7e894,Astrotalk,astrology,scam,negative_wtp,,india
0d37f8d1-b246-4c00-ac15-3c7249b4e377,Astrotalk,astrology,waste of money,negative_wtp,,india
96b75449-28ca-47b4-88f0-9d9232eb24d4,Astrotalk,astrology,reasonable price,positive_wtp,,india
dc9c39f8-45ca-43c9-84d8-25d128e05771,Astrotalk,astrology,reasonable price,positive_wtp,,india
04d2abda-2dff-4208-afae-748e600dce49,Astrotalk,astrology,NOT WORTH,negative_wtp,,india
b9125383-4eba-4cb8-aa60-4126dbf48e6e,Astrotalk,astrology,scam,negative_wtp,,india
f2457d4c-9d06-4e67-bb56-7fbd8fea56c5,Astrotalk,astrology,Too expensive,negative_wtp,,india
f2457d4c-9d06-4e67-bb56-7fbd8fea56c5,Astrotalk,astrology,Not worth,negative_wtp,,india
ec845d70-f97d-453f-ac20-96340b3b3798,Astrotalk,astrology,scam,negative_wtp,,india
a5c7b70c-60bb-4354-9ba8-43bd1354ec4f,Astrotalk,astrology,scam,negative_wtp,,india
24503e47-03d2-454b-b75b-a8f21f77b00e,Astrotalk,astrology,Too costly,negative_wtp,,india
85485564-0613-43db-b828-a03e61b4b875,Astrotalk,astrology,SCAM,negative_wtp,,india
6b79d489-2fd6-4ce7-a8b6-875cb71fb807,Astrotalk,astrology,worth the price,positive_wtp,,india
d773c720-a25d-4678-a9a7-fb02776753bd,Astrotalk,astrology,Not worth,negative_wtp,,india
255ed152-df58-4679-b6e1-b87b28b4a219,Astrotalk,astrology,waste of money,negative_wtp,,india
b4bcb162-883b-4fdb-8d2c-e6d5e6d3c178,Astrotalk,astrology,loot,negative_wtp,,india
046d8f9f-361d-49ba-a149-d0d2aeab515e,Astrotalk,astrology,reasonable price,positive_wtp,,india
0b1c231f-8c9b-4729-9a25-f97348b2a5a5,Astrotalk,astrology,scam,negative_wtp,,india
5ed8a0e3-0ae7-46ce-b616-366cc297aa1f,Astrotalk,astrology,scam,negative_wtp,,india
8e33cbc4-4259-4aab-82f6-d869b885d5ea,Astrotalk,astrology,Waste of money,negative_wtp,,india
77459a81-7cfe-4ee2-a927-c829f0e7a7e7,Astrotalk,astrology,too costly,negative_wtp,,india
84cad974-12cf-4e1b-b531-86f73f39497e,Astrotalk,astrology,reasonable price,positive_wtp,,india
76a46947-b610-4dd2-a5da-d71524dec429,Astrotalk,astrology,waste of money,negative_wtp,,india
76a46947-b610-4dd2-a5da-d71524dec429,Astrotalk,astrology,loot,negative_wtp,,india
6ab11bd6-c283-43dd-9bda-9f18545edcc7,Astrotalk,astrology,scam,negative_wtp,,india
d8150e74-2c94-4529-9a13-e988a1a3ab2f,Astrotalk,astrology,scam,negative_wtp,,india
93a1111d-1dc0-45ba-811d-f1eb883b5ebf,Astrotalk,astrology,waste of money,negative_wtp,,india
93a1111d-1dc0-45ba-811d-f1eb883b5ebf,Astrotalk,astrology,scam,negative_wtp,,india
93a1111d-1dc0-45ba-811d-f1eb883b5ebf,Astrotalk,astrology,scam,negative_wtp,,india
d8033528-8876-4f1c-acab-224071ce40b4,Astrotalk,astrology,waste of money,negative_wtp,,india
51d37196-443b-4f2f-8455-b0276b2a1b4e,Astrotalk,astrology,scam,negative_wtp,,india
a4068f0c-341a-4889-9d16-ede43064cbcf,Astrotalk,astrology,scam,negative_wtp,,india
f131df45-513d-4ca1-bbc6-a3aaf69f7eb2,Astrotalk,astrology,Waste of money,negative_wtp,,india
127f382d-3136-4d03-9f96-d04db3a97093,Astrotalk,astrology,not worth,negative_wtp,,india
ccbb85c3-ef20-4cea-96ab-dc1a5b41c1e9,Astrotalk,astrology,Not worth,negative_wtp,,india
72dc16f9-a4c8-40ca-a717-dc193877db85,Astrotalk,astrology,Waste of money,negative_wtp,,india
dc65b4dc-8a79-42ea-ba49-3f4dd4c27720,Astrotalk,astrology,waste of money,negative_wtp,,india
0a6498ea-6f7b-4b6f-acce-1173e3cc59a6,Astrotalk,astrology,scam,negative_wtp,,india
0a6498ea-6f7b-4b6f-acce-1173e3cc59a6,Astrotalk,astrology,scam,negative_wtp,,india
0a6498ea-6f7b-4b6f-acce-1173e3cc59a6,Astrotalk,astrology,scam,negative_wtp,,india
776f4cc0-ef83-4a85-b646-8502061b5917,Astrotalk,astrology,loot,negative_wtp,,india
ea2a23fd-c47f-46b0-98ab-9ed10a147260,Astrotalk,astrology,waste of money,negative_wtp,,india
2575a55b-7194-4062-a687-9ee20874ecc0,Astrotalk,astrology,loot,negative_wtp,,india
0f9e36a0-db77-44cd-a4d9-5b5097003569,Astrotalk,astrology,loot,negative_wtp,,india
21afdbeb-6b82-45a8-925a-858e36de41b6,Astrotalk,astrology,SCAM,negative_wtp,,india
bc43fa35-e6bc-4d3b-84df-ecd83d3b79cb,Astrotalk,astrology,not worth,negative_wtp,,india
fb1cc581-5740-4cb5-9b47-38509f64666b,Astrotalk,astrology,scam,negative_wtp,,india
1a2dc986-7d28-475f-a7ce-c847bc4eb6bd,Astrotalk,astrology,scam,negative_wtp,,india
d57e4238-4e82-4a8b-b1b3-ce32e2ffb3d0,Astrotalk,astrology,scam,negative_wtp,,india
d57e4238-4e82-4a8b-b1b3-ce32e2ffb3d0,Astrotalk,astrology,Scam,negative_wtp,,india
9c849cf2-6f0e-4554-a8e6-b9a6d7c0ad80,Astrotalk,astrology,reasonable price,positive_wtp,,india
557b8170-33ee-4582-bffd-3fa386caed42,Astrotalk,astrology,Worth the money,positive_wtp,,india
91d46b97-ecaf-47cf-86a9-d1321b7419e4,Astrotalk,astrology,Not worth,negative_wtp,,india
10a3fb83-7dfa-4c1f-9164-418f69ec7a8e,Astrotalk,astrology,loot,negative_wtp,,india
582d9809-a5cc-4270-ba2b-e054d34caa5e,Astrotalk,astrology,loot,negative_wtp,,india
370c35dd-c5d6-44db-b725-b91a35d5bdd4,Astrotalk,astrology,not worth,negative_wtp,,india
552bca0c-0019-46bd-bd0d-59cc52b8dede,Astrotalk,astrology,Loot,negative_wtp,,india
552bca0c-0019-46bd-bd0d-59cc52b8dede,Astrotalk,astrology,loot,negative_wtp,,india
552bca0c-0019-46bd-bd0d-59cc52b8dede,Astrotalk,astrology,loot,negative_wtp,,india
eb43ec59-dee6-4e1d-b53a-66fc622b6edb,Astrotalk,astrology,scam,negative_wtp,,india
23e8d79c-f430-410c-94dc-f0d343324c24,Astrotalk,astrology,scam,negative_wtp,,india
1cdee2df-b09f-4e16-9033-54af79b6a285,Astrotalk,astrology,scam,negative_wtp,,india
02c2422b-fcfa-40b5-be02-fe35f9bda944,Astrotalk,astrology,loot,negative_wtp,,india
eb4570e2-4510-4190-bfd8-d55dd7e10747,Astrotalk,astrology,value for money,positive_wtp,,india
6f2cc344-69f0-4df9-a450-1b454535b748,Astrotalk,astrology,value for money,positive_wtp,,india
bd25d3dc-c976-4b33-af00-20ac0b6fdc50,Astrotalk,astrology,reasonable price,positive_wtp,,india
c7d7eaff-1704-41bb-8c06-65c00c7abec5,Astrotalk,astrology,value for money,positive_wtp,,india
8ee1f8c4-31ec-46aa-8522-dc3bb874b508,Astrotalk,astrology,Waste of money,negative_wtp,,india
8fe3bea8-82ba-414e-81f3-37e60f7ceee7,Astrotalk,astrology,value for money,positive_wtp,,india
a3ed9a25-a9bb-431d-bec1-68dbb7480761,Astrotalk,astrology,loot,negative_wtp,,india
3dffa456-95bb-4c90-9416-711a390354c3,Astrotalk,astrology,value for money,positive_wtp,,india
c1ba9ed4-4316-4766-901c-b8eac0441d9e,Astrotalk,astrology,worth paying,positive_wtp,,india
c1ba9ed4-4316-4766-901c-b8eac0441d9e,Astrotalk,astrology,Not worth,negative_wtp,,india
1c666aa9-1767-402a-ab58-23f6fc67c64c,Astrotalk,astrology,value for money,positive_wtp,,india
dc6338ee-4022-4b70-9ac3-9712004622ed,Astrotalk,astrology,value for money,positive_wtp,,india
4f1116a6-8387-40a9-ad53-9646842188a4,Astrotalk,astrology,value for money,positive_wtp,,india
91ff6059-91ba-4374-a03d-13c2dd7bf115,Astrotalk,astrology,value for money,positive_wtp,,india
b02d86ee-1dc1-438d-b26c-9addbfdacae4,Astrotalk,astrology,value for money,positive_wtp,,india
9af594d3-c39b-4a00-9799-ce83c4cca958,Astrotalk,astrology,Value for money,positive_wtp,,india
095b1919-a7eb-4ee1-a982-1da97c54ae3b,Astrotalk,astrology,worth the money,positive_wtp,,india
7fc8dbf3-caa3-48e2-a06f-88478bb582cb,Astrotalk,astrology,Waste of money,negative_wtp,,india
aa4bef63-a57c-4239-a071-c8712ddd039a,Astrotalk,astrology,value for money,positive_wtp,,india
a883d54f-386a-4525-9765-bc99518db43e,Astrotalk,astrology,Value for money,positive_wtp,,india
2b54cf0e-9e29-4178-8ba7-c98733867b1b,Astrotalk,astrology,paisa vasool,positive_wtp,,india
4972341e-c193-4ca5-9025-1dff19cc90ac,Astrotalk,astrology,value for money,positive_wtp,,india
d18fb9d8-5d91-47f2-b168-2388a06934bd,Astrotalk,astrology,value for money,positive_wtp,,india
083c2fc0-9d17-4d53-8692-9cb48ca7aa95,Astrotalk,astrology,Value for money,positive_wtp,,india
3aecba9c-eded-485c-9621-cbc65f615dec,Astrotalk,astrology,Value for money,positive_wtp,,india
cab3020e-0986-4086-b99a-8f6a4923b81a,Astrotalk,astrology,value for money,positive_wtp,,india
e2358b1b-02e9-49ba-8d3a-3245b843f2e2,Astrotalk,astrology,value for money,positive_wtp,,india
907e1daf-4830-40cd-a26d-afcce7a3ce94,Astrotalk,astrology,value for money,positive_wtp,,india
7566b197-c433-4470-ba40-cf7b5ababf85,Astrotalk,astrology,value for money,positive_wtp,,india
90070fe8-185e-4281-9bf9-63518fa267c2,Astrotalk,astrology,value for money,positive_wtp,,india
b4a7f785-7b29-4d6f-97b3-c9fb16139b21,Astrotalk,astrology,value for money,positive_wtp,,india
353ccac1-893f-43ba-ae35-5cc58cf9fc2e,Astrotalk,astrology,value for money,positive_wtp,,india
b98faf7a-7d64-417b-b0c4-3c55e9ebc070,Astrotalk,astrology,value for money,positive_wtp,,india
74d6fdc2-7ad5-4eca-ad34-b3e695084f76,Astrotalk,astrology,value for money,positive_wtp,,india
ee4788c7-02e1-4e7e-89be-ab98ed75f5b3,Astrotalk,astrology,Not worth,negative_wtp,,india
a5b6e76f-c18e-44cb-b9b6-7b2c58259945,Astrotalk,astrology,Waste of money,negative_wtp,,india
09a5c3af-441a-407a-8344-4c13d4b83de9,Astrotalk,astrology,loot,negative_wtp,,india
154af541-482f-4f8d-9dbc-ff4c3285e625,Astrotalk,astrology,loot,negative_wtp,,india
0acb1828-87de-4c5a-8fcc-2ee63879a38e,Astrotalk,astrology,value for money,positive_wtp,,india
1fbda10b-cb91-4899-83b3-5609b0a78e8c,Astrotalk,astrology,not worth,negative_wtp,,india
39e38e07-992b-4fe1-9653-c315d1d883e9,Astrotalk,astrology,worth the money,positive_wtp,,india
47865017-f48d-4f9a-8cd1-a2e1a0aaf2d1,Astrotalk,astrology,Worth the money,positive_wtp,,india
d62e83b5-3574-436e-99f1-eeef09959e89,Astrotalk,astrology,value for money,positive_wtp,,india
c992a108-c19d-4f8f-9e98-a2a9dcb512f3,Astrotalk,astrology,Value for money,positive_wtp,,india
eec07a44-0662-4fb4-aa60-5e18237b088e,Astrotalk,astrology,Value for money,positive_wtp,,india
e00c3d18-744a-4493-89ef-678bee0ae23c,Astrotalk,astrology,value for money,positive_wtp,,india
7f414bb9-4286-4b11-99d0-a4eadd96809a,Astrotalk,astrology,loot,negative_wtp,,india
8fe78034-5683-45a2-843d-df90a6afcd57,Astrotalk,astrology,worth the money,positive_wtp,,india
d2c37491-7778-4296-a7ca-4e3084fcc9be,Astrotalk,astrology,Value for money,positive_wtp,,india
1b3c4e4d-7f1c-43c7-b0f5-d06ddb5a1c38,Astrotalk,astrology,worth the money,positive_wtp,,india
de42ed92-e3aa-416e-875c-9d2e3d2614e4,Astrotalk,astrology,reasonable price,positive_wtp,,india
bc8c5c60-f7af-4367-a439-792b6c1a00cb,Astrotalk,astrology,reasonable price,positive_wtp,,india
261474ff-ff12-4020-bff2-6e229c31f6ca,Astrotalk,astrology,reasonable price,positive_wtp,,india
f6d5cd52-93a9-4d1b-b703-4e13c2496dc2,Astrotalk,astrology,reasonable price,positive_wtp,,india
5dd1f474-6242-4b4f-ab21-b6160034a751,Astrotalk,astrology,Too costly,negative_wtp,,india
78bc4abf-bec4-41a0-8c28-44234ae05b78,Astrotalk,astrology,loot,negative_wtp,,india
39f834bd-dc93-44c1-aef1-95e563cfbcf4,Astrotalk,astrology,reasonable price,positive_wtp,remedies,india
59865e27-3c5d-430a-9c0d-897310304400,Astrotalk,astrology,value for money,positive_wtp,,india
6eb46f92-7d55-46a5-bab5-e0fd381dfaef,Astrotalk,astrology,reasonable price,positive_wtp,,india
c4d9efee-699c-4050-89a0-5043b700eb2e,Astrotalk,astrology,reasonable price,positive_wtp,,india
9de006de-19c9-4e84-b92a-c939c86f38ad,Astrotalk,astrology,loot,negative_wtp,,india
68283163-956f-43eb-a455-a8ad80151b9c,Astrotalk,astrology,scam,negative_wtp,,india
b91566f3-38f5-4732-b10b-375bf3d8778e,Astrotalk,astrology,worth paying,positive_wtp,,india
4f612adc-d95f-428c-a7e8-f6d0b017eb10,Astrotalk,astrology,if the price,conditional_wtp,,india
954e37fb-9ff5-4fa2-ba46-ce7f50c9a349,Astrotalk,astrology,loot,negative_wtp,,india
a5178e4b-6b2b-46e4-914f-060a4d183fc2,Astrotalk,astrology,worth the money,positive_wtp,,india
ef913d52-5f70-457c-b0a2-7ae4565e2ff3,Astrotalk,astrology,worth the money,positive_wtp,,india
b3503134-ef49-4a7b-87e9-2ffadaf22125,Astrotalk,astrology,Worth the money,positive_wtp,,india
904d2b1a-3b06-469f-b3f5-0a1fb489740e,Astrotalk,astrology,Worth the money,positive_wtp,,india
f5896b7b-c1d9-4b7d-ad44-f970a693ad57,Astrotalk,astrology,worth the money,positive_wtp,,india
173ff0cc-4ea8-4996-aa12-484466560797,Astrotalk,astrology,worth the money,positive_wtp,,india
f978cf10-857c-4ed4-95c1-d056cca7d6d7,Astrotalk,astrology,scam,negative_wtp,,india
fb6105bc-8f9d-4726-ac99-c61472f2ee9d,Astrotalk,astrology,worth the money,positive_wtp,,india
5a45d44e-d24e-4df8-a1ca-a226f81eb42e,Astrotalk,astrology,worth the money,positive_wtp,,india
03a6bb85-bf9b-4fa6-bae1-a53565f62b13,Astrotalk,astrology,SCAM,negative_wtp,,india
03a6bb85-bf9b-4fa6-bae1-a53565f62b13,Astrotalk,astrology,scam,negative_wtp,,india
03a6bb85-bf9b-4fa6-bae1-a53565f62b13,Astrotalk,astrology,scam,negative_wtp,,india
03a6bb85-bf9b-4fa6-bae1-a53565f62b13,Astrotalk,astrology,SCAM,negative_wtp,,india
dde8e91a-5d8b-467b-85c5-bfb6f2db0fac,Astrotalk,astrology,worth paying,positive_wtp,,india
e3c8268d-e369-495f-9300-2686845ee8c6,Astrotalk,astrology,loot,negative_wtp,,india
3ff3b5de-cf3a-48b3-b958-df2788c62341,Astrotalk,astrology,Worth the money,positive_wtp,,india
2b0be54f-997b-4219-a231-896a755656c6,Astrotalk,astrology,should be Free,negative_wtp,,india
57c08a8c-bd4c-436f-956a-9414fc9a48e1,Astrotalk,astrology,Worth the money,positive_wtp,,india
c2f7ce33-6f1d-4b0d-a0d8-909ed997e3f3,Astrotalk,astrology,Not worth,negative_wtp,,india
ccc0b8aa-318c-49af-86b9-d06327c37ad9,Astrotalk,astrology,scam,negative_wtp,,india
7bca0dc3-f1da-4034-8ed5-ccf472aa6f48,Co-Star,astrology,worth the price,positive_wtp,,global
d821323d-7eb6-433f-8b9f-85dfab79a3d3,Co-Star,astrology,scam,negative_wtp,,global
79b25c5e-40c6-4c35-a8a6-6d880698c419,Co-Star,astrology,not worth,negative_wtp,,global
db326023-72e5-469b-8f15-7d8e8214f3e0,Co-Star,astrology,not paying,negative_wtp,,global
889695a4-4db0-47a7-91af-652d84048e70,Co-Star,astrology,Not worth,negative_wtp,,global
ea0af943-19de-4416-8aca-98990a7f8f39,Co-Star,astrology,not worth,negative_wtp,horoscope,global
91c359d2-bbd6-4823-8372-422c57ef54b8,Co-Star,astrology,not worth,negative_wtp,,global
6bd2c4c1-1f9e-4d8f-8cb3-e871b3dbc8ce,Co-Star,astrology,rip off,negative_wtp,,global
aa515075-39ad-4a28-8f8b-676ef695bf51,Co-Star,astrology,NOT worth,negative_wtp,,global
9e326f7b-87dd-472c-8ce9-af6449c36c8f,Co-Star,astrology,not worth,negative_wtp,,global
4fb3549d-ad85-4e01-9e7a-327e58a767b0,Co-Star,astrology,subscribed,positive_wtp,,global
a0c8b0e3-1d9d-490a-90a2-9dff191d19f8,Co-Star,astrology,wouldn't pay,negative_wtp,,global
91d6d0a2-a20c-4d27-a959-7d8b3d060c0b,Co-Star,astrology,subscribed,positive_wtp,,global
7babf807-f06a-4851-8cce-8bf84c4b07ec,Co-Star,astrology,subscribed,positive_wtp,,global
48560a66-1514-4c3b-ac48-4dff53323cb1,Co-Star,astrology,worth the price,positive_wtp,horoscope,global
48560a66-1514-4c3b-ac48-4dff53323cb1,Co-Star,astrology,not worth,negative_wtp,horoscope,global
285a8224-7011-45ea-9494-52a2a2efc6d0,Co-Star,astrology,not worth,negative_wtp,,global
285a8224-7011-45ea-9494-52a2a2efc6d0,Co-Star,astrology,scam,negative_wtp,,global
04f2b851-0e10-490d-a454-10785be1501e,Co-Star,astrology,subscribed,positive_wtp,,global
c1f3ba96-98c2-475a-96db-9a3a85b27151,Co-Star,astrology,too expensive,negative_wtp,,global
cf957eae-7e95-48f2-a5ae-87afc9d5bbfb,Co-Star,astrology,not worth,negative_wtp,horoscope,global
346bc101-5b2e-4b31-8712-c4cce5611a00,Co-Star,astrology,subscribed,positive_wtp,,global
4abae7db-065d-4be9-b106-3795f6ffd1ed,Co-Star,astrology,should be free,negative_wtp,,global
f09cfd72-66a6-4b62-9a90-d4a78cfc67a6,Co-Star,astrology,too expensive,negative_wtp,,global
e05889ae-7dd6-49df-9c08-2f7134cc9881,Co-Star,astrology,if it had,conditional_wtp,,global
6f3f6012-68b6-4b35-b3a6-656d131e541a,Co-Star,astrology,subscribed,positive_wtp,,global
8c6ec008-900b-4391-865a-e29ddaa7266b,Co-Star,astrology,Not paying,negative_wtp,,global
f8ae1451-a4c0-4cbd-8c0d-bbbff6a1168c,Co-Star,astrology,worth every penny,positive_wtp,,global
8fb2ba7c-15c7-4bfd-a777-6fc48cbf254f,Co-Star,astrology,Worth every penny,positive_wtp,,global
6afc5af1-faff-4c56-85d4-3c8db1dbb334,Co-Star,astrology,not worth,negative_wtp,,global
6afc5af1-faff-4c56-85d4-3c8db1dbb334,Co-Star,astrology,waste of money,negative_wtp,,global
17da54db-0f80-45e7-a323-4f82ed4fe509,Co-Star,astrology,if it had,conditional_wtp,,global
499c8ddf-1258-4eab-bfc2-a7c3b476b709,Co-Star,astrology,worth paying,positive_wtp,,global
f0420dcc-6746-4550-be44-82bd935453f3,Co-Star,astrology,should be free,negative_wtp,,global
6c1f0bf6-e944-4ebf-82de-74a0c0921964,Co-Star,astrology,not worth,negative_wtp,,global
055294a7-d42b-46fa-844c-e898d33ccf18,Co-Star,astrology,worth paying,positive_wtp,horoscope,global
ef546a2d-e990-4a8f-a3b8-963a07c493be,Co-Star,astrology,scam,negative_wtp,,global
ef546a2d-e990-4a8f-a3b8-963a07c493be,Co-Star,astrology,scam,negative_wtp,,global
efca6beb-bd12-4dff-b02b-b4f6463aa292,Co-Star,astrology,money grab,negative_wtp,,global
603529d0-a7eb-4668-9824-c8176d0a2520,Co-Star,astrology,if it had,conditional_wtp,,global
2f6413a3-d891-4b4b-b79c-3daf666216f5,Co-Star,astrology,rip off,negative_wtp,,global
d43bb5ff-5dd0-44c6-ae05-b99fbf096b15,Co-Star,astrology,loot,negative_wtp,,global
e00b4627-a173-4aab-82db-86f69b2f6f2f,Co-Star,astrology,happy to pay,positive_wtp,,global
30ee76ec-ad25-4630-a4ed-624ef92107c0,Co-Star,astrology,worth subscribing,positive_wtp,,global
30ee76ec-ad25-4630-a4ed-624ef92107c0,Co-Star,astrology,not worth,negative_wtp,,global
df5fdb72-88a9-419a-b2d7-3c2868bd2b23,Co-Star,astrology,too expensive,negative_wtp,,global
b31094ae-afb9-4e45-9df2-afd4d6cd5ef5,Co-Star,astrology,scam,negative_wtp,,global
b20cf3fc-0220-4eb3-a485-a319dac469a0,Co-Star,astrology,scam,negative_wtp,,global
9e8b443e-34ad-4cd2-aeec-f5cef50ca2e1,Co-Star,astrology,on the fence,conditional_wtp,,global
892d298e-a757-40ef-a2ff-2c860dba3f14,Co-Star,astrology,if it had,conditional_wtp,,global
78cbc497-583c-4617-b09c-29fa375c0aa0,Co-Star,astrology,take my money,positive_wtp,,global
c576e207-8c2b-4339-a843-599ab085e243,Co-Star,astrology,scam,negative_wtp,,global
b049e3d2-d586-4326-9828-c8eae0083968,Co-Star,astrology,scam,negative_wtp,,global
6a42c3fb-d46f-4949-8fa4-fe3ca0f5b159,Co-Star,astrology,won't pay,negative_wtp,,global
7dd9d622-df9f-449d-a402-919a8953d7c7,Co-Star,astrology,worth paying,positive_wtp,,global
486ede92-eba1-4ef1-bf37-1013bda52837,Co-Star,astrology,scam,negative_wtp,,global
7514b57d-10b6-454e-af3b-6cd0f6453a39,Co-Star,astrology,should be free,negative_wtp,,global
67317d6e-222c-4a04-8f32-91ff78df4da9,Co-Star,astrology,worth paying,positive_wtp,,global
1a8e449f-4148-47cc-8aa6-310faf09d5d2,Co-Star,astrology,scam,negative_wtp,,global
2f4fbabc-db59-4c48-83f4-1df31b186ecc,Co-Star,astrology,would pay,positive_wtp,,global
749d238f-12f2-486b-b860-a3cf67ecd61d,Co-Star,astrology,worth the price,positive_wtp,,global
749d238f-12f2-486b-b860-a3cf67ecd61d,Co-Star,astrology,not worth,negative_wtp,,global
749d238f-12f2-486b-b860-a3cf67ecd61d,Co-Star,astrology,not worth,negative_wtp,,global
1eafd2bb-3265-4231-b7b8-5e5e6e862b5e,Co-Star,astrology,Not worth,negative_wtp,,global
b0805541-5256-4222-a59c-117e929db1d2,Co-Star,astrology,scam,negative_wtp,,global
f2fd011d-cab8-4716-9e13-b7f6d5a90598,Co-Star,astrology,scam,negative_wtp,,global
138cd254-29c5-4a49-aafb-54180c66e142,Co-Star,astrology,Subscribed,positive_wtp,,global
6d0e4d0c-f417-419e-ac9d-cef2cea6b1c3,Co-Star,astrology,Waste of money,negative_wtp,,global
ebe3d3bf-9afc-4bac-a6ba-fea0dc6d249a,Co-Star,astrology,subscribed,positive_wtp,janam_patri,global
61bba788-854b-460d-b230-f0ff12827aa0,Co-Star,astrology,Scam,negative_wtp,,global
f5f20739-53eb-441d-806f-825676568c6b,Co-Star,astrology,would pay,positive_wtp,,global
0426d65b-71c3-4cdb-9b21-8e501f6d67cb,Co-Star,astrology,on the fence,conditional_wtp,,global
4dfcca96-f13c-414c-9c0c-c75d49189824,Co-Star,astrology,not paying,negative_wtp,,global
39e4e9f6-857b-4bdc-ac0e-9d4b6ab3a0ad,Co-Star,astrology,scam,negative_wtp,,global
c6ea6fd7-c53f-486a-a48d-fcc581e3f840,Co-Star,astrology,scam,negative_wtp,,global
20d34ad6-ddee-4437-8231-2be140ef8776,Co-Star,astrology,rip off,negative_wtp,,global
ce0e054e-ee29-404c-b8ae-75fc6da887b9,Co-Star,astrology,Scam,negative_wtp,,global
ce0e054e-ee29-404c-b8ae-75fc6da887b9,Co-Star,astrology,scam,negative_wtp,,global
ac92e0d8-b28f-458a-9df2-4be7d47b1ddd,Co-Star,astrology,Scam,negative_wtp,,global
c85d8579-c98a-4ecc-b175-35ac1585b5df,Co-Star,astrology,scam,negative_wtp,,global
8a12c674-0fdd-4180-a933-f132a0450511,Co-Star,astrology,scam,negative_wtp,,global
75f0dbfd-8154-4e63-bc6a-8c937ae070a0,Co-Star,astrology,scam,negative_wtp,,global
ef18fcc4-8def-47a7-843e-e3b263d2175c,Co-Star,astrology,waste of money,negative_wtp,,global
243ba38d-f1bd-4951-a489-8bda59d02e28,Co-Star,astrology,would pay,positive_wtp,,global
0474626c-a332-43fe-a22b-4847b598e7cb,Co-Star,astrology,ripoff,negative_wtp,,global
f362335e-39d7-4ec3-b992-b59974c5de30,Co-Star,astrology,if it had,conditional_wtp,,global
394570e8-2f95-4ed9-bf96-cca38e27860a,Co-Star,astrology,NEVER pay,negative_wtp,,global
8639f6ba-3b83-4d25-958d-df279e1e15f1,Co-Star,astrology,scam,negative_wtp,,global
68e24d94-88ee-4ab0-a15a-17ff9024dd50,Co-Star,astrology,not worth,negative_wtp,,global
679fce49-7e71-4a49-a563-628811b797db,Co-Star,astrology,If it had,conditional_wtp,,global
d816bf55-6bff-469e-94a2-c3c672cb6c6d,Co-Star,astrology,not worth,negative_wtp,,global
bff9d5e6-aba6-4c2e-8584-9670df96afe7,Co-Star,astrology,not worth,negative_wtp,,global
9f2c604f-f369-49bb-93f3-50844b540dbb,Co-Star,astrology,Waste of money,negative_wtp,,global
5c026596-9829-4284-84e9-f30a3e911011,Co-Star,astrology,scam,negative_wtp,,global
1444e47a-a2fc-42b9-b787-a237ae0994c4,Co-Star,astrology,scam,negative_wtp,,global
c2ab5ed3-96a8-4491-a541-e67d6f2e95f3,Co-Star,astrology,scam,negative_wtp,,global
9aac1df9-4037-4d20-a9b8-0633284ff515,Co-Star,astrology,Not worth,negative_wtp,,global
1b843f66-fcc4-486a-ad90-70586ed96126,Co-Star,astrology,if it had,conditional_wtp,,global
460517c9-76a1-4169-b2c5-625fd0e870e2,Co-Star,astrology,Not worth,negative_wtp,,global
fee152ed-8420-49b3-8d2b-59ec70ea3c6b,Co-Star,astrology,NOT WORTH,negative_wtp,,global
9a2bdd61-97f8-4f1e-b900-765a52b3d31b,Co-Star,astrology,If they add,conditional_wtp,,global
e44eb2ec-b28d-408c-8383-0a9e9d3b0f5d,Co-Star,astrology,SCAM,negative_wtp,,global
30107a45-69d2-44ca-b7a4-972ca76f88dd,Co-Star,astrology,not worth,negative_wtp,,global
9f926476-e06d-4bdc-8f84-456c1b32a953,Co-Star,astrology,rip off,negative_wtp,,global
9f926476-e06d-4bdc-8f84-456c1b32a953,Co-Star,astrology,rip off,negative_wtp,,global
3b35bc27-e079-4847-8056-1493095b0385,Co-Star,astrology,Not worth,negative_wtp,,global
25a02831-91bf-4360-9d41-c478e6a0d897,Co-Star,astrology,Not worth,negative_wtp,,global
0b79019b-4527-41c5-b677-3852562fba01,Co-Star,astrology,scam,negative_wtp,,global
98ec78b7-018e-455c-95f8-b3dc0cbce44d,Co-Star,astrology,scam,negative_wtp,,global
598da1de-d3a8-4253-8fa5-b35b7287aa57,Co-Star,astrology,scam,negative_wtp,,global
3a773f59-a078-4ac2-88db-b18cb22fffb4,Co-Star,astrology,gladly pay,positive_wtp,,global
3a773f59-a078-4ac2-88db-b18cb22fffb4,Co-Star,astrology,not worth,negative_wtp,,global
099678f0-2d06-491d-876d-7e15dabe9bcf,Co-Star,astrology,scam,negative_wtp,,global
95b1f6c5-7744-45ed-8350-5c75764dc1ba,Co-Star,astrology,if it had,conditional_wtp,,global
186d4779-f318-4293-9280-4e5f631c2f66,Co-Star,astrology,scam,negative_wtp,,global
58de6ff2-da49-409f-b0f3-7289b0903f63,Co-Star,astrology,Not worth,negative_wtp,,global
91054a4b-269a-48a5-8740-f39c45c00411,Co-Star,astrology,Not worth,negative_wtp,,global
1b45315a-8e6e-4e75-bac4-5a0763399368,Co-Star,astrology,scam,negative_wtp,,global
a5fd7cb4-6e12-4a65-8345-27d135bdc2d3,Co-Star,astrology,Rip off,negative_wtp,,global
75b70616-89e4-424d-bea2-92fed7d7f112,Co-Star,astrology,would pay,positive_wtp,,global
85ea0e68-6ad4-4332-9f3c-b892682ea416,Co-Star,astrology,take my money,positive_wtp,,global
fcc7d61b-dc80-4b9b-b590-4e0c20df17ed,The Pattern,astrology,subscribed,positive_wtp,,global
a4a59043-0434-44c6-9178-1a653dfe24ab,The Pattern,astrology,scam,negative_wtp,,global
4c9cfa6b-4d15-457c-9e9d-79199d867a41,The Pattern,astrology,overpriced,negative_wtp,,global
12c6758b-c867-4665-b74d-5568cc4e23b0,The Pattern,astrology,not worth,negative_wtp,,global
b20ec65a-92d1-4b53-8883-b45ea6044396,The Pattern,astrology,not worth,negative_wtp,,global
04ebec5a-e568-49d1-aa85-61547f3a5bc3,The Pattern,astrology,waste of money,negative_wtp,,global
4107c7dc-440f-4dee-8cc3-263ecdd387f8,The Pattern,astrology,would pay,positive_wtp,,global
a7b89cfc-7e07-4013-a870-1cd887e91f01,The Pattern,astrology,too expensive,negative_wtp,,global
16c6287f-ee82-46d7-a841-8e328965c35e,The Pattern,astrology,subscribed,positive_wtp,,global
16c6287f-ee82-46d7-a841-8e328965c35e,The Pattern,astrology,subscribed,positive_wtp,,global
291fbef1-bee4-4719-abb5-4443f46180f2,The Pattern,astrology,NOT WORTH,negative_wtp,,global
298a93bb-fd9f-4115-bc9c-0f3074c9da3a,The Pattern,astrology,scam,negative_wtp,,global
8e8c9d75-90b8-431b-a634-931af3ea515b,The Pattern,astrology,subscribed,positive_wtp,,global
8e8c9d75-90b8-431b-a634-931af3ea515b,The Pattern,astrology,unsubscribed,negative_wtp,,global
419b70f0-bd5d-4b59-8d89-3cc1aa929bfd,The Pattern,astrology,Not worth,negative_wtp,,global
1f8ac770-59ab-4f7d-b582-eb20b5fd77f9,The Pattern,astrology,scam,negative_wtp,,global
fb5c55f5-ebaa-49f9-9e01-38acc0727e29,The Pattern,astrology,too expensive,negative_wtp,,global
fb45c1da-e06f-4b49-9589-2a7c99d4bcde,The Pattern,astrology,too expensive,negative_wtp,,global
372e418b-3a15-4d35-988c-c85309d443f4,The Pattern,astrology,too expensive,negative_wtp,,global
074fdb72-aa22-4392-903b-646358ea2cb9,The Pattern,astrology,would consider paying,conditional_wtp,,global
5a5fb34e-cca1-4a40-bff3-eda013c4061b,The Pattern,astrology,worth paying,positive_wtp,,global
082e247c-8c8b-468e-8947-8507950b28cb,The Pattern,astrology,too expensive,negative_wtp,,global
f29966f1-d50f-4da0-8433-f1e90aacaac6,The Pattern,astrology,overpriced,negative_wtp,,global
79a3991b-5985-412c-81c9-ae758f901009,The Pattern,astrology,scam,negative_wtp,,global
bac817db-1280-4d2d-8cdd-0ccb776b88f5,The Pattern,astrology,Not worth,negative_wtp,,global
50f62301-2ecb-4f7a-b3e4-de939fcfdfd9,The Pattern,astrology,too expensive,negative_wtp,,global
891b87c5-90a6-4e4e-a9b1-cb4604ca2614,The Pattern,astrology,subscribed,positive_wtp,,global
eb3de4d6-2f86-4038-9d1f-103a416b160f,The Pattern,astrology,would pay,positive_wtp,,global
efe7ddea-5f1a-4f69-97b6-38348001324b,The Pattern,astrology,money grab,negative_wtp,,global
bad24860-9853-4cc7-9e8c-e458d4a9689e,The Pattern,astrology,money grab,negative_wtp,,global
84be3479-12c0-410e-9cc6-65b7cc2856d8,The Pattern,astrology,could pay,conditional_wtp,,global
6955dfd5-ef3b-4670-843b-6d791546e107,The Pattern,astrology,worth paying,positive_wtp,,global
6955dfd5-ef3b-4670-843b-6d791546e107,The Pattern,astrology,not worth,negative_wtp,,global
13393a69-9903-4275-af3b-dff5fcba1816,The Pattern,astrology,money grab,negative_wtp,,global
0f6fbfc4-8102-4b1b-aef3-ed15ac1c51c0,The Pattern,astrology,subscribed,positive_wtp,,global
651d6cd1-9230-4e60-ae35-7bff34ad336f,The Pattern,astrology,not worth,negative_wtp,,global
4be088aa-34eb-4862-96e8-348216ecbde8,The Pattern,astrology,would pay,positive_wtp,,global
5941614f-55d9-4d48-a293-1590735788ee,The Pattern,astrology,not worth,negative_wtp,,global
9a017ae6-1d9a-449f-bc6a-231388a10f68,The Pattern,astrology,worth every penny,positive_wtp,,global
a5087b03-6e3c-4d3c-8bbe-8018784ae007,The Pattern,astrology,if they add,conditional_wtp,,global
ffef78f8-2dff-42c2-9089-ba26fd7be166,The Pattern,astrology,worth the money,positive_wtp,,global
ffef78f8-2dff-42c2-9089-ba26fd7be166,The Pattern,astrology,not worth,negative_wtp,,global
d74bc2eb-56ca-47dd-a076-a46382d18ba1,The Pattern,astrology,not worth,negative_wtp,,global
2aa6e6bd-92f4-4de4-8303-7b82a5709f0d,The Pattern,astrology,scam,negative_wtp,,global
34ba2822-264a-4423-9449-ec5d8fbcf3a0,The Pattern,astrology,Not worth,negative_wtp,,global
78812753-3a14-48d0-9d60-83ba4e9ebc06,The Pattern,astrology,scam,negative_wtp,,global
49012ea8-1902-4463-9783-00f55d0ad33d,The Pattern,astrology,could pay,conditional_wtp,,global
49012ea8-1902-4463-9783-00f55d0ad33d,The Pattern,astrology,would subscribe if,conditional_wtp,,global
772d682e-6744-42aa-a6be-cea85f8030d3,The Pattern,astrology,worth every penny,positive_wtp,,global
be38d088-e52e-4afe-b46e-93b755343b97,The Pattern,astrology,Not worth,negative_wtp,,global
df42a3c1-c4a6-4cf7-813c-dd1c47f46429,The Pattern,astrology,worth paying,positive_wtp,,global
df42a3c1-c4a6-4cf7-813c-dd1c47f46429,The Pattern,astrology,worth every penny,positive_wtp,,global
9a8203e4-bc53-4715-8826-039372a713bf,The Pattern,astrology,worth the money,positive_wtp,,global
9a8203e4-bc53-4715-8826-039372a713bf,The Pattern,astrology,not worth,negative_wtp,,global
0ce6d90b-6b5c-4c8d-b3f3-10779a6ddfc5,The Pattern,astrology,not worth,negative_wtp,,global
738fb40f-f7c2-402e-9a00-1166225535d7,The Pattern,astrology,gladly pay,positive_wtp,,global
3a3a0d84-c815-4364-8e05-37561fb6ea17,The Pattern,astrology,subscribed,positive_wtp,,global
a1f12e37-e5d2-4e95-8453-d355fdaf95dd,The Pattern,astrology,not paying,negative_wtp,,global
f9461c58-c7f4-44fa-a356-71c32c944d0a,The Pattern,astrology,not worth,negative_wtp,,global
682f8b0f-0f8a-4c15-86b3-ed4e993fc53c,The Pattern,astrology,too expensive,negative_wtp,,global
682f8b0f-0f8a-4c15-86b3-ed4e993fc53c,The Pattern,astrology,could pay,conditional_wtp,,global
2cbb39f0-99ca-43dd-81d3-1771085fe8f3,The Pattern,astrology,overpriced,negative_wtp,,global
d544f481-2434-4d99-bf67-cbfab6fe3b0a,The Pattern,astrology,scam,negative_wtp,,global
6d073723-2b23-48d1-85a3-32a4d55660d3,The Pattern,astrology,scam,negative_wtp,,global
79d51ee3-0db9-4198-b26b-5b697a3c7c82,The Pattern,astrology,would pay,positive_wtp,,global
890215b6-0138-41a0-b175-92146e6ba3f4,The Pattern,astrology,too expensive,negative_wtp,,global
360741ef-5bf7-4c65-9ed7-daceb81ae81e,The Pattern,astrology,too expensive,negative_wtp,,global
360741ef-5bf7-4c65-9ed7-daceb81ae81e,The Pattern,astrology,not worth,negative_wtp,,global
c8f60099-cbed-45c6-8f95-4e29c40fdd70,The Pattern,astrology,money grab,negative_wtp,,global
b6991bd3-3228-454d-8676-d61f5acc4462,The Pattern,astrology,Not worth,negative_wtp,,global
8d7ecef3-11d0-4210-add1-4ab348972de2,The Pattern,astrology,overpriced,negative_wtp,,global
157c7768-f36b-4237-be31-8a8d96d52ed9,The Pattern,astrology,would pay,positive_wtp,,global
157c7768-f36b-4237-be31-8a8d96d52ed9,The Pattern,astrology,not paying,negative_wtp,,global
174d5579-fc11-49bb-9b55-58dc6b988f76,The Pattern,astrology,Money Grab,negative_wtp,,global
6b7e9db9-2088-4054-95de-c5dcda0fa16a,The Pattern,astrology,not worth,negative_wtp,,global
59ea925c-bb93-4573-807b-4365d982163a,The Pattern,astrology,Not worth,negative_wtp,,global
52987849-cc31-4d67-be9a-7399b15c108b,The Pattern,astrology,not paying,negative_wtp,,global
d73f4c95-37f5-4729-8fb5-5b9ad864bfd9,The Pattern,astrology,scam,negative_wtp,,global
8feaeff0-bcb9-4f4b-836b-260bd353cc37,The Pattern,astrology,should be free,negative_wtp,,global
bbf16d6b-ad75-407e-aac5-e9fa640e64d2,The Pattern,astrology,reasonable price,positive_wtp,,global
17c191c3-cba6-4cf3-94e8-f936d0b0fa69,The Pattern,astrology,reasonable price,positive_wtp,,global
4f9ab73e-98f0-48ed-8fda-bbf70e5bec76,The Pattern,astrology,too expensive,negative_wtp,,global
9d642bde-bd98-463a-81c0-e7bc685de873,The Pattern,astrology,not worth,negative_wtp,,global
58118596-8bf6-42fd-b239-8487e67f7e9a,The Pattern,astrology,Not worth,negative_wtp,,global
58118596-8bf6-42fd-b239-8487e67f7e9a,The Pattern,astrology,money grab,negative_wtp,,global
ed40c9eb-247e-499a-ac34-f68ee408cce9,The Pattern,astrology,too expensive,negative_wtp,,global
93651bb6-d7b2-45db-9e3d-41cd1138b796,The Pattern,astrology,if it had,conditional_wtp,,global
1fdd0ebf-9143-4ba5-8fa9-d8f02eaeaf2e,The Pattern,astrology,scam,negative_wtp,,global
6fb438ef-3eb0-4cd0-8e43-f2459fbc51c2,The Pattern,astrology,would pay,positive_wtp,,global
18e7ad8f-26c0-4e2e-b6ac-2e388e6dfd0b,The Pattern,astrology,WORTH EVERY PENNY,positive_wtp,,global
ba393f92-1dab-46bf-9ff8-e5d7c7de4697,The Pattern,astrology,Not worth,negative_wtp,,global
e9bb832c-b0ee-427e-98ad-3a5e6ff7a08d,The Pattern,astrology,scam,negative_wtp,,global
7698c040-c9b2-44ca-83fd-812933fdb9a8,The Pattern,astrology,if they add,conditional_wtp,,global
5f413dd7-f845-4c22-a749-5066bf57a7c1,The Pattern,astrology,scam,negative_wtp,,global
32e5da83-43b8-452c-8a0b-943bb44b9a87,The Pattern,astrology,not worth,negative_wtp,,global
f01e5f23-0dfc-4276-94c6-4c32b6eca45c,The Pattern,astrology,scam,negative_wtp,,global
71e6a427-eca0-4b8a-9fea-2fc979f490ee,The Pattern,astrology,Not worth,negative_wtp,,global
1d53394f-e170-41ea-ba56-a6dce1180d43,The Pattern,astrology,scam,negative_wtp,,global
d7de221b-6914-49f3-a497-1af267d84486,The Pattern,astrology,Subscribed,positive_wtp,,global
84c26359-e2b7-46e6-a507-e73b81a750e8,The Pattern,astrology,rip off,negative_wtp,,global
1cd83ed0-89dc-40e7-959f-213cd2be0c7c,The Pattern,astrology,subscribed,positive_wtp,,global
72ca67bc-aac0-4507-b5fa-0e5f6bac434d,The Pattern,astrology,Not worth,negative_wtp,,global
46b5f2b9-34ba-4beb-a443-2b8b000210d6,The Pattern,astrology,subscribed,positive_wtp,,global
f58d2ba1-b517-4579-9815-7ee1b928c896,The Pattern,astrology,scam,negative_wtp,,global
d893f293-f098-4a15-a7de-5abd02a34f8c,The Pattern,astrology,Subscribed,positive_wtp,,global
c9d9fe3e-8762-4a22-803c-d96643ca0e26,The Pattern,astrology,scam,negative_wtp,,global
fcbd71bc-55b2-4349-abb6-6bda264d5979,The Pattern,astrology,scam,negative_wtp,,global
46c5f512-6260-482f-8f16-324a092ea416,The Pattern,astrology,scam,negative_wtp,,global
caa3bc9c-aaf9-4a83-b25d-27ee8a79ee96,The Pattern,astrology,scam,negative_wtp,,global
7cf30f40-7fef-482f-8a6e-395aff8eeef7,The Pattern,astrology,scam,negative_wtp,,global
9452348c-96d4-4006-b212-9da9070b09b2,The Pattern,astrology,scam,negative_wtp,,global
07e20c7e-8304-4ae2-b994-50667e0c22ea,The Pattern,astrology,PREMIUM WORTH,positive_wtp,,global
a420310e-842c-4118-8837-d5d3f6ca2185,The Pattern,astrology,scam,negative_wtp,,global
e758afc1-3545-48b1-92e2-cc315c2b5b6e,The Pattern,astrology,not worth,negative_wtp,,global
82d0de12-0d82-4e4f-8b49-d8aed5fb13f0,The Pattern,astrology,Scam,negative_wtp,,global
0803ac95-2f2e-4df2-abc3-e4c9eb07e288,The Pattern,astrology,subscribed,positive_wtp,,global
0803ac95-2f2e-4df2-abc3-e4c9eb07e288,The Pattern,astrology,subscribed,positive_wtp,,global
6a9baf11-0e46-46c6-af5f-3f3a6390e3af,The Pattern,astrology,would Subscribe if,conditional_wtp,,global
d726588c-01e7-4e8b-9531-bed16cba81ee,The Pattern,astrology,scam,negative_wtp,,global
86e8cd4a-8344-4bfe-a5ac-0a25f30b5d1f,The Pattern,astrology,not worth,negative_wtp,,global
3e6bf161-1fd8-4e82-87ec-c5455f94f1cd,The Pattern,astrology,Not worth,negative_wtp,,global
dbdb0bbf-4934-46eb-b426-926a8bb1aae8,The Pattern,astrology,scam,negative_wtp,,global
d2829465-24ff-4991-afaa-ef6f323ad053,The Pattern,astrology,worth every penny,positive_wtp,,global
240cace8-bff7-459b-96cb-cc40b5e978d1,The Pattern,astrology,scam,negative_wtp,,global
4e7efe71-8750-4a88-822a-9d7576d641eb,The Pattern,astrology,scam,negative_wtp,,global
c6522fc5-9b90-4cbf-bf5a-11cc2efd3c81,The Pattern,astrology,subscribed,positive_wtp,,global
fa4604f1-6ddb-4f0a-9ce3-3b55679e7f41,The Pattern,astrology,scam,negative_wtp,,global
6e858418-3402-463b-b8a0-b3c1aff9a55d,The Pattern,astrology,not paying,negative_wtp,,global
429a3343-34b1-4b4a-915e-010684f96cfc,The Pattern,astrology,Too expensive,negative_wtp,,global
a8bd1883-93fb-4341-8efa-70516fde4380,The Pattern,astrology,worth it if,conditional_wtp,,global
9d1abb44-c87e-43db-9ba1-50371320a7d6,The Pattern,astrology,worth paying,positive_wtp,,global
88fa9929-951b-43b5-8058-9c2b27bf835e,The Pattern,astrology,not paying,negative_wtp,,global
f3d2502a-e37b-473e-80c3-7990d7db45f2,The Pattern,astrology,would pay,positive_wtp,,global
1835ae1b-dd21-44bf-965e-b96dbe52d3a3,The Pattern,astrology,too expensive,negative_wtp,,global
fbd4efef-11b5-4799-94ac-fdc70c7419c5,The Pattern,astrology,reasonable price,positive_wtp,,global
4210bb93-00a4-4875-97af-07343c674021,The Pattern,astrology,not worth,negative_wtp,,global
2e2a8b86-e6f2-4fa7-a1a4-e19c31fe5c82,The Pattern,astrology,scam,negative_wtp,,global
1bab07c6-acf7-4af6-b1a9-4a46be2459ec,The Pattern,astrology,should be free,negative_wtp,,global
ffd78bc7-9226-45fd-a2e8-b3924454ade3,The Pattern,astrology,overpriced,negative_wtp,,global
8507cfd9-66ee-44f5-a4d9-0ea52e3288c3,The Pattern,astrology,would pay,positive_wtp,,global
f3da474c-0270-4b3f-bd1d-f8cfda97812d,The Pattern,astrology,money grab,negative_wtp,,global
2270f5c3-721b-406e-b865-59380f7a630f,The Pattern,astrology,scam,negative_wtp,,global
468769ac-c29d-49f0-b8b5-d497492b4c81,The Pattern,astrology,if it had,conditional_wtp,,global
0e1496ea-28cb-4a2e-85cb-6f5cb79c3268,The Pattern,astrology,overpriced,negative_wtp,,global
a7a7d7d9-fc68-4762-b9bf-d1d8d281d116,The Pattern,astrology,not worth,negative_wtp,,global
5decb227-fa7a-465b-ac43-66d3367f4b35,The Pattern,astrology,too expensive,negative_wtp,,global
9331ffff-c0c2-45dc-b2bf-6e4ff1248b2b,The Pattern,astrology,SCAM,negative_wtp,,global
e477ae37-4b55-45e0-9e65-c0f4f656ddc8,The Pattern,astrology,money grab,negative_wtp,,global
9aa93ce4-1f3e-419d-92be-3e52bc4b7ba8,The Pattern,astrology,if it had,conditional_wtp,,global
f03235bb-ad26-49a3-9c3d-441b8f516c8a,The Pattern,astrology,Scam,negative_wtp,,global
c1df8838-c269-4815-bf3c-9defc5552bf2,The Pattern,astrology,scam,negative_wtp,,global
c1df8838-c269-4815-bf3c-9defc5552bf2,The Pattern,astrology,scam,negative_wtp,,global
c1df8838-c269-4815-bf3c-9defc5552bf2,The Pattern,astrology,scam,negative_wtp,,global
3a868833-fc5c-4017-b84c-6c34819b179e,The Pattern,astrology,on the fence,conditional_wtp,,global
75ba62fb-5783-49f9-bd66-e00143708237,The Pattern,astrology,loot,negative_wtp,,global
abf4c15f-4e2b-41db-b207-ae9896d68227,The Pattern,astrology,scam,negative_wtp,,global
8fce31a8-13b7-451a-99c9-36cd967b7e91,The Pattern,astrology,would pay,positive_wtp,,global
b5b270a0-2051-4e04-bfdc-9d699a316475,The Pattern,astrology,Scam,negative_wtp,,global
d909ea89-08d9-4d8b-b55c-de6ccc8c2758,The Pattern,astrology,if it had,conditional_wtp,,global
8a9c18e5-e5dc-446a-9669-a71baa46f911,The Pattern,astrology,would pay,positive_wtp,,global
7d8d9b12-9c40-4495-a217-483939d2949f,The Pattern,astrology,If they add,conditional_wtp,,global
40edd436-bc3f-4109-b323-a08926ed2f27,The Pattern,astrology,if it had,conditional_wtp,,global
6cbbc5a3-bfe6-4f73-8879-96069c8f25b6,The Pattern,astrology,not worth,negative_wtp,,global
8518c3e2-0fd8-47cd-a7e0-6edd92bc75c5,The Pattern,astrology,take my money,positive_wtp,,global
6fda4c84-ffbd-4ebc-88ab-c1f06ee8dac7,The Pattern,astrology,Not worth,negative_wtp,,global
aed09884-1d1c-420e-a195-16c7769e176d,Kundli Software,astrology,scam,negative_wtp,,india
58e56b66-ef5e-4824-b64f-870e7a46255c,Kundli Software,astrology,scam,negative_wtp,,india
f42b3591-8f61-42f0-8dda-3bd77f2b4272,Kundli Software,astrology,waste of money,negative_wtp,rashi,india
b8cfea50-c32f-458e-8698-9cf27e6d36c8,Kundli Software,astrology,Scam,negative_wtp,,india
30fd1585-f166-4367-9103-22e3c48f5502,Kundli Software,astrology,Waste of money,negative_wtp,,india
5e7ae35d-bcb1-4305-ac6f-c0d4aff9f7b3,Kundli Software,astrology,Scam,negative_wtp,,india
ec3a8882-aff7-48ef-9ce4-2ba55f23a807,Kundli Software,astrology,not worth,negative_wtp,,india
00024e8d-9c5a-4b7c-9c30-9b4fd9d0e075,Kundli Software,astrology,scam,negative_wtp,,india
00024e8d-9c5a-4b7c-9c30-9b4fd9d0e075,Kundli Software,astrology,scam,negative_wtp,,india
00024e8d-9c5a-4b7c-9c30-9b4fd9d0e075,Kundli Software,astrology,scam,negative_wtp,,india
45136d96-c049-47eb-af75-f8c817007735,Kundli Software,astrology,Not worth,negative_wtp,,india
84eaad50-c3a4-4aa0-9564-aa0b35ea6ab0,Kundli Software,astrology,loot,negative_wtp,,india
5ccf3403-834d-48c3-8bbe-c9b86a002e36,Kundli Software,astrology,If the price,conditional_wtp,,india
feba63d1-2869-41af-a7f8-a96e3695cc2b,AstroSage,astrology,scam,negative_wtp,,india
af70c4bf-5f54-4a24-82a4-4a55f0dc766f,AstroSage,astrology,scam,negative_wtp,,india
5ab7ef0e-da87-486e-911a-d5bdd43f12ac,AstroSage,astrology,waste of money,negative_wtp,rashi,india
52a88dd2-49b7-4f1b-aa18-2ae592e733c9,AstroSage,astrology,Scam,negative_wtp,,india
a950cfc1-afb1-4151-bd9b-52d04a83360e,AstroSage,astrology,Waste of money,negative_wtp,,india
fc778f33-fa21-49f6-8051-84618eda1b65,AstroSage,astrology,Scam,negative_wtp,,india
7c7aafff-af09-4b87-882e-f6eeea7f9aef,AstroSage,astrology,not worth,negative_wtp,,india
677d3d87-de49-41ea-8dac-d49c86797bfe,AstroSage,astrology,scam,negative_wtp,,india
677d3d87-de49-41ea-8dac-d49c86797bfe,AstroSage,astrology,scam,negative_wtp,,india
677d3d87-de49-41ea-8dac-d49c86797bfe,AstroSage,astrology,scam,negative_wtp,,india
42ee5c2e-6cde-4758-b98b-8337aa3bb808,AstroSage,astrology,Not worth,negative_wtp,,india
788f94ee-1a3f-49cb-bb42-6e0015c5fe1c,AstroSage,astrology,loot,negative_wtp,,india
edf2e477-911a-4c03-9b64-82b33a64a178,AstroSage,astrology,If the price,conditional_wtp,,india
9b8db933-4d3a-46a3-98fc-5ede98189bed,Jyotish - Vedic Astrology,astrology,subscribed,positive_wtp,,india
dee7ad7b-eb43-4e09-a2d4-a6e57ffc8fbb,Jyotish - Vedic Astrology,astrology,subscribed,positive_wtp,,india
3ef97aae-ea61-411b-9627-853f80a8671d,Jyotish - Vedic Astrology,astrology,subscribed,positive_wtp,dasha,india
803fa6f5-4a33-492d-9770-de655649a325,Jyotish - Vedic Astrology,astrology,subscribed,positive_wtp,,india
051874e0-86ea-4b66-8abe-eb84bf36076f,Jyotish - Vedic Astrology,astrology,Value for money,positive_wtp,,india
a731fcca-d0c3-4a61-8b8a-1913413b20c7,Jyotish - Vedic Astrology,astrology,not worth,negative_wtp,,india
93dbe0bc-8d58-43f0-b7d0-4db40552ced1,Jyotish - Vedic Astrology,astrology,subscribed,positive_wtp,,india
ecbb1619-2177-47f1-a842-be9d5d194c3a,Jyotish - Vedic Astrology,astrology,Subscribed,positive_wtp,,india
de51a81e-498b-48d3-9c04-bd13e7a299df,Jyotish - Vedic Astrology,astrology,gladly pay,positive_wtp,,india
792cb707-5cd0-44c6-862e-9990e500a71c,InstaAstro,astrology,value for money,positive_wtp,,india
72c62b72-52f9-48c7-8a89-ecc159caa220,InstaAstro,astrology,value for money,positive_wtp,,india
10d0f5c7-d62d-46ad-8ced-408a5dac4590,InstaAstro,astrology,value for money,positive_wtp,,india
bc8e57d4-0182-46c7-98bd-55acd8c045fa,InstaAstro,astrology,value for money,positive_wtp,,india
a0b1689a-4b94-47f8-9d2d-980d50e8770e,InstaAstro,astrology,Good value,positive_wtp,,india
a0b1689a-4b94-47f8-9d2d-980d50e8770e,InstaAstro,astrology,value for money,positive_wtp,,india
5c67901a-deaf-4171-8ff2-9cdf57acce37,InstaAstro,astrology,value for money,positive_wtp,,india
81810506-9325-4d7e-986b-e98abc055faa,InstaAstro,astrology,value for money,positive_wtp,,india
ce8722b3-b726-4dee-84b3-7460de5b18a9,InstaAstro,astrology,value for money,positive_wtp,,india
e9773b79-7fc7-420c-b06a-fed3abe69886,InstaAstro,astrology,value for money,positive_wtp,,india
58c0debc-a322-4c7f-9757-67e01abe0ff9,InstaAstro,astrology,WASTE OF MONEY,negative_wtp,,india
e2637cd8-d147-4983-9035-321057ff9d35,InstaAstro,astrology,scam,negative_wtp,,india
44ee2e92-59a7-47b0-8276-6250ec40b5f2,InstaAstro,astrology,loot,negative_wtp,,india
62f6877b-1009-49cf-8a53-e2e44fb237f5,InstaAstro,astrology,value for money,positive_wtp,,india
04119f72-219c-451d-8c8e-e89009b39359,InstaAstro,astrology,value for money,positive_wtp,,india
e4292790-0c25-4266-8e37-2d13c3b8d671,InstaAstro,astrology,loot,negative_wtp,,india
59fd088e-3a81-4aae-8b14-4814f1c0658b,InstaAstro,astrology,value for money,positive_wtp,,india
8391ffa7-d415-4847-9f51-c06cfb66005c,InstaAstro,astrology,loot,negative_wtp,,india
d9cf11d1-e873-43f6-9be2-687715340bc5,InstaAstro,astrology,scam,negative_wtp,,india
d9cf11d1-e873-43f6-9be2-687715340bc5,InstaAstro,astrology,loot,negative_wtp,,india
a0bc85ca-2b29-46e8-8aa2-6bdda606f76d,InstaAstro,astrology,value for money,positive_wtp,,india
e3e568bd-e6c5-4558-9058-068e0affa990,InstaAstro,astrology,value for money,positive_wtp,,india
7878fa38-312f-4899-ad01-567abc533ccf,InstaAstro,astrology,value for money,positive_wtp,,india
abfa8ad8-fc31-49ac-9cef-e37dd1da06c5,InstaAstro,astrology,value for money,positive_wtp,,india
4b412401-f93f-4f2a-b915-9d42259adda4,InstaAstro,astrology,value for money,positive_wtp,,india
cc82dde5-3acc-4312-ac3d-0e3e53c3f3eb,InstaAstro,astrology,value for money,positive_wtp,,india
5ed28ddf-bd92-4d19-9440-3dffd4ccc718,InstaAstro,astrology,value for money,positive_wtp,,india
4006b9ca-0ef4-4a2a-8e01-ae90146fd89e,InstaAstro,astrology,value for money,positive_wtp,,india
6c3f7dc1-9146-480b-995f-1885a2456e49,InstaAstro,astrology,value for money,positive_wtp,,india
90f5b7e2-28f9-44b8-a9f0-9bcd8d3d4e87,InstaAstro,astrology,value for money,positive_wtp,,india
74f03428-39f3-4843-a344-d43226cb6a18,InstaAstro,astrology,value for money,positive_wtp,,india
3855eb72-26ad-46eb-9389-dfe862f1ef37,InstaAstro,astrology,value for money,positive_wtp,,india
3181ef4d-6dd8-4f08-8421-5e7b346aac38,InstaAstro,astrology,value for money,positive_wtp,,india
acafabb3-fbc2-48c4-87a7-8d3aa6ad9644,InstaAstro,astrology,scam,negative_wtp,,india
da3a84aa-0697-481a-b22e-49204bbb9b3a,InstaAstro,astrology,loot,negative_wtp,,india
cdb544c4-ed0b-4f5d-8b2a-395fc6b48b06,InstaAstro,astrology,scam,negative_wtp,,india
c1cc2dc8-2abb-492a-b50e-d4ea32334ca0,InstaAstro,astrology,scam,negative_wtp,,india
75e914e5-1170-4b9a-8bf8-86e80a3d3a98,InstaAstro,astrology,waste of money,negative_wtp,,india
ed4dc473-7814-4e5e-bc34-bf8eb7dd40c7,InstaAstro,astrology,scam,negative_wtp,,india
cf98b58a-9191-4460-abd2-abde2fa16d4d,InstaAstro,astrology,waste of money,negative_wtp,,india
9a0c0d20-9865-468b-998a-d8b421edd201,InstaAstro,astrology,Waste of money,negative_wtp,,india
82f1efcb-86ae-4067-ad7f-45de5f8c5112,InstaAstro,astrology,scam,negative_wtp,,india
bad29c2d-4244-4ef1-ba70-a22dc1eb9946,InstaAstro,astrology,scam,negative_wtp,,india
b89f0ea7-943d-466c-a0f4-e1b67e335830,InstaAstro,astrology,waste of money,negative_wtp,,india
b89f0ea7-943d-466c-a0f4-e1b67e335830,InstaAstro,astrology,waste of money,negative_wtp,,india
fcd4fd86-fa42-41ec-adda-36771d78ddc5,InstaAstro,astrology,too expensive,negative_wtp,,india
2dd4b1f7-b1df-4258-9f83-49d427bf3afa,InstaAstro,astrology,scam,negative_wtp,,india
a39ef070-96ba-43e0-9786-3f387fba658a,InstaAstro,astrology,value for money,positive_wtp,,india
234cd4f8-ccae-4d4e-b19f-3d9192b460e2,InstaAstro,astrology,value for money,positive_wtp,,india
fcd0b12b-c2b7-465d-86d1-749f72a2f277,InstaAstro,astrology,good value,positive_wtp,,india
01624e58-8804-42da-b1d2-eaad2fd30f6c,InstaAstro,astrology,Waste of money,negative_wtp,,india
8e329b00-5bb3-4a40-a644-5fe94f7b3488,InstaAstro,astrology,scam,negative_wtp,,india
bee62156-6ed3-4d50-9984-1a68f3f656e7,InstaAstro,astrology,scam,negative_wtp,,india
d07c4df3-1a80-474d-b502-c9d35e3d2e8f,InstaAstro,astrology,waste of money,negative_wtp,,india
2f54add7-b6b1-49e0-bc8e-0d40b45699cd,InstaAstro,astrology,waste of money,negative_wtp,,india
63054e70-c725-4363-8a24-adfb845abe4a,InstaAstro,astrology,value for money,positive_wtp,,india
58849cbb-e5ff-41af-8f22-eae5f8fae85d,InstaAstro,astrology,scam,negative_wtp,,india
9fe77f1a-847e-40e6-be9a-e28e2f8a7822,InstaAstro,astrology,Waste of money,negative_wtp,,india
cc3c79f2-c312-4618-a616-b583510f4f29,InstaAstro,astrology,value for money,positive_wtp,,india
2d35b4b2-b4d3-4731-8329-73535efb25df,InstaAstro,astrology,loot,negative_wtp,,india
0d6a48fe-631b-42c8-ae82-2da9ca0974be,InstaAstro,astrology,value for money,positive_wtp,,india
3b6fed12-43e4-4c59-88f5-496d9e5c638e,InstaAstro,astrology,value for money,positive_wtp,,india
faab0526-e469-47f1-92e5-cde65a2c3c41,InstaAstro,astrology,value for money,positive_wtp,,india
998b24cd-1980-475d-a85c-bb2953c80017,InstaAstro,astrology,waste of money,negative_wtp,,india
60776e95-01d1-4365-acc1-16fcf90530e0,InstaAstro,astrology,scam,negative_wtp,,india
60776e95-01d1-4365-acc1-16fcf90530e0,InstaAstro,astrology,scam,negative_wtp,,india
7f4564ef-92f8-4532-8e71-53ca39f75153,InstaAstro,astrology,scam,negative_wtp,,india
7f4564ef-92f8-4532-8e71-53ca39f75153,InstaAstro,astrology,scam,negative_wtp,,india
944925a5-f683-48e8-a006-9c438e969fa0,InstaAstro,astrology,value for money,positive_wtp,,india
0d1b5ac8-9c60-4800-a28a-c503b57e5897,InstaAstro,astrology,scam,negative_wtp,,india
f8e4910d-0d65-44e0-a499-6df821e63f50,InstaAstro,astrology,waste of money,negative_wtp,,india
f41d8e51-7cd4-4ba9-b9e3-7fa89415eefe,InstaAstro,astrology,value for money,positive_wtp,,india
f5df8779-52ac-410e-8aff-3d53f1f44bc7,InstaAstro,astrology,scam,negative_wtp,,india
e31a99c2-8902-4ce5-a33f-cf94802ee729,InstaAstro,astrology,Loot,negative_wtp,,india
7a0580b2-7a70-410c-b1ca-7d9b9ce3af43,InstaAstro,astrology,scam,negative_wtp,,india
ac8235af-4454-4177-af53-951599616a92,InstaAstro,astrology,not worth,negative_wtp,,india
9deb1f2c-e731-4852-9b39-bb6a99c498d6,InstaAstro,astrology,scam,negative_wtp,,india
41910be4-6143-4ab1-b587-8ac49af9013e,InstaAstro,astrology,Scam,negative_wtp,,india
33a75d6d-c0b7-42e7-8fd2-835578a10d7c,InstaAstro,astrology,scam,negative_wtp,,india
33a75d6d-c0b7-42e7-8fd2-835578a10d7c,InstaAstro,astrology,scam,negative_wtp,,india
33a75d6d-c0b7-42e7-8fd2-835578a10d7c,InstaAstro,astrology,scam,negative_wtp,,india
c40fd67e-f84e-41ad-ab08-36263dc28073,InstaAstro,astrology,scam,negative_wtp,,india
b8401c63-261c-404d-803b-45b93ca1ebf6,InstaAstro,astrology,scam,negative_wtp,,india
18299952-dcdd-4d1c-9944-9ec538aecaf7,InstaAstro,astrology,loot,negative_wtp,,india
905b5df8-dd19-4eec-9025-7c1a2f3ec5a7,InstaAstro,astrology,waste of money,negative_wtp,,india
b0d4d274-f522-4e07-bc3b-3e18f7dd41ac,InstaAstro,astrology,not worth,negative_wtp,,india
0beb3b0f-4a95-400d-928d-d29510703173,InstaAstro,astrology,scam,negative_wtp,,india
46ca9c9e-a3a8-4eba-a970-fe55386fe125,InstaAstro,astrology,scam,negative_wtp,,india
668d3dcf-27f0-4a95-aa89-cdf4943df13d,InstaAstro,astrology,waste of money,negative_wtp,,india
668d3dcf-27f0-4a95-aa89-cdf4943df13d,InstaAstro,astrology,scam,negative_wtp,,india
421ad6ea-1c00-4a31-bc2f-145a5a6ec82b,InstaAstro,astrology,fair price,positive_wtp,,india
2de7213c-fd87-48ce-8016-24f5462b16a1,InstaAstro,astrology,value for money,positive_wtp,,india
2f56c733-8376-4a5f-84f4-1172a7539c3e,InstaAstro,astrology,too expensive,negative_wtp,,india
4b36869f-f3ea-4610-a91c-c68569751307,InstaAstro,astrology,scam,negative_wtp,,india
4b36869f-f3ea-4610-a91c-c68569751307,InstaAstro,astrology,scam,negative_wtp,,india
4b36869f-f3ea-4610-a91c-c68569751307,InstaAstro,astrology,scam,negative_wtp,,india
4b36869f-f3ea-4610-a91c-c68569751307,InstaAstro,astrology,scam,negative_wtp,,india
3d2d0b3d-f84b-4ccd-885b-c6f58ef4942c,InstaAstro,astrology,scam,negative_wtp,,india
8562f853-d19d-4002-aeb9-54802ced23d2,InstaAstro,astrology,scam,negative_wtp,,india
8562f853-d19d-4002-aeb9-54802ced23d2,InstaAstro,astrology,scam,negative_wtp,,india
a05ef2b5-3cb0-4597-baba-f49b91398bd1,InstaAstro,astrology,waste of money,negative_wtp,,india
86afeeb0-5b22-4ec5-818f-24ce000b6f81,InstaAstro,astrology,waste of money,negative_wtp,,india
e16b6a80-7e9a-4d70-80ce-0903d125cad1,InstaAstro,astrology,scam,negative_wtp,,india
147fabe8-0eea-451b-84d3-1b17536ba700,InstaAstro,astrology,scam,negative_wtp,,india
2da223c7-05f7-4534-aa94-fd327be0b840,InstaAstro,astrology,scam,negative_wtp,,india
d977ae85-8af4-4f2c-a6a0-fc36a8cbd62e,InstaAstro,astrology,waste of money,negative_wtp,,india
e59801d4-eb07-4f5c-8e5e-58c4ad7106bd,InstaAstro,astrology,Money grab,negative_wtp,,india
d79503a6-284e-4d37-8abe-f43ca27c0d46,InstaAstro,astrology,loot,negative_wtp,,india
3eedf303-f125-484f-a80b-6752a613dfe7,InstaAstro,astrology,value for money,positive_wtp,horoscope,india
588fe3c3-9dd2-469b-ab7b-af65e8f238f7,InstaAstro,astrology,worth every penny,positive_wtp,,india
15572f20-ea6e-46b0-8fc3-6bcb9ae17226,InstaAstro,astrology,waste of money,negative_wtp,,india
f8e0716a-ebdf-400f-9510-ef54442fe712,InstaAstro,astrology,scam,negative_wtp,tarot,india
e1134b32-fd19-4007-93df-7d0bb4ce7d08,InstaAstro,astrology,Waste of money,negative_wtp,,india
49e04bd7-c937-4c56-9310-d438fb3cdae3,InstaAstro,astrology,loot,negative_wtp,,india
54e1e5ec-bc94-45f2-a720-7734c0ded507,InstaAstro,astrology,scam,negative_wtp,,india
54e1e5ec-bc94-45f2-a720-7734c0ded507,InstaAstro,astrology,scam,negative_wtp,,india
2d322331-9f47-4709-8644-a70f5c4244a4,InstaAstro,astrology,waste of money,negative_wtp,,india
8debaff6-2694-496c-bedf-8b9a47cd30db,InstaAstro,astrology,waste of money,negative_wtp,,india
83444a12-e02a-4015-872d-c4b7c416841f,InstaAstro,astrology,scam,negative_wtp,kundli,india
83444a12-e02a-4015-872d-c4b7c416841f,InstaAstro,astrology,scam,negative_wtp,kundli,india
2a0ba6f2-f79e-434d-bc84-69f6b4367d7a,InstaAstro,astrology,scam,negative_wtp,,india
63a80e19-e5cf-4479-aa07-9bd9bba3b995,InstaAstro,astrology,scam,negative_wtp,,india
63a80e19-e5cf-4479-aa07-9bd9bba3b995,InstaAstro,astrology,scam,negative_wtp,,india
63a80e19-e5cf-4479-aa07-9bd9bba3b995,InstaAstro,astrology,loot,negative_wtp,,india
1f62ba87-5804-4d2c-be5f-2703fbc7200d,InstaAstro,astrology,scam,negative_wtp,,india
1f62ba87-5804-4d2c-be5f-2703fbc7200d,InstaAstro,astrology,scam,negative_wtp,,india
2809ca07-245e-4836-b5a3-3425fb694220,InstaAstro,astrology,loot,negative_wtp,,india
35f78039-f8d1-4318-be82-55c0e9f5e597,InstaAstro,astrology,scam,negative_wtp,,india
8ca2079d-994a-4376-a69f-ca31d9c36b78,InstaAstro,astrology,scam,negative_wtp,,india
a6bd2957-ca74-46f1-bb3e-eb9efbb81fd9,InstaAstro,astrology,Paisa barbaad,negative_wtp,,india
21e5b1c5-f0d3-433d-bbed-8d0d5ccf57aa,InstaAstro,astrology,scam,negative_wtp,,india
27310a9b-849c-46fe-9672-0b3107beab08,InstaAstro,astrology,scam,negative_wtp,,india
bcac5cb4-867a-4a35-9d61-3995d61a8f73,InstaAstro,astrology,scam,negative_wtp,,india
d77497e5-2274-42f4-866c-29572b86abd7,InstaAstro,astrology,scam,negative_wtp,,india
b0d544b7-cf1b-474f-9e87-c2501ad4c476,InstaAstro,astrology,waste of money,negative_wtp,tarot,india
9199170c-cac6-4764-bb68-b95749b4acba,InstaAstro,astrology,loot,negative_wtp,,india
8aebac72-f7b5-420f-8524-4e1cb237b3b8,InstaAstro,astrology,loot,negative_wtp,,india
685ff2d1-8da4-4115-9af9-99aee165dea1,InstaAstro,astrology,scam,negative_wtp,,india
f84f86e0-19e1-4bcc-8851-e485ce4760de,InstaAstro,astrology,not worth,negative_wtp,,india
f1a2ef64-e315-485a-bebd-95876a7ac056,InstaAstro,astrology,WASTE OF MONEY,negative_wtp,,india
6c70c4bc-1a76-4c47-ba47-1d604f389a53,InstaAstro,astrology,loot,negative_wtp,,india
dbca7f54-68d3-4851-a1ff-149870f03c90,InstaAstro,astrology,value for money,positive_wtp,,india
b2ed7918-8515-412a-bd22-7708df9d2433,InstaAstro,astrology,scam,negative_wtp,,india
2520da90-2387-4053-a120-f17c8079279f,InstaAstro,astrology,loot,negative_wtp,,india
9b2f7801-4642-44ab-b32f-ea3f2a7fd52e,InstaAstro,astrology,loot,negative_wtp,,india
d6cbe92f-5c15-45f1-b72d-dcd3e82c002f,InstaAstro,astrology,scam,negative_wtp,,india
051a0452-0e6c-4163-849a-50453dff3b6e,InstaAstro,astrology,scam,negative_wtp,,india
ea2b001b-4ef0-42e3-beab-6d68eff2f4fe,InstaAstro,astrology,waste of money,negative_wtp,,india
3d666f99-e851-4dab-a690-28a2374591c5,InstaAstro,astrology,waste of money,negative_wtp,,india
eb6817cf-bef5-4039-b88c-3f95724c7617,InstaAstro,astrology,waste of money,negative_wtp,,india
4323ad8f-f54f-4703-85b7-11bb3a05029c,InstaAstro,astrology,waste of money,negative_wtp,,india
eb1400f4-f7a8-4396-8ac6-12f0e9c12413,InstaAstro,astrology,loot,negative_wtp,,india
8e6ef2f4-9be2-4289-a3b6-035612f5e4d8,InstaAstro,astrology,scam,negative_wtp,,india
2534aa01-b43c-4fec-89b6-7f5919565dd2,InstaAstro,astrology,scam,negative_wtp,,india
14ce2b3f-c796-4646-9847-32107a1e0a01,InstaAstro,astrology,scam,negative_wtp,,india
05728d3e-177f-45dd-9d6d-66607853f5d2,InstaAstro,astrology,scam,negative_wtp,,india
7b4e5e27-76a8-4b9f-9746-11105c5d979b,InstaAstro,astrology,scam,negative_wtp,,india
0f42efc2-15b1-4697-a209-988809c98d29,InstaAstro,astrology,scam,negative_wtp,,india
5b244fd2-bfa7-4ca5-8fb9-64fe030da272,InstaAstro,astrology,loot,negative_wtp,,india
ec42ebed-d1c5-49ff-a225-0d7a2f0645bf,InstaAstro,astrology,loot,negative_wtp,,india
277c1f42-c927-4fcb-b8b9-5d427a423d01,InstaAstro,astrology,scam,negative_wtp,,india
fd70fba6-a5f0-4551-9754-86190901d8e8,InstaAstro,astrology,waste of money,negative_wtp,,india
fd70fba6-a5f0-4551-9754-86190901d8e8,InstaAstro,astrology,scam,negative_wtp,,india
969fd21a-a822-4789-bc26-01ae7d8a91e0,InstaAstro,astrology,loot,negative_wtp,,india
1ee779e8-dc92-4438-8828-8dc048f5ae5f,InstaAstro,astrology,not worth,negative_wtp,,india
15ff00f9-9793-4cf2-8060-56838ae322b5,InstaAstro,astrology,scam,negative_wtp,,india
4c46a8d9-05bb-4db1-b966-cebade46a5a1,InstaAstro,astrology,waste of money,negative_wtp,,india
b99cdba9-e915-4ac7-8382-bd8faf0de5c5,InstaAstro,astrology,scam,negative_wtp,,india
b99cdba9-e915-4ac7-8382-bd8faf0de5c5,InstaAstro,astrology,loot,negative_wtp,,india
21d6af0c-1cb9-4364-8dba-0ae467897d09,InstaAstro,astrology,scam,negative_wtp,,india
8e30fa43-309c-4e80-a509-7a7572db2769,InstaAstro,astrology,too costly,negative_wtp,,india
df9d2427-cdeb-4b07-a0fd-485971b15d8c,InstaAstro,astrology,scam,negative_wtp,,india
faac466c-c865-441c-86ff-f10a4944bb46,InstaAstro,astrology,SCAM,negative_wtp,,india
6f17f366-3ce9-46c7-aa74-ab1c3e86b7b5,InstaAstro,astrology,loot,negative_wtp,,india
987ca734-655d-4686-aeee-fcd7c08b1662,InstaAstro,astrology,waste of money,negative_wtp,,india
acef7f4c-0748-47f8-9af0-988784a44ff5,InstaAstro,astrology,waste of money,negative_wtp,,india
859677cd-76d9-4fce-a9b8-053d0ee142fc,InstaAstro,astrology,loot,negative_wtp,,india
89a2c0a0-ae93-420b-9df4-89993b5083f1,InstaAstro,astrology,loot,negative_wtp,,india
42c245bb-bfa6-4b51-b24d-9ef07d95d071,InstaAstro,astrology,waste of money,negative_wtp,,india
bb6e47a4-f47d-46a5-b4c8-d3819b98f2b5,InstaAstro,astrology,waste of money,negative_wtp,,india
312aab10-bdc8-4764-8beb-473e1709b68d,InstaAstro,astrology,loot,negative_wtp,,india
f7c6a2d7-8c87-4897-9c6d-3e95082f7436,InstaAstro,astrology,value for money,positive_wtp,,india
8488ac62-cdb9-4797-b593-10a95b0d1f4a,InstaAstro,astrology,waste of money,negative_wtp,,india
804d8f48-331b-4c7b-a8d1-3011df283775,InstaAstro,astrology,loot,negative_wtp,,india
8ebfe441-e11f-4dcd-98df-3eeebd73d931,InstaAstro,astrology,loot,negative_wtp,,india
07c8b5a4-5d06-453a-baff-6f25af17e842,InstaAstro,astrology,scam,negative_wtp,,india
ac1d3529-efdf-43ea-a5d7-ef1a71af4a40,InstaAstro,astrology,waste of money,negative_wtp,,india
dccdc89e-f6c7-41ee-9bdf-a00940099334,InstaAstro,astrology,waste of money,negative_wtp,,india
5d6f427e-80c1-4ffb-9ed5-e83a31e20b22,InstaAstro,astrology,scam,negative_wtp,,india
5bd1eaf7-902b-416a-8b7b-f5972be6e3bb,InstaAstro,astrology,scam,negative_wtp,,india
656a532f-c4d1-4ccb-80ce-742ddca93aa0,InstaAstro,astrology,not worth,negative_wtp,,india
c7fddc16-5c6a-4348-bdad-96204b396151,InstaAstro,astrology,waste of money,negative_wtp,,india
46b1bf28-f4bb-472e-9dfe-0b62134a96d6,InstaAstro,astrology,waste of money,negative_wtp,,india
b9c64812-a74c-479d-8240-bbfe82f95bd8,InstaAstro,astrology,loot,negative_wtp,,india
1da03641-f78f-48bb-8cbb-5a42bcdf125d,InstaAstro,astrology,scam,negative_wtp,,india
1da03641-f78f-48bb-8cbb-5a42bcdf125d,InstaAstro,astrology,scam,negative_wtp,,india
5b2c5936-e99a-4fe0-ae8a-a14970532c9c,InstaAstro,astrology,waste of money,negative_wtp,,india
f7f01269-d937-4e11-b910-691ce9564daf,InstaAstro,astrology,loot,negative_wtp,,india
c71ba603-c15d-40c3-8641-6d5ec5c5594f,InstaAstro,astrology,not worth,negative_wtp,,india
6eb546c5-82bc-4ce7-af06-77309647bee2,InstaAstro,astrology,scam,negative_wtp,,india
893cfb5f-bea7-4faf-b1b0-5f40d224e58c,InstaAstro,astrology,scam,negative_wtp,,india
44d545ba-4ec4-4988-b7c6-a95175e26ff0,InstaAstro,astrology,waste of money,negative_wtp,,india
b67b6259-d815-4f97-85e2-fb9a3ad9fbb9,InstaAstro,astrology,scam,negative_wtp,,india
b67b6259-d815-4f97-85e2-fb9a3ad9fbb9,InstaAstro,astrology,scam,negative_wtp,,india
71a7ddc7-de7d-4091-8e68-d83b15475ef9,InstaAstro,astrology,waste of money,negative_wtp,,india
9c0f9a21-bd95-4fea-8bb4-30b835a32e8f,InstaAstro,astrology,waste of money,negative_wtp,,india
102380b8-f029-4e75-9493-a798a22fbfee,InstaAstro,astrology,waste of money,negative_wtp,,india
0dd2914f-bbb1-454b-ac57-252899339cb2,InstaAstro,astrology,waste of money,negative_wtp,,india
2fba1007-4106-4141-88c2-aee8960df3c8,InstaAstro,astrology,loot,negative_wtp,,india
f5a03d66-3c87-47b4-9d5b-c2fc19a5aada,InstaAstro,astrology,loot,negative_wtp,,india
54b9ecbf-a515-4b56-98ee-071195ed3996,InstaAstro,astrology,loot,negative_wtp,,india
f3bd4d29-47bc-4a5b-9b7d-edfb7e6a1dfd,InstaAstro,astrology,loot,negative_wtp,,india
f4a2a409-6695-4468-9260-5a5a7a9e70f4,InstaAstro,astrology,value for money,positive_wtp,,india
4b0b9334-8476-4b47-bcf9-6fa3f3222b06,InstaAstro,astrology,scam,negative_wtp,,india
bd80ef2d-0d67-4bec-82ea-173480b37c83,InstaAstro,astrology,waste of money,negative_wtp,,india
14c7e77c-b5d9-441f-b914-863876cfa781,InstaAstro,astrology,Waste of money,negative_wtp,,india
66031180-5278-4b6c-8112-4526f3ba8242,InstaAstro,astrology,scam,negative_wtp,,india
6ba2e86c-e71d-4cd1-9043-91f2c1294f93,InstaAstro,astrology,loot,negative_wtp,,india
79059c6d-6a5f-4cfa-a87d-dc06be928984,InstaAstro,astrology,loot,negative_wtp,,india
bafeccdc-806f-4bda-9138-9e5c45e0cc0d,InstaAstro,astrology,loot,negative_wtp,,india
98662f68-11e3-4974-b39b-1923601e21d6,InstaAstro,astrology,scam,negative_wtp,,india
41355c25-2186-4aba-8713-7d5d2ade2b79,InstaAstro,astrology,loot,negative_wtp,,india
2bd0c4ba-051b-4994-a9ab-53ffe5b74859,InstaAstro,astrology,loot,negative_wtp,pooja,india
78ebbf5e-ce08-4f47-9d84-84ee9a4cc2d8,InstaAstro,astrology,scam,negative_wtp,,india
2a8ef232-a999-4130-94a5-0245adb04629,InstaAstro,astrology,scam,negative_wtp,,india
4e863758-c3b7-4f8b-b4af-dec24b4996d0,InstaAstro,astrology,loot,negative_wtp,,india
6f9257d3-e753-4361-be35-8290d23099ab,InstaAstro,astrology,scam,negative_wtp,,india
e4ed1d80-8dd1-4ba4-a392-7802c413b0ac,InstaAstro,astrology,loot,negative_wtp,,india
23b8a247-8e58-4486-a724-ba38b24a8477,InstaAstro,astrology,scam,negative_wtp,tarot,india
c1db17bc-3551-420f-9225-d750446a367d,InstaAstro,astrology,loot,negative_wtp,,india
3a4c71ba-8858-4212-8347-8eb9fdcdec8c,InstaAstro,astrology,loot,negative_wtp,,india
3a4c71ba-8858-4212-8347-8eb9fdcdec8c,InstaAstro,astrology,loot,negative_wtp,,india
bb07a526-9014-4959-8a0d-de0bd5218faf,InstaAstro,astrology,scam,negative_wtp,,india
f9a39ce0-80da-4557-8980-4e4a647ced35,InstaAstro,astrology,loot,negative_wtp,,india
c8c8ab02-ea97-4984-beac-5c9e8ffb84da,InstaAstro,astrology,loot,negative_wtp,,india
bf91ba17-4bf7-415b-b400-c2b5b0841413,InstaAstro,astrology,loot,negative_wtp,,india
15574e30-4eff-4b4c-b571-c9ee7fc128ad,InstaAstro,astrology,SCAM,negative_wtp,,india
381c74ec-f695-4195-b65d-adf9c5d85dfe,InstaAstro,astrology,scam,negative_wtp,,india
03e1f74c-221d-4ff3-b4ef-dba435807c46,InstaAstro,astrology,loot,negative_wtp,,india
03e1f74c-221d-4ff3-b4ef-dba435807c46,InstaAstro,astrology,loot,negative_wtp,,india
69d899f0-7526-4294-b618-2fba7ebfe5bc,InstaAstro,astrology,scam,negative_wtp,,india
66f48ea1-aa3a-4d03-90bb-d672c77aed34,InstaAstro,astrology,waste of money,negative_wtp,,india
d6e6d74f-f091-42fb-89fa-3dfeb1d4ac08,InstaAstro,astrology,waste of money,negative_wtp,,india
59e42d84-0c87-4d3c-bed1-18f2013b4fd6,InstaAstro,astrology,scam,negative_wtp,,india
0e25e058-9952-4573-b9de-8ffc72b096c0,InstaAstro,astrology,waste of money,negative_wtp,,india
b506ac5d-16ef-4639-8312-616c2e0e5894,InstaAstro,astrology,waste of money,negative_wtp,,india
be57c8e2-0898-4725-bc48-2176191262d2,InstaAstro,astrology,waste of money,negative_wtp,,india
0b997d0b-e35b-47fb-b0cd-27d95efc35e4,InstaAstro,astrology,scam,negative_wtp,,india
c7f10b0b-5656-447a-b67e-1e2b589eec79,InstaAstro,astrology,waste of money,negative_wtp,,india
34a2b164-bc3e-47fa-9a6c-f97d1509c2fa,InstaAstro,astrology,value for money,positive_wtp,,india
5d63f1b3-fb6b-4602-9bd7-1e7a728b15b9,InstaAstro,astrology,loot,negative_wtp,,india
36ae7922-58f9-40cd-9ae0-49bd4b34be57,InstaAstro,astrology,scam,negative_wtp,,india
36ae7922-58f9-40cd-9ae0-49bd4b34be57,InstaAstro,astrology,scam,negative_wtp,,india
33d0fc25-a837-4f5c-9227-1be74ac3ccdf,InstaAstro,astrology,scam,negative_wtp,,india
33d0fc25-a837-4f5c-9227-1be74ac3ccdf,InstaAstro,astrology,loot,negative_wtp,,india
90ea7b87-65fe-40d9-b549-b70d7884689a,InstaAstro,astrology,scam,negative_wtp,,india
90ea7b87-65fe-40d9-b549-b70d7884689a,InstaAstro,astrology,scam,negative_wtp,,india
6b6c2e60-f729-4104-aa6b-eba06c39ff9d,InstaAstro,astrology,waste of money,negative_wtp,,india
7eac52ec-6ddb-48f8-85e2-71a860107ae1,InstaAstro,astrology,waste of money,negative_wtp,,india
71254286-a876-4d57-83c4-9e853f572149,InstaAstro,astrology,scam,negative_wtp,,india
19dfe7ea-6c66-482b-bd9d-982fa065bafe,InstaAstro,astrology,waste of money,negative_wtp,,india
a166467c-6411-49e8-a4f4-e53ed6415fb4,InstaAstro,astrology,scam,negative_wtp,,india
ee6c8e90-50ea-4ff0-a7a7-4894688f540c,InstaAstro,astrology,Scam,negative_wtp,kundli,india
bcad7f63-9c96-46c2-af08-9da4587ec6ec,InstaAstro,astrology,scam,negative_wtp,,india
2257349c-8a35-4417-b3d3-9b4fdc197e4e,InstaAstro,astrology,scam,negative_wtp,,india
2257349c-8a35-4417-b3d3-9b4fdc197e4e,InstaAstro,astrology,scam,negative_wtp,,india
c2d4a9e6-b247-4fb7-9ee0-f18089dad0dc,InstaAstro,astrology,waste of money,negative_wtp,,india
3d500d66-0084-4574-a2bc-079b2f8044fe,InstaAstro,astrology,loot,negative_wtp,,india
3d500d66-0084-4574-a2bc-079b2f8044fe,InstaAstro,astrology,loot,negative_wtp,,india
cbb11e7d-a96c-4a90-b68f-79b45ce9d6c6,InstaAstro,astrology,waste of money,negative_wtp,,india
3e7daf9b-15e7-4d49-8584-f0f1da87e1c5,InstaAstro,astrology,scam,negative_wtp,,india
c9d28f33-be14-4b00-ad00-c7b061a513fa,InstaAstro,astrology,waste of money,negative_wtp,,india
aa54a6fd-0844-43ff-af0d-e6e96a29c6ef,InstaAstro,astrology,scam,negative_wtp,,india
aa54a6fd-0844-43ff-af0d-e6e96a29c6ef,InstaAstro,astrology,scam,negative_wtp,,india
449489e4-0a04-49c3-9437-14b2cc3cb0c4,InstaAstro,astrology,waste of money,negative_wtp,,india
3d2c12df-6505-49b1-bce9-8d8e48964005,InstaAstro,astrology,loot,negative_wtp,,india
3d2c12df-6505-49b1-bce9-8d8e48964005,InstaAstro,astrology,loot,negative_wtp,,india
7f0678b7-187b-4964-b4ab-26671da6b49a,InstaAstro,astrology,waste of money,negative_wtp,,india
74c6b847-4d4e-4e1a-acf1-7135d7e6bb73,InstaAstro,astrology,waste of money,negative_wtp,,india
74c6b847-4d4e-4e1a-acf1-7135d7e6bb73,InstaAstro,astrology,scam,negative_wtp,,india
28e7e73f-bb5e-43a1-9fbf-97a9d667d4ca,InstaAstro,astrology,scam,negative_wtp,,india
966a8d99-ca57-48df-a45f-eaed7ba973c7,InstaAstro,astrology,loot,negative_wtp,,india
3e52ebdc-68ef-46d7-bad5-368778b7a2c1,InstaAstro,astrology,waste of money,negative_wtp,,india
2f9e9e50-52ee-4464-ae9a-f236f40fee46,InstaAstro,astrology,waste of money,negative_wtp,,india
01633fe3-961c-4566-abfa-26561dfec7ec,InstaAstro,astrology,scam,negative_wtp,,india
4c860061-e694-4c1e-ac2e-99476c11953e,InstaAstro,astrology,too costly,negative_wtp,,india
9884610f-c400-48b1-85b3-f4989f880aa4,InstaAstro,astrology,scam,negative_wtp,,india
266883bd-61f5-4d2f-b191-584602cc8443,InstaAstro,astrology,scam,negative_wtp,,india
3790e0dc-9391-4d9e-8cba-4355217b956f,InstaAstro,astrology,scam,negative_wtp,,india
6b39abc3-dfb2-4e45-be3d-9576c3d29eb0,InstaAstro,astrology,scam,negative_wtp,,india
aca2e511-be81-412a-a11d-cbc7c003d99a,InstaAstro,astrology,SCAM,negative_wtp,,india
ecaeb3a7-733a-4157-9b47-b7a1c2bd5f86,InstaAstro,astrology,waste of money,negative_wtp,,india
ece57626-ddb4-43f2-880b-287bd303a164,InstaAstro,astrology,waste of money,negative_wtp,,india
28cbd68a-34b1-4aee-b171-8a3a68f82152,InstaAstro,astrology,loot,negative_wtp,,india
d399ac90-55b6-4c61-9764-6077d1cbcfd1,InstaAstro,astrology,waste of money,negative_wtp,,india
cece573a-7dc3-41e6-828a-ee4da1bb063c,InstaAstro,astrology,scam,negative_wtp,,india
f24312ca-edc3-4e9e-9488-fc290e267580,InstaAstro,astrology,loot,negative_wtp,,india
031f12c6-1e3c-48be-93e2-c6e62ac4826f,InstaAstro,astrology,loot,negative_wtp,,india
f6217ac0-a95f-4792-8cce-3d8f26d09d44,InstaAstro,astrology,Scam,negative_wtp,,india
f6217ac0-a95f-4792-8cce-3d8f26d09d44,InstaAstro,astrology,Scam,negative_wtp,,india
f6217ac0-a95f-4792-8cce-3d8f26d09d44,InstaAstro,astrology,Scam,negative_wtp,,india
f6217ac0-a95f-4792-8cce-3d8f26d09d44,InstaAstro,astrology,loot,negative_wtp,,india
f6217ac0-a95f-4792-8cce-3d8f26d09d44,InstaAstro,astrology,loot,negative_wtp,,india
8ff7020b-0960-4127-9f17-3009a678e57b,InstaAstro,astrology,loot,negative_wtp,,india
77c16962-60eb-4293-845e-6ca34eefc715,InstaAstro,astrology,Waste of money,negative_wtp,,india
d3bc5fa9-cee3-425d-9dc4-e83c23d36d92,InstaAstro,astrology,loot,negative_wtp,,india
aae4bc64-f82b-44d9-83d0-4e132f4d18fa,InstaAstro,astrology,loot,negative_wtp,,india
d21c8f5d-d869-416e-bc12-15b6a8ce4f02,InstaAstro,astrology,scam,negative_wtp,,india
889401af-03a1-49a0-a03f-afd7efa75c81,InstaAstro,astrology,loot,negative_wtp,,india
8ff3cb27-f8c6-4a3c-a47e-f67e90c7ef3f,InstaAstro,astrology,Waste of money,negative_wtp,,india
c9badce8-e363-4a85-b934-9e41dfb79684,InstaAstro,astrology,scam,negative_wtp,,india
0c1cf712-e1ef-4880-8dc8-a0b1141710fc,InstaAstro,astrology,scam,negative_wtp,,india
0c1cf712-e1ef-4880-8dc8-a0b1141710fc,InstaAstro,astrology,scam,negative_wtp,,india
0c1cf712-e1ef-4880-8dc8-a0b1141710fc,InstaAstro,astrology,scam,negative_wtp,,india
0c1cf712-e1ef-4880-8dc8-a0b1141710fc,InstaAstro,astrology,scam,negative_wtp,,india
06d95027-35c5-484a-8531-0aad2c401e6a,InstaAstro,astrology,loot,negative_wtp,,india
2d38afe6-5ef4-43e7-bc4a-261e33d91830,InstaAstro,astrology,Worth every penny,positive_wtp,,india
1621fdc3-e02f-444e-a936-b71e387383d0,InstaAstro,astrology,scam,negative_wtp,,india
c2f41bbe-9e91-4a44-b6f4-d9c01dfbee0e,InstaAstro,astrology,scam,negative_wtp,,india
523f970a-ccb5-4b37-bfe8-5ff5a4507136,InstaAstro,astrology,waste of money,negative_wtp,,india
8ba1436b-a0ec-4af2-b923-3f1e070a531b,InstaAstro,astrology,scam,negative_wtp,,india
4a792286-4dff-4ecc-ba0a-b2fecd64d136,InstaAstro,astrology,scam,negative_wtp,,india
582bf1a5-3b4d-4b39-936d-c619924e4f46,InstaAstro,astrology,loot,negative_wtp,,india
c403dc9d-7e2f-4a46-b6db-4e468487d0af,InstaAstro,astrology,scam,negative_wtp,,india
ca5f6e57-46c0-46e4-84b3-77cf6abd72c2,InstaAstro,astrology,waste of money,negative_wtp,,india
d3451e69-ce26-48ce-9b14-3eccbdd85c2a,InstaAstro,astrology,waste of money,negative_wtp,,india
800ef71b-1b9a-4b1e-8566-c287cb1cce27,InstaAstro,astrology,waste of money,negative_wtp,,india
81098c11-7dfb-450c-84af-d0fcaa97f8c7,InstaAstro,astrology,scam,negative_wtp,,india
b1533bd5-6ea1-4cca-a043-7e0b0ca1ada3,InstaAstro,astrology,scam,negative_wtp,,india
c728b8bd-93ff-475a-8251-a941ec76afa2,InstaAstro,astrology,waste of money,negative_wtp,,india
07af7f00-5eb7-4a9a-b0df-c3e3d65b9906,InstaAstro,astrology,loot,negative_wtp,,india
357cef54-7a88-44ef-84e2-6df3f7b26a07,InstaAstro,astrology,loot,negative_wtp,,india
91395443-ef1f-4a86-9459-2fbd27a6a211,InstaAstro,astrology,scam,negative_wtp,,india
077e60c9-e83d-4d97-b9b7-69953c50e5a6,InstaAstro,astrology,Scam,negative_wtp,,india
e57b4847-f979-4023-9ce8-d3580124708e,InstaAstro,astrology,waste of money,negative_wtp,,india
64ada0d2-1d30-4928-ac64-6d670f015ced,InstaAstro,astrology,loot,negative_wtp,,india
74da9c1f-a413-4c40-8ce8-0357d8f1d252,InstaAstro,astrology,scam,negative_wtp,,india
74da9c1f-a413-4c40-8ce8-0357d8f1d252,InstaAstro,astrology,loot,negative_wtp,,india
0953543c-a1e0-46c7-b73a-b128cbf3b073,InstaAstro,astrology,Waste of money,negative_wtp,,india
4d14a044-89c1-49b1-9182-871fa7be731b,InstaAstro,astrology,loot,negative_wtp,,india
191f346b-5045-4089-8816-20327fc53d46,InstaAstro,astrology,scam,negative_wtp,,india
191f346b-5045-4089-8816-20327fc53d46,InstaAstro,astrology,scam,negative_wtp,,india
191f346b-5045-4089-8816-20327fc53d46,InstaAstro,astrology,scam,negative_wtp,,india
f2e546eb-1eea-4a39-9e68-33e8df0adc4e,InstaAstro,astrology,take my money,positive_wtp,,india
e90e5d56-65e9-4b54-a46d-9ac1b6fd458c,InstaAstro,astrology,scam,negative_wtp,,india
c7a2d889-3505-473d-8746-22ed707df64a,InstaAstro,astrology,waste of money,negative_wtp,,india
8069691b-4e55-499a-a9e6-779c9a3c2cfa,InstaAstro,astrology,scam,negative_wtp,,india
11f962bc-c3dc-4cee-b227-6331d87e67d3,InstaAstro,astrology,loot,negative_wtp,,india
2a53c9b9-2c5d-4b4c-8e9f-15375a588911,InstaAstro,astrology,loot,negative_wtp,,india
333722f0-c25a-449a-a89e-2d679af92dfe,InstaAstro,astrology,Loot,negative_wtp,remedies,india
53a0d76b-475c-4ae0-86e4-259b051d7e57,InstaAstro,astrology,not paying,negative_wtp,,india
0c504b3a-b6f8-4c0e-89c4-05ed151f2525,InstaAstro,astrology,Scam,negative_wtp,,india
0c504b3a-b6f8-4c0e-89c4-05ed151f2525,InstaAstro,astrology,scam,negative_wtp,,india
6b4f640e-f366-45f0-90ae-a674ec0974b6,InstaAstro,astrology,too costly,negative_wtp,,india
c4d8f162-514d-49c2-adde-eb998cbd35fa,InstaAstro,astrology,scam,negative_wtp,,india
120f256f-7f3a-48cd-8b48-f305932961c8,InstaAstro,astrology,scam,negative_wtp,,india
cf115456-a10a-4f04-9ee2-85ee266b3542,InstaAstro,astrology,scam,negative_wtp,,india
c345ddb0-7d38-4068-828e-97e4e5288e63,InstaAstro,astrology,scam,negative_wtp,,india
4be725ce-d0a5-4405-9e26-eee4c2cc4a30,InstaAstro,astrology,not worth,negative_wtp,,india
4be725ce-d0a5-4405-9e26-eee4c2cc4a30,InstaAstro,astrology,not worth,negative_wtp,,india
4be725ce-d0a5-4405-9e26-eee4c2cc4a30,InstaAstro,astrology,waste of money,negative_wtp,,india
4be725ce-d0a5-4405-9e26-eee4c2cc4a30,InstaAstro,astrology,scam,negative_wtp,,india
4be725ce-d0a5-4405-9e26-eee4c2cc4a30,InstaAstro,astrology,scam,negative_wtp,,india
1d81440e-d03f-4625-ad43-eca18deb685e,InstaAstro,astrology,loot,negative_wtp,,india
19edb28d-058b-4c2c-b4bb-b0b50156386a,InstaAstro,astrology,loot,negative_wtp,,india
26ea9553-db6f-464b-9d6d-89e5fad36219,InstaAstro,astrology,Waste of money,negative_wtp,,india
eb70e657-e6b9-429d-9225-dbfec5132cd0,InstaAstro,astrology,scam,negative_wtp,,india
7081208e-d253-4278-9ad8-664c92a149cc,InstaAstro,astrology,too costly,negative_wtp,,india
ef0281b5-40e3-49be-9f0e-04b282f1ca24,InstaAstro,astrology,Scam,negative_wtp,,india
ef0281b5-40e3-49be-9f0e-04b282f1ca24,InstaAstro,astrology,Scam,negative_wtp,,india
36616fce-7746-46cf-b8e6-8ef020bbca6b,InstaAstro,astrology,waste of money,negative_wtp,,india
69721128-6904-44ab-bd54-6b88cd6fc126,InstaAstro,astrology,waste of money,negative_wtp,,india
0d285876-3cd5-4cd0-af8e-8695563e7470,InstaAstro,astrology,waste of money,negative_wtp,,india
989ad20a-e258-4262-8443-071c989c1b6a,InstaAstro,astrology,scam,negative_wtp,tarot,india
989ad20a-e258-4262-8443-071c989c1b6a,InstaAstro,astrology,scam,negative_wtp,,india
450f5ebf-90c5-4b6e-8d87-77a9766856a1,InstaAstro,astrology,loot,negative_wtp,,india
5bd02c69-db93-4602-89cd-da8d9cd0f40c,InstaAstro,astrology,Scam,negative_wtp,,india
af9b290f-518b-4896-94c5-031cb75e8551,InstaAstro,astrology,loot,negative_wtp,,india
8f098394-40b1-4933-a2a8-0576aec148bf,InstaAstro,astrology,Scam,negative_wtp,,india
fdd86516-19e8-438e-b817-8d0f675ffabf,InstaAstro,astrology,Scam,negative_wtp,,india
ba64d0e4-52ed-46a6-91f0-f13f86dbee14,InstaAstro,astrology,scam,negative_wtp,,india
ba64d0e4-52ed-46a6-91f0-f13f86dbee14,InstaAstro,astrology,loot,negative_wtp,,india
d1ee6c6e-4071-42c1-8af8-1955b8dab1c1,InstaAstro,astrology,loot,negative_wtp,,india
ef02ecce-73c2-4002-bcc2-81810bc9b46a,InstaAstro,astrology,loot,negative_wtp,,india
32262a0a-84b5-4b30-9709-f1783ddadb3b,InstaAstro,astrology,waste of money,negative_wtp,remedies,india
dcc80619-a26e-4eed-873e-d8cc05193536,InstaAstro,astrology,Waste of money,negative_wtp,,india
ed6fefec-5de3-4cb8-b06c-11a7486ef30f,InstaAstro,astrology,scam,negative_wtp,,india
bfb9ba55-d6dc-49b3-889c-7abe60794785,InstaAstro,astrology,scam,negative_wtp,,india
5706aa3a-0098-4c21-9702-0b5a3914d00e,InstaAstro,astrology,worth the money,positive_wtp,,india
4ef29ae8-98fc-422d-b365-077f3b59c106,InstaAstro,astrology,scam,negative_wtp,,india
82f77bd1-3172-47ab-a2dd-ace28065972e,InstaAstro,astrology,Waste of money,negative_wtp,,india
8e610ddb-cadb-472b-a0c1-03eaf3e47bd1,InstaAstro,astrology,Loot,negative_wtp,,india
d7014175-7fb7-4622-bcd1-b3b403296693,InstaAstro,astrology,reasonable price,positive_wtp,,india
36ba6a6e-5181-47c9-863c-f7bfd147a9f7,InstaAstro,astrology,scam,negative_wtp,,india
5043a6e3-99ea-45e0-8fea-2b98ad6f62d6,InstaAstro,astrology,loot,negative_wtp,,india
6508e6cd-f858-4c64-972b-a9f63951020f,InstaAstro,astrology,not worth,negative_wtp,,india
6508e6cd-f858-4c64-972b-a9f63951020f,InstaAstro,astrology,not worth,negative_wtp,,india
69bfd433-7ddc-473a-9c93-8df4f3039b0c,InstaAstro,astrology,scam,negative_wtp,,india
5c16ec70-74cb-4ab6-8461-0ec369b6e843,InstaAstro,astrology,reasonable price,positive_wtp,tarot,india
b8667483-30c1-4042-8f2e-f125057c4478,InstaAstro,astrology,loot,negative_wtp,,india
029e25a8-39cb-482e-874d-92416de802e1,InstaAstro,astrology,waste of money,negative_wtp,,india
6ee026f5-f2a2-4355-8fa2-c51aafa3ae3a,InstaAstro,astrology,loot,negative_wtp,,india
5a119a04-0045-4fe2-b450-f37559661684,InstaAstro,astrology,too costly,negative_wtp,,india
0f8bb109-bff5-4ce5-970c-e6860929567d,InstaAstro,astrology,waste of money,negative_wtp,,india
06e27bfd-7188-4892-a206-033fc1d951ae,InstaAstro,astrology,waste of money,negative_wtp,,india
cf15e40d-9254-4ec1-a20d-058d076a8e0c,InstaAstro,astrology,loot,negative_wtp,,india
e697223d-24fe-455a-bcf1-54e682bfa383,InstaAstro,astrology,waste of money,negative_wtp,,india
ff6e840d-5ead-462d-8990-adcc1e4ce86a,InstaAstro,astrology,Not worth,negative_wtp,,india
f735f001-8c7b-4527-bb3f-2de92e18bc4b,InstaAstro,astrology,waste of money,negative_wtp,,india
8a671e8d-8bfb-4109-8ad3-a3b76368019a,InstaAstro,astrology,scam,negative_wtp,,india
d38d8cc6-8445-43a7-a842-967718f1fbfb,InstaAstro,astrology,value for money,positive_wtp,,india
78ec1dbc-9e9a-4686-9360-a9fce5a29374,InstaAstro,astrology,reasonable price,positive_wtp,remedies,india
5dd7cc51-2bfe-4a65-a8ed-9dbd3e57bb78,InstaAstro,astrology,scam,negative_wtp,,india
5dd7cc51-2bfe-4a65-a8ed-9dbd3e57bb78,InstaAstro,astrology,loot,negative_wtp,,india
60904056-a3a4-49db-91bc-33cc79d1fb32,InstaAstro,astrology,scam,negative_wtp,,india
2d0907f3-b27c-4562-924c-b66a3f176a1e,InstaAstro,astrology,if the price,conditional_wtp,,india
4bb8376c-8a74-4440-b1a7-3ac5b13ecde3,InstaAstro,astrology,loot,negative_wtp,,india
e858f876-b65a-47cf-9726-288781887884,InstaAstro,astrology,scam,negative_wtp,,india
4958a174-0b0b-49d7-b13a-0dacbff0efc8,InstaAstro,astrology,Waste of money,negative_wtp,,india
ffac1436-bb1d-468a-a061-4148e96368c9,InstaAstro,astrology,not worth,negative_wtp,,india
80a4d6ab-e9ca-43ca-9c4f-7067ae3da00b,InstaAstro,astrology,worth the money,positive_wtp,,india
4b943ac0-05f5-4803-9f3d-818dc8c04e2b,Astroyogi,astrology,scam,negative_wtp,,both
45fed81e-2b68-4d2c-8d0c-933e0ec054c1,Astroyogi,astrology,scam,negative_wtp,,both
3fda7d6a-7741-4167-bcd0-3622198fa471,Astroyogi,astrology,scam,negative_wtp,,both
a6600fb9-37c2-48f9-8a9e-88c7cd195dab,Astroyogi,astrology,on the fence,conditional_wtp,,both
f1edab39-b423-4a2f-8390-f87741a3c30a,Astroyogi,astrology,loot,negative_wtp,,both
f242fddd-6c93-4a88-b724-b788dbdd594f,Astroyogi,astrology,scam,negative_wtp,,both
f242fddd-6c93-4a88-b724-b788dbdd594f,Astroyogi,astrology,loot,negative_wtp,,both
528d9eba-9fbf-4edd-b9cd-fe83121ed727,Astroyogi,astrology,waste of money,negative_wtp,,both
ccfc4366-1afc-43ba-9d3c-20af6780b0ea,Astroyogi,astrology,scam,negative_wtp,,both
507185bc-70eb-44ba-b078-c4d8d3802bfb,Astroyogi,astrology,overpriced,negative_wtp,,both
1a468900-9b31-4988-a84c-fb043550af26,Astroyogi,astrology,waste of money,negative_wtp,,both
1a468900-9b31-4988-a84c-fb043550af26,Astroyogi,astrology,scam,negative_wtp,,both
c291deff-efe0-48a7-bf7b-1758e3b4b5cd,Astroyogi,astrology,loot,negative_wtp,,both
33cde7e6-e38b-45aa-a9b9-8b4d05061701,Astroyogi,astrology,loot,negative_wtp,,both
f6c02ae1-565d-4691-8708-f08b1630650d,Astroyogi,astrology,value for money,positive_wtp,,both
dc35d37b-bcd7-4685-816a-983324dbffa5,Astroyogi,astrology,scam,negative_wtp,,both
d5fe29c8-87dd-4698-ba39-1a632b1ec647,Astroyogi,astrology,loot,negative_wtp,,both
fbe0ebe2-fb97-482c-b75c-ccffadb7af50,Astroyogi,astrology,waste of money,negative_wtp,,both
3fc29edf-0aa5-4c5d-b0a9-338539b58722,Astroyogi,astrology,scam,negative_wtp,,both
f8fe4beb-71e8-434e-b5a6-06c535c5e660,Astroyogi,astrology,scam,negative_wtp,,both
c3d0f463-1611-4676-b4b1-b35495807188,Astroyogi,astrology,worth the price,positive_wtp,,both
86a15296-fed6-4e15-a37d-daa1d5416e41,Astroyogi,astrology,scam,negative_wtp,,both
39504aa8-77b2-4c51-9f3e-00f96f80f3ac,Astroyogi,astrology,scam,negative_wtp,,both
50a0df2a-7969-4612-a2e9-ed9a566d92f8,Astroyogi,astrology,waste of money,negative_wtp,,both
44e68c95-d120-4345-a07b-8ca3b4be3a4b,Astroyogi,astrology,scam,negative_wtp,,both
dd282cc0-6faa-42fa-a623-063649b602e0,Astroyogi,astrology,waste of money,negative_wtp,,both
eba2e8dc-1382-43fb-a1ea-2c4038c48457,Astroyogi,astrology,loot,negative_wtp,,both
7ff24a4b-b70e-4cfd-b4c9-73b85b598e96,Astroyogi,astrology,loot,negative_wtp,,both
7ff24a4b-b70e-4cfd-b4c9-73b85b598e96,Astroyogi,astrology,loot,negative_wtp,,both
8ef760f4-6de7-4071-9ec0-4435ddfe8cfd,Astroyogi,astrology,waste of money,negative_wtp,,both
7a6a3dc1-d932-49d3-821c-abf5d8376aa9,Astroyogi,astrology,loot,negative_wtp,,both
b865cd43-8cad-4052-a576-0572e46da40c,Astroyogi,astrology,waste of money,negative_wtp,,both
c4f3c461-62f0-4e09-a748-4dad45b7acef,Astroyogi,astrology,good value,positive_wtp,,both
792a082d-2c98-478f-a6c6-c30b3e285cd6,Astroyogi,astrology,scam,negative_wtp,,both
105bbe11-157d-4410-9f0c-76bd40aaaad8,Astroyogi,astrology,scam,negative_wtp,,both
ff03fcc1-41b7-48c5-9054-d110add331b8,Astroyogi,astrology,scam,negative_wtp,,both
64f388ef-73f1-4c94-8a71-f96f8350a188,Astroyogi,astrology,loot,negative_wtp,,both
c2a8297f-d984-48d5-958e-250c4a269ca4,Astroyogi,astrology,scam,negative_wtp,,both
55fb3ee6-8365-4822-b4f7-d6d9472ac39e,Astroyogi,astrology,scam,negative_wtp,,both
87a7edf7-2132-48d3-9569-ba6fd8d18493,Astroyogi,astrology,scam,negative_wtp,,both
f479a10b-87de-44e8-92f0-2632761d3497,Astroyogi,astrology,scam,negative_wtp,,both
a066d084-cdd0-4c6d-bab4-5a8087a1c81c,Astroyogi,astrology,loot,negative_wtp,,both
2a6fcb5e-1d54-4691-8a38-8c13ddbea1e5,Astroyogi,astrology,scam,negative_wtp,,both
60438444-22ed-4815-ad1a-2f5c59522ddd,Astroyogi,astrology,scam,negative_wtp,,both
423117cb-03bd-4b77-8d1f-d16d359bcb26,Astroyogi,astrology,loot,negative_wtp,,both
938d24d6-822b-4224-a65f-5f3a300e2cf3,Astroyogi,astrology,scam,negative_wtp,,both
27e1ce96-caaa-410d-b0bd-665effb94f90,Astroyogi,astrology,waste of money,negative_wtp,,both
e8299df8-5a8f-4879-822d-61ace9a35a3f,Astroyogi,astrology,waste of money,negative_wtp,,both
c4d34d0b-5f55-4578-81ca-6fdc385e8317,Astroyogi,astrology,scam,negative_wtp,tarot,both
c4d34d0b-5f55-4578-81ca-6fdc385e8317,Astroyogi,astrology,scam,negative_wtp,tarot,both
38d473a3-db0e-4b59-bff9-94b58dce7fae,Astroyogi,astrology,Scam,negative_wtp,,both
f3868b9f-f7b7-48f9-b998-8331613e315d,Astroyogi,astrology,waste of money,negative_wtp,,both
633b266e-2dd6-496a-bf08-cd26398c598a,Astroyogi,astrology,waste of money,negative_wtp,,both
d894a5ba-d97f-4c0e-bc8f-c093249ffba4,Astroyogi,astrology,scam,negative_wtp,,both
f04dcf0f-4b8f-499d-96bc-04865301f2b6,Astroyogi,astrology,scam,negative_wtp,,both
7073e033-f057-414e-8243-613ba3b36429,Astroyogi,astrology,scam,negative_wtp,,both
71822b93-1118-418b-9d39-29ac20cb56cd,Astroyogi,astrology,scam,negative_wtp,,both
5a7135e4-e150-4e29-ad02-746f7ec8ab3f,Astroyogi,astrology,fair price,positive_wtp,horoscope,both
70e164bb-74ce-4c0b-bdf8-43672272c9a7,Astroyogi,astrology,scam,negative_wtp,,both
e9a9364e-9029-47ab-b7a3-4d800c9fb463,Astroyogi,astrology,scam,negative_wtp,,both
08706f4c-4f07-4ed4-b09f-251da906daf6,Astroyogi,astrology,waste of money,negative_wtp,,both
d3806fa7-ac1f-4c57-8b8f-9abba59d60d9,Astroyogi,astrology,fair price,positive_wtp,horoscope,both
7a89fc22-4e04-4cd1-96a1-faac65082066,Astroyogi,astrology,fair price,positive_wtp,horoscope,both
cbf3ec81-4a3d-4a4c-93c2-f717e709fb18,Astroyogi,astrology,scam,negative_wtp,,both
d58366cf-f973-4083-b06e-85c5457fb83d,Astroyogi,astrology,scam,negative_wtp,,both
d58366cf-f973-4083-b06e-85c5457fb83d,Astroyogi,astrology,scam,negative_wtp,,both
d58366cf-f973-4083-b06e-85c5457fb83d,Astroyogi,astrology,SCAM,negative_wtp,,both
1cb26d93-0d2e-405c-8384-991d7c6eac4a,Astroyogi,astrology,not worth,negative_wtp,,both
27af16a0-9d2a-4e68-a832-a98541a5f217,Astroyogi,astrology,loot,negative_wtp,,both
9e2ba92e-13f1-438f-99bb-ae7210bfa7fe,Astroyogi,astrology,loot,negative_wtp,,both
0c23910f-7414-44c3-8d20-78624352962a,Astroyogi,astrology,scam,negative_wtp,,both
3ecf9216-cb9b-4348-b551-b7b71fe16ab3,Astroyogi,astrology,scam,negative_wtp,,both
c1ce7418-6c44-4013-8fde-6c92378e6e10,Astroyogi,astrology,money grab,negative_wtp,,both
841f5ad4-37a5-43a0-8aff-b3bc4302a8e5,Astroyogi,astrology,scam,negative_wtp,,both
e4203107-2bc6-46da-955f-e15f7f8a0cfb,Astroyogi,astrology,waste of money,negative_wtp,,both
ece1608b-a4ef-4b1e-86d7-310bd8bbc031,Astroyogi,astrology,scam,negative_wtp,,both
b0d7b4cc-5589-4906-b6b2-2db8b31e0b66,Astroyogi,astrology,Loot,negative_wtp,,both
eae58d3b-6f1e-4783-8727-2d275ea05585,Astroyogi,astrology,scam,negative_wtp,,both
2ecb9da4-a314-4d55-a705-02a4e452a32f,Astroyogi,astrology,scam,negative_wtp,,both
e6f3970e-a97b-4861-bb3a-f9f586c1232a,Astroyogi,astrology,loot,negative_wtp,,both
6445160e-c6ad-4b9d-ba1b-2891456d84c8,Astroyogi,astrology,scam,negative_wtp,,both
917a3013-6b59-4fa2-bd39-420826a59d05,Astroyogi,astrology,scam,negative_wtp,,both
560dd3f8-a944-4783-99e4-7ff0fb729846,Astroyogi,astrology,worth the price,positive_wtp,,both
560dd3f8-a944-4783-99e4-7ff0fb729846,Astroyogi,astrology,waste of money,negative_wtp,,both
560dd3f8-a944-4783-99e4-7ff0fb729846,Astroyogi,astrology,scam,negative_wtp,,both
ed344050-8dae-4b0c-aaaa-32043fb18912,Astroyogi,astrology,loot,negative_wtp,,both
3b142721-3fbd-4420-8f00-29457ac9e1b1,Astroyogi,astrology,scam,negative_wtp,,both
311dc419-5e52-4006-a45c-621baa4a048b,Astroyogi,astrology,loot,negative_wtp,,both
0544dfc0-0f30-465d-9976-6b92970d5b88,Astroyogi,astrology,scam,negative_wtp,,both
0544dfc0-0f30-465d-9976-6b92970d5b88,Astroyogi,astrology,scam,negative_wtp,,both
70647d19-169a-4c53-b37d-6628b34ffaa4,Astroyogi,astrology,scam,negative_wtp,,both
cbdb092c-8cc2-4f52-b9d4-a61bc0216323,Astroyogi,astrology,loot,negative_wtp,,both
60099433-11db-456b-bf53-440984fbd19c,Astroyogi,astrology,waste of money,negative_wtp,,both
4db873dc-9b2f-478e-b152-60de5c108c54,Astroyogi,astrology,scam,negative_wtp,,both
4db873dc-9b2f-478e-b152-60de5c108c54,Astroyogi,astrology,scam,negative_wtp,,both
4db873dc-9b2f-478e-b152-60de5c108c54,Astroyogi,astrology,scam,negative_wtp,,both
53890d97-5bb6-4479-b3c2-6217eee920ba,Astroyogi,astrology,scam,negative_wtp,,both
4fff4996-7214-4e6e-a8a3-662950129576,Astroyogi,astrology,scam,negative_wtp,,both
e24ffc4b-2cfd-46c7-8ada-4836b1bbb82e,Astroyogi,astrology,scam,negative_wtp,,both
e4c78469-0eee-49cc-9226-f1423b5b0106,Astroyogi,astrology,scam,negative_wtp,,both
455eec31-74f7-484a-bd44-34bb8ce3a1a9,Astroyogi,astrology,Too expensive,negative_wtp,,both
faf47cbc-3e8d-462c-af65-9c69dafdef9b,Astroyogi,astrology,Scam,negative_wtp,,both
f7f702f3-f8bd-4a57-a486-d95e4c0f458b,Astroyogi,astrology,scam,negative_wtp,,both
da9b1b1d-fa30-4b0a-8181-60272ee36021,Astroyogi,astrology,waste of money,negative_wtp,,both
6e3a4d28-a224-4c99-96c2-af44f8cb1072,Astroyogi,astrology,loot,negative_wtp,,both
909d47e2-65cc-4280-a040-9f00b77d8a79,Astroyogi,astrology,Value for money,positive_wtp,,both
6c7fe778-3c8a-4dfd-b7b7-e7b28652b856,Astroyogi,astrology,too expensive,negative_wtp,,both
fbbf9222-6c52-4cf1-91ed-de328e4fed83,Astroyogi,astrology,scam,negative_wtp,,both
b3611d73-908c-4fc8-a13e-304e6f5f7951,Astroyogi,astrology,Scam,negative_wtp,,both
b3611d73-908c-4fc8-a13e-304e6f5f7951,Astroyogi,astrology,Scam,negative_wtp,,both
34fba4bf-695e-4222-90fa-9a32f6606bda,Astroyogi,astrology,scam,negative_wtp,,both
c8276098-4313-40a2-9c0e-8dd96a02ef23,Astroyogi,astrology,scam,negative_wtp,,both
c8276098-4313-40a2-9c0e-8dd96a02ef23,Astroyogi,astrology,loot,negative_wtp,,both
fe9f1836-38a3-43e7-86b9-1f52d1fc06b0,Astroyogi,astrology,scam,negative_wtp,,both
833493e2-ff33-4338-afc0-22c9a48558c9,Astroyogi,astrology,Waste of money,negative_wtp,,both
63c5246d-6aeb-4a00-b253-bf2ffa50e868,Astroyogi,astrology,scam,negative_wtp,,both
6189c793-5451-42f8-98ce-3ca7f52ce960,Astroyogi,astrology,scam,negative_wtp,,both
c2729e71-d5ac-4435-a0b2-42d3b8c62df9,Astroyogi,astrology,scam,negative_wtp,,both
22aba0ba-59fb-4eab-87be-53a0edee1323,Astroyogi,astrology,scam,negative_wtp,,both
6e9df2ab-f223-4203-8380-59dd270191fc,Astroyogi,astrology,scam,negative_wtp,,both
b33c3d72-d516-47e0-aab2-19f666e90d25,Astroyogi,astrology,reasonable price,positive_wtp,,both
dc388398-8768-4cfa-a11a-b074a0fb6a18,Astroyogi,astrology,scam,negative_wtp,,both
ea936774-315c-42a0-ab2c-3d3d2ba7776a,Astroyogi,astrology,SCAM,negative_wtp,,both
ea936774-315c-42a0-ab2c-3d3d2ba7776a,Astroyogi,astrology,SCAM,negative_wtp,,both
0fc1707e-62d2-4f5b-99e7-7c69a81adf7e,Astroyogi,astrology,scam,negative_wtp,,both
7d61fd29-135c-45b9-a18b-dd4e6c4fae75,Astroyogi,astrology,waste of money,negative_wtp,,both
b55ccea1-8f8b-49f1-b251-7665478d9123,Astroyogi,astrology,value for money,positive_wtp,,both
a75095de-5e2c-4f0f-8b5f-a1fbf87e0ea6,Astroyogi,astrology,scam,negative_wtp,,both
d78ce847-3b77-46a2-8097-f4ec4f3b1dc4,Astroyogi,astrology,waste of money,negative_wtp,,both
fdf5ab7d-7864-4f59-9f0d-d8ce014cc63c,Astroyogi,astrology,scam,negative_wtp,,both
c22fa156-5f91-4272-b045-42349ba337d7,Astroyogi,astrology,scam,negative_wtp,,both
d7d6fad5-b2ac-45ff-be20-b524162c7cc4,Astroyogi,astrology,scam,negative_wtp,,both
d7d6fad5-b2ac-45ff-be20-b524162c7cc4,Astroyogi,astrology,SCAM,negative_wtp,,both
ce83fa3d-6b7a-44dc-ae7d-678322441ec3,Astroyogi,astrology,scam,negative_wtp,,both
aca6d487-39c1-4f21-9b62-a51753bdf899,Astroyogi,astrology,loot,negative_wtp,,both
b81665d3-7061-44f3-a4cd-489cf6fd7e92,Astroyogi,astrology,scam,negative_wtp,,both
1983d780-6133-4526-8005-7420d1feb182,Astroyogi,astrology,scam,negative_wtp,,both
e2948efc-2eb3-4a0b-b362-2f80d07ac17d,Astroyogi,astrology,scam,negative_wtp,,both
493547d6-5b20-482c-ac04-c14e562a1fb6,Astroyogi,astrology,scam,negative_wtp,,both
83d7ad82-2273-4aad-86ba-5f56258d3595,Astroyogi,astrology,waste of money,negative_wtp,,both
bcf2b294-f3b0-4491-9f4f-2b044e11ad98,Astroyogi,astrology,loot,negative_wtp,,both
bcf2b294-f3b0-4491-9f4f-2b044e11ad98,Astroyogi,astrology,loot,negative_wtp,,both
b340ae81-da4d-4db0-882a-48ab3ddb3cc1,Astroyogi,astrology,good value,positive_wtp,,both
b340ae81-da4d-4db0-882a-48ab3ddb3cc1,Astroyogi,astrology,value for money,positive_wtp,,both
7849ad9d-7822-4c96-87d3-cc7b3e04007f,Astroyogi,astrology,loot,negative_wtp,,both
cce7732c-a2d8-4d69-be2f-2ad5b43fc7c9,Astroyogi,astrology,Worth every penny,positive_wtp,,both
768b96ee-6679-483c-a771-4fdb85af4a96,Astroyogi,astrology,value for money,positive_wtp,,both
e3974cb9-20b0-43e5-8ac8-939cd5d69853,Astroyogi,astrology,scam,negative_wtp,,both
bf3581f1-f665-408a-b484-6c8c5fa5ef8b,Astroyogi,astrology,waste of money,negative_wtp,,both
51bdbecc-7fda-45b4-8d86-424b7b02aa73,Astroyogi,astrology,waste of money,negative_wtp,,both
e3c66615-7dd5-4d03-9cd8-b0cd605ddf3c,Astroyogi,astrology,waste of money,negative_wtp,,both
b0bb5431-e382-4bec-897b-f12765e89036,Astroyogi,astrology,waste of money,negative_wtp,,both
562efce7-ea6a-4a36-bdfd-22cf3ad4070c,Astroyogi,astrology,waste of money,negative_wtp,,both
9490cb99-99a6-420c-90e2-8caaa63af360,Astroyogi,astrology,waste of money,negative_wtp,,both
2cad5d55-fc19-412e-a518-fe3d18570862,Astroyogi,astrology,waste of money,negative_wtp,,both
01281c44-1152-43a6-a962-902a8d786515,Astroyogi,astrology,waste of money,negative_wtp,,both
00e7f5b7-58b3-49d7-8186-78cf447073cb,Astroyogi,astrology,Waste of money,negative_wtp,,both
facbb2b1-3b26-4424-b359-552503bc82f5,Astroyogi,astrology,loot,negative_wtp,,both
03065a02-8902-45ba-b29e-99564d5849c5,Astroyogi,astrology,waste of money,negative_wtp,,both
7c76cefa-6f16-4ed1-a8f1-c731893e9607,Astroyogi,astrology,waste of money,negative_wtp,,both
7c76cefa-6f16-4ed1-a8f1-c731893e9607,Astroyogi,astrology,waste of money,negative_wtp,,both
5de41421-20cc-4a79-b728-7f74245c9541,Astroyogi,astrology,scam,negative_wtp,,both
1669d1a3-90a8-4657-abc8-c696acc8c549,Astroyogi,astrology,scam,negative_wtp,,both
c8ec8ae2-3a5c-4979-a030-89678fa0dc1b,Astroyogi,astrology,scam,negative_wtp,,both
9d98f327-7bff-4101-905b-92c0c7e5d1f4,Astroyogi,astrology,loot,negative_wtp,,both
4b7a1d38-7611-4fab-9123-4283de1e6750,Astroyogi,astrology,waste of money,negative_wtp,,both
0f122569-718a-4dbe-b938-36b2fe018639,Astroyogi,astrology,scam,negative_wtp,,both
69df8ded-93c8-4eaf-8789-459bb23c134b,Astroyogi,astrology,scam,negative_wtp,,both
57dd91ed-bac0-4fdb-8524-4f205c37f8c0,Astroyogi,astrology,scam,negative_wtp,,both
9d9c174b-f193-40fb-874f-253307b78a64,Astroyogi,astrology,scam,negative_wtp,,both
26356797-3b7d-4304-ab2c-91e03fb09077,Astroyogi,astrology,scam,negative_wtp,,both
76add8cb-2df7-461f-a89f-2de75a74de01,Astroyogi,astrology,scam,negative_wtp,,both
afd27b03-49af-4dd4-9588-ba119b42f858,Astroyogi,astrology,scam,negative_wtp,,both
1a56cb1e-6451-4b0a-add5-0f15402bdb12,Astroyogi,astrology,scam,negative_wtp,,both
ef3e4d07-fad8-4547-90ed-4beaffe0f357,Astroyogi,astrology,scam,negative_wtp,,both
ffcadb11-240a-4586-8b88-1fb900240e0f,Astroyogi,astrology,scam,negative_wtp,,both
66ae50ee-20b8-4224-b85e-2495a6b1aacf,Astroyogi,astrology,scam,negative_wtp,,both
e386be2a-1773-40b5-897c-e7c8bf382451,Astroyogi,astrology,scam,negative_wtp,,both
a2fa8883-4813-4bdf-892e-0d1fa07ebe5a,Astroyogi,astrology,reasonable price,positive_wtp,,both
e36299e6-fae7-483d-a4db-3ace4ddc9ec5,Astroyogi,astrology,scam,negative_wtp,,both
3d8cbd67-a089-45a0-be7c-4bc1ae7a18a7,Astroyogi,astrology,scam,negative_wtp,,both
61f8c94c-2b45-49ea-8533-25c4c2083769,Astroyogi,astrology,scam,negative_wtp,,both
d89b3b45-5485-4a67-b625-cb335e02e5a9,Astroyogi,astrology,scam,negative_wtp,,both
0ef34809-8e41-472e-8dac-587c7578349a,Astroyogi,astrology,too expensive,negative_wtp,,both
3a6bc37c-3de6-45bd-8ca8-19f4a8433608,Astroyogi,astrology,scam,negative_wtp,,both
a3759876-daef-4e1d-b16e-ab2292ca2356,Astroyogi,astrology,if they add,conditional_wtp,,both
fbbfbf59-6323-4d1c-ac60-b85d8b27ab7b,Astroyogi,astrology,Value for money,positive_wtp,,both
29be086f-7a91-48fd-8de7-522e4191bd9d,Astroyogi,astrology,waste of money,negative_wtp,,both
27ad87dd-ebb4-4fbf-8193-6a3295949e76,Astroyogi,astrology,Scam,negative_wtp,,both
951ab123-a14b-4c2b-ada8-ea84117447e7,Astroyogi,astrology,scam,negative_wtp,,both
8b1fa69f-2ba2-4f1b-b3bc-47a16facdd20,Astroyogi,astrology,fair price,positive_wtp,,both
b63fb2f4-89d3-47dc-8018-bca5185ba9e3,Astroyogi,astrology,Scam,negative_wtp,,both
0a171af8-e028-4d67-9b39-260e261afae9,Astroyogi,astrology,loot,negative_wtp,,both
46627ae5-e4fd-4875-8628-9d5d25aed9cc,Astroyogi,astrology,waste of money,negative_wtp,,both
cacbd7f2-2403-4249-b608-49d16fe38e50,Astroyogi,astrology,scam,negative_wtp,,both
a96c8e6b-a907-4fd5-aa2b-f31bcd9d499a,Astroyogi,astrology,scam,negative_wtp,,both
9cc11443-134a-446c-bc8f-c4eba9bb7801,Astroyogi,astrology,waste of money,negative_wtp,,both
9b3d3756-9eee-4e5b-9c47-fc9d2ecebfde,Astroyogi,astrology,value for money,positive_wtp,,both
f6a0e8f3-5da1-4593-a07b-923ebfe188a4,Astroyogi,astrology,scam,negative_wtp,,both
edaac7b9-a61e-4ee6-b882-67c08eb87d7b,Astroyogi,astrology,reasonable price,positive_wtp,,both
82660ceb-f13c-43b3-a05b-f97c5fefb0c8,Astroyogi,astrology,waste of money,negative_wtp,,both
647b5f44-3036-41a4-a7b4-5f32e793d995,Astroyogi,astrology,scam,negative_wtp,,both
1506ac44-5afc-44a3-a74d-8ec9088b9207,Astroyogi,astrology,scam,negative_wtp,,both
21701d46-9958-42bd-b027-609f42bd9327,Astroyogi,astrology,scam,negative_wtp,,both
21701d46-9958-42bd-b027-609f42bd9327,Astroyogi,astrology,scam,negative_wtp,,both
4bf3ea1e-3cf3-4a9f-ac31-27a14ec46384,Astroyogi,astrology,Waste of money,negative_wtp,,both
d1c830d4-7a51-4b07-87dc-2c332c73a6e9,Astroyogi,astrology,Waste of money,negative_wtp,,both
e9ddc8c8-e436-4998-8b73-a430a064a130,Astroyogi,astrology,waste of money,negative_wtp,,both
b54585a2-1222-4484-b1b4-4376a92a2b1f,Astroyogi,astrology,Scam,negative_wtp,,both
b54585a2-1222-4484-b1b4-4376a92a2b1f,Astroyogi,astrology,SCAM,negative_wtp,,both
27946fde-8a5c-4dce-829a-ba9a129f6b73,Astroyogi,astrology,scam,negative_wtp,,both
cbe2d9a9-b29a-487e-90d2-0c0d997a2842,Astroyogi,astrology,scam,negative_wtp,,both
12c0f79d-19b4-4efe-8951-cd6a4b2f82c4,Astroyogi,astrology,scam,negative_wtp,,both
4b55f66e-88e8-415b-8eb8-6b36cfbc7c37,Astroyogi,astrology,waste of money,negative_wtp,,both
6dadde02-1513-42b9-8d1e-865d50dd6fc4,Astroyogi,astrology,loot,negative_wtp,,both
77d05f3b-fb43-4af8-be91-0bfcaa3ab705,Astroyogi,astrology,scam,negative_wtp,,both
77d05f3b-fb43-4af8-be91-0bfcaa3ab705,Astroyogi,astrology,scam,negative_wtp,,both
85e2ffe7-0409-4dd7-9924-f8c35811db5a,Astroyogi,astrology,scam,negative_wtp,,both
05cc1bcd-e543-4eb4-af48-0cf417a5d5c2,Astroyogi,astrology,loot,negative_wtp,,both
80e46b3f-2e9c-4fa9-9cee-04c8cf2d153f,Astroyogi,astrology,scam,negative_wtp,,both
60a6121f-1e0a-4df6-ac46-f1ec207f4dde,Astroyogi,astrology,scam,negative_wtp,kundli,both
b0fb1ddf-a597-4e8f-94cb-0896f77a38a6,Astroyogi,astrology,SCAM,negative_wtp,,both
b0fb1ddf-a597-4e8f-94cb-0896f77a38a6,Astroyogi,astrology,Scam,negative_wtp,,both
5e2d61e6-4192-4046-8421-aa6aa89ec664,Astroyogi,astrology,paisa barbaad,negative_wtp,,both
5d943930-f06f-484d-a3ee-8b7a822f5b3a,Astroyogi,astrology,scam,negative_wtp,,both
a21eb65e-a9d2-4c26-aef0-a9dc9c3d42f7,Astroyogi,astrology,scam,negative_wtp,,both
76728940-e0e9-49f4-aab2-37af0c08af6c,Astroyogi,astrology,scam,negative_wtp,,both
4dc6b346-582b-4e2c-b384-48505c292d2e,Astroyogi,astrology,waste of money,negative_wtp,,both
23f6a576-14a1-42af-9f04-2dcb367850c7,Astroyogi,astrology,scam,negative_wtp,,both
ff49c297-1995-4fd3-b702-cfc2f9af7514,Astroyogi,astrology,scam,negative_wtp,,both
3c8fc480-34b7-498f-bfee-b056a3eac5b1,Astroyogi,astrology,not worth,negative_wtp,,both
772bc26d-a321-40cd-8528-32c4912d4663,Astroyogi,astrology,waste of money,negative_wtp,,both
15e1acac-7373-428c-9dfc-12e15aa0d90f,Astroyogi,astrology,waste of money,negative_wtp,,both
1fcc1a9b-a1d2-412b-9ace-dcb9ff1a5134,Astroyogi,astrology,value for money,positive_wtp,,both
788406be-27ff-44a4-b26b-4c8206d671d1,Astroyogi,astrology,scam,negative_wtp,,both
7f9e0b0c-f0e6-4069-beee-d7e03e0c7248,Astroyogi,astrology,scam,negative_wtp,,both
fe5ddfc5-9920-4ae8-b380-8050a5126d0d,Astroyogi,astrology,scam,negative_wtp,,both
adc70ea7-8738-4b33-9ecc-88832c666092,Astroyogi,astrology,scam,negative_wtp,,both
3e5ebbcb-bd23-4a28-bc2f-422473cef074,Astroyogi,astrology,scam,negative_wtp,,both
2564251f-0be0-4496-839b-362221f4bf82,Astroyogi,astrology,scam,negative_wtp,,both
85b70f4c-b6c5-49f7-b1a8-4bfe8431e361,Astroyogi,astrology,scam,negative_wtp,,both
6e2b72ea-b66e-464a-badb-6ddeff5338ef,Astroyogi,astrology,loot,negative_wtp,,both
93f863d2-0f1d-4490-879c-900539252708,Astroyogi,astrology,scam,negative_wtp,,both
a47ca47f-93ec-4424-af33-29515b457aec,Astroyogi,astrology,scam,negative_wtp,,both
097a8248-422a-4810-b2c8-4f54af113493,Astroyogi,astrology,scam,negative_wtp,,both
a71e7d1e-5e45-46e3-a939-2b24bb6813cb,Astroyogi,astrology,Scam,negative_wtp,,both
7af1b06e-094f-4650-89e4-b1dde5fa3e55,Astroyogi,astrology,scam,negative_wtp,,both
248b684a-d9ae-47ac-a856-f1ab761b4e35,Astroyogi,astrology,scam,negative_wtp,,both
01e64a36-cd74-4f03-b51d-7a18aafc6ec4,Astroyogi,astrology,scam,negative_wtp,,both
dbcba3d7-0974-4fa8-abd6-6811ec01b3d6,Astroyogi,astrology,scam,negative_wtp,,both
24ed1904-5a0e-4c07-aabc-1e8bde6d5f67,Astroyogi,astrology,scam,negative_wtp,,both
13efdca2-51e6-4814-bcf6-42efb37e4838,Astroyogi,astrology,overpriced,negative_wtp,remedies,both
aab6f4a5-ae42-4530-ab4c-bfd4d3dca2e3,Astroyogi,astrology,scam,negative_wtp,,both
30a9a492-eef3-4a0f-8ec3-13a0e6206ebf,Astroyogi,astrology,loot,negative_wtp,,both
e2990fc4-ac96-4b2b-bdc9-4cf1648b34c4,Astroyogi,astrology,waste of money,negative_wtp,,both
e5035f8c-cd79-4986-bb54-9d320a78b936,Astroyogi,astrology,paisa barbaad,negative_wtp,,both
cc2e5166-bf0b-41bd-8db0-1d8e61821322,Astroyogi,astrology,scam,negative_wtp,,both
fce7bfd6-f249-4b7c-82e6-7c40db6357a6,Astroyogi,astrology,Waste of money,negative_wtp,,both
e450fd3b-d756-4656-9b3d-abfdcac00527,Astroyogi,astrology,Waste of money,negative_wtp,,both
e450fd3b-d756-4656-9b3d-abfdcac00527,Astroyogi,astrology,scam,negative_wtp,,both
e450fd3b-d756-4656-9b3d-abfdcac00527,Astroyogi,astrology,scam,negative_wtp,,both
d4f4bc22-dfe1-416e-8ea1-1058c0312caf,Astroyogi,astrology,value for money,positive_wtp,,both
3d3ef620-82e2-4c7b-b66a-a7d904286c39,Astroyogi,astrology,Scam,negative_wtp,,both
6ad38a3a-5571-490c-a3dd-a4a84abc1495,Astroyogi,astrology,scam,negative_wtp,,both
07564779-f919-4ad1-ae20-21f7e83c9f84,Astroyogi,astrology,scam,negative_wtp,,both
6f0ab85a-2659-4e3e-a11e-b46b438a95e3,Astroyogi,astrology,scam,negative_wtp,,both
9ded2fc0-cbce-4056-8529-bdda83b6128c,Astroyogi,astrology,scam,negative_wtp,,both
57019103-36d0-4e65-8cd4-a2e75c062b37,Astroyogi,astrology,scam,negative_wtp,,both
1f27e5a2-a558-4b2d-8994-7fca83fc1293,Astroyogi,astrology,scam,negative_wtp,,both
0d3f411b-7101-4b82-905e-2853253947cb,Astroyogi,astrology,scam,negative_wtp,,both
a0a1ee78-d490-4e19-98d5-f345423a3400,Astroyogi,astrology,scam,negative_wtp,,both
5bebad55-d011-4fd1-bcba-951b7de4b901,Astroyogi,astrology,scam,negative_wtp,,both
b2306bb8-d15f-46a1-8bf4-ddc3693a0f4f,Astroyogi,astrology,scam,negative_wtp,,both
b2306bb8-d15f-46a1-8bf4-ddc3693a0f4f,Astroyogi,astrology,scam,negative_wtp,,both
38152263-1a2a-4d3a-a4ea-9a8c9f975e83,Astroyogi,astrology,scam,negative_wtp,,both
5c7ea87c-f6f6-4151-869b-bdd83a7c3736,Astroyogi,astrology,scam,negative_wtp,,both
90901738-65f0-450e-89c2-e113ce03a9d2,Astroyogi,astrology,scam,negative_wtp,,both
d3414a86-6b3b-4d04-848d-7cb5fcb6e66a,Astroyogi,astrology,scam,negative_wtp,,both
c66abe4e-72a2-4c6e-a9bb-317294467e8c,Astroyogi,astrology,scam,negative_wtp,,both
08c11bde-0ec8-45d5-903b-516d194853f5,Astroyogi,astrology,scam,negative_wtp,,both
506e10f0-c5c2-47c0-8ce9-980f3ac71031,Astroyogi,astrology,scam,negative_wtp,,both
e8749f43-4bd3-4956-badc-fc954d0a97fc,Astroyogi,astrology,scam,negative_wtp,,both
692c5f0e-a29e-4bcf-a45c-904a13f84c95,Astroyogi,astrology,scam,negative_wtp,,both
687078b4-3a4c-451e-88f6-62caa75aa3f2,Astroyogi,astrology,scam,negative_wtp,,both
8ac657c2-8ef4-48e7-863f-104efec51b08,Astroyogi,astrology,scam,negative_wtp,,both
44dea8fa-60bb-4aee-832e-5e8f21552639,Astroyogi,astrology,SCAM,negative_wtp,,both
c7e1cd4f-aef9-4027-a19e-768c6ff482b8,Astroyogi,astrology,scam,negative_wtp,horoscope,both
20e3e910-72e8-486e-80a7-389783b19600,Astroyogi,astrology,scam,negative_wtp,,both
f2a114a0-7cfa-42d6-a3e1-8bc0cf2eb9e2,Astroyogi,astrology,scam,negative_wtp,,both
27f14ffd-c49c-47e6-a8d1-9ae3e0f9589f,Astroyogi,astrology,scam,negative_wtp,,both
eea7f7d9-762e-4b3a-9b49-1b721a4fd585,Astroyogi,astrology,scam,negative_wtp,,both
83a1dd4b-f45d-47f0-90d4-8ea33cf44241,Astroyogi,astrology,scam,negative_wtp,,both
dacbae93-b9f2-4a7b-b45f-71f25177e2ae,Astroyogi,astrology,scam,negative_wtp,,both
747df794-19ad-444b-aea1-e9b6cea8536e,Astroyogi,astrology,scam,negative_wtp,,both
f3369eeb-6774-4d0d-b8fe-32235e092d5b,Astroyogi,astrology,scam,negative_wtp,,both
1f84d68d-3a83-4266-9ddb-c35970baa4f8,Astroyogi,astrology,scam,negative_wtp,,both
1ba73be3-9d0c-4f3e-a4bb-85e3c0927676,Astroyogi,astrology,scam,negative_wtp,,both
bf4b419a-f4eb-42fd-ae65-ebfc68cd51ed,Astroyogi,astrology,scam,negative_wtp,,both
412ec7c0-db9f-4aca-b95f-7a5bd3468e0c,Astroyogi,astrology,scam,negative_wtp,,both
dd5e8b9e-d7b2-4c47-89bc-6a4174ef675a,Astroyogi,astrology,scam,negative_wtp,,both
5728ef94-9d3c-41b8-b217-3649ebd43799,Astroyogi,astrology,scam,negative_wtp,,both
002ba3c4-c7d8-40b1-a09d-78e8ceb9744b,Astroyogi,astrology,Scam,negative_wtp,,both
db67413a-73d6-4cb9-a129-4b586f6c3bba,Astroyogi,astrology,scam,negative_wtp,,both
160177e8-49cc-40d1-a121-1152857bd22a,Astroyogi,astrology,scam,negative_wtp,,both
23200ec3-d82e-4c8b-9b0c-e1dfc8b54745,Astroyogi,astrology,scam,negative_wtp,,both
565c7ca0-62fb-4a90-80ca-1eb66d4edb61,Astroyogi,astrology,scam,negative_wtp,,both
5c7c7de0-54a6-4458-87df-52d8b022f268,Astroyogi,astrology,SCAM,negative_wtp,,both
63a1b590-d0ad-4bc6-8db3-b6a8cfe1f1f6,Astroyogi,astrology,Scam,negative_wtp,,both
0a6508c7-9fdf-4a13-86a6-58adc4cb37b5,Astroyogi,astrology,scam,negative_wtp,,both
6cf3acb3-e03f-4c11-8f06-37e14c6d5bc7,Astroyogi,astrology,scam,negative_wtp,,both
4c06f55c-850b-408c-b075-e3a9dda20710,Astroyogi,astrology,scam,negative_wtp,,both
165f905e-d6f7-4af3-ab24-63c3c6ec5ac8,Astroyogi,astrology,scam,negative_wtp,,both
e68e84f8-5a81-4d21-8659-a8eeaada9aa6,Astroyogi,astrology,scam,negative_wtp,,both
74345515-1fc1-4da3-a0c6-afebebfcf004,Astroyogi,astrology,scam,negative_wtp,,both
dffe8bf0-8394-4b01-915c-67cd64538f68,Astroyogi,astrology,scam,negative_wtp,,both
4bc9d049-b127-43e6-bb48-9b6b587df4b5,Astroyogi,astrology,scam,negative_wtp,,both
4bb4a302-43b3-418d-ab28-22f21a187f22,Astroyogi,astrology,scam,negative_wtp,,both
4c6b2a4f-cd31-40dc-88c1-337620612229,Astroyogi,astrology,scam,negative_wtp,,both
1f184dd2-fcab-449f-a2f5-307a5ca4ad06,Astroyogi,astrology,scam,negative_wtp,,both
4b359501-f018-4718-a8fc-79d5ec9b2492,Astroyogi,astrology,scam,negative_wtp,,both
ef62455a-1dd1-436a-a768-0f6a522196ab,Astroyogi,astrology,scam,negative_wtp,,both
bf4d16ee-a718-47b6-87e7-a839db329669,Astroyogi,astrology,scam,negative_wtp,,both
ffdba98f-10fa-4db1-88d0-b1d087f81d4e,Astroyogi,astrology,scam,negative_wtp,,both
03dc6b76-8f36-4b18-8017-31f5502924dd,Astroyogi,astrology,scam,negative_wtp,,both
4c91ee1e-9b0f-423f-aab7-1465f7ac900d,Astroyogi,astrology,scam,negative_wtp,,both
e88092af-1f00-454f-be31-178ddadc2cd3,Astroyogi,astrology,scam,negative_wtp,,both
69e55a6d-b883-4cba-bde5-a2928060b0ff,Astroyogi,astrology,scam,negative_wtp,,both
ec20edba-aca0-4e4e-bcd0-59448a181aed,Astroyogi,astrology,scam,negative_wtp,,both
140d8eda-71b0-4a05-8704-c4c99925b266,Astroyogi,astrology,scam,negative_wtp,,both
f42fc2e4-ea15-4ade-b885-e148741c79cf,Astroyogi,astrology,loot,negative_wtp,,both
88116ed8-71a3-41f2-ace8-26fbb2678ffe,Astroyogi,astrology,scam,negative_wtp,,both
8729f781-fbb9-44ce-a2fa-650baecc9b1d,Astroyogi,astrology,loot,negative_wtp,,both
1fa13af4-26dd-41d5-8d54-a524381484ed,Astroyogi,astrology,scam,negative_wtp,,both
14a02416-48eb-4013-910e-f7b6afc433ec,Astroyogi,astrology,scam,negative_wtp,,both
14a02416-48eb-4013-910e-f7b6afc433ec,Astroyogi,astrology,scam,negative_wtp,,both
8f2caf5e-6633-4d89-bc8d-628808833c83,Astroyogi,astrology,scam,negative_wtp,,both
2e262f88-9e30-4090-a2e6-86cb44d6427f,Astroyogi,astrology,Scam,negative_wtp,,both
4a235551-e16e-4b2c-bea5-31f1a5db584b,Astroyogi,astrology,scam,negative_wtp,,both
3006d321-0fe8-498b-8218-305bd4a6bd05,Astroyogi,astrology,scam,negative_wtp,,both
dd750bfa-47ac-41a8-9317-64778a266b89,Astroyogi,astrology,scam,negative_wtp,,both
2f0a4962-07dc-4d65-8d72-66ca652bf74a,Astroyogi,astrology,scam,negative_wtp,,both
c9aca1d4-49b1-4c72-86be-8445581475f7,Astroyogi,astrology,scam,negative_wtp,,both
6bc20df9-4007-44f8-a5ad-01ec4b2d6e5c,Astroyogi,astrology,scam,negative_wtp,,both
b64cdce9-4ca4-425a-978b-7b63c1979692,Astroyogi,astrology,scam,negative_wtp,,both
7b78ce94-5deb-4aa4-8f63-33b908d2b196,Astroyogi,astrology,scam,negative_wtp,,both
1a572224-1946-4ff0-8373-6925ffe98374,Astroyogi,astrology,scam,negative_wtp,,both
d5cf5f14-a279-4f52-b59c-64187295076a,Astroyogi,astrology,scam,negative_wtp,,both
11e10cdd-7344-4d67-ba08-fbe87aecb100,Astroyogi,astrology,scam,negative_wtp,,both
69a2b199-2aca-421e-b06f-661474f66cae,Astroyogi,astrology,scam,negative_wtp,,both
2cafaa92-bb1b-44f3-86f4-15d99a98030b,Astroyogi,astrology,scam,negative_wtp,,both
657a0d55-426d-46f5-b15f-4f479f2846b5,Astroyogi,astrology,Scam,negative_wtp,,both
c24c2bff-d67e-42b5-9bbc-163b98bbfc6c,Astroyogi,astrology,Scam,negative_wtp,,both
887034dd-76a4-42e5-8976-075017d918d8,Astroyogi,astrology,loot,negative_wtp,,both
67590725-72d7-4470-9314-2242754065a0,Astroyogi,astrology,scam,negative_wtp,,both
e657d4d3-2e79-4b49-82d6-bfb2f614b153,Astroyogi,astrology,scam,negative_wtp,,both
dca302b6-e392-42d3-a8fa-f4b1f012b524,Astroyogi,astrology,scam,negative_wtp,,both
63bf5415-a80e-43d0-955d-c4eab5ba6d80,Astroyogi,astrology,scam,negative_wtp,,both
10859b31-8017-4c64-943f-b4d715df8cc2,Astroyogi,astrology,scam,negative_wtp,,both
6cf1b827-e798-4296-b84f-b0fb156a377e,Astroyogi,astrology,scam,negative_wtp,,both
7b361a33-101b-4f19-9a76-f0dffc5ab5ff,Astroyogi,astrology,scam,negative_wtp,,both
92739b22-66c5-4840-86a4-73895ffe76a8,Astroyogi,astrology,scam,negative_wtp,,both
dd3bb77a-c4c3-41a7-978d-1bb0c9e29d33,Astroyogi,astrology,scam,negative_wtp,,both
48fdfbef-cc08-4cc4-952e-d51ca65469ef,Astroyogi,astrology,good value,positive_wtp,,both
2814816e-82cc-443e-a47b-96195eff418a,Astroyogi,astrology,scam,negative_wtp,,both
d624a6ba-87f9-4f3a-8f6d-6abb2d460945,Astroyogi,astrology,Waste of money,negative_wtp,,both
0b703ea4-cc8a-4ab8-87d5-83f4ad9842d8,Astroyogi,astrology,reasonable price,positive_wtp,,both
3ed80cf8-90a2-43aa-b4da-5e22fd9a8513,Astroyogi,astrology,not worth,negative_wtp,,both
daaba2d8-56a7-489b-a8c0-5450275f39f9,Astroyogi,astrology,scam,negative_wtp,,both
92659348-a6e0-4ccb-be8f-5e826bb7d649,Astroyogi,astrology,loot,negative_wtp,,both
25e6f824-3308-4c2a-a4c5-6d058a4500d2,Astroyogi,astrology,scam,negative_wtp,,both
b52d6093-c464-40fa-a42a-7411fa057a10,Astroyogi,astrology,Scam,negative_wtp,,both
58ffb187-020c-40ec-af90-e0f992b1319c,Astroyogi,astrology,scam,negative_wtp,,both
1b083fdb-0c88-4cc6-8df6-f4fc07438fe5,Astroyogi,astrology,scam,negative_wtp,,both
dfa5e1b1-7254-479f-b000-b3bc06537068,Astroyogi,astrology,scam,negative_wtp,,both
7d41b44f-97b1-401f-bd2e-4a2552321d97,Astroyogi,astrology,scam,negative_wtp,,both
931627df-74aa-4d08-bb22-d99c4332a4c2,Astroyogi,astrology,not worth,negative_wtp,,both
f473a55f-79df-4f1b-b811-482ce84ec983,Astroyogi,astrology,scam,negative_wtp,,both
f473a55f-79df-4f1b-b811-482ce84ec983,Astroyogi,astrology,scam,negative_wtp,,both
b112258b-cbae-4665-9e97-52a5a8a9de94,Astroyogi,astrology,Waste of money,negative_wtp,,both
6312e4ee-029d-40fa-8674-0249662d18db,Astroyogi,astrology,waste of money,negative_wtp,,both
9866d52d-e474-4ab9-b816-6c0e15c27370,Astroyogi,astrology,scam,negative_wtp,,both
6bea90de-a999-48b8-b05f-5d33f2112ad4,Astroyogi,astrology,scam,negative_wtp,,both
cc9116c6-08b6-46dc-ac35-53f585778495,Astroyogi,astrology,Scam,negative_wtp,,both
c0fb4134-d04d-47cc-ae25-c20b998b3b03,Astroyogi,astrology,scam,negative_wtp,,both
fb10a225-b3b5-4eda-ad83-67cbb239d9eb,Astroyogi,astrology,value for money,positive_wtp,,both
0d9ff61a-19d4-482c-84e4-37ae82ec77a8,Astroyogi,astrology,scam,negative_wtp,,both
87d88a51-7588-4137-8f80-afb72ded66c0,Astroyogi,astrology,scam,negative_wtp,,both
0bd147cc-5d93-4fbc-9649-ada386ee89a3,Astroyogi,astrology,scam,negative_wtp,,both
12aeddad-c73e-41a4-ad54-32cf7861b4fc,Astroyogi,astrology,Waste of money,negative_wtp,,both
6d08e64d-3ebf-4c90-98ef-284060c7a312,Astroyogi,astrology,worth every penny,positive_wtp,,both
725d0ddf-c7a0-4acc-8f8b-6b64a52f6d86,Astroyogi,astrology,waste of money,negative_wtp,tarot,both
82050d40-74c4-447d-b342-7e9db25f2270,Astroyogi,astrology,waste of money,negative_wtp,remedies,both
fe29db5c-6bd9-4927-a19b-ddda1ddf57bd,Astroyogi,astrology,scam,negative_wtp,,both
6b2a430b-6379-4def-8808-b1803ae17da8,Astroyogi,astrology,Scam,negative_wtp,,both
4707d20b-be1e-4291-85b1-fbf9045d9627,Astroyogi,astrology,scam,negative_wtp,,both
6d765c31-03c8-4288-a140-1365c169019d,Astroyogi,astrology,scam,negative_wtp,,both
1916b05a-6168-491e-a0de-8c988cba54dc,Astroyogi,astrology,scam,negative_wtp,,both
812b85d5-ba90-4e2e-90f2-95ce46fa912b,Astroyogi,astrology,scam,negative_wtp,,both
220109e9-eaaf-440e-a2bf-8ad51049ad2f,Astroyogi,astrology,loot,negative_wtp,,both
1e9a9a71-38a9-402a-b1d9-1941321626b4,Astroyogi,astrology,loot,negative_wtp,,both
bda1f7ea-8444-413b-b307-8a1f9b64581e,Astroyogi,astrology,Too expensive,negative_wtp,,both
5310c53f-3512-4f08-9a0e-c66f1aa462f8,Astroyogi,astrology,too expensive,negative_wtp,,both
5310c53f-3512-4f08-9a0e-c66f1aa462f8,Astroyogi,astrology,scam,negative_wtp,,both
ddc05c13-9612-4179-ade0-bc63c3e9852d,Astroyogi,astrology,scam,negative_wtp,,both
86020d56-13d3-4810-958f-a7a7fc90fa31,Astroyogi,astrology,Scam,negative_wtp,,both
aa1ed856-a7a8-40e7-8748-f302d9d9e934,Astroyogi,astrology,loot,negative_wtp,,both
5dd8381b-0dee-4536-b9cd-17b37f814ed7,Astroyogi,astrology,Not worth,negative_wtp,,both
e829b077-fc27-46aa-b7ba-4934f2a8fb53,Astroyogi,astrology,Scam,negative_wtp,,both
c6aa8258-7815-4707-ab03-431383cd5a6f,Astroyogi,astrology,not worth,negative_wtp,,both
673fec5a-e951-44ed-80e2-66d55e8494bd,Astroyogi,astrology,scam,negative_wtp,,both
13a21dbb-d58d-4a8e-b400-ec3f4fe165b5,Astroyogi,astrology,scam,negative_wtp,,both
13a21dbb-d58d-4a8e-b400-ec3f4fe165b5,Astroyogi,astrology,scam,negative_wtp,,both
83d3dd02-d0c7-4a52-a9bb-0e3353f78c5c,Astroyogi,astrology,scam,negative_wtp,,both
82faf87d-0e5a-4cfa-ad51-f4f5c8d94dbe,Astroyogi,astrology,waste of money,negative_wtp,,both
7658ba96-c2a9-490a-bb59-2ed30c5149e7,Astroyogi,astrology,waste of money,negative_wtp,,both
2b877666-bdec-4fc5-88e1-20fdb465f330,Astroyogi,astrology,loot,negative_wtp,kundli,both
2b877666-bdec-4fc5-88e1-20fdb465f330,Astroyogi,astrology,loot,negative_wtp,kundli,both
e0a96cb9-2c10-4f26-a8ec-9d6322e0e466,Astroyogi,astrology,waste of money,negative_wtp,,both
929de5b0-e072-472d-be06-c67760162063,Astroyogi,astrology,scam,negative_wtp,,both
e54bda7c-84c0-48a9-a282-6aeeb9203370,Astroyogi,astrology,scam,negative_wtp,,both
9c8e2adc-f92b-439b-826f-9c6335f9066f,Astroyogi,astrology,Waste of money,negative_wtp,,both
7b7e1694-615a-442a-b2d2-f98287f15ecc,Astroyogi,astrology,waste of money,negative_wtp,,both
6f64adb5-31e5-4547-9bb1-d315b7a64c06,Astroyogi,astrology,loot,negative_wtp,,both
626e4888-c37e-45cf-b1e6-be2c9e7af1f2,Astroyogi,astrology,scam,negative_wtp,,both
3788bd77-a0dc-42ad-aede-2778abf45b32,Astroyogi,astrology,waste of money,negative_wtp,pooja,both
29ecb773-6152-4442-8365-bb7e9da67724,Astroyogi,astrology,Too expensive,negative_wtp,,both
599fa3ca-b75d-45ae-aef2-69bded19faee,Astroyogi,astrology,scam,negative_wtp,,both
e8ce7a0a-42a9-4c22-86a7-9069a79607e0,Astroyogi,astrology,scam,negative_wtp,,both
ef650c73-2ea5-451c-9a0e-0fda5a71abe3,Astroyogi,astrology,scam,negative_wtp,,both
f236d33b-0dd6-466e-99e8-f8f90185ec90,Astroyogi,astrology,scam,negative_wtp,,both
4de3f316-f333-4323-bc41-400c58958a43,Astroyogi,astrology,scam,negative_wtp,,both
b359ac0c-2d46-4662-aa7d-b103ac3a16f8,Astroyogi,astrology,scam,negative_wtp,,both
9286e168-827d-4f7a-b27a-6cb6ce934a71,Astroyogi,astrology,SCAM,negative_wtp,,both
3db0afd8-7f09-409e-adf7-d8f60291547b,Astroyogi,astrology,Not worth,negative_wtp,,both
ad89768d-e55b-493a-ae98-b309cdb64ed9,Astroyogi,astrology,Scam,negative_wtp,,both
9dbbe3bd-5bc1-482f-be32-f00be8a697ef,Astroyogi,astrology,Not worth,negative_wtp,,both
7dce7309-d065-4a54-90c6-5c45c16271c2,Astroyogi,astrology,scam,negative_wtp,,both
e925d5e9-b7b1-4be3-8e4f-41d78e689368,Astroyogi,astrology,scam,negative_wtp,,both
45feae53-8cb0-4193-a4ff-e0d6cfda2bcd,Astroyogi,astrology,loot,negative_wtp,,both
aeaa68b1-c58b-4919-b43a-c09dcfab259c,Astroyogi,astrology,scam,negative_wtp,,both
dcde8593-f24d-4a39-a515-de19101f80cd,Astroyogi,astrology,scam,negative_wtp,,both
fef66315-d0b5-489d-9846-5571d78fed45,Astroyogi,astrology,scam,negative_wtp,,both
51ce8005-dede-4ca0-8cdc-e536e7d611ba,Astroyogi,astrology,scam,negative_wtp,,both
89899447-b320-4927-9649-4febda4f0b14,Astroyogi,astrology,scam,negative_wtp,,both
7e7b7ad8-2ee7-4d64-8d86-97f26fa139d8,Astroyogi,astrology,scam,negative_wtp,,both
1b73d320-2341-4472-8880-3df5727482fe,Astroyogi,astrology,scam,negative_wtp,,both
1402fac2-6a40-40ed-b59b-543f6e784e59,Astroyogi,astrology,Scam,negative_wtp,kundli,both
1402fac2-6a40-40ed-b59b-543f6e784e59,Astroyogi,astrology,scam,negative_wtp,,both
aeb0b866-ac80-4e4c-8e65-7e6e747744b9,Astroyogi,astrology,Paisa barbaad,negative_wtp,,both
53a1d93e-f424-4111-bf3b-87534e5d06d4,Astroyogi,astrology,scam,negative_wtp,,both
01a7ab08-17f7-4947-a226-de5c2fbf6bc6,Astroyogi,astrology,waste of money,negative_wtp,,both
a56aa1b9-226c-4e3a-880e-3d60e98f2d9f,Astroyogi,astrology,not worth,negative_wtp,,both
88d26a81-747d-4fea-bd75-134f6688f32e,Astroyogi,astrology,Waste of money,negative_wtp,,both
b317e3c8-e1ca-4c27-a830-05a959f603ac,Astroyogi,astrology,scam,negative_wtp,,both
9c6d65c1-5858-4d16-992d-51760bab4513,Astroyogi,astrology,Scam,negative_wtp,,both
9c6d65c1-5858-4d16-992d-51760bab4513,Astroyogi,astrology,scam,negative_wtp,,both
be7843a6-f3c1-4924-8653-b58a3d5bba0b,Astroyogi,astrology,waste of money,negative_wtp,,both
a5c7f676-bab2-4cdb-ba2e-7e612ab3db68,Astroyogi,astrology,Scam,negative_wtp,,both
f7f3648a-e1d9-4381-a736-e122bdf57c55,Astroyogi,astrology,scam,negative_wtp,,both
cdb894fb-3f90-4587-82ae-a460f407e78d,Astroyogi,astrology,scam,negative_wtp,,both
7e496ade-0073-445e-a6ac-39e8d4b840a8,Astroyogi,astrology,scam,negative_wtp,,both
2d5cf360-75a3-48e3-a3db-517537b83487,Astroyogi,astrology,scam,negative_wtp,,both
c81f664c-2bc4-4b3d-8b26-d1cf863e212f,Astroyogi,astrology,scam,negative_wtp,,both
7c645a6c-deca-400f-b675-06ea3196e9bd,Astroyogi,astrology,Loot,negative_wtp,,both
b6298c1c-7ff4-4101-8669-47e674340a32,Astroyogi,astrology,scam,negative_wtp,,both
45459c7e-1d39-4538-bd4e-3e049daca675,Astroyogi,astrology,scam,negative_wtp,,both
656c44bf-62ca-4e43-b86c-e900b0e16caf,Astroyogi,astrology,Waste of money,negative_wtp,,both
be5addc2-4fbf-4923-9bc2-7d12e80f23e1,Astroyogi,astrology,waste of money,negative_wtp,,both
1012c28f-2464-4c97-9f13-707055cf8331,Astroyogi,astrology,Scam,negative_wtp,,both
d8569ca7-2eb6-4ba3-9509-ad724a957742,Astroyogi,astrology,Scam,negative_wtp,,both
044951b3-8c0c-471f-a7ac-1d9885b6c793,Astroyogi,astrology,loot,negative_wtp,,both
5ae7f5c8-6c47-4a6c-9e29-b718b904a2f6,Astroyogi,astrology,Waste of money,negative_wtp,,both
8b208a77-49fe-4567-b324-ff97f31e43ab,Astroyogi,astrology,scam,negative_wtp,,both
3a30d735-d5e7-41cb-a223-cd5a6ce332b6,Astroyogi,astrology,reasonable price,positive_wtp,,both
413a43fc-7bff-429b-ab11-88e3eed69fda,Astroyogi,astrology,scam,negative_wtp,,both
f97a7227-a542-49f9-a8a2-a8e734886437,Astroyogi,astrology,waste of money,negative_wtp,,both
ce63c0ea-4c51-4fa6-ab55-f63c6d77fc77,Astroyogi,astrology,worth the money,positive_wtp,,both
301f4e39-7b8a-4682-bccd-54bd33798b85,Astroyogi,astrology,scam,negative_wtp,,both
8f9d124d-4d32-418c-9880-e9121da1a687,Astroyogi,astrology,value for money,positive_wtp,,both
a70c0794-0e69-4618-a13e-b4ebadf41f82,Astroyogi,astrology,scam,negative_wtp,,both
8aa187cb-0259-4685-80e0-2fc58b09a726,Astroyogi,astrology,loot,negative_wtp,,both
a98d6f76-c369-45cd-829e-303abfcec273,Astroyogi,astrology,waste of money,negative_wtp,pooja,both
75a938a8-295e-48a8-afc1-6fa183d90b35,Astroyogi,astrology,scam,negative_wtp,,both
5fa39748-6f06-4353-b32e-e0022e631358,Astroyogi,astrology,reasonable price,positive_wtp,,both
5fa39748-6f06-4353-b32e-e0022e631358,Astroyogi,astrology,overpriced,negative_wtp,,both
ec1c6f12-ac49-4c14-9266-473e7d12d9f2,Astroyogi,astrology,scam,negative_wtp,,both
e475bab7-613c-4925-8562-eabce16e343b,Astroyogi,astrology,scam,negative_wtp,,both
4e8902d0-b766-467f-ab66-127a63c3c3af,Astroyogi,astrology,SCAM,negative_wtp,,both
3ce5ec77-7dc8-4412-baa2-5c3dcb85ce74,Astroyogi,astrology,Scam,negative_wtp,,both
925700d5-21cf-4336-85cc-37840af872db,Astroyogi,astrology,worth every penny,positive_wtp,,both
b5b2824c-76da-445f-803d-e3d0eea10e35,Astroyogi,astrology,Scam,negative_wtp,,both
50cae34e-d2d7-44dd-95fb-22abbc3b2154,Astroyogi,astrology,loot,negative_wtp,tarot,both
af7f3849-30e6-4915-a2fa-aec179b5d644,Astroyogi,astrology,scam,negative_wtp,,both
840b125e-b5d5-46d2-95fe-c7923036075c,Astroyogi,astrology,loot,negative_wtp,,both
3bf6e066-0830-40d7-a4b7-199d192c2562,Astroyogi,astrology,scam,negative_wtp,,both
f98fb6c3-6fe2-4486-8868-64ab36b08368,Astroyogi,astrology,scam,negative_wtp,,both
4270b414-9efa-4ccb-887b-6b981cb8580e,Astroyogi,astrology,Not worth,negative_wtp,,both
b02f8057-4fda-4507-a829-46a363f56d4d,Astroyogi,astrology,Not worth,negative_wtp,,both
43a5dda3-5ab7-4c56-991e-05b7876f4ef2,Astroyogi,astrology,loot,negative_wtp,,both
ecc93dc2-ab75-427c-a5ef-8b58f451dacc,Astroyogi,astrology,Scam,negative_wtp,,both
220851ea-8ca3-44f7-a6df-f5ee0d148797,Astroyogi,astrology,scam,negative_wtp,,both
674fde9e-f9cf-4aa8-895a-16d926d17927,Astroyogi,astrology,waste of money,negative_wtp,,both
f635853b-027a-4ae9-9f21-6659a994b295,Astroyogi,astrology,Scam,negative_wtp,,both
4c6e9373-f824-4a15-a23d-0c819436c176,Astroyogi,astrology,scam,negative_wtp,,both
56b70e95-5a90-4357-8262-ce14b6ae189c,Astroyogi,astrology,paisa barbaad,negative_wtp,,both
d6dd596f-50ec-4186-81d2-bb497a816dac,Astroyogi,astrology,waste of money,negative_wtp,,both
35bb45d4-62c0-472e-ae27-f6ab41f8abdd,Astroyogi,astrology,loot,negative_wtp,,both
dd3f6c8c-1587-470d-8e8c-66b773cdaffb,Astroyogi,astrology,waste of money,negative_wtp,,both
d329ea80-faf2-4400-906e-fdb4c680e995,Astroyogi,astrology,scam,negative_wtp,,both
29861bc1-7912-4ae7-8936-901e1bff604c,Astroyogi,astrology,scam,negative_wtp,,both
74c9ad8a-0ad7-4da7-b326-3f2e50e0cdf0,Astroyogi,astrology,scam,negative_wtp,,both
93fc3f23-c2eb-4978-9d46-290bbc15eb8f,Astroyogi,astrology,scam,negative_wtp,,both
8b5e1501-6732-4f05-ad1b-b7ea79fc042f,Astroyogi,astrology,worth every penny,positive_wtp,,both
e16d5781-85ca-4bdd-bc1a-df7d2e35790b,Astroyogi,astrology,loot,negative_wtp,,both
9f305398-49dc-4891-a939-9306421c1057,Astroyogi,astrology,worth every penny,positive_wtp,,both
96e4d82b-9271-47be-9629-6306ebab5ce9,Astroyogi,astrology,loot,negative_wtp,,both
aadeb37e-dbd3-43c5-83d2-6283b3e4abe7,Astroyogi,astrology,scam,negative_wtp,kundli,both
882d9e62-b951-4f5a-ad78-d6ec55df6757,Astroyogi,astrology,loot,negative_wtp,,both
8621a54b-4e72-4bf1-a05c-9cb87d6ffb6d,Astroyogi,astrology,loot,negative_wtp,,both
f0ee981b-6be4-4a8f-ba0a-abccb2c4014d,Astroyogi,astrology,waste of money,negative_wtp,,both
1b5f1f79-14ff-4076-8780-0900ba1186a9,Astroyogi,astrology,Scam,negative_wtp,,both
1b5f1f79-14ff-4076-8780-0900ba1186a9,Astroyogi,astrology,scam,negative_wtp,,both
1b5f1f79-14ff-4076-8780-0900ba1186a9,Astroyogi,astrology,scam,negative_wtp,,both
4449ab06-8b47-4ff7-b9b7-ccff805c81f0,Astroyogi,astrology,scam,negative_wtp,,both
2f6167e1-be00-4d29-b0fa-400de5fbb52d,Astroyogi,astrology,scam,negative_wtp,,both
f814da81-690d-4dbb-bb24-68216b75a12c,Astroyogi,astrology,scam,negative_wtp,,both
66f7a5c9-12bc-4634-94f0-4faaebf10b0b,Astroyogi,astrology,SCAM,negative_wtp,,both
66f7a5c9-12bc-4634-94f0-4faaebf10b0b,Astroyogi,astrology,SCAM,negative_wtp,,both
25fc723e-612a-458a-94ab-2eed1991bc6f,Astroyogi,astrology,Scam,negative_wtp,,both
1e0c8524-7ad3-427a-820d-8193f29c07b0,Astroyogi,astrology,loot,negative_wtp,,both
a2f7764b-b53b-4666-ab18-5b734369d5ca,Astroyogi,astrology,waste of money,negative_wtp,,both
9ec9c9e1-8ab3-474c-8659-bfcad25b6157,Astroyogi,astrology,scam,negative_wtp,,both
4b34ae9b-0fe0-49b5-b342-64739babb67d,Astroyogi,astrology,value for money,positive_wtp,,both
45619a8a-9a51-4d0f-a435-a87ab903c8af,Astroyogi,astrology,scam,negative_wtp,,both
e374202b-4516-4868-8d8b-16d2f01bcd82,Astroyogi,astrology,scam,negative_wtp,,both
5209964d-c449-42d2-a525-4415821e4009,Astroyogi,astrology,Waste of money,negative_wtp,,both
6a42b62d-0380-46d7-b156-96334f293c2c,Astroyogi,astrology,Loot,negative_wtp,,both
8edc09cc-5ae2-4f21-a0ed-7cf8fe83021f,Astroyogi,astrology,scam,negative_wtp,,both
42d362e4-891b-4f68-88ef-02dc2025244f,Astroyogi,astrology,not worth,negative_wtp,,both
a2fa71c6-6d99-4ba7-b56c-d57b8ac28d54,Astroyogi,astrology,reasonable price,positive_wtp,remedies,both
e5d229f7-31fb-4ca7-9253-076d7c6a137d,Astroyogi,astrology,Waste of money,negative_wtp,,both
9f73bdb1-4a3e-4388-9e1b-ffa2fab9ddc2,Astroyogi,astrology,Scam,negative_wtp,,both
4dfefdf7-2ccb-48f6-8980-7bc9c6242164,Astroyogi,astrology,scam,negative_wtp,,both
e7025f9b-f8d6-4815-9d82-014bf272d1d6,Astroyogi,astrology,scam,negative_wtp,,both
e7025f9b-f8d6-4815-9d82-014bf272d1d6,Astroyogi,astrology,loot,negative_wtp,,both
1c84319a-098c-4363-a9f6-3235b83f9fd3,Astroyogi,astrology,scam,negative_wtp,,both
fa5637d5-132d-4c63-b466-28f908b0f905,Astroyogi,astrology,money grab,negative_wtp,,both
1f533532-4caf-418b-94f6-73ff5aab5f15,Astroyogi,astrology,worth the money,positive_wtp,,both
25922e65-9ac2-4601-8815-556c6c1e7742,Astroyogi,astrology,scam,negative_wtp,,both
57117cfe-d6bf-4bbb-9674-47e2ce6f9cb1,Astroyogi,astrology,scam,negative_wtp,,both
71492cc7-5443-45ce-bbcd-a288d43df631,Astroyogi,astrology,scam,negative_wtp,,both
4037aedd-0248-47a9-863c-2827c926ad64,Astroyogi,astrology,scam,negative_wtp,,both
4037aedd-0248-47a9-863c-2827c926ad64,Astroyogi,astrology,scam,negative_wtp,,both
0da87b15-b00a-4981-8e8f-a38804c1297a,Astroyogi,astrology,scam,negative_wtp,,both
ef8919b3-c124-4f07-b075-4da48feb966d,Astroyogi,astrology,scam,negative_wtp,,both
a681520d-e025-4bfe-82b5-4bbddb781b7f,Astroyogi,astrology,scam,negative_wtp,,both
ede99455-b756-4512-b29d-6134ef6266de,Astroyogi,astrology,Scam,negative_wtp,,both
523c8baf-3245-4e5e-92b7-491981be4ecf,Astroyogi,astrology,worth the money,positive_wtp,,both
f842993e-f812-43ce-80a7-01ee305371bb,Astroyogi,astrology,loot,negative_wtp,,both
b687b60c-b1fc-462c-a3cc-dc14e7f14e65,Astroyogi,astrology,waste of money,negative_wtp,,both
0cec3ab0-09f2-42ca-97df-21196196c760,Astroyogi,astrology,waste of money,negative_wtp,,both
2bb7c951-9d3c-41b7-b7d5-dc8d2d5e2482,Astroyogi,astrology,Waste of money,negative_wtp,,both
845e0bbd-96aa-4d43-bccb-e822882abadc,Astroyogi,astrology,waste of money,negative_wtp,,both
66d2715b-419a-4e2d-94f3-3f76a56d7922,Astroyogi,astrology,scam,negative_wtp,,both
146b760f-da35-4f7e-b876-39af064ac9ce,Astroyogi,astrology,waste of money,negative_wtp,,both
b05bebfa-b3bc-4b0b-83e1-b14778256e02,Astroyogi,astrology,scam,negative_wtp,,both
0dc615a7-16b3-4d3b-b2d9-cfb4d687f493,Astroyogi,astrology,scam,negative_wtp,,both
77db7820-12d1-43b4-9475-dc94d081c0ef,Astroyogi,astrology,waste of money,negative_wtp,,both
77db7820-12d1-43b4-9475-dc94d081c0ef,Astroyogi,astrology,scam,negative_wtp,,both
8f273b29-a349-4871-b977-99e00ac5f7eb,Astroyogi,astrology,scam,negative_wtp,,both
cc6b2c6a-dd8a-4127-bc7e-c4ce33fe099c,Astroyogi,astrology,loot,negative_wtp,,both
5eafc0a6-c5c0-46fa-8dfb-0c2819472124,Astroyogi,astrology,Waste of money,negative_wtp,,both
a5951a52-7729-443b-8508-2f50facdda2c,Astroyogi,astrology,scam,negative_wtp,,both
b5be8ee9-fc65-43e0-96f2-09a25fd078ec,Astroyogi,astrology,Waste of money,negative_wtp,,both
cec6d56b-7748-4df4-bdf9-2f5b41abd603,Astroyogi,astrology,scam,negative_wtp,,both
a2ab5ec0-c0d2-4806-a0db-a16d7b1d8200,Astroyogi,astrology,scam,negative_wtp,,both
c2c936d5-fe71-449c-822e-06aa8480644e,Astroyogi,astrology,scam,negative_wtp,,both
3226ad3f-8921-4d4f-b4df-0a5c3bc77450,Astroyogi,astrology,scam,negative_wtp,,both
4afc753b-6617-48d9-a9ea-1847bcf60b4a,Astroyogi,astrology,scam,negative_wtp,,both
39873135-4925-4f30-91d9-277743a6f3fc,Astroyogi,astrology,scam,negative_wtp,,both
d9899cc5-de74-4983-8e2e-19d9edc08164,Astroyogi,astrology,scam,negative_wtp,,both
5882142c-d817-46d8-b043-e6cde8def558,Astroyogi,astrology,waste of money,negative_wtp,,both
c432d11a-5289-4f89-8bac-37acb04bdc8c,Astroyogi,astrology,scam,negative_wtp,,both
97d49c83-7089-4ecb-9a8c-b1598f8ad5a0,Astroyogi,astrology,loot,negative_wtp,,both
1912f189-f437-4f90-b7f0-7da897533ed3,Astroyogi,astrology,scam,negative_wtp,,both
1912f189-f437-4f90-b7f0-7da897533ed3,Astroyogi,astrology,scam,negative_wtp,,both
8162315f-e953-4c12-a0e4-a7bb4d689d80,Astroyogi,astrology,Loot,negative_wtp,,both
6600e82b-2eb1-4950-9ec0-398258c6f7a8,Astroyogi,astrology,scam,negative_wtp,,both
b19aad62-b022-4b2c-a68e-3461a89e48ff,Astroyogi,astrology,scam,negative_wtp,,both
dc188e72-b321-4c54-8cd2-7d2023567f65,Astroyogi,astrology,scam,negative_wtp,,both
dc188e72-b321-4c54-8cd2-7d2023567f65,Astroyogi,astrology,loot,negative_wtp,,both
7210afe6-8888-466e-b752-f0cae0f463a7,Astroyogi,astrology,scam,negative_wtp,,both
63117f5f-ec5e-49a8-9d60-1c7b6429387c,Astroyogi,astrology,Scam,negative_wtp,,both
fd6111d5-50e5-445a-af8d-17ad4991f977,Astroyogi,astrology,paisa barbaad,negative_wtp,,both
328915e0-7e2a-4610-8455-3c2fda1b1093,Astroyogi,astrology,waste of money,negative_wtp,,both
0f9987e6-a32c-4ad6-9742-395ecefbc4e5,Astroyogi,astrology,worth every penny,positive_wtp,,both
53e2a84a-1eae-4ae8-a47b-d875471b83aa,Astroyogi,astrology,scam,negative_wtp,,both
528b02be-5057-49ed-9982-1340c5f2c1e1,Astroyogi,astrology,value for money,positive_wtp,,both
2c68d732-c033-4029-ac71-617019b4fcd6,Astroyogi,astrology,waste of money,negative_wtp,,both
e44c91e3-bcfa-499c-a519-ad8df54a16c5,Astroyogi,astrology,not worth,negative_wtp,,both
7b65c367-38d3-4aae-be3b-db2bacf200d8,Astroyogi,astrology,waste of money,negative_wtp,,both
3a69da8b-a2cc-47c2-aa29-739ad364e7a9,Astroyogi,astrology,scam,negative_wtp,,both
71837307-eeca-4513-b7d1-e9ff7b97fb65,Astroyogi,astrology,not paying,negative_wtp,,both
47312a3e-50be-4b29-abb5-3f248a849150,Astroyogi,astrology,scam,negative_wtp,,both
aad40bfc-0390-4f14-be41-9c73ca90fcba,Astroyogi,astrology,waste of money,negative_wtp,,both
7d4fd13b-9da9-43b5-a83b-2cdd632448a8,Astroyogi,astrology,scam,negative_wtp,,both
b9c6774e-befb-4709-a4fe-32f9724f6214,Astroyogi,astrology,scam,negative_wtp,,both
e7379167-8846-40f1-95fa-504b381bdb94,Astroyogi,astrology,loot,negative_wtp,,both
e68b9bb7-f600-41d1-96a1-d4df9a861e68,Astroyogi,astrology,waste of money,negative_wtp,,both
1ff691dd-6223-4d5d-8a55-3a11c7e192a2,Astroyogi,astrology,loot,negative_wtp,,both
debc2a9d-60b8-4911-9b63-fefa697f09a2,Astroyogi,astrology,scam,negative_wtp,,both
e9ea92c2-db2f-4c26-959c-fbc4977af893,Astroyogi,astrology,scam,negative_wtp,,both
e480ecec-a5b3-4de0-a250-077948eb36b3,Astroyogi,astrology,value for money,positive_wtp,,both
a531c5d0-89cd-4a73-b6cc-95ec9d9af621,Astroyogi,astrology,loot,negative_wtp,,both
86bcec76-7334-4ecd-a0bc-7e9109708f18,Astroyogi,astrology,waste of money,negative_wtp,,both
4f86e941-b02b-4475-b0e1-2fa666a28c92,Astroyogi,astrology,scam,negative_wtp,,both
83f274a8-4be8-4fca-9c1f-24053f1cacb7,Astroyogi,astrology,loot,negative_wtp,,both
541514f3-1efa-4ccc-a492-b698b8ce5e48,Astroyogi,astrology,waste of money,negative_wtp,,both
95ac148a-9b4d-41c7-acce-0bb306012db1,Astroyogi,astrology,reasonable price,positive_wtp,tarot,both
58ead557-3207-48a4-ac82-1f48db5b7301,Astroyogi,astrology,waste of money,negative_wtp,,both
739a5705-f5ae-4efa-aa05-5502a0db8541,Astroyogi,astrology,waste of money,negative_wtp,,both
83ea7e1c-cc7c-4a54-9e83-e38264ab1ba9,Astroyogi,astrology,scam,negative_wtp,,both
de6b5aa8-e503-47a2-8073-4847a47b5c7a,Astroyogi,astrology,scam,negative_wtp,,both
23176cc2-0785-4b39-9729-bd4d931cd0e0,Astroyogi,astrology,scam,negative_wtp,,both
00b5050e-ab75-4dbf-b530-b72b9bbf409c,Astroyogi,astrology,scam,negative_wtp,,both
93dd7481-fd22-4283-9efc-1b9f55c83e9a,Astroyogi,astrology,waste of money,negative_wtp,,both
42c25162-c714-4689-838a-8b754bebe412,Astroyogi,astrology,waste of money,negative_wtp,,both
92876b63-9a61-43b8-b980-78fcd13d58a7,Astroyogi,astrology,loot,negative_wtp,,both
66a5fe6e-7fcb-48fc-8e5e-0f200e810b4b,Astroyogi,astrology,waste of money,negative_wtp,,both
fdf3a49d-2588-4496-a014-6ffe4c8ce0f0,Astroyogi,astrology,too expensive,negative_wtp,,both
73c1cf3c-0c7c-4eb2-9a3a-b7faff48308c,Astroyogi,astrology,scam,negative_wtp,,both
3d9962fe-5a09-464b-9d89-af914248a25d,Astroyogi,astrology,reasonable price,positive_wtp,,both
7e7f2de3-726c-40e7-a0e3-be0b6030d1cf,Astroyogi,astrology,waste of money,negative_wtp,,both
ea29b230-da7f-40ec-9c80-d576bb9367ab,Astroyogi,astrology,WASTE OF MONEY,negative_wtp,,both
bee34bde-3b5b-4177-a7f6-581dc4e66a17,Astroyogi,astrology,loot,negative_wtp,,both
fa670713-2818-4c52-b396-cf602c3df13b,Astroyogi,astrology,waste of money,negative_wtp,,both
f8f8f29d-e25b-48f5-b0d4-bb2accf60543,Astroyogi,astrology,Loot,negative_wtp,pooja,both
90e33327-0e8e-4c3d-804e-4cc65a1bbbdf,Astroyogi,astrology,waste of money,negative_wtp,,both
3ddd092c-9894-4d7b-829e-451fee032cf9,Astroyogi,astrology,loot,negative_wtp,,both
42f421d5-aa2f-4682-ac87-966bb0e69f79,Astroyogi,astrology,loot,negative_wtp,,both
bb35bff6-b796-4f67-8a5b-52e883a549e3,Astroyogi,astrology,SCAM,negative_wtp,,both
1b504cdc-559e-4d5c-a301-cfba12dc2f4c,Astroyogi,astrology,waste of money,negative_wtp,,both
a8801bb5-5f72-45bb-86a8-77df68d58888,Astroyogi,astrology,waste of money,negative_wtp,,both
51e4de41-2f18-45cf-be9a-7e33a3745dfa,Astroyogi,astrology,scam,negative_wtp,,both
51e4de41-2f18-45cf-be9a-7e33a3745dfa,Astroyogi,astrology,scam,negative_wtp,,both
df1e4b81-599e-464e-b949-1b9989d8e086,Astroyogi,astrology,scam,negative_wtp,,both
7425224e-04ae-4f85-88e4-a4af800673f9,Astroyogi,astrology,scam,negative_wtp,,both
a76c7846-8a17-4cef-a809-163c379dd2a5,Astroyogi,astrology,waste of money,negative_wtp,,both
59684222-37b0-4cf6-9032-68f525789328,Astroyogi,astrology,Waste of money,negative_wtp,,both
a59cb6f2-cf16-47b5-b691-ea4f5deb87a4,Astroyogi,astrology,scam,negative_wtp,,both
a59cb6f2-cf16-47b5-b691-ea4f5deb87a4,Astroyogi,astrology,scam,negative_wtp,,both
9d9a2ab7-6760-46bf-824b-9e7109a77008,Astroyogi,astrology,too costly,negative_wtp,,both
0e71f598-ecdd-4b7d-9b75-a59265f0de2a,Astroyogi,astrology,waste of money,negative_wtp,,both
a1118beb-35c7-47fd-a203-a1c558a44ba7,Astroyogi,astrology,waste of money,negative_wtp,,both
ac04ba6d-1173-445c-8454-27779da7c5f4,Astroyogi,astrology,waste of money,negative_wtp,,both
52b2e6d9-7789-4ebc-b944-ecb603b4f358,Astroyogi,astrology,too costly,negative_wtp,,both
57a46756-8b36-43be-802a-32b102a5df7f,Astroyogi,astrology,Waste of money,negative_wtp,,both
af09afb2-b811-4eec-9af1-291150da9981,Astroyogi,astrology,Scam,negative_wtp,,both
e2351afc-3ab3-49e4-9add-b2b858da58b1,Astroyogi,astrology,waste of money,negative_wtp,,both
3d7090fb-a380-429d-930d-11720cd390fe,Astroyogi,astrology,Overpriced,negative_wtp,,both
11fe9dd6-b3c4-4252-964b-5d6b25eaf25d,Astroyogi,astrology,scam,negative_wtp,,both
15fb0e23-7340-4945-8d71-1c4f8f148e63,Astroyogi,astrology,waste of money,negative_wtp,,both
155c70fc-613c-4e92-8797-f50a94c46186,Astroyogi,astrology,loot,negative_wtp,,both
ea697aee-2d44-4a69-a955-440a92ea07e7,Astroyogi,astrology,loot,negative_wtp,,both
a51d8a45-7b57-4cf7-af56-a97770b7157f,Astroyogi,astrology,waste of money,negative_wtp,,both
a51d8a45-7b57-4cf7-af56-a97770b7157f,Astroyogi,astrology,Scam,negative_wtp,,both
cd262262-4928-4e7f-bcf4-3b6d733b9763,Astroyogi,astrology,Waste of money,negative_wtp,,both
4e5e51a2-f3fa-445b-902f-79504af460f6,Astroyogi,astrology,Waste of money,negative_wtp,,both
e73d20f9-e309-4895-b5c8-d000129f2931,Astroyogi,astrology,scam,negative_wtp,,both
8321df81-319d-4b7b-8209-93c4e64b8799,Astroyogi,astrology,Scam,negative_wtp,,both
ea4bbd1a-5b82-44a7-b991-658bd01e6881,Astroyogi,astrology,loot,negative_wtp,,both
24d2a2f6-888a-45b8-a1fa-8d45ff4526e1,Astroyogi,astrology,waste of money,negative_wtp,,both
958c65d3-9cd5-4f75-bf4b-079c0f2913b4,Astroyogi,astrology,value for money,positive_wtp,,both
904a7263-4d81-4a12-a9c0-def8769012d6,Astroyogi,astrology,Too expensive,negative_wtp,,both
14980fb9-58a3-4b00-8195-ceedc9b11578,Astroyogi,astrology,waste of money,negative_wtp,,both
92fc3e15-3e78-4af1-9ff3-b3f7cef73b96,Astroyogi,astrology,scam,negative_wtp,,both
7d4ad181-bb91-4149-bbe6-fa8e0730fc45,Astroyogi,astrology,waste of money,negative_wtp,,both
5e168655-b5b0-4b28-9574-59eaee7f9ce7,Astroyogi,astrology,loot,negative_wtp,,both
649fe6bd-998b-49e1-92a8-5b38fbd857ed,Astroyogi,astrology,Too expensive,negative_wtp,,both
bf5e46fd-d5dc-46f1-a1c7-e70e6b6a540b,Astroyogi,astrology,scam,negative_wtp,,both
981e005d-d98b-4b49-bd22-2a14027e465a,Astroyogi,astrology,scam,negative_wtp,,both
2ef1075c-5186-4b70-a5f1-98f9e0fe5ec9,Astroyogi,astrology,waste of money,negative_wtp,,both
04b05448-04f2-47a8-a5b7-2f569b04382e,Astroyogi,astrology,loot,negative_wtp,,both
1d6fa916-b999-4876-ac50-515b7ce69958,Astroyogi,astrology,scam,negative_wtp,rashi,both
8496619f-605e-43ae-8f89-ee0e5139d0a2,Astroyogi,astrology,scam,negative_wtp,,both
8496619f-605e-43ae-8f89-ee0e5139d0a2,Astroyogi,astrology,loot,negative_wtp,,both
39b38a3b-16cd-4bac-8781-72f657b16bdb,Astroyogi,astrology,Too expensive,negative_wtp,,both
389ef72c-25f7-441d-9296-9be11f06589f,Astroyogi,astrology,Not worth,negative_wtp,,both
e98831f0-4604-4975-b38e-3667bd988b45,Astroyogi,astrology,Scam,negative_wtp,,both
2fcd9493-28ec-47c3-936c-5df6a4e384c9,Astroyogi,astrology,good value,positive_wtp,,both
90a1cb72-8dd6-49df-a37f-28b699a25331,Astroyogi,astrology,loot,negative_wtp,,both
a89f47fa-ce38-474f-aca5-b31c2d158331,Astroyogi,astrology,waste of money,negative_wtp,,both
794efdb5-fe49-429d-8712-3bca7f1a5d09,Astroyogi,astrology,Not worth,negative_wtp,,both
9c00faf1-9ef0-4172-8ff4-065a51466070,Astroyogi,astrology,Too costly,negative_wtp,,both
bf337548-b9a8-4757-9cd7-7b6faa60e297,Astroyogi,astrology,Waste of money,negative_wtp,,both
bdd78167-6016-4ca6-baee-2ceef5424e7b,Astroyogi,astrology,too expensive,negative_wtp,,both
3b8c7a00-d11f-4b85-9c58-8414537934f7,Astroyogi,astrology,Loot,negative_wtp,,both
05f6a770-cf69-48f7-8c20-064e16d2da95,Astroyogi,astrology,too expensive,negative_wtp,kundli,both
05f6a770-cf69-48f7-8c20-064e16d2da95,Astroyogi,astrology,scam,negative_wtp,,both
287b7e4e-170d-4730-9413-c38b00e7545e,Astroyogi,astrology,Waste of money,negative_wtp,,both
c83db810-3eae-427b-93eb-18b40c7c0c39,Astroyogi,astrology,should be free,negative_wtp,kundli,both
1a4dd8f3-7fca-4ef1-bd29-777b08ef9692,Astroyogi,astrology,value for money,positive_wtp,,both
25ea3d16-0336-4918-8803-54e987a78383,Astroyogi,astrology,money well spent,positive_wtp,,both
994be567-437c-4fa4-820e-fe6ed7953c07,Astroyogi,astrology,Too costly,negative_wtp,,both
ca895c23-5829-45aa-bc3f-164fb3c0f206,Astroyogi,astrology,not worth,negative_wtp,,both
54cef2f8-ce9b-42a2-94b7-6efbe8f60efc,Astroyogi,astrology,value for money,positive_wtp,,both
6f8ea12f-75c0-4e0e-a384-ac6008fc3e14,Astroyogi,astrology,loot,negative_wtp,,both
59fbd4d3-c5f9-474e-8b57-f8c399dc6f65,Astroyogi,astrology,too costly,negative_wtp,,both
f068fb2a-f213-43dc-8955-d1f91a7e357b,Astroyogi,astrology,not worth,negative_wtp,,both
70c6f1a2-6dcf-453d-b217-f282ab0984f4,Astroyogi,astrology,loot,negative_wtp,,both
1ead5cbe-b53d-42f7-98c4-5ce3b8c47799,Astroyogi,astrology,should be free,negative_wtp,,both
0e90e448-cc3f-4ea6-b7dd-eb5ba776c3ff,Astroyogi,astrology,waste of money,negative_wtp,,both
a5a7cc74-6c00-4a51-87b6-c6d8f4b5d7d6,Astroyogi,astrology,Value for money,positive_wtp,,both
2e1a131c-0fbd-4268-a739-7b24c809be0c,Astroyogi,astrology,value for money,positive_wtp,,both
0613bda6-fe0d-44bd-9618-1d5bed7ba9e4,Astroyogi,astrology,waste of money,negative_wtp,,both
0613bda6-fe0d-44bd-9618-1d5bed7ba9e4,Astroyogi,astrology,waste of money,negative_wtp,,both
8edcd5f2-3448-4a5e-8de2-f04dd0dd38e3,Astroyogi,astrology,Overpriced,negative_wtp,,both
f4a45f40-70ea-4de9-a146-68f00816a7d9,Astroyogi,astrology,Too costly,negative_wtp,,both
3d35af55-2962-4246-90be-386e5cd2f08c,Astroyogi,astrology,scam,negative_wtp,,both
271c232a-f0f1-4a2d-83d3-5ea4edecf592,Astroyogi,astrology,loot,negative_wtp,,both
6df8d594-5d5e-4a97-88e2-6cb8100ad9f6,Astroyogi,astrology,WASTE OF MONEY,negative_wtp,,both
db633c62-4c3d-4b33-84e6-22e118730ce7,Astroyogi,astrology,Waste of money,negative_wtp,,both
db633c62-4c3d-4b33-84e6-22e118730ce7,Astroyogi,astrology,Never pay,negative_wtp,,both
ff407cd9-3949-49ba-a614-edd300a4d672,Astroyogi,astrology,LOOT,negative_wtp,,both
ff407cd9-3949-49ba-a614-edd300a4d672,Astroyogi,astrology,Loot,negative_wtp,,both
ff407cd9-3949-49ba-a614-edd300a4d672,Astroyogi,astrology,LOOT,negative_wtp,,both
b9503486-c895-461e-8ec6-0bc25b8c3228,Astroyogi,astrology,loot,negative_wtp,,both
474e3e10-1d00-4aa7-979b-8a5a3bed3291,Astroyogi,astrology,LOOT,negative_wtp,,both
ddff20b2-1c3a-462e-beb1-4e614a4c1dac,Astroyogi,astrology,value for money,positive_wtp,,both
c8a2e96e-b209-4166-9f37-bbf9ad393bbd,Astroyogi,astrology,loot,negative_wtp,,both
4408b7af-4e54-4a45-beda-6785b9383f01,Astroyogi,astrology,reasonable price,positive_wtp,,both
cf5be55c-c542-4c65-8692-775df5d3daf7,Astroyogi,astrology,scam,negative_wtp,,both
dfcf58c0-cc94-4f84-a82d-0767717bf739,Astroyogi,astrology,paisa vasool,positive_wtp,,both
5a1e5141-d5dd-4992-8baf-1788ae894318,Astroyogi,astrology,waste of money,negative_wtp,,both
a51351d0-cfc1-4d4a-bed3-01572e5ac0bc,Astroyogi,astrology,waste of money,negative_wtp,,both
c016dae3-31aa-49c8-89e3-8d219f108ae9,Astroyogi,astrology,too expensive,negative_wtp,,both
a7c80121-b48c-4777-b660-497bc88093d8,Astroyogi,astrology,waste of money,negative_wtp,,both
888ca9ab-aab4-465c-a13b-5e540d11b9ef,Astroyogi,astrology,never pay,negative_wtp,,both
3e1ba8d0-f452-4a81-9068-ca4c1bd3156a,Astroyogi,astrology,too expensive,negative_wtp,,both
70d81d70-28db-4226-b47f-f8bb3b8d02ba,Astroyogi,astrology,waste of money,negative_wtp,,both
fe3be9ce-a721-4656-bdf8-56027699a0a3,Astroyogi,astrology,waste of money,negative_wtp,,both
813ff638-cb99-4154-808f-a8871612a449,Astroyogi,astrology,not worth,negative_wtp,,both
97397f60-7c0b-437d-a932-d1b8f7d4f596,Astroyogi,astrology,Scam,negative_wtp,,both
e9274a22-8ae3-468b-83a8-461797fd14b0,Astroyogi,astrology,Waste of money,negative_wtp,,both
e9274a22-8ae3-468b-83a8-461797fd14b0,Astroyogi,astrology,loot,negative_wtp,,both
78034bbb-2c65-4333-9e3e-212caa71d595,Astroyogi,astrology,waste of money,negative_wtp,,both
2475759f-70b4-405a-9041-fe2fe5fc3a20,Astroyogi,astrology,Worth every penny,positive_wtp,,both
7fb01ac5-80c2-44ba-940e-9747760c5344,Astroyogi,astrology,reasonable price,positive_wtp,,both
bc527392-4160-454a-9a2b-63de55014f29,Astroyogi,astrology,loot,negative_wtp,,both
8c5a1f36-ba70-4e29-85d8-7562354c77be,Astroyogi,astrology,loot,negative_wtp,,both
c270d88b-dce7-45d3-92c4-f77e2b764507,Astroyogi,astrology,loot,negative_wtp,,both
fa74e97f-0fb5-45ea-b491-1a60617587a4,Astroyogi,astrology,loot,negative_wtp,,both
08d08f45-74a7-41eb-b481-4a2443b83d88,Astroyogi,astrology,scam,negative_wtp,,both
fd0daf64-74e9-4cef-b5d4-2daabf1736ec,Astroyogi,astrology,waste of money,negative_wtp,,both
fd0daf64-74e9-4cef-b5d4-2daabf1736ec,Astroyogi,astrology,loot,negative_wtp,,both
41972355-b810-4faa-8ac9-8be88c2d3e9e,Astroyogi,astrology,loot,negative_wtp,,both
a74ada33-c92e-4c71-9ad2-974fa83ff865,Astroyogi,astrology,good value,positive_wtp,,both
82efb87b-9baa-462f-8472-2015f0d080af,Astroyogi,astrology,scam,negative_wtp,,both
dccbcc63-45a4-421c-8270-6e50a3314590,Astroyogi,astrology,loot,negative_wtp,,both
56d728f5-621c-4f6b-9af1-22ef9e67eb18,Sanctuary Astrology,astrology,waste of money,negative_wtp,,global
75185703-4293-4ae4-91b8-b99610bb9d54,Sanctuary Astrology,astrology,not worth,negative_wtp,,global
65e684ca-b429-418e-97c8-4ab61b57dec8,Sanctuary Astrology,astrology,would pay,positive_wtp,horoscope,global
65e684ca-b429-418e-97c8-4ab61b57dec8,Sanctuary Astrology,astrology,would pay,positive_wtp,horoscope,global
84a10be4-8a49-453b-96ad-29aa2803ffb9,Sanctuary Astrology,astrology,Scam,negative_wtp,,global
b2e76125-53c6-46d8-8d01-0964469e6aa4,Sanctuary Astrology,astrology,money grab,negative_wtp,,global
686e4fa5-3e52-4b88-8e41-322994401fac,Sanctuary Astrology,astrology,never pay,negative_wtp,,global
ff8d4db5-2a84-44a7-99f9-2182c73c2bbc,Sanctuary Astrology,astrology,too expensive,negative_wtp,,global
e5538dd6-49ca-4c15-8fee-71a5aad8a62c,Sanctuary Astrology,astrology,on the fence,conditional_wtp,,global
67bc7a86-26b4-44d1-912a-d8a1a0c9802d,Sanctuary Astrology,astrology,rip off,negative_wtp,,global
ef0ced1f-f9f3-4afa-834c-c43d9c22472f,Sanctuary Astrology,astrology,reasonable price,positive_wtp,,global
92c0ba6e-f9cd-4200-b5ba-27f209b12f0d,Sanctuary Astrology,astrology,Too expensive,negative_wtp,,global
e377317b-5ee7-4561-b673-bfaa7e7a177b,Sanctuary Astrology,astrology,worth the price,positive_wtp,,global
e377317b-5ee7-4561-b673-bfaa7e7a177b,Sanctuary Astrology,astrology,not worth,negative_wtp,,global
ecdc1a95-4c1a-4977-a4d4-58d894964624,Sanctuary Astrology,astrology,money grab,negative_wtp,,global
b7d8f035-e283-4573-be6f-93e9f15297e6,Sanctuary Astrology,astrology,scam,negative_wtp,horoscope,global
756133da-7895-475a-bbcf-30963ee5920e,Yodha My Astrology,astrology,scam,negative_wtp,,global
7282effe-5a75-4f4a-95f0-c0b0567f94b4,Yodha My Astrology,astrology,Scam,negative_wtp,,global
cb98c6cf-1d58-4971-bff0-23b08e79dbe4,Yodha My Astrology,astrology,subscribed,positive_wtp,,global
cb98c6cf-1d58-4971-bff0-23b08e79dbe4,Yodha My Astrology,astrology,SCAM,negative_wtp,,global
51a80b0f-48a5-48f8-ab3d-3c8a7e90dc5a,Yodha My Astrology,astrology,scam,negative_wtp,,global
1b155621-5308-4f0f-8121-6e959a5710e0,Yodha My Astrology,astrology,scam,negative_wtp,,global
fa806e04-1601-4cbc-b862-988541d5bd95,Yodha My Astrology,astrology,Not worth,negative_wtp,,global
ac78b3b4-811f-48e4-a13b-230602200bb6,Yodha My Astrology,astrology,Waste of money,negative_wtp,,global
37a46613-21c9-4c74-9433-7c79e0f34284,Yodha My Astrology,astrology,waste of money,negative_wtp,,global
2084dc3e-1ff7-4407-bce1-51577b48c968,Yodha My Astrology,astrology,not worth,negative_wtp,,global
55993e31-e5cb-4c44-8fbf-a058da154a63,Yodha My Astrology,astrology,worth the money,positive_wtp,,global
a71d9dc9-7322-4013-8fb6-c466fdea25a3,Yodha My Astrology,astrology,Not worth,negative_wtp,,global
39cb9b52-1156-4a0d-86d6-316a9f3fc82e,Yodha My Astrology,astrology,Too expensive,negative_wtp,,global
99297154-54db-4f62-9260-4ed5d308c098,Yodha My Astrology,astrology,subscribed,positive_wtp,,global
99297154-54db-4f62-9260-4ed5d308c098,Yodha My Astrology,astrology,unsubscribed,negative_wtp,,global
d807b0fa-0ef1-43a5-af0e-363a4db93608,Yodha My Astrology,astrology,Waste of money,negative_wtp,,global
57332b4d-4c53-4d60-b6b8-a57d5c3a5e34,Yodha My Astrology,astrology,scam,negative_wtp,,global
ee21dc0f-6123-4522-9ce0-c6455de2848f,Yodha My Astrology,astrology,scam,negative_wtp,,global
ec666379-9c3c-4a01-82d2-84b4d983a4e8,Yodha My Astrology,astrology,scam,negative_wtp,,global
c45af98f-417c-4743-b367-cc07941cc14a,Yodha My Astrology,astrology,waste of money,negative_wtp,,global
30c4f2d5-23bf-443a-bc29-d60d82e303cc,Yodha My Astrology,astrology,waste of money,negative_wtp,,global
ba487623-6ee2-4717-aa57-1e1c9745a09f,Yodha My Astrology,astrology,scam,negative_wtp,dasha,global
653e3267-7989-498e-b5de-30da2174e2c2,Yodha My Astrology,astrology,subscribed,positive_wtp,,global
66dc80eb-02fc-44c5-be3b-f3290e19dac6,Yodha My Astrology,astrology,waste of money,negative_wtp,,global
2daeb6b7-6150-4ecc-94f0-54419ca0dc08,Yodha My Astrology,astrology,Too expensive,negative_wtp,,global
818f08f2-9f2a-4bf1-8a0b-6befa9fb359a,Yodha My Astrology,astrology,loot,negative_wtp,,global
6488c297-67ec-4887-8e23-1c6585d93588,Yodha My Astrology,astrology,too expensive,negative_wtp,,global
3387f533-d209-47b9-b697-84b630630b7f,Yodha My Astrology,astrology,Reasonable price,positive_wtp,,global
825bfe73-3c68-4cb1-94d2-59320f39b757,Yodha My Astrology,astrology,worth paying,positive_wtp,,global
a6b71b8c-0a45-41cb-839a-b5e39fbaf22c,Yodha My Astrology,astrology,Overpriced,negative_wtp,,global
6bb0123a-8bef-47ff-9198-a0fbb0f7027d,Yodha My Astrology,astrology,too expensive,negative_wtp,,global
43bf5501-091b-47d6-b142-8065f6605868,Yodha My Astrology,astrology,money grab,negative_wtp,,global
80cf256c-07cf-4f7d-986c-643cb95fc2d6,Yodha My Astrology,astrology,too costly,negative_wtp,,global
22796867-fe74-4e3d-b995-8371a031e829,Yodha My Astrology,astrology,scam,negative_wtp,,global
a4a82f2d-9115-4824-9337-42535dbf49ac,Yodha My Astrology,astrology,Scam,negative_wtp,,global
a4a82f2d-9115-4824-9337-42535dbf49ac,Yodha My Astrology,astrology,Loot,negative_wtp,,global
88641b9a-0a7b-4b3d-b467-af2596d80a20,Yodha My Astrology,astrology,money grab,negative_wtp,,global
9abe614d-6df3-483e-be13-7e18151ff3f4,Yodha My Astrology,astrology,Too costly,negative_wtp,,global
aa26760b-a0db-4a88-be86-64604ede0e37,Yodha My Astrology,astrology,reasonable price,positive_wtp,,global
52aae114-8a35-4064-9fb9-492bea0d4edb,Yodha My Astrology,astrology,rip off,negative_wtp,,global
52aae114-8a35-4064-9fb9-492bea0d4edb,Yodha My Astrology,astrology,Waste of money,negative_wtp,,global
cc0f3f32-dc47-42f1-a2b9-c6359397225f,Yodha My Astrology,astrology,scam,negative_wtp,,global
8a3d4d26-051b-457a-846a-7f1bdfaf1371,Yodha My Astrology,astrology,Not worth,negative_wtp,janam_patri,global
db564245-ee73-4866-91ea-1fd9f3dd5584,Yodha My Astrology,astrology,scam,negative_wtp,,global
e82be76c-029e-4312-a35f-5d1dd92e5c2c,Yodha My Astrology,astrology,never pay,negative_wtp,,global
20a12191-13cd-4c12-8549-0e6709bc3f52,Yodha My Astrology,astrology,scam,negative_wtp,,global
37b4807f-2387-42d9-b376-8793589c05f5,Yodha My Astrology,astrology,scam,negative_wtp,,global
34fdcf40-9f8b-430e-a5b8-525b84b7334b,Yodha My Astrology,astrology,too expensive,negative_wtp,,global
ddbcd766-ed34-4b17-813a-a7db61e8a52a,Yodha My Astrology,astrology,waste of money,negative_wtp,,global
df80b920-28f0-450f-bcbb-5a9d48ffe4cc,Yodha My Astrology,astrology,scam,negative_wtp,,global
219f16af-2d64-4e7f-b7ae-feeb29f31a01,Yodha My Astrology,astrology,Not worth,negative_wtp,,global
d7946a51-e022-4dc0-9108-deb0dd206342,Yodha My Astrology,astrology,scam,negative_wtp,,global
6ea8e3f7-391b-4271-916d-dd2fcf4ac1d1,Yodha My Astrology,astrology,should be free,negative_wtp,,global
28cbb618-5335-4ecc-a8f1-09da10296a4c,Yodha My Astrology,astrology,reasonable price,positive_wtp,,global
6a89a390-812b-4d34-b167-45c95ca69706,Yodha My Astrology,astrology,scam,negative_wtp,,global
7ccd20f0-ef78-43a5-a178-f979c710cceb,Yodha My Astrology,astrology,worth the money,positive_wtp,,global
7ccd20f0-ef78-43a5-a178-f979c710cceb,Yodha My Astrology,astrology,not worth,negative_wtp,,global
bebf505d-5c65-4882-ab45-a53fb7aaf932,Yodha My Astrology,astrology,waste of money,negative_wtp,,global
f9befa80-2b3f-47c3-8ee2-7b954a1c789d,Yodha My Astrology,astrology,too costly,negative_wtp,,global
905435c6-3f0a-492e-8ff1-f6f726e8b321,Yodha My Astrology,astrology,worth the money,positive_wtp,,global
105544a4-ed06-4e30-b97e-169351d914c1,Yodha My Astrology,astrology,too costly,negative_wtp,,global
0d8d89ae-6dbc-4d38-b779-fc1995ba386d,Yodha My Astrology,astrology,too expensive,negative_wtp,,global
5d165774-e0f7-49e3-be3c-25191630b8d3,Yodha My Astrology,astrology,Waste of money,negative_wtp,,global
17f11a0b-a8d1-4c1d-b9b4-5464afbd0348,Yodha My Astrology,astrology,loot,negative_wtp,,global
fabe56db-0076-4c69-b7ce-ed5ede15ecda,Yodha My Astrology,astrology,waste of money,negative_wtp,,global
3de71fa2-2a63-4c7c-910a-bd3a611c4729,Yodha My Astrology,astrology,scam,negative_wtp,,global
1fccf5b5-229f-43ad-88bf-6c2e960e4ad4,Yodha My Astrology,astrology,scam,negative_wtp,,global
c6f1eec5-6a36-4cc7-a5dc-fe878aba4380,Yodha My Astrology,astrology,loot,negative_wtp,,global
2c717f8c-07f0-4e8c-8ada-f46b9645c3ab,Yodha My Astrology,astrology,loot,negative_wtp,,global
d30b2740-be4e-4ca2-babf-ced309514b5f,Yodha My Astrology,astrology,would consider paying,conditional_wtp,,global
d3e435e9-1e76-40b4-a95b-c231de1a548b,Yodha My Astrology,astrology,scam,negative_wtp,,global
d9468a1b-83f2-4e97-a55d-d85e800eea2a,Yodha My Astrology,astrology,worth the money,positive_wtp,,global
d9468a1b-83f2-4e97-a55d-d85e800eea2a,Yodha My Astrology,astrology,Waste of money,negative_wtp,,global
7dcdf03e-5b25-43e3-a180-042b465935a6,Yodha My Astrology,astrology,not worth,negative_wtp,,global
632bedcf-e864-4c55-ac1f-e27e29348d07,Yodha My Astrology,astrology,too costly,negative_wtp,,global
22b7be9b-9627-4a9f-aa3d-cdc17dd8f818,Yodha My Astrology,astrology,if it had,conditional_wtp,,global
db9dfdc3-c4f1-4b3a-be8e-df0bcf41a23a,Yodha My Astrology,astrology,too expensive,negative_wtp,,global
ccfef37b-f97a-4b15-b05c-3a94947699cd,Yodha My Astrology,astrology,Worth every penny,positive_wtp,,global
5ce416d5-c7d1-49e9-bed9-365664e53763,Yodha My Astrology,astrology,waste of money,negative_wtp,,global
5aa02291-cc20-4977-816f-5ed26799a9e8,Yodha My Astrology,astrology,Not worth,negative_wtp,,global
0c3c6760-5b32-4e54-8335-d9a55dba734f,Yodha My Astrology,astrology,not worth,negative_wtp,,global
30eacf37-bd56-484d-831e-3f1b2dfd8a81,Yodha My Astrology,astrology,scam,negative_wtp,,global
db58230a-3e9c-4736-bacb-7d2db143c9ac,Yodha My Astrology,astrology,reasonable price,positive_wtp,,global
bec04267-61f2-4c0e-890f-964b9dee1189,Yodha My Astrology,astrology,not worth,negative_wtp,,global
7d278693-b544-4aa2-ba52-307f6c63ea2e,Yodha My Astrology,astrology,too expensive,negative_wtp,,global
364bbc8a-66ab-440b-88d7-4a1491da66ae,Yodha My Astrology,astrology,loot,negative_wtp,,global
eab9a72e-23d4-4888-a97b-61954f3d7133,Yodha My Astrology,astrology,if the price,conditional_wtp,,global
18b208fe-d668-4d21-ad9c-f5815ae75ca2,Yodha My Astrology,astrology,scam,negative_wtp,,global
aa64949e-a910-4ad5-bdd9-54ed2662767d,Yodha My Astrology,astrology,worth the money,positive_wtp,,global
aa64949e-a910-4ad5-bdd9-54ed2662767d,Yodha My Astrology,astrology,Not worth,negative_wtp,,global
8a0fe974-da51-4b8e-a397-e45abd6302b4,Yodha My Astrology,astrology,scam,negative_wtp,,global
7322cda2-e75a-46c0-9f20-58cc9e4cfd7f,Yodha My Astrology,astrology,if the price,conditional_wtp,,global
65aec4f7-bc1f-41d9-845d-f18b3331c633,Yodha My Astrology,astrology,loot,negative_wtp,,global
8cbdbb49-0440-4de2-872c-57ae2193cd1f,Yodha My Astrology,astrology,too expensive,negative_wtp,,global
49c91afc-5ea4-4e28-a8c2-a49ec41213e8,Yodha My Astrology,astrology,waste of money,negative_wtp,,global
1bf41272-0a71-4375-8590-fcba73149422,Yodha My Astrology,astrology,scam,negative_wtp,,global
91d9c22e-7908-432f-91aa-c3b670c24685,Yodha My Astrology,astrology,worth the money,positive_wtp,,global
9d3c99e2-f716-477d-89fc-8d676a6f3d09,Yodha My Astrology,astrology,if the price,conditional_wtp,,global
a33a084e-ed53-48c4-9d65-0b79241a508a,Yodha My Astrology,astrology,Waste of money,negative_wtp,,global
9e665476-2620-4039-89b0-2da4aac2c064,Yodha My Astrology,astrology,too costly,negative_wtp,,global
169d6acc-2295-471e-8918-a44c7ccfc2ab,Yodha My Astrology,astrology,should be free,negative_wtp,,global
b3b4acd4-6854-4257-9f03-a3b609a71224,Yodha My Astrology,astrology,too costly,negative_wtp,,global
3e0681db-db3d-4f82-9acd-7043d7cc05b7,Yodha My Astrology,astrology,waste of money,negative_wtp,,global
7f90e86a-211c-44a4-8a00-34c20914b1e6,Yodha My Astrology,astrology,too expensive,negative_wtp,,global
a54e401a-c9cb-40fb-a6f6-7e9600d72784,Yodha My Astrology,astrology,scam,negative_wtp,,global
32f13da5-e2c7-40be-a806-e0ad9061ace6,Yodha My Astrology,astrology,scam,negative_wtp,,global
a5c512a9-cc28-4525-8de4-eb07119be5b2,Yodha My Astrology,astrology,should be free,negative_wtp,,global
530898ed-f895-47fe-ab52-df329d32625f,Yodha My Astrology,astrology,Waste of money,negative_wtp,,global
4f523708-2cab-4030-94dd-c0b423df772a,Yodha My Astrology,astrology,should be free,negative_wtp,,global
736558d0-5ca0-4632-94de-8bc48c8c608a,Yodha My Astrology,astrology,waste of money,negative_wtp,,global
736558d0-5ca0-4632-94de-8bc48c8c608a,Yodha My Astrology,astrology,Scam,negative_wtp,,global
016b9d68-66cb-4ce5-8919-130cca75d186,Yodha My Astrology,astrology,Not worth,negative_wtp,,global
9eab23a5-98b5-4d54-8f84-001f10a8f8cd,Yodha My Astrology,astrology,waste of money,negative_wtp,,global
b3bb4bb5-63cb-4cb8-828c-f41d884419c0,Yodha My Astrology,astrology,too expensive,negative_wtp,,global
324f9d3d-b406-4951-a6e9-b809d312e937,Yodha My Astrology,astrology,worth the money,positive_wtp,,global
8a6536bb-e479-4ac3-a27d-796101ec14e3,Yodha My Astrology,astrology,waste of money,negative_wtp,,global
228ab789-6688-4d09-bd5f-dbb288fe3f10,Yodha My Astrology,astrology,might pay,conditional_wtp,,global
2a949afb-4272-44bf-baa1-9a9905c7d58c,Yodha My Astrology,astrology,scam,negative_wtp,,global
c9b0d8af-8772-4a4b-8a99-ebcb76efe481,Yodha My Astrology,astrology,Too costly,negative_wtp,,global
6940e955-400a-42c5-9eb3-e2964490df65,Yodha My Astrology,astrology,Too expensive,negative_wtp,,global
32100183-3aed-4e23-891b-c68b21d5a43c,Yodha My Astrology,astrology,reasonable price,positive_wtp,,global
7ac1897b-3d2b-44b8-a32d-0797bf9a3ae6,Yodha My Astrology,astrology,loot,negative_wtp,,global
3e6bc140-03b9-49c8-86bc-5b0af5824d40,Yodha My Astrology,astrology,should be free,negative_wtp,,global
a98b927d-6e16-4df7-b811-267b7add10a6,Yodha My Astrology,astrology,waste of money,negative_wtp,,global
a1243f1d-e324-4ff4-8520-b57fbdd2b83a,Yodha My Astrology,astrology,value for money,positive_wtp,,global
a1243f1d-e324-4ff4-8520-b57fbdd2b83a,Yodha My Astrology,astrology,Too costly,negative_wtp,,global
66b1bd28-3d02-4fd6-a6ce-62b974f3dbe6,Yodha My Astrology,astrology,waste of money,negative_wtp,,global
ab078eae-b4de-4c7d-81b3-3d44b4959559,Yodha My Astrology,astrology,loot,negative_wtp,,global
676928dd-5ef6-4d62-9cc7-7c7e4ca7076b,Yodha My Astrology,astrology,waste of money,negative_wtp,,global
42c46fde-95f2-4644-bf32-25783e49546d,Yodha My Astrology,astrology,scam,negative_wtp,,global
56950200-16f3-4ab4-8b6c-1287dea453ab,Yodha My Astrology,astrology,waste of money,negative_wtp,,global
659fa6c3-a034-40f1-bbd8-3e8b3191358a,Yodha My Astrology,astrology,should be free,negative_wtp,,global
ea80e19d-eeb3-4034-91b4-48ca023db693,Yodha My Astrology,astrology,money grab,negative_wtp,,global
f4d6b98c-73cf-4711-9cf9-5fbe461e4bb8,Yodha My Astrology,astrology,too costly,negative_wtp,,global
d49a7bf6-7572-4639-b459-b4b7a16ba911,Yodha My Astrology,astrology,waste of money,negative_wtp,,global
59f9365e-379f-436a-8d32-d2f6d6906afa,Yodha My Astrology,astrology,waste of money,negative_wtp,,global
d289d5c3-c153-4dab-b34a-7eb1132a7f5e,Yodha My Astrology,astrology,scam,negative_wtp,,global
d543f697-94ce-477a-a8cd-44be7ad801dc,Yodha My Astrology,astrology,too costly,negative_wtp,,global
172c0224-0555-41b2-85e7-a06382e491b4,Yodha My Astrology,astrology,if the price,conditional_wtp,,global
e2ac52f2-b048-4b63-9248-13d49790ea76,Yodha My Astrology,astrology,loot,negative_wtp,,global
b82c58ae-65da-48f2-b975-36eed703080e,Yodha My Astrology,astrology,scam,negative_wtp,,global
c7906287-8368-4e38-ae25-9ef56ae359f3,Yodha My Astrology,astrology,Too costly,negative_wtp,,global
2a5055cf-59c5-4e1e-acbc-688af1093ffa,Yodha My Astrology,astrology,too costly,negative_wtp,,global
de52b530-ac18-40b1-9676-2628bf903f79,Yodha My Astrology,astrology,waste of money,negative_wtp,,global
de52b530-ac18-40b1-9676-2628bf903f79,Yodha My Astrology,astrology,scam,negative_wtp,,global
fe4df9e6-04f1-4766-adca-82926f34da07,Yodha My Astrology,astrology,should be free,negative_wtp,,global
e99e195a-0e7d-4a01-9202-02d921c69374,Yodha My Astrology,astrology,should be free,negative_wtp,,global
c63d946d-2b2d-4863-a342-1a1990a2f854,Yodha My Astrology,astrology,worth every penny,positive_wtp,,global
9cd2d35e-1b0a-4ebf-aaf4-270b37a6763b,Yodha My Astrology,astrology,reasonable price,positive_wtp,,global
377ebeae-e488-489a-b87a-b91834418e47,Yodha My Astrology,astrology,scam,negative_wtp,,global
881b90a3-a086-42bb-8e48-6a1eddb7d6af,Yodha My Astrology,astrology,scam,negative_wtp,,global
fa878100-8bc6-4909-aecb-664c583189df,Yodha My Astrology,astrology,if the price,conditional_wtp,,global
0fdd7ef4-2abc-4006-a1d5-2fd5d86760f9,Yodha My Astrology,astrology,Scam,negative_wtp,,global
0fdd7ef4-2abc-4006-a1d5-2fd5d86760f9,Yodha My Astrology,astrology,scam,negative_wtp,,global
60cf90e2-8261-4d8b-a788-a6a74fb2b98f,Yodha My Astrology,astrology,scam,negative_wtp,,global
c68b7445-e0fc-4364-bfa9-afa65ba0d23f,Yodha My Astrology,astrology,if it had,conditional_wtp,,global
5f3cdb19-0fe2-481a-8a32-5f5edeaf20f4,Yodha My Astrology,astrology,worth the money,positive_wtp,,global
8949d0dd-20de-4447-9baf-5ccdec172b41,Yodha My Astrology,astrology,would pay,positive_wtp,,global
faae78ff-82ab-4af5-a93c-e20fa351db17,Yodha My Astrology,astrology,SCAM,negative_wtp,,global
68333dd3-7548-4994-9208-d3142f238e6c,Yodha My Astrology,astrology,too expensive,negative_wtp,,global
3292cec3-a5b2-413d-b161-434f6dc48d48,Yodha My Astrology,astrology,worth every penny,positive_wtp,,global
3292cec3-a5b2-413d-b161-434f6dc48d48,Yodha My Astrology,astrology,scam,negative_wtp,,global
511605a5-c675-48b2-90b2-32861028c5be,Yodha My Astrology,astrology,worth the money,positive_wtp,,global
277ed990-64c8-4fdf-ac3c-d72f5fb3ace4,Yodha My Astrology,astrology,waste of money,negative_wtp,,global
0c8174b8-fbf4-4300-b65f-2830ea8127c5,Yodha My Astrology,astrology,Too Costly,negative_wtp,,global
8e4bc224-140d-423f-aaeb-34bac7f0c234,Yodha My Astrology,astrology,should be free,negative_wtp,,global
8813143e-5c4f-42d9-9c4f-77657db2b24d,Yodha My Astrology,astrology,Value for money,positive_wtp,,global
29510585-9d0f-48e8-a51e-1272e834ea91,Yodha My Astrology,astrology,not worth,negative_wtp,,global
069b5d54-c6d8-4cb0-83f0-44610283e5aa,Yodha My Astrology,astrology,Waste of money,negative_wtp,,global
45837678-fd69-4237-b9b4-cb70f56358f5,Yodha My Astrology,astrology,scam,negative_wtp,,global
83117160-14c8-42ad-afd1-7c28558aaa8b,Yodha My Astrology,astrology,could pay,conditional_wtp,,global
c71055c5-d860-461c-89b3-93a4116824f1,Yodha My Astrology,astrology,reasonable price,positive_wtp,,global
c4962051-3698-4d1d-8bee-0683cdbc615b,Yodha My Astrology,astrology,should be free,negative_wtp,,global
b12e23e4-d243-41ad-92ac-07e7b7c75a1f,Yodha My Astrology,astrology,waste of money,negative_wtp,,global
ded89132-69b9-4c7a-99be-cee34549b2bf,Yodha My Astrology,astrology,too expensive,negative_wtp,,global
748e2f15-cd7b-499d-a071-32fd99731493,Yodha My Astrology,astrology,worth the money,positive_wtp,,global
1c3eb8bb-3c0a-4f71-a298-c5250f537f44,Yodha My Astrology,astrology,waste of money,negative_wtp,,global
5c2618d9-3dfd-43fa-98b9-2fbbf3c26bb7,Yodha My Astrology,astrology,should be free,negative_wtp,,global
e4460834-54b2-454f-8aca-24f7febdb97e,Yodha My Astrology,astrology,Loot,negative_wtp,,global
098c4bf3-909f-4358-8f09-26934ec6c0e3,Yodha My Astrology,astrology,could pay,conditional_wtp,,global
842b2f3d-fb43-4183-9aaf-6b82b1eb60a2,Yodha My Astrology,astrology,too expensive,negative_wtp,,global
c3ac6882-1f08-4a3f-aba4-70efe04d1b55,Yodha My Astrology,astrology,should be free,negative_wtp,,global
db6e64d3-c751-4481-a870-ee348e69324e,Yodha My Astrology,astrology,waste of money,negative_wtp,,global
5e08855b-7a83-4df6-96cf-5be401200547,Yodha My Astrology,astrology,if they add,conditional_wtp,,global
b8ba675e-32f1-48f3-a202-22e291582ed5,Yodha My Astrology,astrology,reasonable price,positive_wtp,,global
e145b3f0-f978-40da-a824-72159b98b470,Yodha My Astrology,astrology,Worth the money,positive_wtp,,global
1242da4a-66b4-4227-bd52-95d3bfd7676c,Yodha My Astrology,astrology,too expensive,negative_wtp,,global
20966bc4-3531-4108-a701-05e7ef0b1b35,Yodha My Astrology,astrology,scam,negative_wtp,,global
cb056a09-cc62-46bf-8fec-958938a583f2,Yodha My Astrology,astrology,not worth,negative_wtp,,global
2e2a1409-f18d-4b82-8fbb-ba9a01dc7c01,Yodha My Astrology,astrology,too expensive,negative_wtp,,global
1be61ef3-6409-4f11-ae7c-bfc67e667fd6,Yodha My Astrology,astrology,too expensive,negative_wtp,,global
2d44adcd-1217-4f52-bcba-8585efabca42,Yodha My Astrology,astrology,worth paying,positive_wtp,,global
cb9fc3f5-3a9c-469a-8c04-715d7d8ca841,Yodha My Astrology,astrology,if the price,conditional_wtp,,global
a9e8d9c3-936e-4002-9047-80ac2da86fe2,Yodha My Astrology,astrology,Worth every penny,positive_wtp,,global
3781ff3e-6846-4da9-a1bd-f1d5387a9e38,Yodha My Astrology,astrology,could pay,conditional_wtp,,global
4c91ba15-b907-45a3-abbd-5b3c7ba2a443,Yodha My Astrology,astrology,should be free,negative_wtp,,global
ef58faed-f8f7-4213-8c01-9f91e470ae73,Yodha My Astrology,astrology,Waste of money,negative_wtp,,global
3129c454-6759-410d-b18a-6c43cbcf442b,Yodha My Astrology,astrology,Scam,negative_wtp,,global
bf3fcc52-f262-4cc1-a170-0209922dd4e5,Yodha My Astrology,astrology,scam,negative_wtp,,global
58d9d1d2-53ea-45ce-b99c-8efb0b92388e,Yodha My Astrology,astrology,worth the money,positive_wtp,,global
6abb1814-adc8-4f51-ac34-b338df2d5b7b,Yodha My Astrology,astrology,Too costly,negative_wtp,,global
51d65e8d-6c15-408e-ac78-8078715271fd,Yodha My Astrology,astrology,scam,negative_wtp,,global
7ef09ad8-0dc4-4885-b2f5-156173ac4630,Yodha My Astrology,astrology,too costly,negative_wtp,,global
0e444df2-2553-4880-bc03-f155618ae9de,Yodha My Astrology,astrology,Loot,negative_wtp,,global
7d3ef34c-405a-46f8-8dc6-ca209965d38a,Yodha My Astrology,astrology,too expensive,negative_wtp,,global
969a3f12-55e0-4f56-b4eb-c72f452ce09f,Yodha My Astrology,astrology,should be free,negative_wtp,,global
30aa1f46-71e6-41c7-8ca6-9a25f153aace,Yodha My Astrology,astrology,too expensive,negative_wtp,,global
e7566507-a2c7-4324-840b-4a0d5f80535e,Yodha My Astrology,astrology,scam,negative_wtp,,global
46ff3b7d-1534-46e0-bfbd-c2b814124562,Yodha My Astrology,astrology,should be free,negative_wtp,,global
50d47043-af44-4eae-be91-c543d93653d1,Yodha My Astrology,astrology,too costly,negative_wtp,,global
f2424ff0-1450-4889-8d43-dedd4c8ed920,Yodha My Astrology,astrology,too costly,negative_wtp,,global
f23429f6-e08b-4f82-9cb4-d056c1f168cd,Yodha My Astrology,astrology,should be free,negative_wtp,,global
786a269c-c66a-42db-8608-346c67e293c6,Yodha My Astrology,astrology,Money well spent,positive_wtp,,global
db2afd03-e0bf-4c7e-8d3b-3f981f67ad44,Yodha My Astrology,astrology,rip off,negative_wtp,,global
6b9e3a73-6cc1-429b-a5dd-fdf5443d3cd6,Yodha My Astrology,astrology,worth the money,positive_wtp,,global
6b9e3a73-6cc1-429b-a5dd-fdf5443d3cd6,Yodha My Astrology,astrology,Not worth,negative_wtp,,global
9e64281d-5a89-4033-bf33-a0e2ba9d3beb,Yodha My Astrology,astrology,should be free,negative_wtp,,global
397fee11-b2dc-4d81-b4c2-edf27cf212db,Yodha My Astrology,astrology,loot,negative_wtp,,global
97125f0c-b085-48da-8e35-d952874726ee,Yodha My Astrology,astrology,Waste of money,negative_wtp,,global
8698568d-d04a-41e9-9415-85552ad3bfa4,Yodha My Astrology,astrology,won't pay,negative_wtp,,global
9f6278cd-ba0a-4ada-8dd7-7c8157d20aa2,Yodha My Astrology,astrology,should be free,negative_wtp,,global
d5150d17-5b3a-4dbb-916a-c2c6a57761f8,Yodha My Astrology,astrology,worth the money,positive_wtp,,global
02368bd5-7aa2-4ac0-ab9d-af935c3cbef3,Yodha My Astrology,astrology,too costly,negative_wtp,,global
c0a7cdc6-da09-4994-b3b2-9c9ad7673d92,Yodha My Astrology,astrology,should be free,negative_wtp,,global
7904b8c6-4087-429f-b10e-2921cb175dcc,Yodha My Astrology,astrology,should be free,negative_wtp,,global
58ce9ea9-cd10-4bd1-b812-c63558d44970,Yodha My Astrology,astrology,Not worth,negative_wtp,,global
a3781454-2d26-4042-9ebb-ec07c5ddac31,Yodha My Astrology,astrology,Waste of money,negative_wtp,,global
fb3fb370-a855-49c3-93e7-fe2601a0d2d9,Yodha My Astrology,astrology,Worth the money,positive_wtp,,global
a0f45768-3136-484b-b2aa-fd924713c2f8,Yodha My Astrology,astrology,worth paying,positive_wtp,,global
4fd441e3-09ae-4032-a6b4-b1c3777bf7fa,Yodha My Astrology,astrology,if the price,conditional_wtp,,global
62c893bb-33a3-4abe-841c-23e99bd853e8,Yodha My Astrology,astrology,Not worth,negative_wtp,,global
64d9d878-2a5b-47d2-979a-c4a668e98ec5,Yodha My Astrology,astrology,Scam,negative_wtp,,global
eee3b318-12f9-4c69-a9b7-3182150c1965,Yodha My Astrology,astrology,scam,negative_wtp,,global
832cb308-085b-41d3-b650-5c1bfb7be452,Yodha My Astrology,astrology,could pay,conditional_wtp,,global
5096363b-4877-40ab-a39c-0491ebb04fb9,Yodha My Astrology,astrology,should be free,negative_wtp,,global
1a223f84-40d8-4254-9aa1-345de0e9f5e4,Yodha My Astrology,astrology,Waste of money,negative_wtp,,global
e996d33b-ab34-4804-9897-c0936f7f0fcf,Yodha My Astrology,astrology,too expensive,negative_wtp,,global
621aa62d-5c1a-4f35-8ee8-8627dc5344f0,Yodha My Astrology,astrology,too costly,negative_wtp,,global
c1e645a6-0b40-4234-a642-de3a5c46b95f,Yodha My Astrology,astrology,not worth,negative_wtp,,global
c39c2847-7739-4dfe-9d99-4344efcd6280,Yodha My Astrology,astrology,scam,negative_wtp,,global
7f7df45d-1142-4933-9af1-44fa74e3eac4,Yodha My Astrology,astrology,scam,negative_wtp,,global
66cb531e-1fe6-47eb-9c0c-4179da2b2eaf,Yodha My Astrology,astrology,too expensive,negative_wtp,,global
4c44d929-04c8-413c-83da-6024c82be97a,Yodha My Astrology,astrology,If the price,conditional_wtp,,global
ec5ce6ec-c217-45fb-ab45-1dc600815999,Yodha My Astrology,astrology,won't pay,negative_wtp,,global
f96694b7-5fdd-4853-a1ee-d73da0617642,Yodha My Astrology,astrology,worth paying,positive_wtp,,global
7aa7170b-b950-465a-be1c-95dc128cdb54,Yodha My Astrology,astrology,would pay,positive_wtp,,global
0f7e8619-198c-429a-b4bb-1551a8bbdc85,Yodha My Astrology,astrology,should be free,negative_wtp,,global
5d3f3f21-6e8d-4172-b1ba-7cc8f26d347f,Yodha My Astrology,astrology,if the price,conditional_wtp,,global
025fca90-a6b2-42b5-b515-e003b78d0b92,Yodha My Astrology,astrology,wouldn't pay,negative_wtp,,global
028b210d-4933-412c-b03e-49560649b6c0,Yodha My Astrology,astrology,rip off,negative_wtp,,global
45cfdc6e-fa10-4450-86b0-b9718038707f,Yodha My Astrology,astrology,worth paying,positive_wtp,,global
45cfdc6e-fa10-4450-86b0-b9718038707f,Yodha My Astrology,astrology,not worth,negative_wtp,,global
24f9277f-ae64-4414-8cb6-e6b1af7b1be3,Yodha My Astrology,astrology,should be free,negative_wtp,,global
ddc10776-e7cc-4871-afcd-681495a4a223,Yodha My Astrology,astrology,too expensive,negative_wtp,,global
ea5b934d-658d-4715-ba5e-48cbf6f27502,Yodha My Astrology,astrology,too expensive,negative_wtp,,global
0d890d52-e323-48b0-a042-4faa06f8d844,Yodha My Astrology,astrology,too costly,negative_wtp,,global
e394bd02-8a4e-44a3-a1fa-f468003bd0aa,Yodha My Astrology,astrology,if it had,conditional_wtp,,global
b4a68899-a53e-4640-9175-bf0d8b55098e,Yodha My Astrology,astrology,scam,negative_wtp,,global
20b10ac9-7887-43e2-878f-21fa60f90568,Yodha My Astrology,astrology,worth every penny,positive_wtp,,global
a03fdf1a-1ee9-4fb8-b4d1-641455079c4f,Yodha My Astrology,astrology,too costly,negative_wtp,,global
b052bf20-f39d-4a90-843f-61e108303f44,Yodha My Astrology,astrology,too expensive,negative_wtp,,global
795ae501-7d1e-4fde-94d0-ce0a9d3e3ef9,Yodha My Astrology,astrology,worth paying,positive_wtp,,global
c0910bc6-9eb8-4258-95ee-4141a24a75b0,Yodha My Astrology,astrology,Would consider paying,conditional_wtp,,global
694aef84-cc48-41a0-923c-46aa5cbff765,Yodha My Astrology,astrology,happy to pay,positive_wtp,,global
4933b04e-fb2e-4ed6-9239-6e7d2944ee44,Yodha My Astrology,astrology,value for money,positive_wtp,,global
79efa780-adfb-4d9d-868e-a200bdbc687d,Yodha My Astrology,astrology,worth paying,positive_wtp,,global
80193507-699f-492c-9fca-43885f294d27,Yodha My Astrology,astrology,not worth,negative_wtp,,global
26cfd5d4-ec81-4678-8456-c8f82f4b037d,Yodha My Astrology,astrology,should be free,negative_wtp,,global
67c147fd-a71b-4b66-b692-6261dc049e03,Yodha My Astrology,astrology,should be free,negative_wtp,,global
b297b760-19af-44e3-8188-c5fcc9a47849,Yodha My Astrology,astrology,Waste of Money,negative_wtp,,global
aaa51e10-5ced-4a3b-b07e-224c4025422b,Yodha My Astrology,astrology,worth the money,positive_wtp,,global
795931a8-7b43-43c5-ae5c-e56e3fbcc707,Yodha My Astrology,astrology,worth the money,positive_wtp,,global
a65f5e69-f5a3-4331-a895-60fe38d8ef3e,Yodha My Astrology,astrology,waste of money,negative_wtp,,global
f28783b9-08d4-4d98-b2e4-ccca25aaa47e,Yodha My Astrology,astrology,Reasonable price,positive_wtp,,global
00b9d548-3c4c-466d-ade8-cc8cfb1ea5c1,Yodha My Astrology,astrology,worth the money,positive_wtp,,global
3d44847a-a520-418f-aa1d-4f3e91339a02,Yodha My Astrology,astrology,scam,negative_wtp,,global
ab267886-f586-44f0-839f-44ed4c87377a,Yodha My Astrology,astrology,scam,negative_wtp,,global
4e7a330b-64f9-4d88-a4fd-830fb0efa013,Yodha My Astrology,astrology,Reasonable price,positive_wtp,,global
ebb1c26d-35a1-4aea-bff0-834e70165f0b,Yodha My Astrology,astrology,should be free,negative_wtp,,global
4f7987c8-6f96-4ddc-bc69-98b036ef8b22,Yodha My Astrology,astrology,rip off,negative_wtp,,global
045014dd-a1d0-4d6e-840e-34ff99368954,Yodha My Astrology,astrology,too costly,negative_wtp,,global
3b9a68d0-9803-4f8b-a15a-1fab5f0d159a,Yodha My Astrology,astrology,should be free,negative_wtp,horoscope,global
0e821a97-c57f-4c1f-8f7d-c185c8db0222,Yodha My Astrology,astrology,should be free,negative_wtp,,global
370618a1-fc57-41c7-969f-d210518a903d,Yodha My Astrology,astrology,should be free,negative_wtp,,global
48d2e004-e694-466e-96fa-24ce3d8876e1,Yodha My Astrology,astrology,if the price,conditional_wtp,,global
bac6171d-d7c8-4fdd-ac04-660096a3cfd1,Yodha My Astrology,astrology,would pay,positive_wtp,,global
f4af1cd1-a958-475c-bc34-15cba62f00db,Yodha My Astrology,astrology,gladly pay,positive_wtp,,global
839c4f34-b541-45bf-88c9-a7f775f9435e,Yodha My Astrology,astrology,too expensive,negative_wtp,,global
0087caf3-8d26-43d8-b562-456025e46a07,Yodha My Astrology,astrology,worth the money,positive_wtp,,global
5b36ee5a-8926-4970-aa3b-26f107c3f616,Yodha My Astrology,astrology,Not worth,negative_wtp,,global
45e7d3d7-9bd6-4c6c-aa48-c27a017d7b8e,Yodha My Astrology,astrology,would pay,positive_wtp,,global
89aaa47d-c7ca-4d18-a127-49a8c63d3693,Yodha My Astrology,astrology,too expensive,negative_wtp,,global
3a098e9a-cc71-4dcd-9581-438134400de1,Yodha My Astrology,astrology,if the price,conditional_wtp,,global
522cabc5-9d50-4a2c-8882-827a6fe94080,Yodha My Astrology,astrology,loot,negative_wtp,,global
0d20124b-0acf-46a9-927c-63a2e899b339,Yodha My Astrology,astrology,too expensive,negative_wtp,,global
940c4e88-eab1-481b-8047-98b919bd2ee1,Yodha My Astrology,astrology,scam,negative_wtp,,global
724d9865-135c-450b-ac8e-0ff8a45dc4f8,Yodha My Astrology,astrology,not paying,negative_wtp,,global
5ed1043f-cfe4-4945-a5e7-74a48829dd54,Yodha My Astrology,astrology,too expensive,negative_wtp,,global
0a466683-2d78-4edc-a7dd-38693983e30b,Yodha My Astrology,astrology,worth paying,positive_wtp,,global
e92beba1-2d7d-4a7a-a28e-228b550b3431,Yodha My Astrology,astrology,not worth,negative_wtp,,global
e92beba1-2d7d-4a7a-a28e-228b550b3431,Yodha My Astrology,astrology,not paying,negative_wtp,,global
6c2e453c-ff12-4e39-8dd9-5886f3869fdd,Yodha My Astrology,astrology,should be free,negative_wtp,,global
652331df-c8cc-4cd0-861c-24be68f8cefd,Yodha My Astrology,astrology,should be free,negative_wtp,,global
1d230376-b95c-414e-b673-294a05e2cd40,Yodha My Astrology,astrology,scam,negative_wtp,,global
ea93c854-c389-4959-b818-c45f39420287,Yodha My Astrology,astrology,should be free,negative_wtp,,global
6e8bde36-b7ec-4734-b194-ee4a2ad61fb9,Yodha My Astrology,astrology,worth the money,positive_wtp,,global
6e8bde36-b7ec-4734-b194-ee4a2ad61fb9,Yodha My Astrology,astrology,Not worth,negative_wtp,,global
6e8bde36-b7ec-4734-b194-ee4a2ad61fb9,Yodha My Astrology,astrology,not worth,negative_wtp,,global
10683a4e-7539-4cc1-b211-dea28944e7f0,Yodha My Astrology,astrology,worth the money,positive_wtp,,global
2aafd7fa-5973-438a-8291-587bc0e2a665,Yodha My Astrology,astrology,Too costly,negative_wtp,,global
89328376-6ccb-4164-911e-8b9a06ea5dec,Yodha My Astrology,astrology,Worth the money,positive_wtp,,global
a5c3a2c2-792e-4a0a-8f66-5d1a44fb3589,Yodha My Astrology,astrology,scam,negative_wtp,,global
35b59083-deef-486d-af1b-85eb00426e1e,Yodha My Astrology,astrology,should be free,negative_wtp,,global
1b909edd-001e-4335-a6e2-88a12d8bb3fd,Yodha My Astrology,astrology,worth the money,positive_wtp,,global
35960246-d7ae-41c1-958e-6228c98facc7,Yodha My Astrology,astrology,worth paying,positive_wtp,,global
23371944-b30c-46b4-a3ad-07b31c0a707c,Yodha My Astrology,astrology,not worth,negative_wtp,,global
23371944-b30c-46b4-a3ad-07b31c0a707c,Yodha My Astrology,astrology,worth it if,conditional_wtp,,global
51e27378-2e5d-4a42-89a6-5f0722a6799b,Yodha My Astrology,astrology,waste of money,negative_wtp,,global
0a9a1e96-79b7-4e64-9702-89ed96579fd4,Yodha My Astrology,astrology,loot,negative_wtp,,global
4dd89f66-8925-4208-902b-3af84ea9f079,Yodha My Astrology,astrology,scam,negative_wtp,,global
01c3323b-30ee-43d7-8f6a-0b2a70e64170,Yodha My Astrology,astrology,would pay,positive_wtp,,global
c4da7b6a-cf08-447d-b18c-5d608aa1053e,Yodha My Astrology,astrology,Not worth,negative_wtp,,global
c4da7b6a-cf08-447d-b18c-5d608aa1053e,Yodha My Astrology,astrology,scam,negative_wtp,,global
fcd34066-ce6b-4b23-87be-1132c04726c1,Yodha My Astrology,astrology,NOT worth,negative_wtp,,global
671b6770-1a9f-4ee6-9e71-47d66bb96e83,Yodha My Astrology,astrology,would pay,positive_wtp,,global
c9517ab6-6203-406a-a99b-73b0d14daf5c,Yodha My Astrology,astrology,too costly,negative_wtp,,global
ad3c4d53-5663-4ef6-b2be-bab4b96a67a7,Yodha My Astrology,astrology,worth paying,positive_wtp,,global
98ca62c7-71ce-417d-ac82-a28c799904ac,Yodha My Astrology,astrology,Too expensive,negative_wtp,,global
ef2b4eaf-2d19-4ce0-b2c2-da56f765aefd,Yodha My Astrology,astrology,too expensive,negative_wtp,,global
968bd6be-9ca1-4e34-82c4-e24fef0188be,Yodha My Astrology,astrology,worth every penny,positive_wtp,,global
7a984645-6b24-4741-bc5e-b08db6a5f057,Yodha My Astrology,astrology,If it had,conditional_wtp,,global
cbd5d8ce-82c0-44df-ada8-4ff2c58e178a,Yodha My Astrology,astrology,would pay,positive_wtp,,global
3da75b23-4df1-4c4f-85ce-47f1726ebe4d,Yodha My Astrology,astrology,happy to pay,positive_wtp,,global
02105487-e986-4a9c-a4ea-455c12a8a6db,Yodha My Astrology,astrology,waste of money,negative_wtp,,global
044806e3-52e4-44bd-8cda-5d7569d957f7,Yodha My Astrology,astrology,reasonable price,positive_wtp,,global
b70e64b0-ea0e-439e-84e8-14934374e839,Astro Future,astrology,Too expensive,negative_wtp,,global
3699fce5-989f-4daa-8393-5bc9eadf7801,Astro Future,astrology,waste of money,negative_wtp,,global
6c8ea182-10d7-45ac-a936-072c5453b5ff,Astro Future,astrology,rip off,negative_wtp,,global
cd94fb1c-62d1-4ddc-9870-a451eb07d7cd,Kundli by Drik Panchang,astrology,subscribed,positive_wtp,,india
33cd19d7-d8c2-420f-8aca-2ee7cfcdc276,Kundli by Drik Panchang,astrology,subscribed,positive_wtp,,india
0fa3dc06-a9c8-477f-bc9d-4f8eb18df4f2,Kundli by Drik Panchang,astrology,subscribed,positive_wtp,,india
ac3be16f-e756-472f-b29a-9725f2712b2d,Kundli by Drik Panchang,astrology,subscribed,positive_wtp,,india
c87d1322-a2c6-4a58-9b82-d60fce3b7233,Kundli by Drik Panchang,astrology,subscribed,positive_wtp,,india
bbf7ed8c-d3aa-4b19-947b-e6cb6000e06a,Kundli by Drik Panchang,astrology,subscribed,positive_wtp,muhurat,india
662eed16-058d-433a-a1e1-4201f92c309a,Kundli by Drik Panchang,astrology,subscribed,positive_wtp,,india
93d0bc4e-4ba6-4d87-a693-12a0003c2237,Kundli by Drik Panchang,astrology,Worth subscribing,positive_wtp,,india
3852f82e-3da0-488d-afa5-5b872ecd6131,Kundli by Drik Panchang,astrology,worth every penny,positive_wtp,,india
f8de644f-f5ae-469b-a5e9-1e497d89cb29,Kundli by Drik Panchang,astrology,gladly pay,positive_wtp,,india
cb465f33-fb69-4d44-a088-b3a36c720d4d,Kundli by Drik Panchang,astrology,subscribed,positive_wtp,,india
cb465f33-fb69-4d44-a088-b3a36c720d4d,Kundli by Drik Panchang,astrology,not worth,negative_wtp,,india
54c695ee-ab59-49df-9d5d-d282bc94ef46,Kundli by Drik Panchang,astrology,Too expensive,negative_wtp,,india
38dabea9-ff89-438d-90b1-1c6600cdaa97,Kundli by Drik Panchang,astrology,if it had,conditional_wtp,,india
79d0b4c2-68bd-4042-9abd-b5d249cbace9,Kundli by Drik Panchang,astrology,subscribed,positive_wtp,,india
f6a48345-d5fd-43d0-b1e0-2d3568c20929,Kundli by Drik Panchang,astrology,Worth paying,positive_wtp,,india
715b2444-6a42-46b9-8b49-f0fdd8eb07c6,Kundli by Drik Panchang,astrology,subscribed,positive_wtp,,india
32d097c4-4fd0-432d-b9d3-9210cae6cd67,Kundli by Drik Panchang,astrology,not paying,negative_wtp,,india
d7efd3eb-ffc6-4a93-a25d-853124940e5d,Ancestry,ancestry,Waste of money,negative_wtp,,global
ef74574d-a3c7-498a-a404-e3870df76630,Ancestry,ancestry,not worth,negative_wtp,dna_testing,global
8f1868e1-f960-488f-a081-4b6a1f4f6dc9,Ancestry,ancestry,too expensive,negative_wtp,,global
c1bc39a5-88c4-4a66-91de-8253528f71bb,Ancestry,ancestry,highway robbery,negative_wtp,,global
96bead0d-4040-47cc-aff6-3a9223ffd827,Ancestry,ancestry,scam,negative_wtp,,global
778a74bf-f34b-49a1-a1cf-c7e403b42cc9,Ancestry,ancestry,too expensive,negative_wtp,,global
034f39dc-0ee4-41d6-aac9-c552013c3fd1,Ancestry,ancestry,not paying,negative_wtp,,global
54f41e92-1a7b-47e0-8308-f7035648366d,Ancestry,ancestry,take my money,positive_wtp,,global
ca37e6d6-4e00-4cc7-87a9-b4dc6782c2af,Ancestry,ancestry,rip off,negative_wtp,,global
2d239aae-4e36-44fc-aad7-acb81f9c90d8,Ancestry,ancestry,not worth,negative_wtp,,global
da78cc3e-af47-4593-be89-5a84671f0592,Ancestry,ancestry,would pay,positive_wtp,,global
8bfc721d-c5de-4cae-8c76-a12ca96f26fa,Ancestry,ancestry,worth it if,conditional_wtp,,global
55846fbf-f4d0-42ad-93b7-23d8ef007c23,Ancestry,ancestry,money grab,negative_wtp,,global
f92b0605-0880-4df5-a594-1881b20ae60f,Ancestry,ancestry,too expensive,negative_wtp,,global
a76c9921-2203-4fb8-b77a-692c03ca24a0,Ancestry,ancestry,not worth,negative_wtp,,global
eddd31cf-9a36-436e-8093-53a3ea1ddf7d,Ancestry,ancestry,too expensive,negative_wtp,,global
68f520a8-0d0f-473a-a0a3-8abe2cca6e37,Ancestry,ancestry,scam,negative_wtp,,global
647ac7ee-4095-4476-9799-372655784548,Ancestry,ancestry,too expensive,negative_wtp,,global
b2df4f45-2ba3-4073-9ebc-bdd1dd03a2e1,Ancestry,ancestry,scam,negative_wtp,,global
3333056e-1e05-49f0-b6da-722b4fcf7d2f,Ancestry,ancestry,Too expensive,negative_wtp,,global
7bbc25d9-7041-450c-af8e-4453515d0da0,Ancestry,ancestry,Too expensive,negative_wtp,,global
4d6db8a4-f2e8-4803-b0b4-23e236cc60bc,Ancestry,ancestry,money grab,negative_wtp,,global
00c6ce04-6836-4813-9c9c-851c0d9ec3c8,Ancestry,ancestry,waste of money,negative_wtp,dna_testing,global
906f212e-0f2e-48ae-a4a0-fad46b306f78,Ancestry,ancestry,scam,negative_wtp,,global
26bd7c56-48c5-43e8-9f2d-07ba60d9e73d,Ancestry,ancestry,waste of money,negative_wtp,,global
6433e697-a072-418c-8346-bf8287a8f466,Ancestry,ancestry,not worth,negative_wtp,,global
aede0422-32b6-4f46-8798-5f3c29befc04,Ancestry,ancestry,not worth,negative_wtp,,global
f506b1eb-dd71-4f4f-94ea-a04d11417b25,Ancestry,ancestry,worth paying,positive_wtp,,global
f506b1eb-dd71-4f4f-94ea-a04d11417b25,Ancestry,ancestry,not worth,negative_wtp,,global
7d2a3155-8797-400c-8bc6-69090a3d9c36,Ancestry,ancestry,too expensive,negative_wtp,,global
58ed6c8a-6c16-4115-b05a-348e230043b5,Ancestry,ancestry,scam,negative_wtp,,global
935f5e5e-7729-40a3-af81-bad3c87fe5e6,Ancestry,ancestry,waste of money,negative_wtp,,global
2fccc0c3-b8e8-4f87-82c4-0d5993e4685f,Ancestry,ancestry,SCAM,negative_wtp,,global
054df9eb-e7f5-4168-be7a-18a195b15b4d,Ancestry,ancestry,too expensive,negative_wtp,,global
b464279a-0274-4b4c-af23-729bc07887b2,Ancestry,ancestry,not worth,negative_wtp,,global
de8d093a-6652-41ab-97f0-363329753f13,Ancestry,ancestry,overpriced,negative_wtp,,global
503b4865-0628-495e-9631-8cbd2b728af6,Ancestry,ancestry,TOO EXPENSIVE,negative_wtp,,global
47af861e-1c96-40e0-96a5-0cab55d9f402,Ancestry,ancestry,too expensive,negative_wtp,,global
f368aedd-e245-42ec-bbe6-c45f9776fc6c,Ancestry,ancestry,fair price,positive_wtp,,global
82a80d7e-bd36-4be2-af5e-b4718127f944,Ancestry,ancestry,too expensive,negative_wtp,,global
9bdb219e-47bb-4b46-b366-49b6cf0679e5,Ancestry,ancestry,scam,negative_wtp,,global
9bdb219e-47bb-4b46-b366-49b6cf0679e5,Ancestry,ancestry,money grab,negative_wtp,,global
cf358bef-ab98-4ed2-9ed6-f94bc2fc6f5e,Ancestry,ancestry,too expensive,negative_wtp,,global
49998a00-b5de-482c-88c3-19222ce0868a,Ancestry,ancestry,loot,negative_wtp,,global
8c69ad49-5d10-4fff-b31e-e31bd9b841da,Ancestry,ancestry,too expensive,negative_wtp,,global
e3afd73a-fb04-41f5-b216-90ef26d98974,Ancestry,ancestry,Too expensive,negative_wtp,,global
e5e36c9f-dfb0-473b-a04e-300794249924,Ancestry,ancestry,worth the money,positive_wtp,,global
5c10289b-0460-4470-893f-bed0778f5c9d,Ancestry,ancestry,scam,negative_wtp,,global
d4e53943-f9fa-4fc1-97e8-f0df91420dd6,Ancestry,ancestry,rip off,negative_wtp,,global
c18f3236-8faf-42bb-90e3-e5d8748a7b2f,Ancestry,ancestry,not worth,negative_wtp,,global
24dbd171-80fd-4fd7-837b-03b9debe4460,Ancestry,ancestry,subscribed,positive_wtp,,global
24dbd171-80fd-4fd7-837b-03b9debe4460,Ancestry,ancestry,unsubscribed,negative_wtp,,global
d5e8557f-6078-4ae6-a848-0d40cc436912,Ancestry,ancestry,Not worth,negative_wtp,,global
6fcb0e47-29f9-410f-aa60-637079856cff,Ancestry,ancestry,overpriced,negative_wtp,,global
4b3f2d98-af15-4738-80fb-3d1897e45e26,Ancestry,ancestry,too expensive,negative_wtp,,global
c612a23c-6466-4b05-b622-62a46565afb3,Ancestry,ancestry,should be free,negative_wtp,,global
022001a7-03b0-4fb0-864c-b10c9aed264b,Ancestry,ancestry,not paying,negative_wtp,,global
a3afd7e1-8772-40dc-872d-e003a9cfc8ed,Ancestry,ancestry,value for money,positive_wtp,,global
f7996ab4-1aaf-4710-b211-9840b756a983,Ancestry,ancestry,not paying,negative_wtp,,global
c54f3833-748f-4fb8-8f39-cbc58724fbfa,Ancestry,ancestry,scam,negative_wtp,,global
c54f3833-748f-4fb8-8f39-cbc58724fbfa,Ancestry,ancestry,scam,negative_wtp,,global
114221a8-5e23-4b81-a950-7eb386005fc0,Ancestry,ancestry,not worth,negative_wtp,,global
4b522fdb-fa70-4a0f-93f1-78f10fa05376,Ancestry,ancestry,too expensive,negative_wtp,,global
71c15f58-8b71-4295-a0d9-ed8fcf9d8e51,Ancestry,ancestry,subscribed,positive_wtp,,global
6f56d690-ae72-4fac-8436-030c8b6943df,Ancestry,ancestry,rip off,negative_wtp,,global
efbc149b-77f8-4b82-97d8-9e9058959472,Ancestry,ancestry,subscribed,positive_wtp,,global
efbc149b-77f8-4b82-97d8-9e9058959472,Ancestry,ancestry,NOT WORTH,negative_wtp,,global
efbc149b-77f8-4b82-97d8-9e9058959472,Ancestry,ancestry,unsubscribed,negative_wtp,,global
9bd28653-64f6-4b69-ade7-6f672bf01942,Ancestry,ancestry,RIP OFF,negative_wtp,,global
16b63f6f-f1f4-4fdf-b246-76543a022055,Ancestry,ancestry,scam,negative_wtp,,global
a9016758-eeae-48d1-8ff4-6776d0ec55dc,Ancestry,ancestry,worth paying,positive_wtp,,global
7f8ef009-f24b-4866-b2d2-2877826010ae,Ancestry,ancestry,too expensive,negative_wtp,,global
8aa06d91-92fe-4f43-a18f-ff6796461649,Ancestry,ancestry,not worth,negative_wtp,,global
b7c99a7f-7996-4d18-9ad8-9343cb6e82c6,Ancestry,ancestry,Too expensive,negative_wtp,,global
935f8e1e-200e-416c-8db5-dc4d6297bc5a,Ancestry,ancestry,too expensive,negative_wtp,,global
aa9f85e8-f117-493a-9ad0-d0c47abf2190,Ancestry,ancestry,SCAM,negative_wtp,,global
c5b1f263-b764-4b94-838f-3b907c02c7ee,Ancestry,ancestry,too expensive,negative_wtp,,global
618e60c8-9595-45ac-b946-99c60fcd102e,Ancestry,ancestry,too expensive,negative_wtp,,global
18b99bd5-3c72-4ba7-ba0d-f90cdfa390a0,Ancestry,ancestry,rip off,negative_wtp,historical_records,global
18b99bd5-3c72-4ba7-ba0d-f90cdfa390a0,Ancestry,ancestry,not paying,negative_wtp,historical_records,global
e1e5045e-c786-4a98-aac9-ca12e5b3939f,Ancestry,ancestry,subscribed,positive_wtp,,global
2b6c2648-2ada-4bbb-9bc5-678d79cd9720,Ancestry,ancestry,Too expensive,negative_wtp,,global
07c4ecb9-fea9-48f9-8a68-142686591f2c,Ancestry,ancestry,too expensive,negative_wtp,,global
617b3b8c-64a9-41b1-858f-8c7f823b0157,Ancestry,ancestry,not worth,negative_wtp,,global
dc31381d-a11d-409e-8a68-4828f8422c29,Ancestry,ancestry,Waste of money,negative_wtp,,global
e6b63980-1fda-4a65-b44f-a6a9214526a7,Ancestry,ancestry,too expensive,negative_wtp,,global
eec38f15-19ee-4fdc-88c4-b4269eb6ff01,Ancestry,ancestry,ripoff,negative_wtp,,global
19bfc78d-a66c-4187-9219-8e54fc35269a,Ancestry,ancestry,waste of money,negative_wtp,,global
6f02652a-5dc4-4e1c-8a49-4761296ad461,Ancestry,ancestry,too expensive,negative_wtp,family_stories,global
f406ce70-c4ed-4355-99f4-37d90b59671c,Ancestry,ancestry,worth the price,positive_wtp,,global
f406ce70-c4ed-4355-99f4-37d90b59671c,Ancestry,ancestry,Not worth,negative_wtp,,global
30a99a75-cd5d-4056-a400-0192ee6a08aa,Ancestry,ancestry,too expensive,negative_wtp,,global
cd8e7cf5-a5b7-4b3d-949f-7d4c7579540d,Ancestry,ancestry,not worth,negative_wtp,,global
4bd4da3a-bd8f-4e5b-8cf6-e715caf14b8c,Ancestry,ancestry,too expensive,negative_wtp,,global
f7eecdba-98a7-477e-8528-b4d87d3cc20f,Ancestry,ancestry,money grab,negative_wtp,,global
01141a64-035e-4acb-9db0-37e2f86b7675,Ancestry,ancestry,too expensive,negative_wtp,,global
9248c868-e05c-4181-81db-9d947c24c3a3,Ancestry,ancestry,waste of money,negative_wtp,,global
67eab6dd-d4bf-48b7-ad8a-d25689d0f53f,Ancestry,ancestry,money grab,negative_wtp,,global
4ebbb39c-180f-4515-8c25-a39ea4f42bf2,Ancestry,ancestry,SCAM,negative_wtp,,global
edb85df6-717a-4dab-b7d9-f204284b6410,Ancestry,ancestry,money grab,negative_wtp,,global
f38b6d90-bc96-43ff-92d4-88f72b02a77b,Ancestry,ancestry,worth the money,positive_wtp,dna_testing,global
f38b6d90-bc96-43ff-92d4-88f72b02a77b,Ancestry,ancestry,not worth,negative_wtp,dna_testing,global
a2c16c49-c5c5-45ea-bdd2-0ee6f417967f,Ancestry,ancestry,too expensive,negative_wtp,,global
a2c16c49-c5c5-45ea-bdd2-0ee6f417967f,Ancestry,ancestry,should be free,negative_wtp,,global
7e589143-7ab9-44e5-85ad-39b1c3b2a9c1,Ancestry,ancestry,would pay,positive_wtp,,global
7da5c0ab-cb5a-4325-8c83-b30333b4f93e,Ancestry,ancestry,not paying,negative_wtp,,global
fdc5b232-b8c3-4b33-bd93-b2ae4b91da69,Ancestry,ancestry,too expensive,negative_wtp,,global
58bc4cb8-a1a9-4342-84f0-0bc70fb2070a,Ancestry,ancestry,overpriced,negative_wtp,,global
58bc4cb8-a1a9-4342-84f0-0bc70fb2070a,Ancestry,ancestry,rip off,negative_wtp,,global
1d7ca408-4aa1-4ecb-bea5-7498946b795a,Ancestry,ancestry,too expensive,negative_wtp,dna_testing,global
76c35ed9-3aef-4fd6-9512-fabfd4af9a9c,Ancestry,ancestry,too expensive,negative_wtp,,global
8011917b-f15e-4ff5-bc74-81641dd412a6,Ancestry,ancestry,Overpriced,negative_wtp,,global
0a22d067-2691-40f1-9581-384c5b5787b9,Ancestry,ancestry,money grab,negative_wtp,,global
d65410cb-59bf-4aaf-8321-91815aa0e1c5,Ancestry,ancestry,too expensive,negative_wtp,,global
6f41ad92-913c-4a9e-822c-3f623a61cd66,Ancestry,ancestry,too expensive,negative_wtp,,global
40b18250-3e9d-4909-b276-f24dc67e3230,Ancestry,ancestry,scam,negative_wtp,,global
879cd235-a1bd-4358-9035-ccfe48c3113c,Ancestry,ancestry,should be free,negative_wtp,,global
27c56159-68ee-4344-b556-c4096dad2afa,Ancestry,ancestry,not paying,negative_wtp,,global
27c56159-68ee-4344-b556-c4096dad2afa,Ancestry,ancestry,Money Grab,negative_wtp,,global
afecdf5f-0bde-4db0-be21-d1560596b3a6,Ancestry,ancestry,should be free,negative_wtp,,global
f1a8d9d2-5c80-4945-97e7-3782b64bacca,Ancestry,ancestry,Would pay,positive_wtp,,global
33c4087d-9c27-4858-b335-8a52630d3932,Ancestry,ancestry,Scam,negative_wtp,,global
33c4087d-9c27-4858-b335-8a52630d3932,Ancestry,ancestry,scam,negative_wtp,,global
206591f2-e7bd-4165-87fc-666f6156d698,Ancestry,ancestry,too expensive,negative_wtp,,global
206591f2-e7bd-4165-87fc-666f6156d698,Ancestry,ancestry,rip off,negative_wtp,,global
ee8ec45f-d87d-4e6f-b9c4-dd6fc43fee94,Ancestry,ancestry,not worth,negative_wtp,,global
927254fa-92c9-4745-a368-6ab5d78ddfb2,Ancestry,ancestry,rip off,negative_wtp,,global
3d7ebc22-9eb5-4e09-9231-7cf75e23ba8c,Ancestry,ancestry,Too expensive,negative_wtp,,global
63d5b8ba-e2d0-4ef3-b943-c06bffd8113f,Ancestry,ancestry,too expensive,negative_wtp,,global
9f327bfa-e98c-4521-b82f-8a40379cfff8,Ancestry,ancestry,scam,negative_wtp,,global
c99af63a-e614-45ef-8458-626488075b1e,Ancestry,ancestry,scam,negative_wtp,,global
4a653035-fe88-4d05-a17c-1a807d529f69,Ancestry,ancestry,too expensive,negative_wtp,,global
5071f05a-13ad-490b-bffe-03a0361bbd1a,Ancestry,ancestry,money grab,negative_wtp,,global
732cabbf-0a90-4334-b3f6-dafec5ea31b6,Ancestry,ancestry,Too expensive,negative_wtp,,global
14002f61-f2d6-45d2-bab8-63e72b32a82a,Ancestry,ancestry,too expensive,negative_wtp,,global
f1a1faa3-5a92-4db8-b847-b88ede621f07,Ancestry,ancestry,money grab,negative_wtp,,global
5f53398b-c54f-486e-a10d-78c756bcda07,Ancestry,ancestry,money grab,negative_wtp,,global
21de1092-aea9-4670-826a-a433a8f34108,Ancestry,ancestry,subscribed,positive_wtp,,global
a2c82687-c88f-4d59-8180-76a486c988b0,Ancestry,ancestry,scam,negative_wtp,,global
5c6679cc-5097-4681-a258-54a698c42e47,Ancestry,ancestry,should be free,negative_wtp,,global
241d0c00-aacb-4f82-a270-7698f0894302,Ancestry,ancestry,too expensive,negative_wtp,,global
241d0c00-aacb-4f82-a270-7698f0894302,Ancestry,ancestry,too expensive,negative_wtp,,global
31721757-4ee6-4c2e-9919-2615ece293f5,Ancestry,ancestry,Not worth,negative_wtp,,global
31721757-4ee6-4c2e-9919-2615ece293f5,Ancestry,ancestry,Waste Of Money,negative_wtp,,global
5b7309bf-325e-4075-aed1-7df2c57b6083,Ancestry,ancestry,not worth,negative_wtp,,global
28ab72cc-746e-47b0-ac53-797ae880e072,Ancestry,ancestry,overpriced,negative_wtp,,global
1bed6c74-1b5b-46b8-860b-e1ba2c8d040e,Ancestry,ancestry,waste of money,negative_wtp,,global
bbcc207f-f701-45e9-81d2-f2ef280103fc,Ancestry,ancestry,not worth,negative_wtp,,global
6aadde5c-0b27-4111-a21b-fd46e7ba3e3d,Ancestry,ancestry,RIPOFF,negative_wtp,,global
6aadde5c-0b27-4111-a21b-fd46e7ba3e3d,Ancestry,ancestry,WASTE OF MONEY,negative_wtp,,global
6aadde5c-0b27-4111-a21b-fd46e7ba3e3d,Ancestry,ancestry,SCAM,negative_wtp,,global
3c16bc25-5a6c-48d1-bbab-a2c826c81c56,Ancestry,ancestry,not worth,negative_wtp,,global
8ebbcf53-02bb-40de-8dfa-b54ed29b32d0,Ancestry,ancestry,too expensive,negative_wtp,,global
5029f52d-6898-4c78-865a-ae468c7b06e2,Ancestry,ancestry,overpriced,negative_wtp,,global
667f6c70-7f78-4942-86bd-a54bc5b4feff,Ancestry,ancestry,rip off,negative_wtp,,global
af4176dd-cee3-400c-bfb9-bf3131e160a8,Ancestry,ancestry,scam,negative_wtp,,global
8850bc76-4565-4409-9975-417867360448,Ancestry,ancestry,should be free,negative_wtp,,global
0b58b9f9-cb67-4860-891c-1b7f58cdb2ab,Ancestry,ancestry,too expensive,negative_wtp,,global
f48420ca-c466-4348-ba92-d8689d07788f,Ancestry,ancestry,too expensive,negative_wtp,,global
c7801d54-66e3-493d-81d8-e3816e492ae8,Ancestry,ancestry,money grab,negative_wtp,,global
8bf10b27-0cc1-44bc-831e-5a880a17d83a,Ancestry,ancestry,too expensive,negative_wtp,,global
8758e280-455b-42ac-9faa-0526fded7fc5,Ancestry,ancestry,overpriced,negative_wtp,,global
92fd98e3-6440-4cc8-a78a-f3ffafb11f45,Ancestry,ancestry,rip off,negative_wtp,,global
0db5e5a5-2d3b-4b99-bbc7-ad7b3a818700,Ancestry,ancestry,Scam,negative_wtp,,global
0db5e5a5-2d3b-4b99-bbc7-ad7b3a818700,Ancestry,ancestry,scam,negative_wtp,,global
d6e27a7d-0858-4f73-8f79-cb597c2e8326,Ancestry,ancestry,subscribed,positive_wtp,,global
3d0fb883-1773-4777-8b64-4e94c2eedfbf,Ancestry,ancestry,rip off,negative_wtp,,global
3d0fb883-1773-4777-8b64-4e94c2eedfbf,Ancestry,ancestry,scam,negative_wtp,,global
bbf309f2-070a-49c9-9b9b-fefa237e4d16,Ancestry,ancestry,scam,negative_wtp,,global
0377dffa-505b-4743-b554-e69e197c90cd,Ancestry,ancestry,ripoff,negative_wtp,,global
128d94b6-44e1-4f56-ab9d-462f32b14269,Ancestry,ancestry,too expensive,negative_wtp,,global
36802656-c855-42b2-9837-e511d9db3c1f,Ancestry,ancestry,too expensive,negative_wtp,,global
ee975ad3-1207-4c53-addd-4814eb393057,Ancestry,ancestry,too expensive,negative_wtp,,global
5ea4d2b3-356f-4e80-88dd-4d128754bb4e,Ancestry,ancestry,too expensive,negative_wtp,,global
cdc1e863-7e30-4647-884e-8e841846922a,Ancestry,ancestry,not worth,negative_wtp,,global
207b43eb-557e-44af-add0-2cb6bba4fc12,Ancestry,ancestry,too expensive,negative_wtp,,global
3a7c64bb-e637-402d-b41f-e2cad16ad6c3,Ancestry,ancestry,not worth,negative_wtp,,global
3a7c64bb-e637-402d-b41f-e2cad16ad6c3,Ancestry,ancestry,overpriced,negative_wtp,,global
625a1274-f137-4106-9cfd-f3a5ee2e47dd,Ancestry,ancestry,too expensive,negative_wtp,,global
e9b44fdb-a95f-48b5-9db9-d9765a1cffb9,Ancestry,ancestry,too expensive,negative_wtp,,global
f94d41ab-ee03-48b3-8d3c-fd0d11b794fa,Ancestry,ancestry,too expensive,negative_wtp,,global
08d9a905-094d-4225-a3c9-0fb143e4bbb1,Ancestry,ancestry,should be free,negative_wtp,,global
49e3a705-80b4-484d-bc5f-d770aa848cdc,Ancestry,ancestry,waste of money,negative_wtp,,global
1e421dd4-14a1-4339-b3cd-1b57c363b1f2,Ancestry,ancestry,too expensive,negative_wtp,,global
443d94dc-385b-450a-a1c2-0abf10012b69,Ancestry,ancestry,ripoff,negative_wtp,,global
a031f589-9169-4e96-b692-2912dd82625a,Ancestry,ancestry,Too Expensive,negative_wtp,,global
32e5343d-c5e7-45cf-9f5e-888a1a77fb87,Ancestry,ancestry,scam,negative_wtp,,global
32e5343d-c5e7-45cf-9f5e-888a1a77fb87,Ancestry,ancestry,money grab,negative_wtp,,global
5e6a97e7-cd38-4871-8d99-8876e6dbdf5b,Ancestry,ancestry,too expensive,negative_wtp,,global
43fc874e-7e24-433d-9262-7650faf930f6,Ancestry,ancestry,not worth,negative_wtp,,global
ac9e7013-af48-4e7f-9b03-f2ef270158c5,Ancestry,ancestry,rip off,negative_wtp,,global
0d6eb444-3550-4c05-b2f8-2708c7ddb6d1,Ancestry,ancestry,money grab,negative_wtp,,global
c095cf42-3feb-405a-b70a-a5a8659e8c38,Ancestry,ancestry,WASTE OF MONEY,negative_wtp,,global
20d34701-05f0-4a84-b113-b3f874a6459e,Ancestry,ancestry,rip off,negative_wtp,,global
ae1cda11-f1ab-4eac-8757-17b0a4f7ad42,Ancestry,ancestry,NOT worth,negative_wtp,,global
ae1cda11-f1ab-4eac-8757-17b0a4f7ad42,Ancestry,ancestry,SCAM,negative_wtp,,global
946b6b96-ec6b-4a3d-ae79-53166273cb41,Ancestry,ancestry,Not worth,negative_wtp,,global
3cc80363-3ce7-4814-b076-9e42856e50f0,Ancestry,ancestry,too expensive,negative_wtp,,global
3d702998-4d78-440b-998d-ac7792bbef6d,Ancestry,ancestry,not worth,negative_wtp,,global
3d702998-4d78-440b-998d-ac7792bbef6d,Ancestry,ancestry,not worth,negative_wtp,,global
a456a1ed-ba6e-4dc7-bd6b-cd6a6f8e5b91,Ancestry,ancestry,worth the price,positive_wtp,,global
a456a1ed-ba6e-4dc7-bd6b-cd6a6f8e5b91,Ancestry,ancestry,Not worth,negative_wtp,,global
fa2950f6-f1be-42b8-bc5c-3f96be7492e6,Ancestry,ancestry,Rip off,negative_wtp,,global
15f694da-ee25-4bf8-83a9-d6840152970b,Ancestry,ancestry,too expensive,negative_wtp,,global
1e9687bb-1f65-4b86-a677-1a0c7f39cffe,Ancestry,ancestry,too expensive,negative_wtp,,global
81611509-3475-4eff-8121-bb0de583d210,Ancestry,ancestry,too expensive,negative_wtp,,global
3e8c76d3-3fba-4c35-b144-28b75641ff36,Ancestry,ancestry,too expensive,negative_wtp,,global
b135de49-662f-4a57-9677-8aa566913503,Ancestry,ancestry,worth the price,positive_wtp,,global
b135de49-662f-4a57-9677-8aa566913503,Ancestry,ancestry,not worth,negative_wtp,,global
fd5c482c-d230-434d-9dea-5c252740f987,Ancestry,ancestry,waste of money,negative_wtp,,global
9786da04-bf44-4fd0-b694-f8616ebfcfca,Ancestry,ancestry,Should be free,negative_wtp,,global
10b0bc41-989c-4e0c-9bd6-cd96eeab2952,Ancestry,ancestry,too expensive,negative_wtp,,global
b4acbcf1-7fc1-440c-b9f2-8dca2e2416cd,Ancestry,ancestry,scam,negative_wtp,,global
9686ed44-bc35-4ebc-bfdc-b7d43e61e060,Ancestry,ancestry,too expensive,negative_wtp,,global
38ca758f-7da3-4a10-9351-1ff07bd74fcc,Ancestry,ancestry,rip off,negative_wtp,,global
5ee5b0cd-c396-4673-84cd-0dadbdd3ddfa,Ancestry,ancestry,Too expensive,negative_wtp,,global
fc7ac525-83f6-4205-b29d-c2fd861af802,Ancestry,ancestry,not worth,negative_wtp,,global
fc7ac525-83f6-4205-b29d-c2fd861af802,Ancestry,ancestry,scam,negative_wtp,,global
496c7cd7-75b1-4ef2-a599-3fb1d67dd72f,Ancestry,ancestry,subscribed,positive_wtp,dna_testing,global
a4c06742-5ac7-4f25-bcaf-92f5e18e2407,Ancestry,ancestry,not paying,negative_wtp,,global
18784154-cc03-4bbc-b2cb-1695b61eb05f,Ancestry,ancestry,should be free,negative_wtp,dna_testing,global
0ed83ef0-7209-4901-9253-f866c87f1367,Ancestry,ancestry,scam,negative_wtp,,global
32ded962-fda4-485d-95fc-863bdd809c4e,Ancestry,ancestry,too expensive,negative_wtp,,global
1da8829a-b336-437a-89d2-c3b33597fdca,Ancestry,ancestry,money grab,negative_wtp,,global
f0399039-3c9b-44ae-b61f-3f6016335a98,Ancestry,ancestry,scam,negative_wtp,,global
2e2adb66-a5b3-4dd4-a981-42f33c4f48d4,Ancestry,ancestry,money grab,negative_wtp,,global
8a6dd6a3-53bc-4ee8-a221-3f267dfb5204,Ancestry,ancestry,worth paying,positive_wtp,,global
8a6dd6a3-53bc-4ee8-a221-3f267dfb5204,Ancestry,ancestry,not worth,negative_wtp,,global
e6f111f1-d1f4-4c6b-a7ad-a60128038953,Ancestry,ancestry,not paying,negative_wtp,,global
edd6a95b-ab7b-4799-808c-c547a45a6562,Ancestry,ancestry,scam,negative_wtp,,global
6607b2f6-be31-4686-a784-631a9c6ad5e4,Ancestry,ancestry,too expensive,negative_wtp,,global
2cf663b6-93ed-4792-ba37-e3a5aa1478fe,Ancestry,ancestry,money grab,negative_wtp,,global
4615be23-cb79-450b-b0ff-44be0fbecdb7,Ancestry,ancestry,scam,negative_wtp,,global
4615be23-cb79-450b-b0ff-44be0fbecdb7,Ancestry,ancestry,SCAM,negative_wtp,,global
d0c45e30-508a-411e-9deb-91fb9a43bc6c,Ancestry,ancestry,not paying,negative_wtp,,global
7f3f873e-08ac-4c73-a7b8-cabf807c2a1d,Ancestry,ancestry,not paying,negative_wtp,,global
cdf017dd-4b34-4e30-9a44-41069a5aba64,Ancestry,ancestry,too expensive,negative_wtp,,global
0280608a-220e-4aee-b994-bc7eded48518,Ancestry,ancestry,subscribed,positive_wtp,,global
0221a5e1-daec-4a23-8b82-1604ff9989e9,Ancestry,ancestry,Rip off,negative_wtp,,global
d28538de-63e1-40f2-acfd-457f891cec86,Ancestry,ancestry,Not paying,negative_wtp,,global
5db0e0ba-5ec9-4c54-ab63-5688afa6f944,Ancestry,ancestry,waste of money,negative_wtp,,global
5db0e0ba-5ec9-4c54-ab63-5688afa6f944,Ancestry,ancestry,scam,negative_wtp,,global
5db0e0ba-5ec9-4c54-ab63-5688afa6f944,Ancestry,ancestry,money grab,negative_wtp,,global
c0d90996-2e48-41c0-8533-6a4a246efb4e,Ancestry,ancestry,not paying,negative_wtp,,global
e2248f2a-8d03-40fd-ae68-47ad7f2da83d,Ancestry,ancestry,waste of money,negative_wtp,,global
99de5542-d26b-4827-8b56-d6ad0a6c948a,Ancestry,ancestry,Not worth,negative_wtp,,global
03ef94fd-7e17-4fd5-b6f5-45261407d734,Ancestry,ancestry,worth the money,positive_wtp,,global
03ef94fd-7e17-4fd5-b6f5-45261407d734,Ancestry,ancestry,not worth,negative_wtp,,global
736cddde-955f-47bc-a3cd-d31649942e05,Ancestry,ancestry,money grab,negative_wtp,,global
f43223a6-dff3-45f7-8cdd-191bbff364c0,Ancestry,ancestry,worth the money,positive_wtp,,global
f43223a6-dff3-45f7-8cdd-191bbff364c0,Ancestry,ancestry,not worth,negative_wtp,,global
2f9a8e49-6f53-42d9-812a-b407f90f104a,Ancestry,ancestry,overpriced,negative_wtp,,global
791fe24c-2f33-485e-9de1-a93c2d0113ce,Ancestry,ancestry,money grab,negative_wtp,,global
ec74de36-34a5-4993-b71f-469222a11c27,Ancestry,ancestry,scam,negative_wtp,,global
acba1c90-5237-4835-acf7-526727a24011,Ancestry,ancestry,too expensive,negative_wtp,,global
14054748-5b2d-4212-877f-e9ce16fe11f4,Ancestry,ancestry,too expensive,negative_wtp,,global
abc28e17-3382-45b2-af29-d999aba4ca59,Ancestry,ancestry,NOT worth,negative_wtp,,global
31831a45-7f73-4e8b-8cb6-e818f0b4173f,Ancestry,ancestry,worth the money,positive_wtp,,global
31831a45-7f73-4e8b-8cb6-e818f0b4173f,Ancestry,ancestry,not worth,negative_wtp,,global
7f4c2a75-862b-4ee6-ad96-7b641863a18a,Ancestry,ancestry,scam,negative_wtp,,global
e74a9f2a-13af-46ec-9121-65125b454eac,Ancestry,ancestry,not worth,negative_wtp,,global
54a6d5de-40de-403c-b990-3135d407c6c2,Ancestry,ancestry,rip off,negative_wtp,,global
c27cda12-f413-4d8a-bbb4-e63600712511,Ancestry,ancestry,too expensive,negative_wtp,,global
23320c2e-18a2-4e9c-9ebc-dbf8e8622d31,Ancestry,ancestry,waste of money,negative_wtp,,global
c92c5090-623e-48bf-b38a-97d7dc99ee2a,Ancestry,ancestry,Worth every penny,positive_wtp,,global
eeba2c17-adeb-4c70-9886-fb9b40063b0b,Ancestry,ancestry,Waste of money,negative_wtp,,global
2b1907d1-3618-4d59-9ff7-d1862512f1fe,Ancestry,ancestry,Scam,negative_wtp,,global
4574c666-155e-48c3-8b0a-25ea45e44c7d,Ancestry,ancestry,subscribed,positive_wtp,,global
4574c666-155e-48c3-8b0a-25ea45e44c7d,Ancestry,ancestry,scam,negative_wtp,,global
a94592ae-d7f1-425d-8fd6-de713d0b2aca,Ancestry,ancestry,subscribed,positive_wtp,,global
b1eea52f-1088-478a-b258-fc9b0d5e868c,Ancestry,ancestry,money grab,negative_wtp,,global
ee9e3f5e-b4c9-45a5-a21e-8cc5bc6dbca9,Ancestry,ancestry,Scam,negative_wtp,,global
e850fc8f-4686-41ab-9367-411c487cb4b1,Ancestry,ancestry,money grab,negative_wtp,,global
8cf18e7f-dabe-4ded-98af-5b93d1228039,Ancestry,ancestry,scam,negative_wtp,,global
31701a0a-e025-474e-b6d2-ac36e9de63b2,Ancestry,ancestry,too expensive,negative_wtp,,global
36d85dd6-dc6f-4d3a-ae89-e6ed8151eed0,Ancestry,ancestry,too expensive,negative_wtp,,global
53dd1f9f-a92c-4451-a90d-96738e7088aa,Ancestry,ancestry,rip off,negative_wtp,,global
0aa0f50b-90d1-4da7-a81f-d8ef7551cf97,Ancestry,ancestry,never pay,negative_wtp,,global
0aa0f50b-90d1-4da7-a81f-d8ef7551cf97,Ancestry,ancestry,scam,negative_wtp,,global
0e4deae0-deb6-43f7-8f1a-56d33db80935,Ancestry,ancestry,should be free,negative_wtp,,global
36531e0e-a43c-49a9-a997-8ae75d390d1f,Ancestry,ancestry,not worth,negative_wtp,,global
36531e0e-a43c-49a9-a997-8ae75d390d1f,Ancestry,ancestry,rip off,negative_wtp,,global
b65a3bf9-baa4-4d36-a88e-07550af1b828,Ancestry,ancestry,rip off,negative_wtp,,global
cc4512eb-217e-47c4-b55f-1910a064c3bf,Ancestry,ancestry,not paying,negative_wtp,,global
97a61db0-5960-4984-bc86-11ca8e67e086,Ancestry,ancestry,rip off,negative_wtp,,global
97a61db0-5960-4984-bc86-11ca8e67e086,Ancestry,ancestry,money grab,negative_wtp,,global
4d9f8135-b76d-4c2b-a7fe-bbce21d9f257,Ancestry,ancestry,not worth,negative_wtp,,global
b5f9f36c-19e7-4bc4-a493-e067f60a6b65,Ancestry,ancestry,not paying,negative_wtp,,global
8a751ca2-4d86-49bf-836d-d04a62b1b4d5,Ancestry,ancestry,Rip off,negative_wtp,,global
aeb622f3-2e13-4d99-934b-4c23a38f3b4c,Ancestry,ancestry,Not worth,negative_wtp,,global
7e56ffcf-47cf-473a-b486-fe95acfe603e,Ancestry,ancestry,overpriced,negative_wtp,,global
edad2b2f-f6b6-44bd-a6ab-5d235e23c26e,Ancestry,ancestry,overpriced,negative_wtp,,global
6f2d03fd-5247-487b-a559-a03be137951f,Ancestry,ancestry,Scam,negative_wtp,,global
6f71225f-4e96-464b-86f2-099de946945a,Ancestry,ancestry,NOT paying,negative_wtp,dna_testing,global
871f0bd1-514b-4896-95e3-396212c38554,Ancestry,ancestry,reasonable price,positive_wtp,dna_testing,global
969ab0fb-b83a-4357-ab95-3274c7664d30,Ancestry,ancestry,scam,negative_wtp,,global
db3baefb-f68e-4fea-abc8-d8851bbd76fa,Ancestry,ancestry,Too expensive,negative_wtp,,global
dc7c1349-1b36-4bdb-9eec-0be89cff6523,Ancestry,ancestry,Scam,negative_wtp,,global
e6f305c4-6e2c-45a6-b160-5a737cb73dc1,Ancestry,ancestry,should be free,negative_wtp,,global
39b84af4-b765-4d8b-b6a9-d42338f0d93a,Ancestry,ancestry,ripoff,negative_wtp,,global
51ebb9c6-2dd0-40aa-805c-045ea7517f61,Ancestry,ancestry,too expensive,negative_wtp,,global
b3d831d8-c1ae-4b71-b518-cb74bca2bbae,Ancestry,ancestry,scam,negative_wtp,,global
4a1ce878-bcdf-42dc-bd80-b600215dd480,Ancestry,ancestry,worth the money,positive_wtp,,global
ba3ce39e-b413-4ef7-8f2f-d3e1d4aa7766,Ancestry,ancestry,subscribed,positive_wtp,,global
98562921-8b53-4363-963a-8dc6b223e58d,Ancestry,ancestry,scam,negative_wtp,,global
65521620-c33e-4a53-90a2-85ca0f70832e,Ancestry,ancestry,worth paying,positive_wtp,,global
8beb0209-84d4-4204-bef9-21bc602f2103,Ancestry,ancestry,too expensive,negative_wtp,,global
5e07310b-e618-4f77-a076-8c2e9e1b0d03,Ancestry,ancestry,scam,negative_wtp,,global
9efa1753-2e67-48f6-bc08-5fd6b7ec81ef,Ancestry,ancestry,money grab,negative_wtp,,global
41ef12cc-5af9-4ca9-a79e-fcf90b73d99b,Ancestry,ancestry,worth the money,positive_wtp,,global
41ef12cc-5af9-4ca9-a79e-fcf90b73d99b,Ancestry,ancestry,not worth,negative_wtp,,global
6f6c47e6-d0d2-4a61-b4f9-bd3a7b248c59,Ancestry,ancestry,waste of money,negative_wtp,,global
0cb9b67c-a438-44ca-887a-05c7de4b14a1,Ancestry,ancestry,not worth,negative_wtp,,global
5a73b459-f893-49a7-809e-b1df023a3cb1,Ancestry,ancestry,money grab,negative_wtp,,global
b365806d-e18a-4fb0-b38a-cc98065f51f5,Ancestry,ancestry,scam,negative_wtp,,global
616701d8-3442-4715-b227-948d84f2f4f1,Ancestry,ancestry,Waste of money,negative_wtp,,global
c987f993-9836-45d3-82d9-ac0179a67f67,Ancestry,ancestry,subscribed,positive_wtp,family_tree,global
8a4d7929-7617-4f21-8aa4-a0c706cb2ff6,Ancestry,ancestry,Money grab,negative_wtp,,global
7b830699-98d9-4c14-bbb3-8e196b7ab031,Ancestry,ancestry,subscribed,positive_wtp,,global
7b830699-98d9-4c14-bbb3-8e196b7ab031,Ancestry,ancestry,scam,negative_wtp,,global
49ff0671-0106-4ee9-a075-d3451ab31c71,Ancestry,ancestry,not worth,negative_wtp,,global
66cea6dc-c782-4c30-a7f4-785b9e23352d,Ancestry,ancestry,waste of money,negative_wtp,,global
f4515147-d540-4ada-b003-8331a309092b,Ancestry,ancestry,reasonable price,positive_wtp,,global
d3e20996-1d00-41f0-9441-2b07823c88c0,Ancestry,ancestry,rip off,negative_wtp,,global
d3e20996-1d00-41f0-9441-2b07823c88c0,Ancestry,ancestry,never pay,negative_wtp,,global
ce9e9da9-ee96-4697-a648-672cba22712d,Ancestry,ancestry,not paying,negative_wtp,,global
ffd66145-543b-4b55-b5af-b12f73dc9e54,Ancestry,ancestry,Too expensive,negative_wtp,,global
c8a0f36c-6aa0-4d2f-857a-aad2aa329fcb,Ancestry,ancestry,never pay,negative_wtp,,global
babc79be-fc24-4b36-9bf8-c370c5d1044c,Ancestry,ancestry,money grab,negative_wtp,,global
76001aea-7529-4e97-95c3-7aa5c5f2ebb4,Ancestry,ancestry,Waste of money,negative_wtp,,global
0725b3df-cb20-4936-a0eb-62dcc0ab896d,Ancestry,ancestry,money grab,negative_wtp,,global
a844d594-b14b-42eb-a8a7-ff1de4f3da94,Ancestry,ancestry,money grab,negative_wtp,,global
0079a0f7-c399-4151-a672-aed9a8c61342,Ancestry,ancestry,subscribed,positive_wtp,family_stories,global
ad210145-1a26-4bed-85b0-0d89d5024909,Ancestry,ancestry,subscribed,positive_wtp,,global
ad210145-1a26-4bed-85b0-0d89d5024909,Ancestry,ancestry,subscribed,positive_wtp,,global
08a354cb-e713-4cd7-a45d-d3e491d764bd,Ancestry,ancestry,RIP OFF,negative_wtp,,global
49f57a8e-274a-4f0d-b085-14a4cb2ab474,Ancestry,ancestry,not worth,negative_wtp,,global
22faa954-5abc-42cb-bde4-dbd719594644,Ancestry,ancestry,subscribed,positive_wtp,,global
fdee361d-8be8-482d-a858-60b4f707801d,Ancestry,ancestry,worth the money,positive_wtp,,global
fdee361d-8be8-482d-a858-60b4f707801d,Ancestry,ancestry,Not worth,negative_wtp,,global
bd50a1d7-8963-4056-816e-695fdacd5937,Ancestry,ancestry,not worth,negative_wtp,,global
d2cc456f-598b-484a-b6b4-491018c9d306,Ancestry,ancestry,scam,negative_wtp,,global
9a2e4d02-4bd5-479d-9f51-020b36d9ce99,Ancestry,ancestry,worth the money,positive_wtp,,global
619c4e4a-cdad-4a5d-82ab-fd485dd6269e,Ancestry,ancestry,TOO EXPENSIVE,negative_wtp,,global
364f310a-e15f-40c2-a9ef-29232143c4f9,Ancestry,ancestry,not worth,negative_wtp,,global
8b795d12-200c-4868-8cae-b0df43faddd4,Ancestry,ancestry,subscribed,positive_wtp,,global
11788f6c-fc4d-4c1e-92be-5d3d8fa4fb73,Ancestry,ancestry,scam,negative_wtp,,global
026d4eb9-5234-4099-aa75-9510ea247d35,Ancestry,ancestry,waste of money,negative_wtp,,global
9b9763eb-8a06-4382-af3c-f6d6456a16a0,Ancestry,ancestry,money grab,negative_wtp,,global
ef0d7e9d-19c5-453f-85a0-7daefe849796,Ancestry,ancestry,Not worth,negative_wtp,,global
746dbb7a-d7e9-4b58-9596-ded737ad1bef,Ancestry,ancestry,Not worth,negative_wtp,,global
3b5d9d45-9aed-4894-a4ff-1d3763397f04,Ancestry,ancestry,not paying,negative_wtp,,global
7713bcac-499b-47c5-9c12-0ec0311f4cd0,Ancestry,ancestry,rip off,negative_wtp,,global
9ce6211a-586a-4510-bd17-4a29a87326a6,Ancestry,ancestry,subscribed,positive_wtp,,global
9ce6211a-586a-4510-bd17-4a29a87326a6,Ancestry,ancestry,subscribed,positive_wtp,,global
1fe0a3ed-f631-4c5e-973f-46723ac40378,Ancestry,ancestry,waste of money,negative_wtp,,global
77c8e4d2-c677-45df-b7ee-d1e14447af93,Ancestry,ancestry,too expensive,negative_wtp,,global
e7736dd5-bf7e-472d-afc3-98a44741e3e5,Ancestry,ancestry,too expensive,negative_wtp,,global
67e56972-00ee-4eee-8b4a-b0fd3957096b,Ancestry,ancestry,money grab,negative_wtp,,global
b9eb74e8-eef3-40e1-9430-efe448eaeba8,Ancestry,ancestry,waste of money,negative_wtp,,global
d6917a5b-bcbf-4e2c-b110-b06cbcc9fc40,Ancestry,ancestry,ripoff,negative_wtp,,global
26d40faa-9bd2-4fd5-b659-164a3341d4e3,Ancestry,ancestry,Scam,negative_wtp,,global
9f6337fe-f8f0-4baf-b8fb-a04bfcf129fe,Ancestry,ancestry,too expensive,negative_wtp,,global
e8e499c7-dd9f-41ce-98d8-1273c8e23d97,Ancestry,ancestry,subscribed,positive_wtp,,global
e8e499c7-dd9f-41ce-98d8-1273c8e23d97,Ancestry,ancestry,subscribed,positive_wtp,,global
e8e499c7-dd9f-41ce-98d8-1273c8e23d97,Ancestry,ancestry,subscribed,positive_wtp,,global
0590318d-d148-454b-919d-33d22f0b109b,Ancestry,ancestry,Scam,negative_wtp,,global
96423ec0-8e74-4065-9b49-15499c9b6b3e,Ancestry,ancestry,Too expensive,negative_wtp,,global
1ef862b4-160f-4216-bd7e-543c45d13ebb,Ancestry,ancestry,Canceled subscription,negative_wtp,,global
826fab66-ab5e-46ea-a345-e528bb32b6c4,Ancestry,ancestry,Too expensive,negative_wtp,,global
a2cf9267-58fc-4024-b033-fceb7a930bd7,Ancestry,ancestry,not paying,negative_wtp,,global
2593083a-a4ee-40c3-a433-2c2a943b970c,Ancestry,ancestry,scam,negative_wtp,,global
829444d6-bb81-41b8-89a5-16c41077db54,Ancestry,ancestry,Scam,negative_wtp,,global
9fcdb4d9-fe28-4ed9-b71e-e2f76d6d086e,Ancestry,ancestry,worth the money,positive_wtp,,global
f0621664-9e54-4be4-a005-7dfdcf170355,Ancestry,ancestry,Waste of money,negative_wtp,,global
9a2c26d6-fd8a-444d-bb75-60b47d947da5,Ancestry,ancestry,too expensive,negative_wtp,,global
c38b2d5e-bceb-49ab-a375-a5122f32cb19,Ancestry,ancestry,Too expensive,negative_wtp,,global
de3d7ed4-0ebd-47ad-95e5-80ebf6688cf3,Ancestry,ancestry,worth paying,positive_wtp,,global
de3d7ed4-0ebd-47ad-95e5-80ebf6688cf3,Ancestry,ancestry,Not worth,negative_wtp,,global
f206204f-8252-4653-995c-b9412bf6a44e,Ancestry,ancestry,waste of money,negative_wtp,,global
7dfce52e-3096-4e65-8ecc-39b7c847f5b0,Ancestry,ancestry,scam,negative_wtp,,global
daad3621-2839-4a87-ace4-b6392a4cfcc5,Ancestry,ancestry,scam,negative_wtp,,global
809be208-547e-4c70-aa14-c6ee8176d3c1,Ancestry,ancestry,worth every penny,positive_wtp,,global
078764cc-ee2d-4480-850c-0a452beeab03,Ancestry,ancestry,waste of money,negative_wtp,,global
43903fb9-9589-4b4a-8324-848da4bebf67,Ancestry,ancestry,worth every penny,positive_wtp,,global
b29b582b-f870-4237-9460-55229c0a331a,Ancestry,ancestry,scam,negative_wtp,,global
f66d3c36-6cc2-4d22-9f2f-29d27af8d8cc,Ancestry,ancestry,scam,negative_wtp,,global
3cc620ad-21f5-4ba1-a249-fbc908cbd456,Ancestry,ancestry,too expensive,negative_wtp,,global
e9a7887b-568d-4d37-8a6d-6f168d805117,Ancestry,ancestry,too expensive,negative_wtp,,global
f5472db0-4748-40d4-81b8-08f414364db5,Ancestry,ancestry,cancelled subscription,negative_wtp,,global
2c6cf39b-5f7e-4ba4-870d-4257ded1a4dc,Ancestry,ancestry,Not worth,negative_wtp,,global
712d390a-6aba-44bd-a05b-fdb1e3af91aa,Ancestry,ancestry,worth the money,positive_wtp,,global
64648a2e-a4e7-4e89-89da-cd5d280fda39,Ancestry,ancestry,worth the money,positive_wtp,dna_testing,global
5f66e2da-ad6a-4140-9a5b-7bdd98cc3923,Ancestry,ancestry,scam,negative_wtp,,global
62428358-e823-459f-8b0d-f6005a7a0a1c,Ancestry,ancestry,rip off,negative_wtp,,global
cd514295-46f5-4089-b84c-9eaaa0339686,Ancestry,ancestry,Waste of money,negative_wtp,,global
73d7ef83-5df0-4633-a4ea-625cb3a54cf7,Ancestry,ancestry,Waste of money,negative_wtp,,global
1c854de2-8d80-49f0-9216-cb2bb717827a,Ancestry,ancestry,worth the money,positive_wtp,,global
15d325be-a871-4aaf-a530-2331f2041e30,Ancestry,ancestry,worth the money,positive_wtp,,global
15d325be-a871-4aaf-a530-2331f2041e30,Ancestry,ancestry,Not worth,negative_wtp,,global
ef3e1938-c321-408b-acdf-180f00d9dfa7,Ancestry,ancestry,scam,negative_wtp,,global
4d9249f0-8c15-41ff-a592-563a29f4e58b,Ancestry,ancestry,WASTE OF MONEY,negative_wtp,,global
5782b453-e36d-4548-a924-cdcf7ecfc7da,Ancestry,ancestry,not paying,negative_wtp,,global
78194e67-425b-4072-9ba9-9551cc800138,Ancestry,ancestry,Waste of money,negative_wtp,,global
509f8143-87cf-4028-9d50-94cbe35e0501,Ancestry,ancestry,worth the money,positive_wtp,,global
dc3b6c5f-da41-4511-b8ed-8b42f0c55dde,Ancestry,ancestry,should be free,negative_wtp,family_tree,global
b1662e16-f956-4d1d-ac11-f24e741ff692,Ancestry,ancestry,worth the money,positive_wtp,,global
5530f82b-83e9-4ad0-b155-2910cc1dd706,Ancestry,ancestry,Not worth,negative_wtp,,global
f91fe748-8348-4a2a-9c57-69a9d9d62083,Ancestry,ancestry,scam,negative_wtp,,global
5d5fcc65-f151-4419-a83c-f9ecc9de70b7,Ancestry,ancestry,rip off,negative_wtp,,global
8088b777-16b0-472f-8291-81caa9fd0c87,Ancestry,ancestry,should be free,negative_wtp,,global
c5374a40-6751-4996-ad77-d25359f14835,Ancestry,ancestry,worth paying,positive_wtp,,global
b15d6a35-e6f9-4f82-bb25-b387f97ca33a,Ancestry,ancestry,worth the money,positive_wtp,,global
b15d6a35-e6f9-4f82-bb25-b387f97ca33a,Ancestry,ancestry,Not worth,negative_wtp,,global
70d0c1c3-f5ce-4ac7-a532-b310b21a5392,Ancestry,ancestry,scam,negative_wtp,,global
6000538e-c8b3-4325-958b-3101310d11d4,Ancestry,ancestry,overpriced,negative_wtp,,global
a80eaa37-d107-435d-ad53-fb00a26e7135,Ancestry,ancestry,Too expensive,negative_wtp,,global
a657cd31-f8ce-469a-bb3e-d39605cec535,Ancestry,ancestry,scam,negative_wtp,,global
efd8b725-b02d-43f4-a3f6-5603c3a200a6,Ancestry,ancestry,overpriced,negative_wtp,,global
0b225d9e-87d5-4c98-b1fd-097a09219e23,Ancestry,ancestry,worth the money,positive_wtp,,global
0d48fbdb-6b5b-4d1d-8b6e-d086aa8152eb,Ancestry,ancestry,should be free,negative_wtp,,global
c8f8fbc9-bb45-4452-bf19-bae131c516cb,Ancestry,ancestry,too expensive,negative_wtp,,global
f722ac11-4a6b-4a04-acab-6141b3cbb41a,Ancestry,ancestry,Not worth,negative_wtp,,global
23da9b3a-884f-46af-8439-d688ecbd7e97,Ancestry,ancestry,not paying,negative_wtp,,global
85c97d48-6b04-4352-b771-a2e3eb2c6cb0,Ancestry,ancestry,Too expensive,negative_wtp,,global
8eb39cca-247d-49d9-b5be-af9532dd6232,Ancestry,ancestry,should be free,negative_wtp,,global
8eb39cca-247d-49d9-b5be-af9532dd6232,Ancestry,ancestry,never pay,negative_wtp,,global
ea369900-32b8-492c-bfe9-9b996c386e17,Ancestry,ancestry,Not worth,negative_wtp,,global
4a797bc4-5ba2-4c2a-a8df-7ebb57691f93,Ancestry,ancestry,Rip Off,negative_wtp,,global
f202e8cf-a048-4581-bdb1-d44b30054da8,Ancestry,ancestry,Worth the money,positive_wtp,,global
ee22a4e7-4a65-4c83-91f0-2a6cc1e019c3,Ancestry,ancestry,ripoff,negative_wtp,,global
8e86f0a6-5420-4f7c-b5c7-b8c7837e8e24,Ancestry,ancestry,worth paying,positive_wtp,,global
8e86f0a6-5420-4f7c-b5c7-b8c7837e8e24,Ancestry,ancestry,NOT worth,negative_wtp,,global
cbd9f64f-ad71-4338-a6e5-cfcaec95329e,Ancestry,ancestry,subscribed,positive_wtp,,global
cbd9f64f-ad71-4338-a6e5-cfcaec95329e,Ancestry,ancestry,Not worth,negative_wtp,,global
a8508a59-1576-4657-871e-870734c300a6,Ancestry,ancestry,scam,negative_wtp,,global
ffbeef96-d6e7-4515-9cbd-beb19749a836,Ancestry,ancestry,waste of money,negative_wtp,,global
9c8f9175-d598-4840-89a6-2661416c36b7,Ancestry,ancestry,worth it if,conditional_wtp,,global
5c3b9d6d-2533-463c-8747-cc999f9d5fb9,Ancestry,ancestry,subscribed,positive_wtp,,global
f5715487-38e8-4ca8-ab4f-642d0b999a1b,Ancestry,ancestry,waste of money,negative_wtp,,global
0849d875-92a2-4015-97c3-8d979f01f864,Ancestry,ancestry,subscribed,positive_wtp,family_stories,global
4fa1fc61-bdfb-47ac-9862-802d2bf3f96e,Ancestry,ancestry,subscribed,positive_wtp,,global
e539ad43-3854-413a-be6a-68379fa4d71a,Ancestry,ancestry,Scam,negative_wtp,,global
63ba57ff-ab86-4710-a1d2-5a20b0505eeb,Ancestry,ancestry,too expensive,negative_wtp,,global
bab5ab16-3375-4b73-866b-a50a3352399e,Ancestry,ancestry,overpriced,negative_wtp,,global
bab5ab16-3375-4b73-866b-a50a3352399e,Ancestry,ancestry,Waste of Money,negative_wtp,,global
165d5a0e-b356-4221-b5b4-2f510e239a8b,Ancestry,ancestry,not paying,negative_wtp,,global
9e4bf83c-09df-4b84-93ce-18795f6868d1,Ancestry,ancestry,canceled subscription,negative_wtp,,global
5a3e332c-a68f-4176-9c63-dfeac3ab9f52,Ancestry,ancestry,canceled subscription,negative_wtp,,global
73a1ee27-9d0e-4088-8428-f31e431468dc,Ancestry,ancestry,Too expensive,negative_wtp,,global
cab0c57c-f5f7-41d4-80cf-c21794a5deae,Ancestry,ancestry,not worth,negative_wtp,,global
6905c43a-f10c-4a8d-8c12-d258233a970b,Ancestry,ancestry,if the price,conditional_wtp,,global
8402b025-30c5-45e0-8726-67b9a956ddbb,Ancestry,ancestry,Overpriced,negative_wtp,,global
790acc6e-9592-4511-be03-54f1d4592635,Ancestry,ancestry,would pay,positive_wtp,,global
b35e52fe-841a-430d-9843-6b207d239f43,Ancestry,ancestry,scam,negative_wtp,,global
ad9fad71-c476-48da-8b46-8c25f8c1ab6b,Ancestry,ancestry,Too expensive,negative_wtp,,global
f860517e-a933-4c92-9fdb-fc73e9601d64,Ancestry,ancestry,Not worth,negative_wtp,,global
89227c5d-9eab-4775-9c2c-98d7e1c0c843,Ancestry,ancestry,worth the money,positive_wtp,,global
9e9bcd6e-e3b4-4746-84c7-e0375fb33bb9,Ancestry,ancestry,subscribed,positive_wtp,family_tree,global
9e9bcd6e-e3b4-4746-84c7-e0375fb33bb9,Ancestry,ancestry,unsubscribed,negative_wtp,family_tree,global
451360f1-a83c-4303-9971-579c5db50855,Ancestry,ancestry,scam,negative_wtp,,global
095186f0-575f-4c51-b679-9b101d0e2e9d,Ancestry,ancestry,worth the money,positive_wtp,,global
095186f0-575f-4c51-b679-9b101d0e2e9d,Ancestry,ancestry,Not worth,negative_wtp,,global
a14e7ab7-bcbd-4d79-a545-875409b5fa1f,Ancestry,ancestry,waste of money,negative_wtp,,global
ddb8ab39-f1d6-4934-950f-a63711e43c59,Ancestry,ancestry,worth the price,positive_wtp,family_tree,global
017b4856-26d2-4a62-90b3-2b17490d4d2b,Ancestry,ancestry,scam,negative_wtp,,global
13bf8298-5362-4223-aced-68fbaf0fb62b,Ancestry,ancestry,Overpriced,negative_wtp,,global
77a0bc79-03ed-44b6-b580-363bb64ee95b,Ancestry,ancestry,subscribed,positive_wtp,,global
aa330a52-66fe-418d-86de-2af78ecfb5b1,Ancestry,ancestry,worth every penny,positive_wtp,,global
0034f13b-e845-4c6f-8049-c8cd81dcd612,Ancestry,ancestry,worth the money,positive_wtp,,global
d7d2005b-d2df-45e4-b425-be9454aad39c,Ancestry,ancestry,Waste of money,negative_wtp,,global
11f55b26-088b-452f-9236-f0d184e38592,Ancestry,ancestry,would pay,positive_wtp,,global
45ab3241-427f-4c19-bf56-a517de427ee1,Ancestry,ancestry,should be free,negative_wtp,,global
f068d6cd-7e14-4037-9d58-cd5fd9d53ffd,Ancestry,ancestry,money grab,negative_wtp,,global
050b6275-e890-4070-beeb-a231b04ddf74,Ancestry,ancestry,scam,negative_wtp,,global
d3e29eeb-38d3-41a0-a016-5586bb5455e2,Ancestry,ancestry,rip off,negative_wtp,,global
71bcbcb3-57ed-414d-9b7d-3a91e7ca87f8,Ancestry,ancestry,subscribed,positive_wtp,,global
252c7c46-4ee0-4f2a-9187-0b5c390baf45,Ancestry,ancestry,highway robbery,negative_wtp,,global
7c442457-fc19-4b5e-a736-f5c08908174c,Ancestry,ancestry,waste of money,negative_wtp,,global
62e98e06-5d06-4605-b9ad-5fff3c4a7185,Ancestry,ancestry,subscribed,positive_wtp,,global
ac918c4a-8072-49c0-adba-b32da4fc997e,Ancestry,ancestry,scam,negative_wtp,,global
bc1632b4-c89a-4eca-9deb-a18e5a308b71,Ancestry,ancestry,worth every penny,positive_wtp,,global
e026e656-5c05-4f54-b3ed-b4641e906bb1,Ancestry,ancestry,subscribed,positive_wtp,dna_testing,global
813ceb82-8033-4a8b-bb9a-514ccab479a9,Ancestry,ancestry,worth every penny,positive_wtp,,global
75a7a317-a2c8-412a-92d7-0528d270df89,Ancestry,ancestry,too expensive,negative_wtp,,global
75a7a317-a2c8-412a-92d7-0528d270df89,Ancestry,ancestry,too expensive,negative_wtp,,global
75a7a317-a2c8-412a-92d7-0528d270df89,Ancestry,ancestry,too expensive,negative_wtp,,global
e9cd30e5-53d3-400f-b673-837b13bf5e9c,Ancestry,ancestry,if it had,conditional_wtp,,global
6f7293c8-bfc9-4916-96f4-eeab9fd20a29,Ancestry,ancestry,too expensive,negative_wtp,,global
e2630f44-c755-4718-a24d-5f918678b490,Ancestry,ancestry,subscribed,positive_wtp,,global
d784f2cd-0038-4087-b623-22e132be1bc0,Ancestry,ancestry,rip off,negative_wtp,dna_testing,global
e1f8f8b4-f4d4-4b25-b3e1-30c94876f5a8,Ancestry,ancestry,not worth,negative_wtp,,global
7adb2613-cac1-444a-b44f-09f3fc5610db,Ancestry,ancestry,scam,negative_wtp,,global
03926bd4-d066-4243-8b4a-5727e3394b1f,Ancestry,ancestry,worth the money,positive_wtp,,global
03926bd4-d066-4243-8b4a-5727e3394b1f,Ancestry,ancestry,not worth,negative_wtp,,global
55846525-350c-4a3f-a863-92d90a30c04a,Ancestry,ancestry,scam,negative_wtp,,global
a7ec1391-61f4-4a0e-aba0-cd3b1f197dc7,Ancestry,ancestry,worth the money,positive_wtp,,global
a7ec1391-61f4-4a0e-aba0-cd3b1f197dc7,Ancestry,ancestry,Not worth,negative_wtp,,global
86b283df-ffda-4661-95b5-39560507ae44,Ancestry,ancestry,OVERPRICED,negative_wtp,,global
14a746e1-3d1a-436e-b591-3ca1b96448ff,Ancestry,ancestry,not worth,negative_wtp,,global
14a746e1-3d1a-436e-b591-3ca1b96448ff,Ancestry,ancestry,not worth,negative_wtp,dna_testing,global
0dbba81d-4ff7-417c-b635-5ca14637db07,Ancestry,ancestry,worth the money,positive_wtp,,global
31800f8f-2194-4563-9cf3-389f4c220de9,Ancestry,ancestry,Not worth,negative_wtp,,global
31800f8f-2194-4563-9cf3-389f4c220de9,Ancestry,ancestry,scam,negative_wtp,,global
31800f8f-2194-4563-9cf3-389f4c220de9,Ancestry,ancestry,scam,negative_wtp,,global
31800f8f-2194-4563-9cf3-389f4c220de9,Ancestry,ancestry,scam,negative_wtp,,global
0c5065b0-e5fe-4cf6-99cb-f9ab20bdcdb0,Ancestry,ancestry,overpriced,negative_wtp,,global
96e2e41f-8669-4b84-8663-77527bfed0d5,Ancestry,ancestry,NOT WORTH,negative_wtp,,global
96e2e41f-8669-4b84-8663-77527bfed0d5,Ancestry,ancestry,SCAM,negative_wtp,,global
10652adc-d0f7-484e-b19e-bfe96da613ec,Ancestry,ancestry,scam,negative_wtp,,global
89e77596-fa22-4bf6-bf81-8dae29a97029,Ancestry,ancestry,subscribed,positive_wtp,,global
ccee5ba2-189f-44c8-bccc-de59a7d2bc36,Ancestry,ancestry,too expensive,negative_wtp,,global
2039a5e2-22bf-4d79-8a09-f878f8c9a70c,Ancestry,ancestry,Rip off,negative_wtp,,global
1d11ebd3-041a-481c-bb10-e22fd76593da,Ancestry,ancestry,should be free,negative_wtp,,global
605fe513-7668-40da-ac9f-47497ffcd9e1,Ancestry,ancestry,money grab,negative_wtp,,global
e7e20dac-a004-4b7a-948c-a8b5932d7f6b,Ancestry,ancestry,subscribed,positive_wtp,,global
23c05e72-eaf6-425d-8c13-72b859000e90,Ancestry,ancestry,Best purchase,positive_wtp,,global
bf497e27-f45f-4a62-8f3c-9a831ed318a5,Ancestry,ancestry,if the price,conditional_wtp,,global
de2ca9c6-a111-44d8-a636-27d7e29fa3ef,Ancestry,ancestry,Too expensive,negative_wtp,,global
a8e3be0a-9c6b-4a8a-a0d7-248d03d9bd11,Ancestry,ancestry,rip off,negative_wtp,,global
e5ac4ae0-047e-48ea-a8c5-fcfacf874d16,Ancestry,ancestry,Scam,negative_wtp,,global
147ff127-df8e-405b-8df5-13f0469216af,Ancestry,ancestry,not worth,negative_wtp,dna_testing,global
82d7f27b-0067-42e2-bcb0-5ce0a3e7a1eb,Ancestry,ancestry,worth every penny,positive_wtp,,global
696bc31d-ab3b-4a74-884e-0ee9dd6df72f,Ancestry,ancestry,not worth,negative_wtp,,global
f6a99c4a-7504-4862-88be-2957fdf37b83,Ancestry,ancestry,waste of money,negative_wtp,,global
3577396f-f7b0-444b-9287-c6d112a201cc,Ancestry,ancestry,overpriced,negative_wtp,,global
4ac6e3e9-f1b6-4e36-9c24-e82ca5948d98,Ancestry,ancestry,worth it if,conditional_wtp,,global
53871746-9dcb-465c-9ce3-d3e827f9b64d,Ancestry,ancestry,subscribed,positive_wtp,,global
53871746-9dcb-465c-9ce3-d3e827f9b64d,Ancestry,ancestry,subscribed,positive_wtp,,global
53871746-9dcb-465c-9ce3-d3e827f9b64d,Ancestry,ancestry,subscribed,positive_wtp,,global
53871746-9dcb-465c-9ce3-d3e827f9b64d,Ancestry,ancestry,waste of money,negative_wtp,,global
3fd6127e-89be-4857-af6c-1006f82845c0,Ancestry,ancestry,subscribed,positive_wtp,,global
d9dc3a05-903f-4519-a31f-a2f1e53a96c3,Ancestry,ancestry,worth every penny,positive_wtp,,global
6517ce59-d7d7-455d-a85a-74b9521bf75e,Ancestry,ancestry,too expensive,negative_wtp,,global
4c0b87f1-a24c-444d-a0a6-d6123592135d,Ancestry,ancestry,waste of money,negative_wtp,,global
bee95e5d-0939-4660-9cbd-b1a0f52a0f73,Ancestry,ancestry,too expensive,negative_wtp,,global
b1136253-33d5-43f8-8441-b741a82e414c,Ancestry,ancestry,scam,negative_wtp,,global
e89c755f-5e47-4680-9edb-c891ba4d1fa1,Ancestry,ancestry,Too expensive,negative_wtp,,global
8b2df464-6f01-4f73-93dd-9285ba52c9c6,Ancestry,ancestry,scam,negative_wtp,,global
8e722d04-cc13-4fb3-9c47-c4e125ba444a,Ancestry,ancestry,worth paying,positive_wtp,family_stories,global
8e722d04-cc13-4fb3-9c47-c4e125ba444a,Ancestry,ancestry,not worth,negative_wtp,family_stories,global
6bbe272b-48a8-41a2-b9eb-9a131eb5907a,Ancestry,ancestry,Waste of MONEY,negative_wtp,,global
8ccc3937-e456-4e65-8574-eff1d8fd5c6b,Ancestry,ancestry,subscribed,positive_wtp,,global
7734eacf-6da7-452e-b73d-096e7282f4b0,Ancestry,ancestry,Too expensive,negative_wtp,,global
3271d8be-2f0f-4355-9d40-314893f7192e,Ancestry,ancestry,Not worth,negative_wtp,,global
0686c099-7de9-4270-a871-d04661099fd4,Ancestry,ancestry,too expensive,negative_wtp,,global
ec5f7c0f-e13f-4628-a428-064bdc7e57bf,Ancestry,ancestry,WASTE OF MONEY,negative_wtp,,global
f99979a9-2cf2-49c7-a7c2-00fe1d6c2337,Ancestry,ancestry,NOT worth,negative_wtp,,global
8ef2dafb-9f62-4b23-ac45-19e47e0f0c36,Ancestry,ancestry,worth the money,positive_wtp,,global
0f23cd5d-debc-49cb-9dbc-8f76d4a691f5,Ancestry,ancestry,worth the money,positive_wtp,,global
e0670dd2-4c36-43de-a068-6a19c6f5e481,Ancestry,ancestry,Too expensive,negative_wtp,,global
59698441-ec9b-4b94-9d05-5a18d53653bc,Ancestry,ancestry,worth the money,positive_wtp,,global
95d90eb0-3569-43ee-878f-1c3e8362f43d,Ancestry,ancestry,scam,negative_wtp,,global
58ab5c71-cbc7-4860-a1b7-b35a5984d096,Ancestry,ancestry,worth the money,positive_wtp,,global
58ab5c71-cbc7-4860-a1b7-b35a5984d096,Ancestry,ancestry,not worth,negative_wtp,,global
4087a714-5e24-473c-8f13-b2a4d099e3d0,Ancestry,ancestry,subscribed,positive_wtp,,global
4087a714-5e24-473c-8f13-b2a4d099e3d0,Ancestry,ancestry,unsubscribed,negative_wtp,,global
7f6549cb-9b4c-4924-89ae-2dd782e82b1e,Ancestry,ancestry,worth paying,positive_wtp,,global
7f6549cb-9b4c-4924-89ae-2dd782e82b1e,Ancestry,ancestry,Not worth,negative_wtp,,global
63190f01-0bdd-406b-9746-ae01cd657106,Ancestry,ancestry,Subscribed,positive_wtp,,global
5db13708-e76d-4c06-8f3e-8b0feee2a6ae,Ancestry,ancestry,Too expensive,negative_wtp,,global
ed2e3b43-a4f1-413f-b61d-e096e5276ad4,Ancestry,ancestry,too expensive,negative_wtp,,global
530a1130-ffb0-40c3-b1e1-1b1325d48ce1,Ancestry,ancestry,rip off,negative_wtp,,global
c005af15-db93-4a04-b464-bfe91441c867,Ancestry,ancestry,too expensive,negative_wtp,,global
bef35aca-b3da-4cfe-9a21-5150e515143f,Ancestry,ancestry,SCAM,negative_wtp,,global
272994d8-9a9c-40b5-80da-f6443b177700,Ancestry,ancestry,scam,negative_wtp,,global
c9cbb155-e2eb-4e67-b4da-4110884f17d2,Ancestry,ancestry,worth the money,positive_wtp,family_tree,global
c27fb841-0518-4f30-b270-0ca5e7e7c72d,Ancestry,ancestry,subscribed,positive_wtp,,global
26efe7ee-e346-4184-8ccb-36c276e1edcc,Ancestry,ancestry,subscribed,positive_wtp,,global
26efe7ee-e346-4184-8ccb-36c276e1edcc,Ancestry,ancestry,cancelled subscription,negative_wtp,,global
012e1345-2303-4b37-abf1-b4ffe22cd936,Ancestry,ancestry,not worth,negative_wtp,,global
012e1345-2303-4b37-abf1-b4ffe22cd936,Ancestry,ancestry,OVERPRICED,negative_wtp,,global
87031d07-a6b4-4329-94b5-31fe02a085c2,Ancestry,ancestry,too expensive,negative_wtp,,global
1fcee2fd-40d0-46d7-9e5f-df20db6b366c,Ancestry,ancestry,not paying,negative_wtp,,global
ce7bc325-bab4-47da-80cc-57937b4a5618,Ancestry,ancestry,subscribed,positive_wtp,,global
954e9d40-ff47-40a1-a782-ae37b8443ff2,Ancestry,ancestry,scam,negative_wtp,,global
ceec7ee6-103f-4b67-be87-2209d2b5d874,Ancestry,ancestry,subscribed,positive_wtp,,global
fb01c358-42d3-4d4b-a9b8-68b0c7492f34,Ancestry,ancestry,should be free,negative_wtp,,global
f58ddd2b-fb8d-483a-93e7-efe66a3f78c1,Ancestry,ancestry,not worth,negative_wtp,,global
be2a1c39-c92e-4ef9-9662-774a49ce3783,Ancestry,ancestry,worth the price,positive_wtp,family_tree,global
35cd5f7f-37d8-4c2c-b4a5-88ee1c11e25f,Ancestry,ancestry,Too expensive,negative_wtp,,global
5bf4561b-d12b-44d5-becd-6851fa7e06b9,Ancestry,ancestry,subscribed,positive_wtp,,global
5447dd97-7017-4550-bda7-bcbf2416a6f7,Ancestry,ancestry,ripoff,negative_wtp,,global
b05ab853-0285-4179-a07d-da8e16437d29,Ancestry,ancestry,rip off,negative_wtp,,global
af04b67c-8668-4e4b-aa66-7f4738abad22,Ancestry,ancestry,Ripoff,negative_wtp,,global
811ede1f-0193-4934-a89d-6a6a53887c29,Ancestry,ancestry,Ripoff,negative_wtp,,global
3674eb1e-30d5-4258-bd9a-92883cd8b544,Ancestry,ancestry,if it had,conditional_wtp,,global
de2ccf98-6c04-48d5-a16f-84b7cee5e201,Ancestry,ancestry,subscribed,positive_wtp,,global
de2ccf98-6c04-48d5-a16f-84b7cee5e201,Ancestry,ancestry,unsubscribed,negative_wtp,,global
de2ccf98-6c04-48d5-a16f-84b7cee5e201,Ancestry,ancestry,scam,negative_wtp,,global
b7e50dda-522e-49f3-b4fe-f99921bd0fcf,Ancestry,ancestry,Not worth,negative_wtp,,global
a86d4b50-f37b-4c1b-b4fb-17812d4d34dc,Ancestry,ancestry,Worth the price,positive_wtp,,global
6ec33c06-cc61-42c1-94df-a55843147f57,Ancestry,ancestry,worth the money,positive_wtp,,global
6ec33c06-cc61-42c1-94df-a55843147f57,Ancestry,ancestry,not worth,negative_wtp,,global
fef9dac7-04eb-4d82-a375-97effa6e389a,Ancestry,ancestry,canceled subscription,negative_wtp,,global
1534340e-4183-45ff-a98a-017e18aecbef,Ancestry,ancestry,not worth,negative_wtp,,global
3ff2aadd-3454-409a-98cd-e4dc067fedf8,Ancestry,ancestry,not worth,negative_wtp,,global
8f8a2389-58a6-46c0-b351-6301754b9aa2,Ancestry,ancestry,happy to pay,positive_wtp,,global
9a406403-7f29-4d35-b503-6bc75c8cfe6e,Ancestry,ancestry,ripoff,negative_wtp,,global
1157ab31-bda8-495f-bd35-1dca2bb16901,Ancestry,ancestry,scam,negative_wtp,,global
4f5d8812-a6b3-4abc-8d73-5202633fee22,Ancestry,ancestry,worth the price,positive_wtp,,global
4f5d8812-a6b3-4abc-8d73-5202633fee22,Ancestry,ancestry,not worth,negative_wtp,,global
3c38ca73-95ad-486c-865e-b6a6c8359037,Ancestry,ancestry,money grab,negative_wtp,,global
0fd16e48-6c08-47b9-82e0-7da7cbaeda17,Ancestry,ancestry,subscribed,positive_wtp,,global
13656ae3-1969-4477-a6ce-b012e89cc328,Ancestry,ancestry,subscribed,positive_wtp,,global
13656ae3-1969-4477-a6ce-b012e89cc328,Ancestry,ancestry,unsubscribed,negative_wtp,,global
ca27f475-3adb-4339-824d-2aacb73b3b0a,Ancestry,ancestry,SCAM,negative_wtp,,global
d98384ba-cfa6-4e0d-b3ea-c0b6ac5990e6,Ancestry,ancestry,subscribed,positive_wtp,,global
d98384ba-cfa6-4e0d-b3ea-c0b6ac5990e6,Ancestry,ancestry,subscribed,positive_wtp,,global
a0d6d686-dae8-400b-b5b4-a76dbac37f45,Ancestry,ancestry,money grab,negative_wtp,,global
fde4eb1e-c309-4e8c-b42b-f8e13435c658,Ancestry,ancestry,scam,negative_wtp,,global
74137596-8974-4c5f-b6b7-5d23f2b5fc7a,Ancestry,ancestry,scam,negative_wtp,,global
74137596-8974-4c5f-b6b7-5d23f2b5fc7a,Ancestry,ancestry,scam,negative_wtp,,global
8194dc42-22dc-48ac-ad01-b64e5bf64d16,Ancestry,ancestry,too expensive,negative_wtp,,global
8854a5a0-260c-4df9-b25f-ad61e81b3256,Ancestry,ancestry,ripoff,negative_wtp,dna_testing,global
51b023e4-81e6-4108-bd90-0ba8b15ae4fa,Ancestry,ancestry,subscribed,positive_wtp,,global
2eff3c2b-f61c-476d-9bac-9eb5043dd6b0,Ancestry,ancestry,Too expensive,negative_wtp,,global
438fd85c-dbbb-4e3d-a844-623c6b7a3f11,Ancestry,ancestry,Too expensive,negative_wtp,,global
54ae3d1d-ff02-417b-b8fb-88130c4f481e,Ancestry,ancestry,scam,negative_wtp,,global
8969f671-59f7-4de4-8ea3-3e638d7630ca,Ancestry,ancestry,scam,negative_wtp,,global
0986e31c-9232-4761-89ab-1c2f336ee266,Ancestry,ancestry,scam,negative_wtp,,global
65d18445-0f3b-4422-be51-2a9e0777077b,Ancestry,ancestry,subscribed,positive_wtp,,global
65d18445-0f3b-4422-be51-2a9e0777077b,Ancestry,ancestry,scam,negative_wtp,,global
379497d3-afe3-4a8f-a93b-e66495940a63,Ancestry,ancestry,scam,negative_wtp,,global
d47640c5-22d6-4003-ba3e-d0e4961fc26e,Ancestry,ancestry,waste of money,negative_wtp,,global
d47640c5-22d6-4003-ba3e-d0e4961fc26e,Ancestry,ancestry,Scam,negative_wtp,,global
d47640c5-22d6-4003-ba3e-d0e4961fc26e,Ancestry,ancestry,scam,negative_wtp,,global
44ab5a0d-2557-49fd-939b-1ee261d4cf82,Ancestry,ancestry,waste of money,negative_wtp,,global
33b91809-ffb4-4c9a-baee-7695869af8e1,Ancestry,ancestry,scam,negative_wtp,,global
aadc12f6-17b6-4996-bb00-86987215a5e4,Ancestry,ancestry,worth the money,positive_wtp,family_stories,global
0d97ee1d-f3b5-4586-9407-80b767eb9397,Ancestry,ancestry,ripoff,negative_wtp,,global
7b32f7aa-79ce-47e0-ae7d-4ea3b16b8c21,Ancestry,ancestry,RIP off,negative_wtp,,global
7b32f7aa-79ce-47e0-ae7d-4ea3b16b8c21,Ancestry,ancestry,scam,negative_wtp,,global
1839bf88-4e0a-483b-a721-ac611b6331cd,Ancestry,ancestry,subscribed,positive_wtp,,global
1839bf88-4e0a-483b-a721-ac611b6331cd,Ancestry,ancestry,unsubscribed,negative_wtp,,global
470aa5e1-66fe-4569-88cf-af6929537476,Ancestry,ancestry,Should be free,negative_wtp,,global
122f6d51-ddf4-4f06-9238-1e65493f7b1a,Ancestry,ancestry,subscribed,positive_wtp,,global
122f6d51-ddf4-4f06-9238-1e65493f7b1a,Ancestry,ancestry,subscribed,positive_wtp,,global
f05cda27-8091-4a5d-bb4f-8b75a01e6ae2,Ancestry,ancestry,worth every penny,positive_wtp,,global
d4c09753-ff7a-44e9-974d-6fcb85cb7791,Ancestry,ancestry,scam,negative_wtp,,global
48f9e15e-4a74-4295-bb5a-9df233edb28d,Ancestry,ancestry,subscribed,positive_wtp,,global
28df6109-e1cd-47c7-9dc0-c8079fbb5652,Ancestry,ancestry,worth it if,conditional_wtp,dna_testing,global
bc8377f4-03e3-48c8-86fb-0e675691d3f7,Ancestry,ancestry,scam,negative_wtp,,global
3956e4e9-2558-4f87-a8f7-9afb3e521697,Ancestry,ancestry,scam,negative_wtp,,global
107ffef5-15dd-473d-9b56-638be7cbdd30,Ancestry,ancestry,scam,negative_wtp,,global
ccf7062f-a726-4562-8f85-d69a945b8a4f,Ancestry,ancestry,value for money,positive_wtp,,global
54fce064-dfbe-4397-8ca9-1efde8dea570,Ancestry,ancestry,should be free,negative_wtp,dna_testing,global
2eca2132-342e-4c87-a775-727401ce944f,Ancestry,ancestry,Too Expensive,negative_wtp,,global
3d0af5e2-0a22-4d6d-8a77-b59294ca355b,Ancestry,ancestry,Worth the money,positive_wtp,,global
58bc97d9-5da2-47b5-9b5d-be56376c019c,Ancestry,ancestry,not worth,negative_wtp,family_stories,global
9eb1cc3f-ea18-40ca-900b-5c899369d0ef,Ancestry,ancestry,Scam,negative_wtp,,global
1b9d19a3-4210-47e8-9558-c73d83c90d1c,Ancestry,ancestry,worth the price,positive_wtp,,global
314f2384-5e5f-4d83-947e-bba7c7533f87,Ancestry,ancestry,rip off,negative_wtp,,global
684860fb-f5cd-49fa-9984-e700620dc8fd,Ancestry,ancestry,waste of money,negative_wtp,,global
e4d5fad4-4dda-483a-8fb5-1cbe305d9954,Ancestry,ancestry,should be free,negative_wtp,,global
132fa769-276c-44a2-ba85-5d0f182a39af,Ancestry,ancestry,subscribed,positive_wtp,,global
385799cd-694d-43b6-a241-d0f5b54d9e01,Ancestry,ancestry,Worth the price,positive_wtp,,global
ed2f6442-cc31-4c89-9f1d-967ff807b4a7,Ancestry,ancestry,too expensive,negative_wtp,,global
d6a1006f-5c66-4a38-aff3-4197444422c3,Ancestry,ancestry,scam,negative_wtp,,global
fca3fddd-e0d9-4467-8e97-7fe60248b076,Ancestry,ancestry,subscribed,positive_wtp,,global
93886b98-33cd-473c-b567-6014a3e356e5,Ancestry,ancestry,too expensive,negative_wtp,,global
aa04e472-7874-4ea5-94f4-5e6eefcb442a,Ancestry,ancestry,subscribed,positive_wtp,,global
aa04e472-7874-4ea5-94f4-5e6eefcb442a,Ancestry,ancestry,overpriced,negative_wtp,,global
aa04e472-7874-4ea5-94f4-5e6eefcb442a,Ancestry,ancestry,scam,negative_wtp,,global
6864b709-8215-44c9-944b-307e14845ed4,Ancestry,ancestry,scam,negative_wtp,,global
449d474d-430c-450f-8321-fabba98ff3e0,Ancestry,ancestry,subscribed,positive_wtp,,global
cd44d938-3c50-4354-bc78-8d47b756f9de,Ancestry,ancestry,if it had,conditional_wtp,,global
92c6d72b-1205-40d9-b407-486bdcd77c76,Ancestry,ancestry,Worth the money,positive_wtp,,global
56d942ba-781c-4596-b4b6-5b834489bd3d,Ancestry,ancestry,worth the money,positive_wtp,,global
ba5f448c-eb51-4491-beca-2311fafbd1f8,Ancestry,ancestry,scam,negative_wtp,,global
cde3b0d6-034f-4ec9-baf6-7e769df8a589,Ancestry,ancestry,Worth the money,positive_wtp,,global
f7be2b7f-29f8-41a5-827d-465244eb67ef,Ancestry,ancestry,scam,negative_wtp,,global
f7be2b7f-29f8-41a5-827d-465244eb67ef,Ancestry,ancestry,SCAM,negative_wtp,,global
f7be2b7f-29f8-41a5-827d-465244eb67ef,Ancestry,ancestry,SCAM,negative_wtp,,global
d8984bcc-f38f-43af-a5f3-e64c5ffd7492,Ancestry,ancestry,worth it if,conditional_wtp,,global
cc7d3720-93c8-4c72-b6c7-6db63b419ede,Ancestry,ancestry,Not worth,negative_wtp,,global
cc14c4bb-077c-4b0f-b87d-5bf6636d5064,Ancestry,ancestry,subscribed,positive_wtp,,global
cc14c4bb-077c-4b0f-b87d-5bf6636d5064,Ancestry,ancestry,Waste of money,negative_wtp,,global
cc14c4bb-077c-4b0f-b87d-5bf6636d5064,Ancestry,ancestry,unsubscribed,negative_wtp,,global
cc14c4bb-077c-4b0f-b87d-5bf6636d5064,Ancestry,ancestry,scam,negative_wtp,,global
c3d7fc2f-502c-4eb9-9dfa-6ea6baa1853d,Ancestry,ancestry,Overpriced,negative_wtp,,global
1eb3b8f1-0e64-4544-89a8-e1e3a94da8c2,Ancestry,ancestry,not worth,negative_wtp,,global
a75966dc-a3f0-4a19-a374-bf8bac4b9d0b,Ancestry,ancestry,too expensive,negative_wtp,,global
47a78505-e811-48ef-b366-6504dac2f5c5,Ancestry,ancestry,subscribed,positive_wtp,,global
3f915f79-2d45-4870-91a2-314e6522a949,Ancestry,ancestry,not worth,negative_wtp,,global
e45ad746-54ba-400e-801f-4c64e887c016,Ancestry,ancestry,Waste of money,negative_wtp,,global
45ced4e5-e2aa-499a-88cc-37eff4eca2d5,Ancestry,ancestry,if it had,conditional_wtp,,global
e1bd8560-aed6-40de-97b9-b45a77eb4bf5,Ancestry,ancestry,worth the money,positive_wtp,,global
6d012578-de23-45d2-816a-ac5713e66231,Ancestry,ancestry,Worth it if,conditional_wtp,family_tree,global
e8f61203-9a1f-4150-bfc7-359056745bfd,Ancestry,ancestry,worth paying,positive_wtp,,global
436406c0-cef4-4e13-bbf3-d2a48702c428,Ancestry,ancestry,too expensive,negative_wtp,,global
d28e5888-4f14-4adb-b590-755f1d93e4b8,Ancestry,ancestry,WASTE OF MONEY,negative_wtp,,global
8f5fec4f-b2f7-4a83-a567-8d5837bc5ea6,Ancestry,ancestry,scam,negative_wtp,,global
640018cf-b51f-492e-85fd-11e1f728ba6d,Ancestry,ancestry,scam,negative_wtp,,global
640018cf-b51f-492e-85fd-11e1f728ba6d,Ancestry,ancestry,scam,negative_wtp,,global
3040a0b3-0876-4252-9301-7df24c7f117a,Ancestry,ancestry,subscribed,positive_wtp,,global
1aa9f16f-48f1-4724-9cc7-f7bf918d7d09,Ancestry,ancestry,rip off,negative_wtp,,global
08300ebf-6344-45f7-a6d1-659952de187e,Ancestry,ancestry,too expensive,negative_wtp,,global
6669d043-70a6-4f32-aa0f-b5c61a365412,Ancestry,ancestry,NOT paying,negative_wtp,,global
b05871a6-b7d7-4f32-8f6a-3ed357f14c3e,Ancestry,ancestry,refuse to pay,negative_wtp,,global
8cb72def-ddac-4c64-8e37-d33786d81081,Ancestry,ancestry,money grab,negative_wtp,,global
212fe87d-893f-49b9-8356-fa14df3e1154,Ancestry,ancestry,worth the price,positive_wtp,,global
77661443-2632-4365-b106-165dba0fe506,Ancestry,ancestry,not paying,negative_wtp,,global
be2a3026-227c-44c3-a2fe-6152c83ccf0b,Ancestry,ancestry,should be free,negative_wtp,historical_records,global
7e4c2ce3-8bf7-4631-9d1a-9e0477cf143c,Ancestry,ancestry,worth the money,positive_wtp,,global
4fab079d-f2e0-474c-8f69-bba4cf3923e0,Ancestry,ancestry,scam,negative_wtp,,global
a89bdae5-776b-48a9-8f9c-49f7509345e3,Ancestry,ancestry,might pay,conditional_wtp,,global
8916fff7-7e0d-44b4-bc0b-cf6bc934ac70,Ancestry,ancestry,worth the money,positive_wtp,,global
23fcd796-a8ed-4f7d-bc7a-139762dddacf,Ancestry,ancestry,Worth every penny,positive_wtp,,global
cd15a25b-1f5a-480d-8648-4f28fffc855a,Ancestry,ancestry,worth the price,positive_wtp,,global
fe62028b-f3c8-4109-b700-88a0585d5441,Ancestry,ancestry,subscribed,positive_wtp,,global
eab3025a-ed5e-433f-8bd1-324f37e50608,Ancestry,ancestry,not paying,negative_wtp,,global
5d228712-ee11-457f-b9d7-81c1f44f6576,Ancestry,ancestry,worth every penny,positive_wtp,family_stories,global
c528e1b5-4509-44f4-b6e7-91d58addd436,Ancestry,ancestry,worth the price,positive_wtp,,global
80ed0708-2568-47eb-9198-c6d372a92107,Ancestry,ancestry,if the price,conditional_wtp,,global
cc0d0089-7cd9-4c1b-b2f9-56dbd15e4b55,Ancestry,ancestry,scam,negative_wtp,,global
c9e4baf9-a663-44c3-9a6b-dd3b3f4f2f3f,Ancestry,ancestry,if it had,conditional_wtp,,global
7d2bd852-fafb-47e8-9bc4-c6e28c1822ea,Ancestry,ancestry,too expensive,negative_wtp,,global
c7d48117-d939-4231-a02c-906c27f5ec7d,Ancestry,ancestry,too expensive,negative_wtp,,global
ae0e9100-f9a9-4e21-8b88-b548925e1a33,Ancestry,ancestry,overpriced,negative_wtp,,global
5bb04d96-f0c1-4326-b6c9-ebaadc89d3a5,Ancestry,ancestry,scam,negative_wtp,,global
cfae2e84-b419-4f4c-8033-bf39aede29f4,Ancestry,ancestry,rip off,negative_wtp,,global
0434f5fe-ec77-4ea6-b125-74835d73566e,Ancestry,ancestry,not worth,negative_wtp,,global
c17dc32f-9774-49cd-b25f-7e6c4b8a51db,Ancestry,ancestry,worth the price,positive_wtp,,global
c17dc32f-9774-49cd-b25f-7e6c4b8a51db,Ancestry,ancestry,not worth,negative_wtp,,global
f195b46f-06df-4ce3-a697-fe212bfdc271,Ancestry,ancestry,Not worth,negative_wtp,,global
5f150639-6dcf-46bf-9fc8-cc4d77380338,Ancestry,ancestry,not worth,negative_wtp,,global
e84a369f-26b6-448a-aa9d-8dd47f02f812,Ancestry,ancestry,subscribed,positive_wtp,,global
2d2f5b9a-3afe-423d-aea2-bd556f2e5f74,Ancestry,ancestry,worth the money,positive_wtp,,global
9c601f7b-8951-459a-9651-f0d4e29f30fc,Ancestry,ancestry,overpriced,negative_wtp,,global
41b5c115-bc8b-46eb-9873-6f7471113301,Ancestry,ancestry,subscribed,positive_wtp,,global
0fdebda0-314f-4973-a15f-44e47bd2dbdd,Ancestry,ancestry,rip off,negative_wtp,,global
52253c92-2d39-44b4-874e-23323641efff,Ancestry,ancestry,Waste of money,negative_wtp,,global
06be5155-dccc-4d76-bd5f-c8aa5b2ce070,Ancestry,ancestry,not paying,negative_wtp,,global
81c57db9-3edf-4e6a-bf7b-226027c55e7d,Ancestry,ancestry,too expensive,negative_wtp,,global
ff3f8f10-68ac-4cda-876c-825764ddc129,Ancestry,ancestry,rip off,negative_wtp,,global
ff3f8f10-68ac-4cda-876c-825764ddc129,Ancestry,ancestry,rip off,negative_wtp,,global
e1de7616-f451-4133-b053-d1b77562bb82,Ancestry,ancestry,too expensive,negative_wtp,dna_testing,global
0a4c097e-5cc5-446b-9c82-c6bacef6e8f2,Ancestry,ancestry,Worth every penny,positive_wtp,,global
77324c23-81c8-4e84-b7f3-e1cec107905c,Ancestry,ancestry,not paying,negative_wtp,dna_testing,global
fa1a7934-9c15-485f-85bf-51b81979728d,Ancestry,ancestry,too expensive,negative_wtp,,global
56a3604b-55bc-462a-8d3b-2b850710a26b,Ancestry,ancestry,too expensive,negative_wtp,,global
67638cbd-fcbd-4c88-a74d-7e287cb782cb,Ancestry,ancestry,Overpriced,negative_wtp,,global
87e36271-f428-42b7-ba42-8c08a5d31b58,Ancestry,ancestry,worth the money,positive_wtp,,global
87e36271-f428-42b7-ba42-8c08a5d31b58,Ancestry,ancestry,not worth,negative_wtp,,global
00c72de6-52ea-436e-b2eb-e96e500e9306,Ancestry,ancestry,should be free,negative_wtp,,global
63350323-7e63-4097-a80b-04d775ed8eab,Ancestry,ancestry,too expensive,negative_wtp,,global
dd388e87-e91a-4b70-89c5-da1ebdd3c1ca,Ancestry,ancestry,worth the price,positive_wtp,,global
dd388e87-e91a-4b70-89c5-da1ebdd3c1ca,Ancestry,ancestry,could pay,conditional_wtp,,global
62c124eb-d09b-40ca-9178-ed57ad6660b8,Ancestry,ancestry,not paying,negative_wtp,,global
6da4fa1c-94be-4228-9dba-6889214ec76e,Ancestry,ancestry,Not worth,negative_wtp,,global
e1ebb318-81c5-4538-95f4-da78420d13bd,Ancestry,ancestry,Should be free,negative_wtp,,global
ce36166e-6a99-4a0b-9dbb-e541ea280fdf,Ancestry,ancestry,worth the money,positive_wtp,,global
3249de10-8bb9-467e-a4ff-c2f8664526b7,Ancestry,ancestry,not paying,negative_wtp,,global
a34493c2-b1e6-487b-a1e4-546d68b462f8,Ancestry,ancestry,worth the money,positive_wtp,,global
fb7d467e-7506-4f54-bd72-44fa268025bb,Ancestry,ancestry,too expensive,negative_wtp,,global
6c7977aa-8f8d-48a0-8407-54dfce17e9c4,Ancestry,ancestry,too expensive,negative_wtp,,global
72833d5a-7af3-41e9-b216-5f1b61cfe40a,Ancestry,ancestry,rip off,negative_wtp,,global
c564a600-307a-44b6-a419-be28f314d203,Ancestry,ancestry,Too costly,negative_wtp,,global
dfb2e4e3-a79d-4e72-9c1f-5ef47928766b,Ancestry,ancestry,scam,negative_wtp,,global
dfb2e4e3-a79d-4e72-9c1f-5ef47928766b,Ancestry,ancestry,money grab,negative_wtp,,global
d8b3f996-060d-48a2-8dbd-54ae74374aae,Ancestry,ancestry,worth every penny,positive_wtp,,global
e273e4de-1ae1-4f53-9a10-43d2c3040ced,Ancestry,ancestry,subscribed,positive_wtp,,global
91f2d06d-56f2-47d9-b579-c4ed32e33784,Ancestry,ancestry,On the fence,conditional_wtp,,global
67e05a3d-a2a2-4de5-a8ba-b0aa5f4cece7,Ancestry,ancestry,Never pay,negative_wtp,,global
890bfed5-7168-456f-835f-4e0ed7c28044,Ancestry,ancestry,should be free,negative_wtp,family_tree,global
95e8b5b8-df7b-4311-b41c-41dd1d6834bc,Ancestry,ancestry,worth every penny,positive_wtp,,global
63e660e2-2427-402f-9c25-e00845924237,Ancestry,ancestry,subscribed,positive_wtp,,global
6cc92243-4e72-4e74-91b1-7d97c5d1be3d,Ancestry,ancestry,Worth every penny,positive_wtp,,global
0559e770-47a5-4bf4-b977-0e56f50d1b33,Ancestry,ancestry,NOT paying,negative_wtp,,global
baadf423-b834-435b-80c0-c5afa5603156,Ancestry,ancestry,wouldn't pay,negative_wtp,,global
26bdcc2d-9bf2-4b9c-947a-1bc3d0c255a8,Ancestry,ancestry,scam,negative_wtp,,global
27c64d85-5b75-46a8-8163-963c4c607dca,Ancestry,ancestry,rip off,negative_wtp,,global
9ab86a07-8a17-4f28-83f4-f0fa33106d75,Ancestry,ancestry,reasonable price,positive_wtp,,global
11d459bf-ba3d-4851-8aa6-a544d2b0932f,Ancestry,ancestry,Not worth,negative_wtp,,global
b412222c-f9ab-4470-9be7-4e356b7a5c0f,Ancestry,ancestry,not paying,negative_wtp,,global
62ba204b-29f7-43bc-901a-12d89b58deb7,Ancestry,ancestry,too expensive,negative_wtp,,global
62ba204b-29f7-43bc-901a-12d89b58deb7,Ancestry,ancestry,scam,negative_wtp,,global
cbc379e1-2809-4395-b674-cd0151d58529,Ancestry,ancestry,Not worth,negative_wtp,,global
19efda1b-9da4-4815-962c-3906e11cf2d3,Ancestry,ancestry,worth the price,positive_wtp,,global
21ed0213-9e98-4a1d-952a-7d659d96f742,Ancestry,ancestry,not paying,negative_wtp,,global
08af02b7-2050-41bb-8a11-cd1382d0168c,Ancestry,ancestry,worth it if,conditional_wtp,,global
dd10203d-c088-45b7-ba14-80eb2dba896a,Ancestry,ancestry,NOT worth,negative_wtp,,global
422cfce6-d881-4063-96f6-7aa55863e962,Ancestry,ancestry,not worth,negative_wtp,,global
e9be45dd-a5a2-45d1-998e-9fd022e90194,Ancestry,ancestry,worth every penny,positive_wtp,,global
9a10d7b2-a10c-48a5-ae36-3cf91c6ce1d0,Ancestry,ancestry,waste of money,negative_wtp,,global
a1425f23-10a2-425e-a3d1-cd35b55adc33,Ancestry,ancestry,scam,negative_wtp,,global
66a53eee-02f7-466d-8cf9-9cc07e67f8c3,Ancestry,ancestry,Not worth,negative_wtp,,global
7c912c41-1a61-4f58-97f4-da443ea92c2e,Ancestry,ancestry,Too expensive,negative_wtp,,global
1c530b18-3d06-40d4-bee7-45997b8cd46e,Ancestry,ancestry,not worth,negative_wtp,,global
20d6cfc2-0c25-4f0d-a7b5-596ed2830219,Ancestry,ancestry,if it had,conditional_wtp,,global
0d766a87-beb1-4035-a1f7-1af78fe4b961,Ancestry,ancestry,too expensive,negative_wtp,,global
4ae4430c-b251-48ee-b97c-1f4a3b1ee9ea,Ancestry,ancestry,rip off,negative_wtp,,global
bb8fd266-489e-49ff-9315-bd3166c34939,Ancestry,ancestry,should be free,negative_wtp,,global
471a4ce4-d276-4cb9-ab46-c02520b89993,Ancestry,ancestry,Too expensive,negative_wtp,,global
0d091269-64eb-498f-ab19-0853e69b616e,Ancestry,ancestry,worth it if,conditional_wtp,family_tree,global
d664fcc4-20f1-4f6d-b46d-645acecff3cc,Ancestry,ancestry,Should be free,negative_wtp,,global
2a105a4d-cc2f-4aac-8f0a-5fcf97ae6e81,Ancestry,ancestry,rip off,negative_wtp,,global
348fbbd1-da2e-4d87-842a-57abb5159f95,Ancestry,ancestry,subscribed,positive_wtp,,global
7c3a0921-8815-469e-91a2-c062e0db6b4c,Ancestry,ancestry,Not worth,negative_wtp,,global
14259c14-6151-450e-9d01-d5fface10963,Ancestry,ancestry,not worth,negative_wtp,,global
802c2fd5-604e-4c0e-88e0-61af472fe63a,Ancestry,ancestry,too expensive,negative_wtp,,global
a9136550-57d3-4d2d-b91b-0a9558ed0103,Ancestry,ancestry,overpriced,negative_wtp,,global
acb0deb1-6b1b-4cc7-8e39-20054f8cb570,Ancestry,ancestry,scam,negative_wtp,,global
74198343-58af-45c6-b7fd-ee5ecf68a86a,Ancestry,ancestry,refuse to pay,negative_wtp,,global
55708101-4a4e-4035-ade4-d4d611e06966,Ancestry,ancestry,Too expensive,negative_wtp,,global
5b274a66-7620-4e6c-9d6c-7ac92f0df53d,Ancestry,ancestry,worth the money,positive_wtp,,global
5b274a66-7620-4e6c-9d6c-7ac92f0df53d,Ancestry,ancestry,Not worth,negative_wtp,,global
e3a34bb6-b11a-4a75-bbe2-b86e4aacab01,Ancestry,ancestry,Not paying,negative_wtp,,global
8a81a64d-b3b1-4044-8288-59e6afb69f10,Ancestry,ancestry,scam,negative_wtp,,global
3ccfb58f-8ef8-433f-a7d5-eb55ae2ed12e,Ancestry,ancestry,should be free,negative_wtp,,global
e4682f80-b0e2-47e8-8441-77952ddefac5,Ancestry,ancestry,if it had,conditional_wtp,,global
bde6be01-2551-4a29-a215-b0cb1d7c75c0,Ancestry,ancestry,Worth paying,positive_wtp,,global
91805d1c-92c4-43f8-8a5b-c8234250578d,Ancestry,ancestry,reasonable price,positive_wtp,,global
9321103c-3c4a-44da-9282-8156f3515b7f,Ancestry,ancestry,If it had,conditional_wtp,,global
972f66b1-9c12-4733-b84b-aec3fd1d8ea2,MyHeritage,ancestry,not worth,negative_wtp,,global
49f1d28e-a035-4a76-831a-b7b3188150b2,MyHeritage,ancestry,worth the money,positive_wtp,,global
49f1d28e-a035-4a76-831a-b7b3188150b2,MyHeritage,ancestry,Not worth,negative_wtp,,global
f4a4c163-d22f-4d30-8044-f917cd2a014b,MyHeritage,ancestry,too expensive,negative_wtp,,global
0d375490-7a33-43d4-838c-a276cff53c85,MyHeritage,ancestry,Scam,negative_wtp,dna_testing,global
17e337a9-8ca9-4f9a-94b4-1164095e03b1,MyHeritage,ancestry,scam,negative_wtp,,global
962785b8-ac7d-4ed6-978a-587708f7180b,MyHeritage,ancestry,Scam,negative_wtp,,global
e17576ec-8854-4ce4-9f33-fbec1b5b1f60,MyHeritage,ancestry,rip off,negative_wtp,,global
feba038e-2b35-4358-9f4e-5802cdb14c04,MyHeritage,ancestry,scam,negative_wtp,,global
d436a0f1-81fd-438f-b03b-1a1f8cfa195c,MyHeritage,ancestry,scam,negative_wtp,,global
44f6781b-4a3f-4f09-b3cc-49a33a1d65d6,MyHeritage,ancestry,scam,negative_wtp,,global
18cbaa5d-385d-49ed-a3c9-6441a135a4a1,MyHeritage,ancestry,scam,negative_wtp,,global
18cbaa5d-385d-49ed-a3c9-6441a135a4a1,MyHeritage,ancestry,scam,negative_wtp,,global
e68a3971-b96c-441d-9850-65e4848c48a8,MyHeritage,ancestry,rip off,negative_wtp,,global
3935c06d-4551-49c8-9459-f713d7d93fb8,MyHeritage,ancestry,scam,negative_wtp,,global
65d61c01-d26f-44da-838a-f9a75463aee0,MyHeritage,ancestry,scam,negative_wtp,,global
ccd7d6d3-f000-4234-9342-f87ba58b509b,MyHeritage,ancestry,SCAM,negative_wtp,dna_testing,global
4231cf8a-607e-4c34-a384-6b1bc5da6e5a,MyHeritage,ancestry,scam,negative_wtp,,global
657bd3da-d99a-49cb-b1f4-1c1f93bfe2e7,MyHeritage,ancestry,scam,negative_wtp,,global
d8b1b5ec-8920-434c-91bd-98dcd4f589cf,MyHeritage,ancestry,scam,negative_wtp,,global
f3f32e09-76c2-4d3d-8707-91a230deeaf6,MyHeritage,ancestry,worth it if,conditional_wtp,,global
b5b99688-3f6f-49a1-ab37-f576ec66f9d3,MyHeritage,ancestry,not worth,negative_wtp,,global
4122b51f-3f99-43e8-b09a-7658efc58957,MyHeritage,ancestry,scam,negative_wtp,,global
87a3ee00-648d-4cf5-91a3-e730d16fc1e9,MyHeritage,ancestry,SCAM,negative_wtp,,global
87a3ee00-648d-4cf5-91a3-e730d16fc1e9,MyHeritage,ancestry,SCAM,negative_wtp,,global
97da61f7-0c59-4e00-9050-a7cc10e08538,MyHeritage,ancestry,worth the money,positive_wtp,,global
97da61f7-0c59-4e00-9050-a7cc10e08538,MyHeritage,ancestry,not worth,negative_wtp,,global
092451df-e763-4789-a782-d577f7c03774,MyHeritage,ancestry,scam,negative_wtp,,global
b280dc5f-3b37-4a5a-a2db-726372fdb5c6,MyHeritage,ancestry,Scam,negative_wtp,,global
ed55adcd-c71a-4a8a-9423-4057dbe7d798,MyHeritage,ancestry,scam,negative_wtp,,global
d6a5f800-9ffd-4e1e-912b-db1b6dc7a33e,MyHeritage,ancestry,too expensive,negative_wtp,,global
2d730ce4-ca69-45d4-bb50-4522c44cdc8b,MyHeritage,ancestry,subscribed,positive_wtp,,global
2d730ce4-ca69-45d4-bb50-4522c44cdc8b,MyHeritage,ancestry,scam,negative_wtp,,global
62d6c301-65f8-47f4-8b0d-9c1f8f6ba46e,MyHeritage,ancestry,scam,negative_wtp,,global
76f92240-adfe-40d3-8e01-baa5097d9af0,MyHeritage,ancestry,scam,negative_wtp,,global
6fe5e90c-2b78-4a40-81ad-5682e65ad9e7,MyHeritage,ancestry,SCAM,negative_wtp,,global
c98473fa-da2e-42f8-888a-01c5435440d3,MyHeritage,ancestry,SCAM,negative_wtp,,global
ea826ff3-1e48-48b0-a4b7-66839d8aeb02,MyHeritage,ancestry,overpriced,negative_wtp,family_tree,global
b3d9c9fe-6a47-4d83-a7a8-0cbae86dd0c5,MyHeritage,ancestry,Overpriced,negative_wtp,,global
2b35fc81-69cc-40b4-aab6-2e3a9c2c12b6,MyHeritage,ancestry,scam,negative_wtp,,global
7091452a-3ddd-477e-8544-f08aaa638e9c,MyHeritage,ancestry,too expensive,negative_wtp,,global
a820a9e9-687d-4a42-b0b8-693a5c3b4c68,MyHeritage,ancestry,not worth,negative_wtp,,global
f75322d8-8f31-4f6c-bb9f-7c5f7fdd266f,MyHeritage,ancestry,not worth,negative_wtp,,global
3a42ba95-2577-446f-bcaa-6de94a0f7524,MyHeritage,ancestry,not worth,negative_wtp,,global
de73317c-fddf-437d-9770-2c79addacf14,MyHeritage,ancestry,scam,negative_wtp,,global
168e41b6-00fa-4a55-b43b-67d124ffe28d,MyHeritage,ancestry,could pay,conditional_wtp,,global
471d455a-12b9-48ee-b203-d5797af2dd60,MyHeritage,ancestry,worth paying,positive_wtp,,global
471d455a-12b9-48ee-b203-d5797af2dd60,MyHeritage,ancestry,too expensive,negative_wtp,,global
c58a7a40-c2b9-44da-980c-b0dd07803064,MyHeritage,ancestry,too expensive,negative_wtp,,global
a83137a4-852e-4250-b1cc-756b00141c6c,MyHeritage,ancestry,scam,negative_wtp,,global
a83137a4-852e-4250-b1cc-756b00141c6c,MyHeritage,ancestry,scam,negative_wtp,,global
a83137a4-852e-4250-b1cc-756b00141c6c,MyHeritage,ancestry,scam,negative_wtp,,global
c927bffa-bb8b-4d05-baee-48d7595a20ee,MyHeritage,ancestry,take my money,positive_wtp,,global
5eb2fd58-8399-443f-897e-feb92969c07f,MyHeritage,ancestry,subscribed,positive_wtp,,global
b611ac83-b7a6-4be6-909b-fae517a5a9d8,MyHeritage,ancestry,rip off,negative_wtp,,global
d793a3b0-d92a-43bc-ae3d-2ede3797afe6,MyHeritage,ancestry,scam,negative_wtp,,global
d793a3b0-d92a-43bc-ae3d-2ede3797afe6,MyHeritage,ancestry,scam,negative_wtp,,global
711e5079-012e-4f34-a518-85cea52b6457,MyHeritage,ancestry,too expensive,negative_wtp,,global
af2a9995-7b2b-4965-9d6c-c1dbc5229bd2,MyHeritage,ancestry,subscribed,positive_wtp,,global
33b95f67-cf67-454b-8d76-9a61316d096e,MyHeritage,ancestry,too costly,negative_wtp,,global
f3207819-63c6-4828-9fcd-eb6f6af8ae67,MyHeritage,ancestry,rip off,negative_wtp,,global
f3207819-63c6-4828-9fcd-eb6f6af8ae67,MyHeritage,ancestry,scam,negative_wtp,,global
f3207819-63c6-4828-9fcd-eb6f6af8ae67,MyHeritage,ancestry,scam,negative_wtp,,global
dbb473e0-8370-4424-bf13-76bf8b1f4551,MyHeritage,ancestry,scam,negative_wtp,,global
cdf364ff-b1c4-44e7-920f-2ee76a000714,MyHeritage,ancestry,scam,negative_wtp,dna_testing,global
63a1ac68-ba6d-4854-933f-8bdc59e68952,MyHeritage,ancestry,Scam,negative_wtp,,global
0507d371-8f51-4ab2-b309-fe5b12baccfd,MyHeritage,ancestry,too expensive,negative_wtp,,global
270d8565-b5ad-4b8b-92a7-04ec392f8819,MyHeritage,ancestry,rip off,negative_wtp,,global
bb8f89d1-7ce2-40cc-a972-0f30a840d881,MyHeritage,ancestry,scam,negative_wtp,,global
3e8b4358-7ab3-4c3b-bb35-09df0ca95ded,MyHeritage,ancestry,too expensive,negative_wtp,,global
58a3c46f-9b80-4ff9-b58d-bdb590924e76,MyHeritage,ancestry,should be free,negative_wtp,,global
ae96b638-96d1-44ab-a2b1-a13f4c3b7afe,MyHeritage,ancestry,subscribed,positive_wtp,,global
ae96b638-96d1-44ab-a2b1-a13f4c3b7afe,MyHeritage,ancestry,scam,negative_wtp,,global
346b6c36-ba05-4a3c-ba52-c4845e44efb5,MyHeritage,ancestry,too expensive,negative_wtp,,global
7261141b-cd9f-4e01-865e-5a506f969c20,MyHeritage,ancestry,subscribed,positive_wtp,,global
f59e774e-0d3f-46f3-a314-9a10be4893a8,MyHeritage,ancestry,SCAM,negative_wtp,,global
7b8568f9-92d3-491d-97ae-5ac5ba2c1b25,MyHeritage,ancestry,rip off,negative_wtp,,global
d1b2bbeb-cdd8-4a60-8cde-401faca126bf,MyHeritage,ancestry,worth the money,positive_wtp,,global
226e4051-78b7-4438-91ae-1013366fe59d,MyHeritage,ancestry,scam,negative_wtp,dna_testing,global
1ca387cd-8c79-4fb1-b1b9-849e382f9484,MyHeritage,ancestry,worth the money,positive_wtp,,global
f6032e0c-91a1-47c6-85ef-ef5d84675d22,MyHeritage,ancestry,SCAM,negative_wtp,,global
ce549837-a9d6-4ae9-9f77-f31aba1a30c6,MyHeritage,ancestry,if it had,conditional_wtp,,global
3679e396-3e48-4fcb-b277-396c3a844f91,MyHeritage,ancestry,not worth,negative_wtp,,global
aa2e95a0-94e7-4e1b-9907-5f5c27460477,MyHeritage,ancestry,scam,negative_wtp,,global
4b061f3a-46f6-46be-b5fc-4d79689b572a,MyHeritage,ancestry,scam,negative_wtp,family_tree,global
23c3b8e9-3bbc-4ba4-a512-eef33a6ec455,MyHeritage,ancestry,worth paying,positive_wtp,,global
c3ae7cad-85ba-4625-a123-bddd8c844560,MyHeritage,ancestry,subscribed,positive_wtp,,global
120393c3-7b69-4cda-8db8-d9a62b04ac8f,MyHeritage,ancestry,Scam,negative_wtp,,global
c3957362-d8e0-4f80-9338-8afd9d91e3f3,MyHeritage,ancestry,Not worth,negative_wtp,,global
07efbf57-ffc5-4310-8f0e-518b99b3370a,MyHeritage,ancestry,scam,negative_wtp,,global
885f21f6-bd91-4279-bc7e-1f55650b3f77,MyHeritage,ancestry,Not worth,negative_wtp,,global
e7d0cb4e-cb13-4f57-a599-800be54f4991,MyHeritage,ancestry,rip off,negative_wtp,,global
e29004ab-6b28-4b05-a704-ab4b24a61a7a,MyHeritage,ancestry,not paying,negative_wtp,,global
c22e0565-13fc-48aa-9b46-25236831dc4f,MyHeritage,ancestry,scam,negative_wtp,,global
f9077488-b398-4d44-b8c9-a252e0ca6873,MyHeritage,ancestry,happy to pay,positive_wtp,,global
c9f3954c-872b-4719-8065-85e97ee165fb,MyHeritage,ancestry,scam,negative_wtp,,global
d6ceb51c-8dfe-4cd0-8587-4f17ce4088b3,MyHeritage,ancestry,scam,negative_wtp,,global
60cda4e3-4bbb-4463-bef4-f7040d32464f,MyHeritage,ancestry,could pay,conditional_wtp,,global
49c3208a-6e64-474d-af9c-0a3e62f82e80,MyHeritage,ancestry,Scam,negative_wtp,,global
49c3208a-6e64-474d-af9c-0a3e62f82e80,MyHeritage,ancestry,SCAM,negative_wtp,,global
d3495bec-30d7-4086-abc5-d5ac2d3fe660,MyHeritage,ancestry,not worth,negative_wtp,,global
3cf00687-5604-43c8-9d6f-1c651dd6c165,MyHeritage,ancestry,scam,negative_wtp,,global
3cf00687-5604-43c8-9d6f-1c651dd6c165,MyHeritage,ancestry,scam,negative_wtp,,global
edb35bf5-1d51-4dc9-bffa-7c0a120dd1be,MyHeritage,ancestry,scam,negative_wtp,,global
4ede9aa3-ec0c-4e45-beb0-7c3ec935db93,MyHeritage,ancestry,ripoff,negative_wtp,,global
e03b99e2-516c-4433-a2f4-9096c4285f8d,MyHeritage,ancestry,scam,negative_wtp,,global
e4178bc0-f23b-4c7a-a817-7c2359b71c47,MyHeritage,ancestry,subscribed,positive_wtp,,global
e4178bc0-f23b-4c7a-a817-7c2359b71c47,MyHeritage,ancestry,subscribed,positive_wtp,,global
e4178bc0-f23b-4c7a-a817-7c2359b71c47,MyHeritage,ancestry,unsubscribed,negative_wtp,,global
e4178bc0-f23b-4c7a-a817-7c2359b71c47,MyHeritage,ancestry,unsubscribed,negative_wtp,,global
8be93d12-1693-46f4-871b-dadbfa5e824d,MyHeritage,ancestry,waste of money,negative_wtp,,global
577f27a8-50f1-4da1-b7d2-e2a52105aaac,MyHeritage,ancestry,not paying,negative_wtp,,global
90cc4f04-99cf-48d5-acfa-a83eb9706169,MyHeritage,ancestry,subscribed,positive_wtp,,global
bb5bb50c-769c-458a-b77f-6cddb2042a0c,MyHeritage,ancestry,scam,negative_wtp,,global
e81d03d5-32c5-469d-8266-fcb682b2e142,MyHeritage,ancestry,scam,negative_wtp,,global
59c320f9-5a98-4529-b27d-d128b39255ad,MyHeritage,ancestry,ripoff,negative_wtp,,global
994a48da-6b7b-49c2-b250-e0773e367cbf,MyHeritage,ancestry,scam,negative_wtp,,global
963e3d61-a279-4129-9aa6-76b18b3985d5,MyHeritage,ancestry,Too expensive,negative_wtp,,global
de710575-0951-46b3-b268-f6bd46e0f986,MyHeritage,ancestry,Too expensive,negative_wtp,,global
5c4b638f-d7ee-46c8-a18d-6df70fe463a3,MyHeritage,ancestry,scam,negative_wtp,,global
e33684c6-b335-4daf-bfef-85b275e7bdbf,MyHeritage,ancestry,SCAM,negative_wtp,,global
b032b994-4f5c-4df4-84d2-e6453cbc9284,MyHeritage,ancestry,too expensive,negative_wtp,,global
b1fe128e-09f4-40bd-a795-b64fb0edd47b,MyHeritage,ancestry,scam,negative_wtp,,global
c0f5974c-271c-4022-ada9-660aa8d64d09,MyHeritage,ancestry,scam,negative_wtp,,global
787ac2d9-aad1-44eb-9323-c1245fbd15b6,MyHeritage,ancestry,RIP off,negative_wtp,,global
5c2f672b-1610-4eca-825c-8556d0acbdf9,MyHeritage,ancestry,ripoff,negative_wtp,,global
d4d14141-5449-4a48-856e-23ebb4d29c0b,MyHeritage,ancestry,NOT WORTH,negative_wtp,,global
9d3d54ca-fc1a-4db1-918b-fb655052016f,MyHeritage,ancestry,Scam,negative_wtp,,global
6f08c992-8025-42dd-b0ef-f27f37381f15,MyHeritage,ancestry,rip off,negative_wtp,,global
6f08c992-8025-42dd-b0ef-f27f37381f15,MyHeritage,ancestry,Scam,negative_wtp,,global
6f08c992-8025-42dd-b0ef-f27f37381f15,MyHeritage,ancestry,scam,negative_wtp,,global
6f08c992-8025-42dd-b0ef-f27f37381f15,MyHeritage,ancestry,scam,negative_wtp,,global
6f08c992-8025-42dd-b0ef-f27f37381f15,MyHeritage,ancestry,scam,negative_wtp,,global
6f08c992-8025-42dd-b0ef-f27f37381f15,MyHeritage,ancestry,scam,negative_wtp,,global
6f08c992-8025-42dd-b0ef-f27f37381f15,MyHeritage,ancestry,scam,negative_wtp,,global
6f08c992-8025-42dd-b0ef-f27f37381f15,MyHeritage,ancestry,scam,negative_wtp,,global
6f08c992-8025-42dd-b0ef-f27f37381f15,MyHeritage,ancestry,SCAM,negative_wtp,,global
41d0edb1-33ee-4044-9494-db6b48e08292,MyHeritage,ancestry,rip off,negative_wtp,,global
abbc0284-9129-4caf-8b83-19a179fc2300,MyHeritage,ancestry,SCAM,negative_wtp,,global
abbc0284-9129-4caf-8b83-19a179fc2300,MyHeritage,ancestry,SCAM,negative_wtp,,global
662c73be-5dc9-4355-8a78-d197b24d4267,MyHeritage,ancestry,too expensive,negative_wtp,,global
662c73be-5dc9-4355-8a78-d197b24d4267,MyHeritage,ancestry,should be free,negative_wtp,dna_testing,global
ddc6e7c2-7a04-4291-b36c-abeec53dd2d3,MyHeritage,ancestry,rip off,negative_wtp,,global
8dce3e31-fc30-4d79-9df6-0438b54a59ac,MyHeritage,ancestry,not worth,negative_wtp,,global
815fe2c1-c642-4ccb-afba-6dbfd4823eb2,MyHeritage,ancestry,SCAM,negative_wtp,,global
84db3954-bdcf-43e5-9ce0-6c10b2152533,MyHeritage,ancestry,rip off,negative_wtp,,global
84db3954-bdcf-43e5-9ce0-6c10b2152533,MyHeritage,ancestry,scam,negative_wtp,,global
2b25c4bc-1ff6-407f-ae86-7ecd22985865,MyHeritage,ancestry,Not worth,negative_wtp,,global
0659abbc-b865-45dd-81ba-9825a556cbf3,MyHeritage,ancestry,scam,negative_wtp,,global
ef5d1728-6794-459b-a5b4-63e48c40c679,MyHeritage,ancestry,scam,negative_wtp,,global
333f6c06-7d20-41ac-9348-3ae7ecf0fa8d,MyHeritage,ancestry,scam,negative_wtp,,global
199e045e-8ff8-47ff-abb8-1fe701e5c84e,MyHeritage,ancestry,wouldn't pay,negative_wtp,,global
8aff1470-18a2-49d7-b57b-0fa19134c771,MyHeritage,ancestry,Scam,negative_wtp,,global
5b60e4b0-abc4-4d5e-87f4-b1a6544949aa,MyHeritage,ancestry,too expensive,negative_wtp,,global
2202d202-9bea-46f9-8ad3-dae164ca3c0d,MyHeritage,ancestry,scam,negative_wtp,,global
5794ebd5-3f98-442f-bf4e-dbb8530fa10c,MyHeritage,ancestry,subscribed,positive_wtp,family_tree,global
5141749b-eaaf-4ae9-881a-f4590f19f510,MyHeritage,ancestry,Rip off,negative_wtp,,global
553b81cd-eaaf-4320-96e6-dfd3250086b6,MyHeritage,ancestry,Scam,negative_wtp,,global
9282cff7-33fe-4b05-bfd9-5dc2a033afe3,MyHeritage,ancestry,waste of money,negative_wtp,,global
caec3a86-f4e9-4af1-9e49-86ab14206f5a,MyHeritage,ancestry,scam,negative_wtp,,global
f051349e-7403-4e4a-803c-e2acac4565c4,MyHeritage,ancestry,not worth,negative_wtp,,global
f051349e-7403-4e4a-803c-e2acac4565c4,MyHeritage,ancestry,overpriced,negative_wtp,,global
37827d15-a06c-4df5-8939-c82290d60872,MyHeritage,ancestry,Waste of money,negative_wtp,,global
4048deea-6a7e-4faa-9278-b56d683f7cd4,MyHeritage,ancestry,not worth,negative_wtp,,global
4cdff6e6-4a2f-474b-a7b3-1155d060671e,MyHeritage,ancestry,waste of money,negative_wtp,dna_testing,global
bb89d535-0b4d-4a46-be96-f82453e80147,MyHeritage,ancestry,Waste of money,negative_wtp,,global
0cefe862-fd11-42e6-9767-bee452c04559,MyHeritage,ancestry,subscribed,positive_wtp,,global
e23680e8-f585-4055-bc64-0709ef4edec9,MyHeritage,ancestry,too expensive,negative_wtp,,global
b7682d75-aae9-4b23-b4bf-9d307c23ba48,MyHeritage,ancestry,Scam,negative_wtp,,global
797a9063-69c6-44dc-9624-ceb73e53ccb6,MyHeritage,ancestry,too costly,negative_wtp,,global
6cf29fa9-385b-4371-b511-983fc4867ea7,MyHeritage,ancestry,NOT paying,negative_wtp,,global
68a14820-fcb7-477a-ba1c-06465e36983b,MyHeritage,ancestry,rip off,negative_wtp,,global
63aa68e5-545d-4574-8e2e-5596fb76a5e0,MyHeritage,ancestry,ripoff,negative_wtp,,global
9e5d7834-a701-4c75-879d-d2f690c23457,MyHeritage,ancestry,SCAM,negative_wtp,,global
59bdd69f-2abf-4c01-9a4b-76105015bbc8,MyHeritage,ancestry,not paying,negative_wtp,,global
5990f36e-1746-4364-8090-0820a71a4972,MyHeritage,ancestry,overpriced,negative_wtp,,global
be9f3bda-132a-49bd-8659-5cb9c1ca8f25,MyHeritage,ancestry,scam,negative_wtp,,global
46ba4422-14db-4c59-9183-f94ba8134baa,MyHeritage,ancestry,too expensive,negative_wtp,,global
6abe5cbc-eeb6-4d87-b6d4-11a7513a1ae2,MyHeritage,ancestry,waste of money,negative_wtp,,global
f9eacd59-5bb3-4657-913b-ae90749a84dc,MyHeritage,ancestry,too expensive,negative_wtp,,global
1804fb2b-3077-43f0-aa39-d8f961d721d6,MyHeritage,ancestry,subscribed,positive_wtp,,global
8cc6dc81-4a42-45bf-8bb9-7b21d8e8a809,MyHeritage,ancestry,rip off,negative_wtp,,global
adcf1b92-f7a7-45c3-86ce-54d0a1e4d36a,MyHeritage,ancestry,not worth,negative_wtp,,global
0ce3897c-97a4-41d1-832a-8fde782a1fab,MyHeritage,ancestry,scam,negative_wtp,,global
0ce3897c-97a4-41d1-832a-8fde782a1fab,MyHeritage,ancestry,SCAM,negative_wtp,,global
12d3a417-2cc0-47ea-9455-2bbdf9e22cec,MyHeritage,ancestry,subscribed,positive_wtp,,global
8941ef5a-29a9-4cba-9d39-81e5986b6d12,MyHeritage,ancestry,Scam,negative_wtp,,global
01f56981-91f7-426c-a7c6-46bb69985363,MyHeritage,ancestry,scam,negative_wtp,,global
f8438c08-e32d-4c41-b389-bc11ec525a59,MyHeritage,ancestry,too costly,negative_wtp,,global
f80b4577-2aa8-4ea1-9819-25cb986df482,MyHeritage,ancestry,take my money,positive_wtp,,global
1c79a7e3-c19d-4cc3-b340-8fa99926633f,MyHeritage,ancestry,too expensive,negative_wtp,family_tree,global
b6a127ab-92ca-4ec8-8f6a-34a8e044e993,MyHeritage,ancestry,not worth,negative_wtp,,global
677a1265-bb85-4961-b30b-af6642b246b3,MyHeritage,ancestry,SCAM,negative_wtp,,global
677a1265-bb85-4961-b30b-af6642b246b3,MyHeritage,ancestry,scam,negative_wtp,,global
853410b1-99a9-4f05-b463-b3234a7f9ad4,MyHeritage,ancestry,too expensive,negative_wtp,,global
57af1258-b1b4-409f-8b8b-90a83f256e67,MyHeritage,ancestry,too expensive,negative_wtp,,global
504abafd-b839-49b7-9e56-b2b7150284b1,MyHeritage,ancestry,scam,negative_wtp,,global
369cdf64-93b1-4f7e-b312-1586a90dabc4,MyHeritage,ancestry,Too costly,negative_wtp,,global
ed052dbb-0359-4dfa-811f-94b76ea32b81,MyHeritage,ancestry,rip off,negative_wtp,,global
ed052dbb-0359-4dfa-811f-94b76ea32b81,MyHeritage,ancestry,Rip off,negative_wtp,,global
ed81a7b3-5b8b-41a3-a8ae-5c31c61f90e4,MyHeritage,ancestry,NOT WORTH,negative_wtp,,global
c1157aeb-cfc8-444e-aed7-a6f2540d00a2,MyHeritage,ancestry,too expensive,negative_wtp,,global
5577edc2-ee07-4b79-8305-041ae097cb41,MyHeritage,ancestry,Worth every penny,positive_wtp,,global
6e2df8f6-bd0b-4b66-b03a-6e4fa4faeecf,MyHeritage,ancestry,SCAM,negative_wtp,,global
1e523ec7-79ec-4b3d-989a-799e486c79ed,MyHeritage,ancestry,Money grab,negative_wtp,,global
44fed9bf-ab56-4231-a49a-4fdab528a555,MyHeritage,ancestry,scam,negative_wtp,,global
89d5fb67-c59b-44c5-b23b-51f75b45d4ef,MyHeritage,ancestry,SCAM,negative_wtp,,global
a15fc1c1-8eff-40c8-9f29-d76594a978f0,MyHeritage,ancestry,if it had,conditional_wtp,,global
53e478a6-02ad-4414-a20a-22f76bcf1d5b,MyHeritage,ancestry,scam,negative_wtp,,global
1d39a00a-8d6b-4581-b0ca-0d8a1c0438a0,MyHeritage,ancestry,RIPOFF,negative_wtp,,global
2217c3a5-0f17-47fc-8190-5d5aa99fd5b3,MyHeritage,ancestry,Too expensive,negative_wtp,,global
543b00c8-4fef-46fd-a09a-e363b2795593,MyHeritage,ancestry,too costly,negative_wtp,,global
c223ea5a-325e-4e71-b8e5-366fee8ab37b,MyHeritage,ancestry,scam,negative_wtp,,global
c223ea5a-325e-4e71-b8e5-366fee8ab37b,MyHeritage,ancestry,scam,negative_wtp,,global
a12893ee-66c2-471d-bb7b-d795b9fff9a5,MyHeritage,ancestry,Too costly,negative_wtp,,global
82cf4700-9e0a-4032-be31-2274446af24f,MyHeritage,ancestry,too expensive,negative_wtp,,global
339b7ddd-0e28-46dd-a04c-803a9fef82f3,MyHeritage,ancestry,subscribed,positive_wtp,,global
9ce11cc2-d93d-416a-920e-f823ccd82f71,MyHeritage,ancestry,not paying,negative_wtp,,global
7d6c9272-43ca-4da0-8a7b-dc8ec2350663,MyHeritage,ancestry,too costly,negative_wtp,,global
1a21a43c-ab97-40dd-a0d9-ce53ecc4b44e,MyHeritage,ancestry,reasonable price,positive_wtp,,global
632b436f-6756-4db6-bf0e-8a62705e530d,MyHeritage,ancestry,Money grab,negative_wtp,,global
31556ce8-7714-41be-8bc8-178d7f7526e6,MyHeritage,ancestry,Too expensive,negative_wtp,,global
ebcaa87a-b1cf-485a-89af-cb3ce52e7f42,MyHeritage,ancestry,rip off,negative_wtp,,global
fe943108-d242-4db9-acfc-a16ed6956a14,MyHeritage,ancestry,scam,negative_wtp,,global
fe943108-d242-4db9-acfc-a16ed6956a14,MyHeritage,ancestry,scam,negative_wtp,,global
328d3bfc-9852-422e-97d4-23d34e8d8d37,MyHeritage,ancestry,worth the money,positive_wtp,,global
328d3bfc-9852-422e-97d4-23d34e8d8d37,MyHeritage,ancestry,not worth,negative_wtp,,global
328d3bfc-9852-422e-97d4-23d34e8d8d37,MyHeritage,ancestry,waste of money,negative_wtp,,global
754ea445-b3c2-44f6-87d5-5c4746c081d6,MyHeritage,ancestry,subscribed,positive_wtp,,global
1c971542-e8fa-410f-bf40-c5a06118dea4,MyHeritage,ancestry,not worth,negative_wtp,,global
0b82ed4a-1942-4d48-b485-54a3d915c999,MyHeritage,ancestry,not paying,negative_wtp,,global
d592e040-75f5-482c-97b0-8a500321215f,MyHeritage,ancestry,cancelled subscription,negative_wtp,,global
c5ce7dd7-f4eb-4dae-b92f-ee274de6b57e,MyHeritage,ancestry,scam,negative_wtp,,global
0c2e7727-4654-4722-b93b-e92314b71366,MyHeritage,ancestry,never pay,negative_wtp,,global
0c02a0a7-e47c-41df-ae23-0a6b635993f9,MyHeritage,ancestry,overpriced,negative_wtp,,global
5d5da9ca-c8e7-4134-8aa3-acdd465241d3,MyHeritage,ancestry,Worth every penny,positive_wtp,,global
815796d5-b309-4a75-a4f9-1a1b8eaacad7,MyHeritage,ancestry,scam,negative_wtp,,global
6316af55-de6e-461d-95e4-27b9db956f86,MyHeritage,ancestry,Not worth,negative_wtp,,global
47b2fd9b-8ac2-4d96-920f-b558da24fb5d,MyHeritage,ancestry,Too expensive,negative_wtp,,global
1e4886d4-f0f9-438c-946f-14e15433e040,MyHeritage,ancestry,RIP off,negative_wtp,,global
84499647-d4e3-433b-95dc-6ca255f68d25,MyHeritage,ancestry,not worth,negative_wtp,,global
2dfe18b2-5a51-42cd-b769-5953c2d998c4,MyHeritage,ancestry,not paying,negative_wtp,,global
2a2b394c-6ca5-4a2e-8f7a-e38372a44daf,MyHeritage,ancestry,too expensive,negative_wtp,,global
6fbf4416-e004-486f-88db-5fde68680cbc,MyHeritage,ancestry,Scam,negative_wtp,,global
6fbf4416-e004-486f-88db-5fde68680cbc,MyHeritage,ancestry,scam,negative_wtp,,global
33a4ae8b-94e1-4774-b57f-20f46517a686,MyHeritage,ancestry,too expensive,negative_wtp,,global
c4480d65-3554-44e5-ac40-c67076bfb11d,MyHeritage,ancestry,Scam,negative_wtp,,global
9289653d-f2d3-4365-913e-38e6752d91c2,MyHeritage,ancestry,waste of money,negative_wtp,,global
20c4e146-893c-417e-bb39-4cfdee5c4af1,MyHeritage,ancestry,Money grab,negative_wtp,,global
20c4e146-893c-417e-bb39-4cfdee5c4af1,MyHeritage,ancestry,money grab,negative_wtp,,global
440767a6-b4f2-4631-b0a3-3b2198bfb038,MyHeritage,ancestry,not worth,negative_wtp,,global
b67286ec-565b-4314-8bde-b26494763483,MyHeritage,ancestry,worth the money,positive_wtp,,global
b67286ec-565b-4314-8bde-b26494763483,MyHeritage,ancestry,Not worth,negative_wtp,,global
b67286ec-565b-4314-8bde-b26494763483,MyHeritage,ancestry,Scam,negative_wtp,,global
15c3e6ff-ffd7-4c3f-93be-c4c150f42bdb,MyHeritage,ancestry,subscribed,positive_wtp,,global
5ccc54e9-c9d6-43ed-a0a1-080c67e39c2d,MyHeritage,ancestry,Money grab,negative_wtp,,global
569456b5-3a72-476c-86f0-84b119ee57ec,MyHeritage,ancestry,subscribed,positive_wtp,,global
de933ca9-5f48-4f69-a768-ddd03f1e1b4f,MyHeritage,ancestry,subscribed,positive_wtp,,global
97f18392-a636-4b4b-a478-254bf4920e17,MyHeritage,ancestry,Scam,negative_wtp,,global
074e953f-84a1-4084-ba49-cc9a43b2614e,MyHeritage,ancestry,not worth,negative_wtp,,global
b9b79402-f337-45c6-b0c1-81d25205f52b,MyHeritage,ancestry,Scam,negative_wtp,,global
c75d993c-d024-44a1-9590-e7bad5668a57,MyHeritage,ancestry,NOT WORTH,negative_wtp,,global
c75d993c-d024-44a1-9590-e7bad5668a57,MyHeritage,ancestry,Scam,negative_wtp,,global
ba0f93f9-5ab6-44e8-92fc-690d5082f93d,MyHeritage,ancestry,subscribed,positive_wtp,,global
ba0f93f9-5ab6-44e8-92fc-690d5082f93d,MyHeritage,ancestry,unsubscribed,negative_wtp,,global
ac75b6a6-d99d-4390-a399-6b9b66ecc1ef,MyHeritage,ancestry,too expensive,negative_wtp,,global
4436d672-2cf7-45f3-96e4-0c8790d039d1,MyHeritage,ancestry,too costly,negative_wtp,,global
8ef8bb86-f9fe-4bca-85e7-df1bda7d1ce9,MyHeritage,ancestry,loot,negative_wtp,,global
162eb06e-52b4-4cd0-a33e-4864e816035b,MyHeritage,ancestry,TOO EXPENSIVE,negative_wtp,,global
e801c6f2-2902-4df9-ab9e-a5d61f1a72b5,MyHeritage,ancestry,scam,negative_wtp,,global
89c3e259-2869-4a6e-ace5-5ab4832b95a5,MyHeritage,ancestry,not worth,negative_wtp,,global
bdba4b38-c51b-4328-b0ca-939e593e8df1,MyHeritage,ancestry,scam,negative_wtp,,global
d31e341e-c595-42fb-85d5-1da66fb0f471,MyHeritage,ancestry,scam,negative_wtp,,global
cacf7ec9-c408-4f4d-af0c-c319513fb559,MyHeritage,ancestry,scam,negative_wtp,,global
5c3f0db3-4ad1-4378-8526-769ae62034b4,MyHeritage,ancestry,Reasonable price,positive_wtp,,global
b62accf6-6369-434d-933c-783a90947bb9,MyHeritage,ancestry,scam,negative_wtp,,global
3097f87c-7080-48ee-a296-3c3f1b57673d,MyHeritage,ancestry,not worth,negative_wtp,family_tree,global
cddc4844-359b-4cd8-9467-8e33cdce8118,MyHeritage,ancestry,Not worth,negative_wtp,,global
80f7c301-3d1f-4fb6-82aa-fca717e7d1a7,MyHeritage,ancestry,scam,negative_wtp,,global
54b02afb-23d7-44d1-a783-fb89854b94d5,MyHeritage,ancestry,worth the money,positive_wtp,family_tree,global
54b02afb-23d7-44d1-a783-fb89854b94d5,MyHeritage,ancestry,not worth,negative_wtp,family_tree,global
0325d8a2-be2c-461e-b625-b0293f8d82c8,MyHeritage,ancestry,Overpriced,negative_wtp,,global
0325d8a2-be2c-461e-b625-b0293f8d82c8,MyHeritage,ancestry,ripoff,negative_wtp,,global
0325d8a2-be2c-461e-b625-b0293f8d82c8,MyHeritage,ancestry,scam,negative_wtp,,global
e45e5aef-f5f8-4213-80b3-c7e759f6b2e1,MyHeritage,ancestry,subscribed,positive_wtp,,global
c67916ff-045b-48f3-9308-7dc0b594d7bc,MyHeritage,ancestry,should be free,negative_wtp,,global
8e59152e-7e50-4e1b-ae77-40d3c60a3c88,MyHeritage,ancestry,subscribed,positive_wtp,,global
62f0cc7a-0906-482e-a99a-b7c460b7c5ef,MyHeritage,ancestry,scam,negative_wtp,,global
ab083d7c-103d-40da-986e-c77af15da3be,MyHeritage,ancestry,not worth,negative_wtp,,global
3b2a3deb-ea61-442c-a398-46ce19e595e0,MyHeritage,ancestry,Too expensive,negative_wtp,,global
ae75326d-1afa-4951-bf86-004f0c3f1ecc,MyHeritage,ancestry,scam,negative_wtp,,global
ae75326d-1afa-4951-bf86-004f0c3f1ecc,MyHeritage,ancestry,scam,negative_wtp,,global
ae75326d-1afa-4951-bf86-004f0c3f1ecc,MyHeritage,ancestry,SCAM,negative_wtp,,global
9bf5ca2c-4af4-48a6-8a84-ace65641ef86,MyHeritage,ancestry,too expensive,negative_wtp,,global
62739c26-42ee-455d-9e43-fcf76c9cbdf2,MyHeritage,ancestry,scam,negative_wtp,,global
cc7843ee-2b4b-4a15-8b78-9ea361fbfa48,MyHeritage,ancestry,not paying,negative_wtp,,global
86ac24b5-7d0a-456c-9c14-c4b9a52965dc,MyHeritage,ancestry,too expensive,negative_wtp,,global
168e0bdf-9d50-4521-885d-f8eef18ac524,MyHeritage,ancestry,waste of money,negative_wtp,,global
57251cf8-090f-4bcf-9238-ce7277e17591,MyHeritage,ancestry,not worth,negative_wtp,,global
fe51e3ec-8f78-475d-a8cb-b25cec38f173,MyHeritage,ancestry,SCAM,negative_wtp,,global
fe51e3ec-8f78-475d-a8cb-b25cec38f173,MyHeritage,ancestry,SCAM,negative_wtp,,global
97d25d15-e2d7-4ec5-b4df-b919f6f23445,MyHeritage,ancestry,not worth,negative_wtp,,global
1820863a-19c2-44dd-9e60-1980d32835de,MyHeritage,ancestry,Scam,negative_wtp,,global
dcab2181-ba5c-4ab3-9e0d-7483132434a7,MyHeritage,ancestry,scam,negative_wtp,,global
26d9fe7d-b3dd-4535-991a-db5417c6747c,MyHeritage,ancestry,scam,negative_wtp,,global
7a0baa04-7c44-4062-95a8-5d005ea2a9e7,MyHeritage,ancestry,never pay,negative_wtp,,global
df90939d-ecd6-4663-8f34-4f6011198d6a,MyHeritage,ancestry,scam,negative_wtp,,global
5e50c6d0-ef34-4d05-9aa0-b3b0d247aed4,MyHeritage,ancestry,Scam,negative_wtp,,global
d6d6092d-fa63-42d7-a613-9e9077bceaae,MyHeritage,ancestry,not paying,negative_wtp,,global
542f0b32-f226-4f27-af4c-37c669923d0e,MyHeritage,ancestry,could pay,conditional_wtp,,global
c30abbfe-7ada-44d8-9dcd-b2f27a35ff3c,MyHeritage,ancestry,subscribed,positive_wtp,,global
59550b05-ded5-4be4-a85b-f8335885d0bb,MyHeritage,ancestry,subscribed,positive_wtp,,global
dece1957-1522-4bb1-825e-7adca0899996,MyHeritage,ancestry,scam,negative_wtp,,global
f43fcfe6-f102-4a3e-afc9-d21611690ab6,MyHeritage,ancestry,scam,negative_wtp,,global
f43fcfe6-f102-4a3e-afc9-d21611690ab6,MyHeritage,ancestry,scam,negative_wtp,,global
8d914750-e250-466a-af7f-d78428f5a827,MyHeritage,ancestry,too expensive,negative_wtp,,global
4117f810-5bf6-4020-9e1b-f03a7e649824,MyHeritage,ancestry,Too expensive,negative_wtp,,global
4158a55c-de14-4f98-bd43-89e31e8ddf49,MyHeritage,ancestry,Not worth,negative_wtp,,global
4158a55c-de14-4f98-bd43-89e31e8ddf49,MyHeritage,ancestry,scam,negative_wtp,,global
3f1b0183-8b09-48d3-8344-9c10497cf61a,MyHeritage,ancestry,too expensive,negative_wtp,,global
5f7dd122-347a-4fe4-9c6a-1a1c73034e87,MyHeritage,ancestry,too expensive,negative_wtp,,global
cfcccf4a-e35b-4920-ae42-7bf3298708d9,MyHeritage,ancestry,overpriced,negative_wtp,,global
41e75509-9226-4d7d-86b7-ffef70f19790,MyHeritage,ancestry,scam,negative_wtp,,global
0489f8c2-c3ac-4191-a11f-ffd481648fe9,MyHeritage,ancestry,Rip off,negative_wtp,,global
247f3076-3251-4e91-87ec-83ee8b23415d,MyHeritage,ancestry,subscribed,positive_wtp,,global
2f66d745-bab5-466a-a379-16c8883bd4d5,MyHeritage,ancestry,scam,negative_wtp,,global
2f66d745-bab5-466a-a379-16c8883bd4d5,MyHeritage,ancestry,scam,negative_wtp,,global
6b868dd4-c25a-4bd8-bca1-fddc5564221f,MyHeritage,ancestry,too expensive,negative_wtp,,global
61731d25-5916-4695-a4e5-b2085807d4df,MyHeritage,ancestry,Too expensive,negative_wtp,,global
1241d5a4-e986-48fb-9b96-63ec371dd735,MyHeritage,ancestry,scam,negative_wtp,,global
cc31ea38-413f-4333-85e5-11763361932d,MyHeritage,ancestry,SCAM,negative_wtp,,global
cc31ea38-413f-4333-85e5-11763361932d,MyHeritage,ancestry,SCAM,negative_wtp,,global
b41806cb-0666-40c2-9fbc-8210b44e6d30,MyHeritage,ancestry,Worth the money,positive_wtp,,global
eaadd91c-d377-4503-8844-9f9368f4e6be,MyHeritage,ancestry,rip off,negative_wtp,,global
bd5fcaac-d7e1-40db-8794-5b7ef2a1101f,MyHeritage,ancestry,Too expensive,negative_wtp,,global
bd5fcaac-d7e1-40db-8794-5b7ef2a1101f,MyHeritage,ancestry,not worth,negative_wtp,,global
af39403c-cc89-4c41-94cf-f5fd36b0bfce,MyHeritage,ancestry,SCAM,negative_wtp,,global
096c0a1c-bcce-4bea-9f43-3060ecd306f7,MyHeritage,ancestry,Overpriced,negative_wtp,,global
0663ba16-8037-410f-bc02-b3998a60e40d,MyHeritage,ancestry,subscribed,positive_wtp,,global
747b6495-ac4e-4e2d-8afe-9279e4d27dbe,MyHeritage,ancestry,too expensive,negative_wtp,,global
01bbc9d2-a5d8-4848-a523-7242a81c9933,MyHeritage,ancestry,scam,negative_wtp,,global
758cacd8-fe39-47d9-97cb-8125e7715418,MyHeritage,ancestry,too expensive,negative_wtp,,global
53af6e7a-d653-42af-a44d-38c885e9fb00,MyHeritage,ancestry,subscribed,positive_wtp,,global
53af6e7a-d653-42af-a44d-38c885e9fb00,MyHeritage,ancestry,unsubscribed,negative_wtp,,global
6bc55bbf-f061-4e25-b727-496fcca2a852,MyHeritage,ancestry,Scam,negative_wtp,,global
61c9235d-c266-42fb-9af9-178ecece80b7,MyHeritage,ancestry,scam,negative_wtp,,global
38ab7275-ac84-435c-a099-9d809c26c6ea,MyHeritage,ancestry,not worth,negative_wtp,,global
b97e0c04-687b-4b4c-9ecd-8059b3437346,MyHeritage,ancestry,subscribed,positive_wtp,,global
85ba2162-d8c9-496e-a65f-f611785df014,MyHeritage,ancestry,scam,negative_wtp,,global
77a68d7c-c3b6-494b-9dd4-3c41d2d2394c,MyHeritage,ancestry,Scam,negative_wtp,,global
bce3bb16-3e46-49a6-b2ef-e79a8095f4a2,MyHeritage,ancestry,subscribed,positive_wtp,,global
97614d8c-3c88-4585-b07b-9e390e25a70b,MyHeritage,ancestry,scam,negative_wtp,,global
46de142f-4f1e-440b-a135-b42299afa55a,MyHeritage,ancestry,subscribed,positive_wtp,,global
9dcbb0d9-5a30-4322-91cc-c54a4343b0d5,MyHeritage,ancestry,rip off,negative_wtp,,global
bf143c11-f076-4df9-8ac0-0d268741bf84,MyHeritage,ancestry,SCAM,negative_wtp,,global
f663702b-b882-495c-941f-3b2f7a6f110f,MyHeritage,ancestry,scam,negative_wtp,,global
db785025-c032-410c-8dda-10538dfc4f66,MyHeritage,ancestry,NOT WORTH,negative_wtp,,global
db785025-c032-410c-8dda-10538dfc4f66,MyHeritage,ancestry,scam,negative_wtp,,global
53b60fca-719f-4c36-8747-7775ae898abe,MyHeritage,ancestry,scam,negative_wtp,,global
ab26a478-fab4-4450-83f8-fa726408d295,MyHeritage,ancestry,scam,negative_wtp,,global
59dcf49a-4bd6-4ffb-9b71-a3961f15fc66,MyHeritage,ancestry,loot,negative_wtp,,global
cb3e9a0d-1d25-434f-ae55-33c72d8dfeba,MyHeritage,ancestry,scam,negative_wtp,,global
8006bb59-a0cb-4e27-bedd-ba4b4b4cfddb,MyHeritage,ancestry,Too expensive,negative_wtp,,global
3260028a-cdab-4ea0-8ed4-9a9f7e02962a,MyHeritage,ancestry,SCAM,negative_wtp,,global
68762230-3192-452a-ab94-9b43bcfcaa1c,MyHeritage,ancestry,too expensive,negative_wtp,,global
e560d1e2-6ac7-4d23-8ecb-5e09f2750d87,MyHeritage,ancestry,Too expensive,negative_wtp,,global
114fd400-95b9-4e73-8b13-b8216fcb712f,MyHeritage,ancestry,too expensive,negative_wtp,,global
2a010e20-69c0-46b5-adcc-a092e1bd2e93,MyHeritage,ancestry,worth the money,positive_wtp,,global
2a010e20-69c0-46b5-adcc-a092e1bd2e93,MyHeritage,ancestry,not worth,negative_wtp,,global
9a7047d0-526f-490d-8792-63624222e341,MyHeritage,ancestry,should be free,negative_wtp,,global
d6d68111-6f86-4a31-af43-41237056fe6a,MyHeritage,ancestry,not worth,negative_wtp,,global
d6d68111-6f86-4a31-af43-41237056fe6a,MyHeritage,ancestry,scam,negative_wtp,,global
eb109fc3-2367-49b9-9f86-83fb3c3d5485,MyHeritage,ancestry,subscribed,positive_wtp,,global
383d60e9-d8c8-4533-a667-7206aaff70ba,MyHeritage,ancestry,too expensive,negative_wtp,,global
dbdbbc62-1b28-44c8-9319-18e7da11cd36,MyHeritage,ancestry,subscribed,positive_wtp,,global
dbdbbc62-1b28-44c8-9319-18e7da11cd36,MyHeritage,ancestry,unsubscribed,negative_wtp,,global
c43b4132-328a-4eee-b4cf-b2a744aa809e,MyHeritage,ancestry,loot,negative_wtp,,global
1aefe719-813d-4643-88ed-c0ee47d0aa33,MyHeritage,ancestry,too expensive,negative_wtp,,global
16ec74f9-fe23-4238-b1c2-e06cbd86bbff,MyHeritage,ancestry,too expensive,negative_wtp,,global
0b776d90-ddbc-4770-9dbe-c1c6f33a5719,MyHeritage,ancestry,not worth,negative_wtp,,global
63b048aa-17ef-43e8-a075-712c69f191a9,MyHeritage,ancestry,too expensive,negative_wtp,,global
fa6c475c-d0bc-44ec-a8f3-3b474f21a726,MyHeritage,ancestry,not worth,negative_wtp,,global
8fcccbdf-d797-4d03-93f7-ad7229907215,MyHeritage,ancestry,Should be free,negative_wtp,,global
6622addc-f6dc-46ee-bb57-63a2e4290082,MyHeritage,ancestry,worth the money,positive_wtp,,global
c1389506-5747-47d4-aa2d-3e37b3fb998f,MyHeritage,ancestry,scam,negative_wtp,,global
557ed521-cf83-41c9-9cbd-89ca194a4799,MyHeritage,ancestry,NOT WORTH,negative_wtp,,global
5f097177-6f1c-47a7-b410-281f8b94785b,MyHeritage,ancestry,too expensive,negative_wtp,,global
96a34b6b-969c-4b67-8060-21b21c96743d,MyHeritage,ancestry,scam,negative_wtp,,global
88fd4ff6-8d32-4d5e-b9fd-ff69880cbeb0,MyHeritage,ancestry,scam,negative_wtp,,global
4f9d43ab-8fa4-45f8-b525-9d66c4db802e,MyHeritage,ancestry,not worth,negative_wtp,,global
82a38a42-92b4-44f8-b248-cc0d81b0e9f2,MyHeritage,ancestry,worth the price,positive_wtp,,global
8c70a516-c642-4d97-a41b-4d1afcd1e559,MyHeritage,ancestry,too expensive,negative_wtp,,global
cec66b36-5c4f-44f4-9481-96303bf51e62,MyHeritage,ancestry,Not worth,negative_wtp,,global
fc72e329-73ad-4f49-bf91-1b96a626eb06,MyHeritage,ancestry,subscribed,positive_wtp,,global
c0425184-56d8-4464-ab63-b61d8d4368c5,MyHeritage,ancestry,too expensive,negative_wtp,,global
e333fc77-1f02-494f-920a-7b28af447c09,MyHeritage,ancestry,too expensive,negative_wtp,,global
4313c7cd-7d0e-4221-a875-e11768d4e875,MyHeritage,ancestry,too expensive,negative_wtp,,global
36387a5e-7b63-4dd4-9ea0-afd33c15f231,MyHeritage,ancestry,too expensive,negative_wtp,,global
d2d65e2f-cad3-4fc7-aab0-3cad61b0ea97,MyHeritage,ancestry,too expensive,negative_wtp,,global
9dbec0eb-b4b0-42c6-a957-04b228a3c609,MyHeritage,ancestry,if the price,conditional_wtp,,global
60f1d684-1dd5-43d0-ad2b-040a0612649e,MyHeritage,ancestry,reasonable price,positive_wtp,,global
60f1d684-1dd5-43d0-ad2b-040a0612649e,MyHeritage,ancestry,won't pay,negative_wtp,,global
4d447a45-271d-47b6-bf6d-09311d221d90,MyHeritage,ancestry,Not worth,negative_wtp,,global
6a7a1555-519c-4a53-bb10-3126ede49b88,MyHeritage,ancestry,worth the money,positive_wtp,,global
d3a08c0b-f65c-491e-bcd6-6169b49e5261,MyHeritage,ancestry,not paying,negative_wtp,,global
189c6976-73ed-44fe-8e62-82262ac963d3,MyHeritage,ancestry,not worth,negative_wtp,,global
189c6976-73ed-44fe-8e62-82262ac963d3,MyHeritage,ancestry,rip off,negative_wtp,,global
7b7f08af-847c-452e-8b2f-79240faab645,MyHeritage,ancestry,rip off,negative_wtp,,global
2fc6bdf9-b6d7-4170-88b6-3057cf5967d8,MyHeritage,ancestry,scam,negative_wtp,,global
ca464338-5fc0-4fe3-b117-a9d04659e1c3,MyHeritage,ancestry,gladly pay,positive_wtp,photo_storage,global
708875a4-8801-47ae-9083-ac4b005bc7be,MyHeritage,ancestry,not worth,negative_wtp,,global
5bb7cc09-aa88-44d8-82ef-b597c8eb57d6,MyHeritage,ancestry,worth paying,positive_wtp,,global
2debde27-ce91-48fb-a041-aa70d1da48be,MyHeritage,ancestry,won't pay,negative_wtp,,global
2d33bd49-05e5-4b1d-b348-339033586f11,MyHeritage,ancestry,not worth,negative_wtp,,global
aaa168bd-afb5-46ea-8fdd-cdd81e30c13c,MyHeritage,ancestry,Not worth,negative_wtp,,global
aaa168bd-afb5-46ea-8fdd-cdd81e30c13c,MyHeritage,ancestry,not worth,negative_wtp,,global
fe955799-299a-4bd0-af8f-035ab32fa07a,MyHeritage,ancestry,too expensive,negative_wtp,,global
1702ffd0-a9df-4b9a-ba01-a55b50f737ad,MyHeritage,ancestry,too expensive,negative_wtp,,global
04d99ba8-c09a-4e44-b453-aadf462eca8d,MyHeritage,ancestry,not paying,negative_wtp,,global
71a3a0f8-437f-40a5-a11f-2e792e684769,MyHeritage,ancestry,value for money,positive_wtp,,global
7b7762b9-42b9-48d3-a568-1382deb96762,MyHeritage,ancestry,too expensive,negative_wtp,,global
0cd760d2-d20f-4724-911f-7d4c3d41660d,MyHeritage,ancestry,overpriced,negative_wtp,,global
e59bcb5f-d628-4ba5-924c-822d40eda092,MyHeritage,ancestry,rip off,negative_wtp,,global
454df119-af79-41fa-af40-94a4824b149a,MyHeritage,ancestry,Too expensive,negative_wtp,,global
1f42b7cf-5767-4d7e-8e9c-af12871bc607,MyHeritage,ancestry,scam,negative_wtp,,global
b94d1b32-3998-49fe-b627-cc2d1b5fcfd3,MyHeritage,ancestry,scam,negative_wtp,,global
f2ad67bf-04b9-4ca4-8046-6fb2daed5562,MyHeritage,ancestry,scam,negative_wtp,,global
d282cb35-dbd5-4282-ae99-0530f3ce1644,MyHeritage,ancestry,NOT paying,negative_wtp,,global
454b658c-a423-477f-99b6-44e02ff3ea94,MyHeritage,ancestry,rip off,negative_wtp,,global
dd836d3f-5adf-4cc6-83b4-e55873fe4522,MyHeritage,ancestry,not worth,negative_wtp,,global
43821c5c-b34e-4688-8cc7-808b2b7b4cbe,MyHeritage,ancestry,scam,negative_wtp,,global
1ea18113-dd59-4e4b-9718-1b558b18ef7f,MyHeritage,ancestry,reasonable price,positive_wtp,,global
ed3dcebb-ac25-47eb-86ed-a851169b3a84,MyHeritage,ancestry,not worth,negative_wtp,,global
ed91c8e0-9850-4b4f-b9ad-1754b1e67595,MyHeritage,ancestry,Rip off,negative_wtp,,global
aec39462-aed2-446e-8397-24d00234c83a,MyHeritage,ancestry,too expensive,negative_wtp,,global
8b0e3eac-20b5-4adb-a019-3d04280db2b6,MyHeritage,ancestry,subscribed,positive_wtp,,global
8b0e3eac-20b5-4adb-a019-3d04280db2b6,MyHeritage,ancestry,unsubscribed,negative_wtp,,global
468e83f2-a53b-472f-8756-ca1a0255145f,MyHeritage,ancestry,scam,negative_wtp,,global
0239c74a-c10c-41fa-af9a-cb3047f12210,MyHeritage,ancestry,rip off,negative_wtp,,global
0a882104-fcf2-4c2a-bb69-7a1bf64ffbb0,MyHeritage,ancestry,scam,negative_wtp,,global
dde536b7-01f5-4ba4-9ee2-c12ced21431c,MyHeritage,ancestry,too expensive,negative_wtp,,global
97a5fc1a-29fa-478d-922a-364b1031e613,MyHeritage,ancestry,rip off,negative_wtp,,global
72e34693-a28b-4fa8-961d-e777f656f51c,MyHeritage,ancestry,Too expensive,negative_wtp,,global
772fa0fe-1e1b-489c-9307-f1157436aabf,MyHeritage,ancestry,not worth,negative_wtp,,global
772fa0fe-1e1b-489c-9307-f1157436aabf,MyHeritage,ancestry,RIPOFF,negative_wtp,,global
5e57c182-166f-481c-af2e-9104c8835a98,MyHeritage,ancestry,scam,negative_wtp,,global
426e1b84-c44f-4d96-8fc8-2c28110a10a7,MyHeritage,ancestry,not worth,negative_wtp,,global
511a440b-158a-4f75-966b-d530340e0a0b,MyHeritage,ancestry,scam,negative_wtp,,global
4d678f9f-4bd2-4b72-ae96-79cf73e3884a,MyHeritage,ancestry,scam,negative_wtp,,global
ab0491e4-4281-4d68-ae2c-082b5e1d9397,MyHeritage,ancestry,subscribed,positive_wtp,,global
d2ff05e1-5ee2-487e-be11-9cad8e84ecb9,MyHeritage,ancestry,reasonable price,positive_wtp,,global
dfab387d-1d75-465a-8cd7-16a848f4e781,MyHeritage,ancestry,too expensive,negative_wtp,,global
647a52d6-510c-4a7e-86e6-2f8ff584c747,MyHeritage,ancestry,Scam,negative_wtp,,global
c8296974-7833-4767-adc0-8007bb813a7b,MyHeritage,ancestry,scam,negative_wtp,,global
f7577aa7-c8c2-4e3d-b725-e39b8f1678d9,MyHeritage,ancestry,Scam,negative_wtp,,global
d0e61e0d-748f-4f69-ba07-e94ac37b6d0d,MyHeritage,ancestry,won't pay,negative_wtp,,global
b586432c-2f48-49e0-bc45-366a6a4c27b0,MyHeritage,ancestry,NOT Worth,negative_wtp,,global
cf52062f-3ac3-4c7f-88b8-092e79c5f1de,MyHeritage,ancestry,Not paying,negative_wtp,,global
0bd5c909-153d-44a9-b6b5-34818bae4bdf,MyHeritage,ancestry,won't pay,negative_wtp,,global
9cb434f6-af1e-47bc-9e2b-b090280f282b,MyHeritage,ancestry,Not worth,negative_wtp,,global
9f1c143a-fb9d-481f-bf05-e7e8f2bff54a,MyHeritage,ancestry,Subscribed,positive_wtp,,global
2adace34-3814-46b0-b561-3402a3ad981e,MyHeritage,ancestry,scam,negative_wtp,,global
38f6e881-06e0-44f0-8582-2b1d0f28869d,MyHeritage,ancestry,Would pay,positive_wtp,,global
fde0a756-feba-4f45-8362-59b342c3611e,MyHeritage,ancestry,Not worth,negative_wtp,,global
8eff490e-d127-4c7f-b066-7c6618e46705,MyHeritage,ancestry,Not worth,negative_wtp,,global
487ba796-4efa-4f1f-8ec1-fce59ae4270f,MyHeritage,ancestry,too expensive,negative_wtp,,global
b3447be2-d44e-4dbf-a9dd-dd833f7693c0,MyHeritage,ancestry,scam,negative_wtp,,global
400983da-9d20-4e97-baff-c05306ee2ae1,MyHeritage,ancestry,Rip off,negative_wtp,,global
400983da-9d20-4e97-baff-c05306ee2ae1,MyHeritage,ancestry,won't pay,negative_wtp,,global
ffa071ce-5ea8-4825-9ad8-df78c1b01e48,MyHeritage,ancestry,too expensive,negative_wtp,,global
cdbdc312-59d6-4cbf-bb4a-c5fa90a36962,MyHeritage,ancestry,Not worth,negative_wtp,,global
7aedc97c-7bd7-40d5-a5b0-63be05a0576d,MyHeritage,ancestry,rip off,negative_wtp,,global
74e1aa42-0550-4f39-8173-0a10d1f840a9,MyHeritage,ancestry,too expensive,negative_wtp,,global
a86b9394-e967-48f0-8c46-2aa495bb1b81,MyHeritage,ancestry,too expensive,negative_wtp,,global
bd028feb-0974-45cb-8fc5-acbbff7d2b82,MyHeritage,ancestry,Too expensive,negative_wtp,,global
11899222-9e11-4da3-b0b6-2007831699e0,MyHeritage,ancestry,subscribed,positive_wtp,,global
11899222-9e11-4da3-b0b6-2007831699e0,MyHeritage,ancestry,unsubscribed,negative_wtp,,global
2cb56df8-4f93-4c9b-a1d2-d33e95f89f2a,MyHeritage,ancestry,worth it if,conditional_wtp,,global
1b6c4957-e941-4831-9d83-0959d4658cab,MyHeritage,ancestry,Scam,negative_wtp,,global
d8b74018-313f-4810-8f7f-e1155d908569,MyHeritage,ancestry,should be free,negative_wtp,,global
320c3473-5da7-484f-ac23-8baa72e9c67e,MyHeritage,ancestry,too expensive,negative_wtp,,global
a6bf3f8e-3cff-44cc-bf43-78b1b8a55e9a,MyHeritage,ancestry,should be free,negative_wtp,,global
0ecd0c9f-db7a-48e0-b993-6a1c057f9627,MyHeritage,ancestry,not worth,negative_wtp,,global
b91fbcee-0c00-468d-8b7c-60a1d21f628b,MyHeritage,ancestry,should be free,negative_wtp,,global
99f2386e-b50c-4f74-884e-36bb649e3a92,MyHeritage,ancestry,Too expensive,negative_wtp,,global
5d24621f-0666-46ef-941e-5db2f6b80f07,MyHeritage,ancestry,Scam,negative_wtp,,global
ef55c7eb-aec9-482a-ad60-f4b48727af1a,MyHeritage,ancestry,not worth,negative_wtp,,global
37efd32d-bd93-4dea-96db-c79ed24e18c6,MyHeritage,ancestry,would pay,positive_wtp,,global
37efd32d-bd93-4dea-96db-c79ed24e18c6,MyHeritage,ancestry,would pay if,conditional_wtp,,global
59023793-8872-4c13-adfd-2011ba225878,MyHeritage,ancestry,worth it if,conditional_wtp,,global
ab697e14-2532-4bcd-9a5a-981393f594f9,MyHeritage,ancestry,Rip off,negative_wtp,,global
c46514eb-8b39-4398-9ed8-29d9ec3794be,MyHeritage,ancestry,too expensive,negative_wtp,,global
dba02c14-1b33-4ea8-8559-3a5d32eb2a0a,MyHeritage,ancestry,rip off,negative_wtp,,global
acfbb590-6c7a-47f3-bc33-ac463180e217,MyHeritage,ancestry,RIP off,negative_wtp,,global
04f4ebcc-9ae7-4902-af8c-81425ebd6819,MyHeritage,ancestry,overpriced,negative_wtp,family_tree,global
5ded0f0a-46d6-4772-b65d-4901ed91e7e4,MyHeritage,ancestry,won't pay,negative_wtp,,global
2757152e-6dab-4666-b56a-0f41842db525,MyHeritage,ancestry,not paying,negative_wtp,,global
767f0e04-16e0-45a2-8520-245f74bbcad3,MyHeritage,ancestry,Too EXPENSIVE,negative_wtp,,global
ac516a6c-a04d-4ee6-8898-2c365f7b52cf,MyHeritage,ancestry,waste of money,negative_wtp,,global
f7cf7bf4-6173-4f1a-92fc-3fbc56d9c965,MyHeritage,ancestry,scam,negative_wtp,,global
e5ead4e3-0e15-4438-8efc-dd27431554db,MyHeritage,ancestry,scam,negative_wtp,,global
3c5d5107-70b0-4a33-a3f7-9cf8e8a55280,MyHeritage,ancestry,waste of money,negative_wtp,,global
7bee7ad2-6b91-4c56-93bb-12eca88ea7c9,MyHeritage,ancestry,Waste of money,negative_wtp,,global
53490f1a-62cb-4184-862a-ac66d1e0ee09,MyHeritage,ancestry,subscribed,positive_wtp,,global
8004b4d8-7ec9-41bf-a9e4-109882bb4e08,MyHeritage,ancestry,waste of money,negative_wtp,,global
8004b4d8-7ec9-41bf-a9e4-109882bb4e08,MyHeritage,ancestry,Daylight robbery,negative_wtp,,global
88860e9d-ed5d-41d3-bb17-343efb187aee,MyHeritage,ancestry,not worth,negative_wtp,,global
9cf0967f-12e9-42eb-aefc-a9a3c9a2cd03,MyHeritage,ancestry,subscribed,positive_wtp,,global
f4d5b868-55c1-481c-8fd6-bdc2e1d8f8f6,MyHeritage,ancestry,not worth,negative_wtp,,global
d655365c-4273-4534-ad38-b987c29d62a6,MyHeritage,ancestry,scam,negative_wtp,,global
c9fcab67-01a8-4d7b-880b-6880d430d2af,MyHeritage,ancestry,too expensive,negative_wtp,,global
6e480dd9-590f-4607-a792-68974faaa0ac,MyHeritage,ancestry,not paying,negative_wtp,,global
b130ec75-0e0b-4b35-82fc-b98c9b130e7c,MyHeritage,ancestry,scam,negative_wtp,,global
9610bb33-c50d-456a-8ee6-33672d3552c8,MyHeritage,ancestry,Daylight robbery,negative_wtp,,global
98c4b80c-530e-4bb5-9b31-4289f3765e08,MyHeritage,ancestry,not paying,negative_wtp,,global
c4a8110c-a3bf-42e0-ad38-ae2f8222bcd2,MyHeritage,ancestry,subscribed,positive_wtp,,global
5694f106-42a7-43f1-b5f5-eb019e032b2b,MyHeritage,ancestry,not paying,negative_wtp,,global
5bf3c9f5-3554-43fe-a485-e1ed929888ea,MyHeritage,ancestry,too expensive,negative_wtp,,global
acc0811c-504c-4334-a519-0a868555a4b8,MyHeritage,ancestry,money grab,negative_wtp,,global
539aea44-6674-456c-abfe-e3d4eb97fd83,MyHeritage,ancestry,Rip off,negative_wtp,,global
0f3044c9-1981-417f-a3d6-1d8656df482f,MyHeritage,ancestry,would pay,positive_wtp,,global
0f3044c9-1981-417f-a3d6-1d8656df482f,MyHeritage,ancestry,would pay if,conditional_wtp,,global
6cfeaeb2-2142-4d0a-817a-8d0247bca747,MyHeritage,ancestry,Too expensive,negative_wtp,,global
375ee9c7-d5ab-446b-8c20-dd09cdb823c0,MyHeritage,ancestry,SCAM,negative_wtp,,global
611d1151-e2ff-40af-af8d-b69cef8f2fec,MyHeritage,ancestry,would pay,positive_wtp,,global
c0069e85-544e-4c31-8d01-f7133c833fc9,MyHeritage,ancestry,too expensive,negative_wtp,,global
a4d24c3d-54bd-4e8e-abae-8d8887d5578b,MyHeritage,ancestry,Not worth,negative_wtp,,global
d7a0ff92-251c-45a5-a89f-38336b1cf5ed,MyHeritage,ancestry,subscribed,positive_wtp,,global
d7a0ff92-251c-45a5-a89f-38336b1cf5ed,MyHeritage,ancestry,subscribed,positive_wtp,,global
d7a0ff92-251c-45a5-a89f-38336b1cf5ed,MyHeritage,ancestry,unsubscribed,negative_wtp,,global
5a3d265c-649d-4b85-899c-9401ca962ca2,MyHeritage,ancestry,could pay,conditional_wtp,,global
a7c1ef43-c87d-4caf-81f2-542dc543cf6e,MyHeritage,ancestry,Good value,positive_wtp,,global
a7c1ef43-c87d-4caf-81f2-542dc543cf6e,MyHeritage,ancestry,value for money,positive_wtp,,global
fc8b2281-b3fb-46b3-93a0-aeb045b14056,MyHeritage,ancestry,SCAM,negative_wtp,,global
25933bce-2ee2-4695-96ed-46cb32dfcc4e,MyHeritage,ancestry,reasonable price,positive_wtp,,global
f297e062-4d05-4324-8e39-fb60177e93bf,MyHeritage,ancestry,waste of money,negative_wtp,,global
14413639-5cb9-4289-940d-b80784474a27,MyHeritage,ancestry,too expensive,negative_wtp,,global
a7881e4b-afab-4ecc-89ee-17ee53f0dc04,MyHeritage,ancestry,on the fence,conditional_wtp,,global
f90b834e-4404-4abb-b3bc-f7e28c53e86d,MyHeritage,ancestry,reasonable price,positive_wtp,,global
84255ea2-7a21-414d-8b3b-8550f0476723,MyHeritage,ancestry,not worth,negative_wtp,,global
84255ea2-7a21-414d-8b3b-8550f0476723,MyHeritage,ancestry,waste of money,negative_wtp,,global
72a94d67-0e65-4446-8ed7-5d5ec65b4802,MyHeritage,ancestry,too expensive,negative_wtp,,global
0efedb2b-4168-4397-8b00-309cb3723d30,MyHeritage,ancestry,rip off,negative_wtp,,global
1c2b2747-c25f-4cb7-881f-704c1f898d2d,MyHeritage,ancestry,too expensive,negative_wtp,,global
950d40f2-8837-458c-997c-999cbae38fd9,MyHeritage,ancestry,overpriced,negative_wtp,,global
fcf0afde-7649-4cd8-b057-bcb640555f68,MyHeritage,ancestry,sCAM,negative_wtp,,global
fcf0afde-7649-4cd8-b057-bcb640555f68,MyHeritage,ancestry,SCAM,negative_wtp,,global
fcf0afde-7649-4cd8-b057-bcb640555f68,MyHeritage,ancestry,SCAM,negative_wtp,,global
83c1dede-91f2-49b7-b8f8-cec799a39243,MyHeritage,ancestry,Worth the money,positive_wtp,,global
4ec79a95-21d4-417b-b209-0c957f40e511,MyHeritage,ancestry,value for money,positive_wtp,,global
0bcef32d-fd4a-4064-9d1f-711f9b1e38e7,MyHeritage,ancestry,waste of money,negative_wtp,,global
e6cefac3-b880-43e9-9e68-538c77536268,MyHeritage,ancestry,overpriced,negative_wtp,family_tree,global
209ed8cd-5abf-4d41-9cdf-e87f482f5596,MyHeritage,ancestry,worth the money,positive_wtp,,global
87651f2e-dcf0-459f-9e5a-618803ebfe9d,MyHeritage,ancestry,could pay,conditional_wtp,,global
c3dbd212-9fc3-4d9f-b380-1612c5eafbc1,MyHeritage,ancestry,Should be free,negative_wtp,,global
3145176f-ce67-4342-8ae5-2a459c827229,MyHeritage,ancestry,scam,negative_wtp,,global
0129b54a-8b31-4f69-ac54-1a2ec27c6620,MyHeritage,ancestry,too expensive,negative_wtp,,global
98cb134b-23a1-4152-b60f-caf229240568,MyHeritage,ancestry,too expensive,negative_wtp,,global
1a321a81-b10d-4323-94d4-914cefd2e872,MyHeritage,ancestry,Too expensive,negative_wtp,,global
77440100-f94f-4356-a701-b032be5d26e6,MyHeritage,ancestry,too expensive,negative_wtp,,global
b72a2136-ee95-4f69-b81e-9af97d2e78a4,MyHeritage,ancestry,too expensive,negative_wtp,,global
93b8fb23-f9e6-4b6a-af15-ca69e21d1cdb,MyHeritage,ancestry,too expensive,negative_wtp,,global
22d0f6d9-5dce-4ad4-a881-2805fa70a61b,MyHeritage,ancestry,Overpriced,negative_wtp,,global
16251160-3932-4996-b315-0b32c41acbab,MyHeritage,ancestry,Too expensive,negative_wtp,,global
4e07e7b6-1901-4571-a2e7-ffb2c8185f72,MyHeritage,ancestry,rip off,negative_wtp,,global
98dd5d89-6d22-4227-a97d-bbda971933aa,MyHeritage,ancestry,rip off,negative_wtp,,global
1f32544e-30fe-44f8-891b-19da71bf0119,MyHeritage,ancestry,Scam,negative_wtp,,global
1f32544e-30fe-44f8-891b-19da71bf0119,MyHeritage,ancestry,Scam,negative_wtp,,global
1f32544e-30fe-44f8-891b-19da71bf0119,MyHeritage,ancestry,Scam,negative_wtp,,global
1d89d233-8775-45e1-bebe-f883a7873bdb,MyHeritage,ancestry,scam,negative_wtp,,global
481bb48b-7271-468b-beb8-93c8c1200811,MyHeritage,ancestry,worth it if,conditional_wtp,family_tree,global
b5adf93f-821a-48d3-8d84-982d81b79db0,MyHeritage,ancestry,not worth,negative_wtp,,global
78adfdce-21d1-4c1a-804f-8dd6ee291a09,MyHeritage,ancestry,worth the money,positive_wtp,,global
55250c99-7c2a-44df-8d11-efc672add077,MyHeritage,ancestry,rip off,negative_wtp,,global
b341cf3c-84ef-4eb4-9757-51b02f4f3ed1,MyHeritage,ancestry,scam,negative_wtp,,global
176156d9-270b-415a-9183-31d1d90a8b67,MyHeritage,ancestry,worth paying,positive_wtp,,global
493402ee-e298-4cb7-b2cc-db3fedb03d13,MyHeritage,ancestry,scam,negative_wtp,,global
c1f4aad7-d092-478c-baa6-3b11a35198b2,MyHeritage,ancestry,overpriced,negative_wtp,,global
7dfb2672-ea3d-43d4-8205-d02476915dfe,MyHeritage,ancestry,Worth every penny,positive_wtp,,global
b5b43bfd-ac5e-4493-a271-348889651397,MyHeritage,ancestry,scam,negative_wtp,,global
329cedb2-034d-4692-8e2c-81fabc272c74,MyHeritage,ancestry,not worth,negative_wtp,,global
2fd398d4-06d4-4b42-9937-fec04ffd1915,MyHeritage,ancestry,too expensive,negative_wtp,,global
bac39450-afcc-4802-8d66-4781aad2411e,MyHeritage,ancestry,Not paying,negative_wtp,,global
26d6581c-1040-49ef-8dbe-da19d2b9d91e,MyHeritage,ancestry,scam,negative_wtp,,global
086f1681-59cf-488e-9346-118c0853a87a,MyHeritage,ancestry,ripoff,negative_wtp,,global
a6824b27-dc08-4ba6-aac3-056919604caf,MyHeritage,ancestry,Too expensive,negative_wtp,,global
939fc72c-6aa2-4226-9766-e6909e6c11cb,MyHeritage,ancestry,not worth,negative_wtp,,global
c90e0749-5829-4a5b-b6ec-20f1b2018721,MyHeritage,ancestry,should be free,negative_wtp,,global
b834535e-a68c-4bc9-8324-a46f0b694e8c,MyHeritage,ancestry,Not paying,negative_wtp,,global
6868265c-88d4-45b5-bf9b-6a22a40e2464,MyHeritage,ancestry,not paying,negative_wtp,,global
fa3e2799-b6e2-4405-a402-541659644425,MyHeritage,ancestry,overpriced,negative_wtp,,global
f3f9dd75-c6d6-4b1d-a3a7-0e46ba3a958f,MyHeritage,ancestry,never pay,negative_wtp,,global
9cbe0490-cb7e-4874-97b1-884000f8dbb2,MyHeritage,ancestry,rip off,negative_wtp,,global
95d1654f-e733-4227-b079-e3e007199caf,MyHeritage,ancestry,won't pay,negative_wtp,,global
12e8dd0c-bc26-4cc2-ae8a-6fb2544be430,MyHeritage,ancestry,not paying,negative_wtp,,global
14534f4e-4f19-41b4-8c92-293131bcd24c,MyHeritage,ancestry,subscribed,positive_wtp,,global
0adce718-6e93-4335-8d56-5ad264e4c8b9,MyHeritage,ancestry,scam,negative_wtp,,global
e4d922d4-f6fd-440b-b599-b2be8543cffe,MyHeritage,ancestry,Not worth,negative_wtp,,global
7ca541cc-fac5-4ed4-b5ce-25ff1881b6f3,MyHeritage,ancestry,would pay,positive_wtp,,global
fec5ef59-f5c4-4d25-b4ab-fb45ca9e59b5,MyHeritage,ancestry,too expensive,negative_wtp,,global
65e42510-85aa-4f74-9774-de4a6e8951de,MyHeritage,ancestry,should be free,negative_wtp,,global
dabef62a-2113-4c55-b9a2-e4997bd0830e,MyHeritage,ancestry,not worth,negative_wtp,,global
2709488e-ad73-4641-b98e-67379c6e0b7d,MyHeritage,ancestry,Too expensive,negative_wtp,,global
efb4a2a7-32c0-45c7-82ec-9c428f82fb7c,MyHeritage,ancestry,Waste of money,negative_wtp,,global
d69c4915-0920-4c60-98ab-0ecd2b737d94,MyHeritage,ancestry,should be free,negative_wtp,,global
986e4de9-f39e-4ca3-a8b7-7fef838c5519,MyHeritage,ancestry,overpriced,negative_wtp,,global
4c5bba1d-3951-4e5b-9310-73b923c39c1d,MyHeritage,ancestry,Not paying,negative_wtp,,global
eb8802da-8f61-4ae4-96f9-d6e0d5650760,MyHeritage,ancestry,too expensive,negative_wtp,,global
3e8387c1-bc4c-4c38-b1e5-9ea11c0c7827,MyHeritage,ancestry,overpriced,negative_wtp,,global
201f688b-d1ee-4599-a60f-defd159da22e,MyHeritage,ancestry,Would subscribe if,conditional_wtp,,global
297e8f4a-06f1-4f7a-b5af-aaf4780892f8,MyHeritage,ancestry,too expensive,negative_wtp,,global
463913a8-7ed4-43d6-b8fd-9d6159ae3c6c,MyHeritage,ancestry,too expensive,negative_wtp,,global
fc57d314-90cc-4876-bc21-ea57a0de5dad,MyHeritage,ancestry,subscribed,positive_wtp,,global
2c3e8da8-c213-4d96-9c5a-7a78648fd650,MyHeritage,ancestry,too expensive,negative_wtp,,global
0f695126-deb1-495f-bdc2-cebf9793cdb8,MyHeritage,ancestry,scam,negative_wtp,,global
b000fb60-aa77-4859-8a8b-6af4475aafa6,MyHeritage,ancestry,scam,negative_wtp,,global
391cc196-85f5-4692-8819-6237e98f1011,MyHeritage,ancestry,Not worth,negative_wtp,,global
5c8c71a4-8872-4da3-be30-0a25f2bf36cf,MyHeritage,ancestry,subscribed,positive_wtp,,global
cf154d38-844a-4a4f-94d9-401ecd5c13d8,MyHeritage,ancestry,rip off,negative_wtp,,global
17170231-b88f-4dcf-a183-13b2a7f00edb,MyHeritage,ancestry,scam,negative_wtp,,global
49845b89-29bd-4ace-be2e-f8f9bd1aade0,MyHeritage,ancestry,waste of money,negative_wtp,,global
0edc518f-a652-4c68-b755-a24a4549297f,MyHeritage,ancestry,scam,negative_wtp,,global
0edc518f-a652-4c68-b755-a24a4549297f,MyHeritage,ancestry,scam,negative_wtp,,global
53954dfe-945f-4b40-aa25-cce33f726b2d,MyHeritage,ancestry,scam,negative_wtp,,global
5ac48037-75db-47e0-b077-964e40344e63,FamilySearch,ancestry,scam,negative_wtp,,global
7ce12664-f9b2-460f-873a-63a983d425a3,FamilySearch,ancestry,scam,negative_wtp,,global
0e8f3a15-e585-4379-a751-2be65adc4589,FamilySearch,ancestry,refuse to pay,negative_wtp,,global
0e8f3a15-e585-4379-a751-2be65adc4589,FamilySearch,ancestry,scam,negative_wtp,,global
63f61a1f-beab-4daa-9405-0d5eeb817bce,FamilySearch,ancestry,subscribed,positive_wtp,,global
753898b8-4f2e-4dac-b92f-45f8db704ec1,FamilySearch,ancestry,scam,negative_wtp,family_tree,global
2aa05962-53e7-401a-b381-fc769f96c813,FamilySearch,ancestry,scam,negative_wtp,,global
5c0d934c-cb6d-4508-b821-f2f541490dec,FamilySearch,ancestry,if it had,conditional_wtp,,global
58f7bc1c-eef9-4bde-af53-ff8e65e643f7,FamilySearch,ancestry,not worth,negative_wtp,,global
d8253f2c-d28a-4c7b-9870-fe3c4262f4bb,FamilySearch,ancestry,refuse to pay,negative_wtp,,global
9dab35af-0dde-4e7c-931c-c8588c558ff5,FamilySearch,ancestry,Not worth,negative_wtp,,global
36f01054-08f1-40b3-9f5f-a21f13d6e3ec,FamilySearch,ancestry,not worth,negative_wtp,,global
e9851289-a120-47d7-b000-e30174f7e672,FamilySearch,ancestry,Not worth,negative_wtp,,global
2593e57f-18ab-41d5-8484-66a7e35edfd2,FindMyPast,ancestry,Too Expensive,negative_wtp,,global
ccae85c0-47cf-4f96-b0e9-e397e7db86f0,FindMyPast,ancestry,too expensive,negative_wtp,,global
8aed9cbf-1d41-4827-9829-7b4654004ad0,FindMyPast,ancestry,rip off,negative_wtp,,global
1109a4ff-b2a2-4159-bea2-e88b432aa7a2,FindMyPast,ancestry,subscribed,positive_wtp,,global
39fbffa7-6e93-415c-ba32-2b89a0b097ec,FindMyPast,ancestry,waste of money,negative_wtp,,global
778dcbb4-2406-4105-b3d6-150d75876ae1,FindMyPast,ancestry,scam,negative_wtp,,global
778dcbb4-2406-4105-b3d6-150d75876ae1,FindMyPast,ancestry,scam,negative_wtp,,global
778dcbb4-2406-4105-b3d6-150d75876ae1,FindMyPast,ancestry,scam,negative_wtp,,global
4cafe760-c322-43ca-bf9b-ac920589e6b4,FindMyPast,ancestry,should be free,negative_wtp,,global
11a0e5a3-b244-4aa7-ac92-ac120e91e787,23andMe,ancestry,worth the price,positive_wtp,,global
0144b8e1-adfe-4156-b8c0-068f3ff41686,23andMe,ancestry,scam,negative_wtp,,global
33b0c80d-9a53-4718-9523-7446866559ba,23andMe,ancestry,good value,positive_wtp,,global
6a6d4bb9-e117-4dcb-af3f-48c47a37b2cd,23andMe,ancestry,overpriced,negative_wtp,,global
eccfadb1-8377-4c9f-b7ea-1f17f99e4a9a,23andMe,ancestry,worth the money,positive_wtp,,global
ca9f96ea-c147-4c71-8327-5376389775cf,23andMe,ancestry,great investment,positive_wtp,,global
eff1d1af-84de-4ccb-b4ee-88edc74c9870,23andMe,ancestry,scam,negative_wtp,,global
880d0879-820e-403a-883c-d3b35d192591,23andMe,ancestry,WASTE OF MONEY,negative_wtp,,global
a9f6f34e-1535-44f9-b72e-af45c3ef367a,23andMe,ancestry,value for money,positive_wtp,,global
4173ea01-9a5e-4c4e-90c3-f42a313cc94b,23andMe,ancestry,worth every penny,positive_wtp,,global
215ea6f2-5357-40a1-aeed-805d4ba91a94,23andMe,ancestry,worth the money,positive_wtp,,global
0c65619a-9ed6-4cc0-91a3-cc5d26718145,23andMe,ancestry,subscribed,positive_wtp,,global
38929b8e-5315-43e0-85cf-b7b3150afd15,23andMe,ancestry,worth the money,positive_wtp,,global
039203b3-f67a-4534-8303-88c607bc7993,23andMe,ancestry,not worth,negative_wtp,,global
86128dc6-ebc8-4e35-9cae-a5556d42b329,23andMe,ancestry,scam,negative_wtp,,global
79e03cfe-eda7-40cd-8cbd-6128e942a9a1,23andMe,ancestry,worth the money,positive_wtp,,global
1d23e79d-0871-44ab-a9ca-0da12c2da86f,23andMe,ancestry,Waste of money,negative_wtp,,global
71994472-765a-4d88-89da-860998e8f334,23andMe,ancestry,too expensive,negative_wtp,,global
e2e5da61-8d4a-4fe5-b945-a507ec9a78ba,23andMe,ancestry,scam,negative_wtp,,global
cb97a10c-bbeb-438e-9231-cdb80f50f533,23andMe,ancestry,Rip off,negative_wtp,,global
47246e6d-dfa8-44e4-bb6b-77873af1198c,23andMe,ancestry,could pay,conditional_wtp,,global
4bb5d30a-6210-494b-98b1-75de918a15e0,23andMe,ancestry,waste of money,negative_wtp,,global
988bcb54-36ad-4f20-bbce-fabeb53520fd,23andMe,ancestry,worth the money,positive_wtp,,global
060cb3fa-79e1-4807-93ea-be3e4ec8acf8,23andMe,ancestry,Worth the price,positive_wtp,,global
1b490f7e-7088-49da-9c69-f50c0ab8d93c,23andMe,ancestry,waste of money,negative_wtp,,global
3a382203-976d-463e-992e-dc701353dd7c,23andMe,ancestry,SCAM,negative_wtp,,global
3a382203-976d-463e-992e-dc701353dd7c,23andMe,ancestry,SCAM,negative_wtp,,global
3a382203-976d-463e-992e-dc701353dd7c,23andMe,ancestry,SCAM,negative_wtp,,global
3a382203-976d-463e-992e-dc701353dd7c,23andMe,ancestry,scam,negative_wtp,,global
26ca58fb-eaf4-417c-b670-17505ebe4a03,23andMe,ancestry,waste of money,negative_wtp,,global
f5759af8-6af3-4ad2-a916-f49d21c5d9df,23andMe,ancestry,Worth the money,positive_wtp,,global
e1bc1299-0ab8-4caa-87cd-9d176591fc3c,23andMe,ancestry,worth the price,positive_wtp,,global
4ed8e0ff-da00-4e9f-986b-601d7df81ba6,23andMe,ancestry,SCAM,negative_wtp,,global
1fab1598-a612-47c1-b55d-e9f3afd29ed4,23andMe,ancestry,waste of money,negative_wtp,,global
1014f412-8385-437f-8136-29392bbbd1f4,23andMe,ancestry,scam,negative_wtp,,global
9cfdda3a-4cdc-4768-98ec-2ea95d47c85f,23andMe,ancestry,worth the money,positive_wtp,,global
871adb88-c786-4929-a9db-eba193b7e53d,23andMe,ancestry,scam,negative_wtp,,global
5cfbd646-94ef-42d2-86f2-803f90442e96,23andMe,ancestry,worth the money,positive_wtp,,global
81427f15-88b7-4f4f-a2b2-ccfecdac3456,23andMe,ancestry,waste of money,negative_wtp,,global
81427f15-88b7-4f4f-a2b2-ccfecdac3456,23andMe,ancestry,scam,negative_wtp,,global
2900d4fe-e178-4a5d-8d66-95b340786638,23andMe,ancestry,WORTH PAYING,positive_wtp,,global
f15c4924-1ce9-40a3-bda3-472aaf3d70b1,23andMe,ancestry,Rip Off,negative_wtp,,global
52506640-f93a-4c83-b6e0-6f5209ef3e42,23andMe,ancestry,subscribed,positive_wtp,,global
6806ce5e-d122-473d-914d-a187085d33b5,23andMe,ancestry,Money well spent,positive_wtp,,global
9c2f4385-f6dd-455d-8854-ab7f32c96810,23andMe,ancestry,Money Grab,negative_wtp,,global
2ab4b81c-fd1b-4e3c-a61d-4379aad18e3d,23andMe,ancestry,refuse to pay,negative_wtp,,global
586a70a2-fa31-4942-9a6e-ab0487702efb,23andMe,ancestry,scam,negative_wtp,,global
586a70a2-fa31-4942-9a6e-ab0487702efb,23andMe,ancestry,SCAM,negative_wtp,,global
66ce5214-aa19-4c22-86ed-961b74964b8a,23andMe,ancestry,Worth the money,positive_wtp,,global
6fb252bb-ce48-438d-ad85-3a6a87e4ee9c,23andMe,ancestry,Worth the price,positive_wtp,,global
8ff1991f-83b1-47ea-b09f-839190d6fb68,23andMe,ancestry,money grab,negative_wtp,,global
19773109-3315-486b-b4df-3bb41ac7be89,23andMe,ancestry,worth the money,positive_wtp,,global
cc299838-9f47-4b82-8a7c-20478df54572,23andMe,ancestry,Worth the money,positive_wtp,,global
ca390fa9-4096-4b0e-97ba-995236e726fa,23andMe,ancestry,worth the price,positive_wtp,,global
30aa6283-e595-4b20-ad65-57a305e8b2d2,23andMe,ancestry,Worth the money,positive_wtp,,global
f4cf504e-dbb9-4b37-8e1b-875dd479f9b8,23andMe,ancestry,worth the money,positive_wtp,,global
6b9a002b-8ebc-4900-87ed-6227a37599b7,23andMe,ancestry,Worth the money,positive_wtp,,global
17299bb8-5b71-430d-9bcc-c2f6a5ee0e68,23andMe,ancestry,should be free,negative_wtp,,global
882ff0a0-43c2-4a28-a742-51a2f4ebfcb4,23andMe,ancestry,worth every penny,positive_wtp,,global
e1352696-945d-4b69-bcf9-bbcb825b3498,23andMe,ancestry,Worth every penny,positive_wtp,,global
a6783388-7565-401b-bc5a-8164444989f6,23andMe,ancestry,worth the money,positive_wtp,,global
a6783388-7565-401b-bc5a-8164444989f6,23andMe,ancestry,not worth,negative_wtp,,global
f5aa287d-911a-481c-8b48-6f12a6fdd668,23andMe,ancestry,worth every penny,positive_wtp,,global
a2721fa9-e938-4881-b74f-1790b1b30ec6,23andMe,ancestry,rip off,negative_wtp,,global
a2721fa9-e938-4881-b74f-1790b1b30ec6,23andMe,ancestry,scam,negative_wtp,,global
f41b3f9c-58ce-43c8-95cd-66b1433a532b,23andMe,ancestry,scam,negative_wtp,,global
f41b3f9c-58ce-43c8-95cd-66b1433a532b,23andMe,ancestry,Scam,negative_wtp,,global
f5295e8d-2e8d-4c93-bf04-a8e287a4282f,23andMe,ancestry,best purchase,positive_wtp,dna_testing,global
ac1cc889-6357-464c-924d-174fc11b7036,23andMe,ancestry,waste of money,negative_wtp,,global
a2d0703f-af24-4c00-96ff-a3bff3efc8b4,23andMe,ancestry,waste of money,negative_wtp,,global
1940ce93-4ad4-4260-b305-c83846ca039e,23andMe,ancestry,worth the money,positive_wtp,,global
1f3498fd-d183-45cf-83a2-35a972209b2d,23andMe,ancestry,Worth every penny,positive_wtp,,global
3039baa3-35a8-4619-a456-a57786b422cb,23andMe,ancestry,worth every penny,positive_wtp,,global
a8d86e76-2a52-4ae7-a20e-e3c3e1e94190,23andMe,ancestry,not paying,negative_wtp,,global
1a88b46e-6789-45d8-8b6a-5f46c61fd8b1,23andMe,ancestry,Not worth,negative_wtp,,global
7b1bb808-7740-4e60-ad9d-a552766f28a1,23andMe,ancestry,waste of money,negative_wtp,,global
d68bb5b1-b1d7-4a9c-828b-e9c3e22659a3,23andMe,ancestry,scam,negative_wtp,,global
bf460a66-1276-4106-ba97-a962b0704594,23andMe,ancestry,too expensive,negative_wtp,,global
75407801-0063-4b97-8919-cc4a2a717b18,23andMe,ancestry,Best purchase,positive_wtp,,global
3fa4d305-cb87-4c15-89f5-b3192655ff69,23andMe,ancestry,not worth,negative_wtp,,global
3fa4d305-cb87-4c15-89f5-b3192655ff69,23andMe,ancestry,should be free,negative_wtp,,global
3fa4d305-cb87-4c15-89f5-b3192655ff69,23andMe,ancestry,worth it if,conditional_wtp,,global
ae42c0a4-4a02-44cc-9522-e512abff1751,23andMe,ancestry,rip off,negative_wtp,,global
ae42c0a4-4a02-44cc-9522-e512abff1751,23andMe,ancestry,waste of money,negative_wtp,,global
61210b82-64c6-469b-930d-7599ecf4fd82,23andMe,ancestry,Scam,negative_wtp,,global
b7061961-3e83-42a9-9e12-afedaffdd43c,23andMe,ancestry,waste of money,negative_wtp,,global
d89e8134-bee5-4b94-8e2a-2439efa1e9d5,23andMe,ancestry,money well spent,positive_wtp,,global
556d4342-5300-48ef-87c3-7d0c0d5d4f4b,23andMe,ancestry,SCAM,negative_wtp,,global
74c99dcb-5295-42c8-8de3-bbb86e3246d0,23andMe,ancestry,waste of money,negative_wtp,,global
eab9e479-8a03-4149-b22b-2e2ac0d16612,23andMe,ancestry,SCAM,negative_wtp,,global
7cc3b541-71c8-4490-b84c-c22ec1ebd594,23andMe,ancestry,scam,negative_wtp,,global
772c779d-264f-4409-b275-a0f74bc987fe,23andMe,ancestry,worth the money,positive_wtp,,global
613f5caa-8d97-4b83-943a-e993e4856810,23andMe,ancestry,Worth the money,positive_wtp,,global
f3a2cba3-6a11-4c03-9eef-ef94dc896f81,23andMe,ancestry,Money grab,negative_wtp,,global
9c24a384-e2df-4914-b156-9e77c5c35ee1,23andMe,ancestry,worth the money,positive_wtp,,global
b982ddde-52a9-4ada-9fd5-54d23b16ed18,23andMe,ancestry,Worth the money,positive_wtp,,global
00a2adbc-33a2-49cc-9d0d-44adfb4c97d3,23andMe,ancestry,worth the money,positive_wtp,,global
f1abcb5e-7562-44bb-ba4d-2dc0d229cad9,23andMe,ancestry,Scam,negative_wtp,,global
8b108724-42e9-4f21-ab15-c9dfa433a84a,23andMe,ancestry,too expensive,negative_wtp,dna_testing,global
07ecdbd7-6371-4e81-9294-0aa824cc0038,23andMe,ancestry,Great investment,positive_wtp,,global
07ecdbd7-6371-4e81-9294-0aa824cc0038,23andMe,ancestry,if the price,conditional_wtp,,global
292cc6ad-6d99-4793-8c14-d888e819ef27,23andMe,ancestry,money well spent,positive_wtp,,global
f842a9cc-55f7-4ba6-a1d1-0105242620bb,23andMe,ancestry,Great investment,positive_wtp,,global
f508bc01-2423-4f0c-b5ed-b5919eef8fa1,23andMe,ancestry,money well spent,positive_wtp,,global
2a5773f2-e47c-4df7-87ad-ef655922fa70,23andMe,ancestry,worth the money,positive_wtp,,global
9d529a7b-f349-41ec-9351-406363fd1b31,23andMe,ancestry,Worth the money,positive_wtp,,global
54c820fb-41fc-416f-aa5d-4f468c292c52,23andMe,ancestry,not worth,negative_wtp,,global
265a61f4-ec87-4820-b2d5-9e6164815884,23andMe,ancestry,scam,negative_wtp,,global
6a8d7d54-66f0-48ce-a890-b28336875992,23andMe,ancestry,Worth EVERY penny,positive_wtp,,global
fe90e7e6-0b77-4480-88f3-8af55b68820d,23andMe,ancestry,worth the money,positive_wtp,,global
dadb1eba-ac6b-4c65-9b4d-e943da7e94d3,23andMe,ancestry,waste of money,negative_wtp,,global
dadb1eba-ac6b-4c65-9b4d-e943da7e94d3,23andMe,ancestry,scam,negative_wtp,,global
73f963ef-f699-4ef6-bcf3-58d2762eee53,23andMe,ancestry,worth the money,positive_wtp,,global
23b9b655-5222-4921-993f-f920cd059f2b,23andMe,ancestry,money well spent,positive_wtp,,global
38b48888-2f0d-450a-809e-b17c1904b16a,23andMe,ancestry,worth every penny,positive_wtp,,global
bf28af8d-1fb4-4130-b4e7-88c320c84777,23andMe,ancestry,SCAM,negative_wtp,,global
afb3f981-a8e7-41a6-a9fb-19003bda9be8,23andMe,ancestry,reasonable price,positive_wtp,,global
f81ef00f-efc9-4971-9ea6-12ee8fb3414d,23andMe,ancestry,Worth every penny,positive_wtp,,global
ea0eab36-8d28-4f13-87d1-135546b4a7e5,23andMe,ancestry,money well spent,positive_wtp,,global
f26fc7f4-5ba1-487d-b7d3-27aaed8a9784,23andMe,ancestry,worth the money,positive_wtp,,global
f9d9db23-c706-40d9-8df4-1084efbcccb2,23andMe,ancestry,worth the money,positive_wtp,,global
0c17d3f8-5963-4580-85fe-2648f043a7f0,23andMe,ancestry,on the fence,conditional_wtp,,global
a26b6867-e60a-47a4-b51a-84cdb26bf8b9,23andMe,ancestry,worth the money,positive_wtp,,global
709e244c-8b87-4be1-9633-cd2892ab7872,23andMe,ancestry,money well spent,positive_wtp,,global
5f4d7cd2-68a4-449a-b379-5fa1f579fa29,23andMe,ancestry,Worth every penny,positive_wtp,,global
c8dbed35-3e51-41c8-9395-dda9b247484b,23andMe,ancestry,subscribed,positive_wtp,,global
8105e743-a383-44db-a750-ea3a4427d96d,23andMe,ancestry,worth the money,positive_wtp,,global
6e59c57c-07f5-4353-b6e2-67b3173c2870,23andMe,ancestry,worth the money,positive_wtp,,global
ee95ab70-0a7c-4c42-b166-fbcda6d002be,23andMe,ancestry,waste of money,negative_wtp,,global
b4cb9abb-1d16-4f2e-9a4d-9bb52a61de10,23andMe,ancestry,worth the money,positive_wtp,,global
b4cb9abb-1d16-4f2e-9a4d-9bb52a61de10,23andMe,ancestry,Not worth,negative_wtp,,global
ae856b3b-658f-4884-b715-9f2ecc645816,23andMe,ancestry,worth the money,positive_wtp,,global
a8242389-6f57-49f9-9efb-9ba9b481743f,23andMe,ancestry,worth the money,positive_wtp,,global
bf743b7c-9cf9-4287-a5fe-14e06f99c0c8,23andMe,ancestry,worth every penny,positive_wtp,,global
d50390d4-8efe-425e-92b4-141afbb2dca9,23andMe,ancestry,scam,negative_wtp,,global
772dbe8b-98ed-4c8d-984e-bc5e87cab776,23andMe,ancestry,not worth,negative_wtp,,global
56556ff6-fa38-4228-b614-93f4295dbdd1,23andMe,ancestry,waste of money,negative_wtp,,global
1ef66b5c-c6c6-4ac6-b50c-feddd99a08a5,23andMe,ancestry,scam,negative_wtp,,global
83025291-9a9c-4070-90bf-31cf2c542248,23andMe,ancestry,worth the money,positive_wtp,,global
87fc396f-1de2-470f-b9dc-641492b441ee,23andMe,ancestry,Worth every penny,positive_wtp,,global
ccaf8e04-3d04-42f9-b40e-285455eb51d8,23andMe,ancestry,SCAM,negative_wtp,,global
a3263594-bcde-4ed8-86d6-e5e6774a9092,23andMe,ancestry,too expensive,negative_wtp,,global
09ba79c3-bdf9-412f-8dfa-e08fdad640b2,23andMe,ancestry,best purchase,positive_wtp,,global
a49f4ad8-dc34-4abc-aa87-a4e2bdf731ae,23andMe,ancestry,waste of money,negative_wtp,,global
b506cff8-859e-4132-be3d-cf99c0b7fa11,23andMe,ancestry,worth the money,positive_wtp,,global
b1221bf8-eaf4-4ddd-80b0-838bf65418f8,23andMe,ancestry,worth the money,positive_wtp,,global
b05ea8e9-5373-4af4-8719-72e1936aa7fe,23andMe,ancestry,SCAM,negative_wtp,,global
fa2d1780-e491-4d16-a6f4-7c2b26322aae,23andMe,ancestry,worth the money,positive_wtp,,global
df033b3f-57fe-40f1-8492-f764fbe52deb,23andMe,ancestry,if it had,conditional_wtp,,global
4a3c9cf4-d814-4ae2-a522-98b0f9ddb6cc,23andMe,ancestry,If it had,conditional_wtp,,global
6785ff22-e29b-42e3-90ed-c885cdaeba5d,23andMe,ancestry,worth the money,positive_wtp,,global
2b2fd6cb-83fe-4d40-9edd-b5f23455eb16,23andMe,ancestry,Not worth,negative_wtp,,global
ee0fc855-a488-4489-a88c-6294839126ea,23andMe,ancestry,waste of money,negative_wtp,,global
a7ea4052-e359-4cc7-a2b7-130076e08411,23andMe,ancestry,WASTE OF MONEY,negative_wtp,,global
cdcffce3-ea2c-485c-88cd-ff31507bc873,23andMe,ancestry,waste of money,negative_wtp,,global
e0cf3add-516f-4e24-a7b2-dfdee1fd3be4,23andMe,ancestry,NOT WORTH,negative_wtp,,global
34b90c96-7015-4346-9da9-51b84d175268,23andMe,ancestry,Rip off,negative_wtp,,global
